###################################
#   ____       ____  ____  _____  #
#  / ___| __ _|  _ \/ ___|| ____| #
# | |  _ / _` | |_) \___ \|  _|   #
# | |_| | (_| |  __/ ___) | |___  # 
#  \____|\__,_|_|   |____/|_____| #
###################################
# 
#
# This is an integration map on mu of the sum of all the ξ_GNC L=4 multipole GR effects
# concerning the relativistic galaxy number counts.
# In input was set "single = true", so, together with their sum, all the CFs are here reported.
#
# The Cosmology considered had the following paremeters:
# 
# - Matter Power Spectrum input file: "../test/datatest/file_pk.txt"
# - Background data input file: "../data/WideA_ZA_background.dat"
# - F window function input file: "../data/F_REFERENCE_pi2.txt"
# - Integrated F window function input file: "../data/IntegrF_REFERENCE_pi2_z115.txt"
#
# - Basic CosmoParams considered: 
#	 z_min = 1.0 	 z_max = 1.5
#	 θ_max = 1.5707963267948966 [rad] 	 h_0 = 0.7
#	 Ω_b = 0.0489 	 Ω_cdm = 0.25102 	 Ω_M0 = 0.29992
#	 b1 = 1.5 	 f_evo1 = 0.0 	 s_b1 = 0.0
#	 b2 = 1.5 	 f_evo2 = 0.0 	 s_b2 = 0.0
#
# - CosmoParams about the Input Power Spectrum: 
#	 fit_left_min = 1.0e-6 	 fit_right_min = 10.0 	 
#	 fit_left_max = 3.0e-6 	 fit_right_max = 20.0 	 
#
# - CosmoParams about the Input Power Spectrum Tools: 
#	 fit_max = 0.5 	 N = 1024 	 k_min = 1.0e-8 	 
#	 k_max = 10.0 	 con = true 	 fit_min = 0.05 	 
#
# - Computed quantities: 
# 	 effective redshift z_eff = 1.2613556177172358 
# 	 comoving s_min = 2312.577431755554 Mpc/h_0
# 	 comoving s_max = 3054.4830200675656 Mpc/h_0
# 	 comoving s_eff = 2725.87720083235 Mpc/h_0
# 	 comoving s_spline_lim = 9519.354221542957 Mpc/h_0
# 	 Volume of the survey V_survey = 3.3783056930052998e10 Mpc^3/h_0^3
# 	 σ_0 = 15.593462966741178
# 	 σ_1 = 15.074895881392283
# 	 σ_2 = 100.85852368830226
# 	 σ_3 = 3735.122618151795
# 	 σ_4 = 3.4159300153114656e6
# 	 (where σ_i = \int_{k_{min}}^{k_{max}}\frac{dq}{2 π^2} q^{2-i} P(q))
# 
# computational time needed (in s) : 1031.0964
# kwards passed: 
# 		L = 4
# 		use_windows = false
# 		alg = lobatto
# 		obs = noobsvel
# 		enhancer = 1.0e8
# 		N_trap = 200
# 		N_lob = 1000
# 		atol_quad = 0.0
# 		rtol_quad = 0.01
# 		N_χs = 100
# 		N_χs_2 = 50
# 		suit_sampling = true
# 
# 1: s [Mpc/h_0] 	 2: xi_SUM 	 3: xi_auto_newton 	 4: xi_auto_doppler 	 5: xi_auto_lensing 	 6: xi_auto_localgp 	 7: xi_auto_integratedgp 	 8: xi_newton_doppler 	 9: xi_doppler_newton 	 10: xi_newton_lensing 	 11: xi_lensing_newton 	 12: xi_newton_localgp 	 13: xi_localgp_newton 	 14: xi_newton_integratedgp 	 15: xi_integratedgp_newton 	 16: xi_lensing_doppler 	 17: xi_doppler_lensing 	 18: xi_doppler_localgp 	 19: xi_localgp_doppler 	 20: xi_doppler_integratedgp 	 21: xi_integratedgp_doppler 	 22: xi_lensing_localgp 	 23: xi_localgp_lensing 	 24: xi_lensing_integratedgp 	 25: xi_integratedgp_lensing 	 26: xi_localgp_integratedgp 	 27: xi_integratedgp_localgp 	 
1.0 	 0.04319882551293197 	 0.043083679996430826 	 -9.99564614313705e-15 	 0.00011514932317382149 	 4.884339391019672e-22 	 2.8780162029972993e-19 	 1.2738428821732522e-8 	 -1.105343291968382e-8 	 -2.7340534964662736e-9 	 -2.7573597366099357e-9 	 2.2840022058875214e-15 	 -3.217639723130276e-15 	 -3.572610043830352e-14 	 -3.737193677601531e-14 	 -8.68266165691478e-14 	 -8.390085699831014e-14 	 -3.9097349158159286e-20 	 -9.719834878907095e-20 	 -2.0870208032471898e-17 	 -2.0117546254242148e-17 	 -1.5948171751893746e-16 	 -1.59605679929723e-16 	 -1.077991584227563e-16 	 -1.0936733894406989e-16 	 -2.156936717379285e-19 	 -2.0850641576204605e-19 	 
1.0176234579394636 	 0.04297838689324271 	 0.04286393762949603 	 -1.0598764584780685e-14 	 0.00011445348958543164 	 5.101205213919368e-22 	 2.9994340015500386e-19 	 1.3104395062715275e-8 	 -1.1440612890164317e-8 	 -2.9319412680279776e-9 	 -2.9574071641792293e-9 	 2.2924084977772885e-15 	 -2.5355918424433668e-15 	 -3.811861915365919e-14 	 -3.990350058155299e-14 	 -9.310011311611486e-14 	 -8.995911515044687e-14 	 -4.2203466637721903e-20 	 -1.0388945460162645e-19 	 -2.162867047144389e-17 	 -2.0974745005853937e-17 	 -1.7068062993749819e-16 	 -1.7071853873959306e-16 	 -9.349988992355401e-17 	 -9.530901187604845e-17 	 -2.3010843118295922e-19 	 -2.2179503327165407e-19 	 
1.0355575021486711 	 0.042776744899133266 	 0.04266298757496437 	 -1.1218532539553684e-14 	 0.00011376185527378406 	 5.824009637972749e-22 	 3.1280807559076197e-19 	 1.3504065759910716e-8 	 -1.1720222508217209e-8 	 -3.1438194886841864e-9 	 -3.170838278728385e-9 	 2.604768377323153e-15 	 -1.5551538062059837e-15 	 -4.0710277454254507e-14 	 -4.2647005544040753e-14 	 -9.98302309221727e-14 	 -9.645717614010523e-14 	 -4.389005548230169e-20 	 -1.128070613198193e-19 	 -2.2563591074479596e-17 	 -2.203538184992526e-17 	 -1.827787024350817e-16 	 -1.8271281536369197e-16 	 -7.648415894829697e-17 	 -7.855305335959999e-17 	 -2.452105984088289e-19 	 -2.3567950302812132e-19 	 
1.0538076062316843 	 0.04230570794996918 	 0.042192638531179064 	 -1.1913625730313711e-14 	 0.00011307438410018603 	 6.018168841722297e-22 	 3.264174586435682e-19 	 1.3867286742586509e-8 	 -1.2061230113768686e-8 	 -3.3709250710943552e-9 	 -3.400128219848656e-9 	 2.0454944188148134e-15 	 -3.3875795627625236e-15 	 -4.3516175906446746e-14 	 -4.5617249305027536e-14 	 -1.0704929738047162e-13 	 -1.0342853214243898e-13 	 -4.759156561856669e-20 	 -1.2038676406394862e-19 	 -2.3704713204720176e-17 	 -2.332713860108009e-17 	 -1.9584773216751483e-16 	 -1.9566157782749193e-16 	 -5.665874320271346e-17 	 -5.900676910710715e-17 	 -2.6101827520677088e-19 	 -2.5017501911839826e-19 	 
1.072379340256395 	 0.04213651200582803 	 0.04202412640760111 	 -1.2634532176053085e-14 	 0.00011239105202519297 	 6.526046947430725e-22 	 3.408140948922721e-19 	 1.4244778148531234e-8 	 -1.2437275433845757e-8 	 -3.615037323713194e-9 	 -3.6459298086442727e-9 	 2.8235011906048674e-15 	 -2.422897500901419e-15 	 -4.6553468053775185e-14 	 -4.8830727442955534e-14 	 -1.147928221783635e-13 	 -1.109058270349115e-13 	 -5.1903766010862405e-20 	 -1.2818692863319672e-19 	 -2.5077478576199084e-17 	 -2.4872096536510558e-17 	 -2.0996023189060561e-16 	 -2.0963930431806632e-16 	 -3.36848415418773e-17 	 -3.633178590561207e-17 	 -2.775500432444544e-19 	 -2.653074629893719e-19 	 
1.0912783724545534 	 0.04178067110436911 	 0.04166896512059505 	 -1.3395102938667353e-14 	 0.00011171183033899477 	 6.879204998177017e-22 	 3.5603040914636772e-19 	 1.4705273871919445e-8 	 -1.2765803570231125e-8 	 -3.876181794871692e-9 	 -3.909493212724512e-9 	 2.2360172053432784e-15 	 -4.399666626627597e-15 	 -4.983594335075282e-14 	 -5.2300523215963625e-14 	 -1.2309955254106327e-13 	 -1.1892687984606147e-13 	 -5.484120413104865e-20 	 -1.3821416217074156e-19 	 -2.670088001103749e-17 	 -2.6684421652367162e-17 	 -2.251877087399631e-16 	 -2.247203664999142e-16 	 -7.334205852382185e-18 	 -1.0300257451639807e-17 	 -2.9482575678083154e-19 	 -2.8110516157110025e-19 	 
1.1105104709517524 	 0.041606938610650276 	 0.04149590823269053 	 -1.4192693744990388e-14 	 0.00011103670068508718 	 7.342064812803795e-22 	 3.7210965562431065e-19 	 1.514287562880237e-8 	 -1.3117824768046575e-8 	 -4.155735068430009e-9 	 -4.191657872673472e-9 	 3.3627918354198227e-15 	 -2.9755420350497194e-15 	 -5.3376722261148943e-14 	 -5.603843678900351e-14 	 -1.3201019794506982e-13 	 -1.2753032284916615e-13 	 -5.954489674733713e-20 	 -1.473671585901058e-19 	 -2.8585807498701285e-17 	 -2.8768974371935956e-17 	 -2.4160040659650395e-16 	 -2.409787281869772e-16 	 2.2676905848621993e-17 	 1.937123306680838e-17 	 -3.128853879204568e-19 	 -2.9760372167266343e-19 	 
1.1300815055279045 	 0.041541253971173794 	 0.041430895300390236 	 -1.5050280831432737e-14 	 0.00011036563532531149 	 7.842320828031639e-22 	 3.8910002975954963e-19 	 1.5523550640888828e-8 	 -1.353633756603331e-8 	 -4.456459640086708e-9 	 -4.4948829140847895e-9 	 2.763091494236933e-15 	 -3.962043187465788e-15 	 -5.718606468944782e-14 	 -6.005351407061786e-14 	 -1.4156669877702352e-13 	 -1.3675850658071537e-13 	 -6.305655169110206e-20 	 -1.5877659932017393e-19 	 -3.073329920253856e-17 	 -3.111957035951971e-17 	 -2.592667249296077e-16 	 -2.5848700513878122e-16 	 5.671185637880426e-17 	 5.3045856175700767e-17 	 -3.317871937126246e-19 	 -3.1485865531541694e-19 	 
1.1499974494087413 	 0.04113129026241953 	 0.041021599164639065 	 -1.5957435555069878e-14 	 0.00010969860984711692 	 8.463599255397284e-22 	 4.0704561808739967e-19 	 1.599383770394149e-8 	 -1.3907617077523766e-8 	 -4.778370554880824e-9 	 -4.819473283746199e-9 	 1.7466748490037674e-15 	 -4.688696864234895e-15 	 -6.127239292495731e-14 	 -6.435524998350282e-14 	 -1.5181562911030808e-13 	 -1.4665547038830023e-13 	 -6.78448471659278e-20 	 -1.7001797302634778e-19 	 -3.3134222990033584e-17 	 -3.3726909225557663e-17 	 -2.7825820453769e-16 	 -2.7731656231446807e-16 	 9.5053609678336e-17 	 9.100643341815921e-17 	 -3.5161052601066766e-19 	 -3.3293425166478657e-19 	 
1.1702643810888866 	 0.041043334332911886 	 0.0409343069912246 	 -1.690699383924182e-14 	 0.00010903559046434411 	 9.172580493818403e-22 	 4.2598826059474106e-19 	 1.640359080137778e-8 	 -1.4359890205788781e-8 	 -5.123915604968136e-9 	 -5.1680891978327585e-9 	 3.5109757654679303e-15 	 -4.365273770396524e-15 	 -6.564704005626829e-14 	 -6.895942966534342e-14 	 -1.628074216132151e-13 	 -1.5726917463078258e-13 	 -7.173990033744742e-20 	 -1.832505339021284e-19 	 -3.578588178089803e-17 	 -3.6597801131938424e-17 	 -2.986627359676772e-16 	 -2.975487763351022e-16 	 1.3800693281286007e-16 	 1.3355771609006657e-16 	 -3.724570555389033e-19 	 -3.519136499694782e-19 	 
1.190888486187059 	 0.040721262517080206 	 0.0406128948304318 	 -1.7925814032922348e-14 	 0.0001083765601612257 	 9.639650441420994e-22 	 4.459618595513066e-19 	 1.6907291013152397e-8 	 -1.4745714170005286e-8 	 -5.493465146549655e-9 	 -5.5411173961981795e-9 	 3.4566028488346273e-15 	 -4.837352140490042e-15 	 -7.032864491136538e-14 	 -7.388866114348748e-14 	 -1.74595169742573e-13 	 -1.6865275025671568e-13 	 -7.876608730239964e-20 	 -1.9453971057691388e-19 	 -3.870395082118954e-17 	 -3.975615910180722e-17 	 -3.205851866030667e-16 	 -3.1928300723756637e-16 	 1.8585516146365078e-16 	 1.8098315875345763e-16 	 -3.9443463563444844e-19 	 -3.7188650602540656e-19 	 
1.2118760593339681 	 0.040398032522324996 	 0.04029032060447327 	 -1.8988778543208586e-14 	 0.00010772148907498583 	 1.0493187086486561e-21 	 4.670167970057728e-19 	 1.739972701899393e-8 	 -1.5137945594343053e-8 	 -5.890775924081357e-9 	 -5.941685264417659e-9 	 3.2587172722086878e-15 	 -4.854108744531967e-15 	 -7.534339783954529e-14 	 -7.917301762850316e-14 	 -1.8723746241493024e-13 	 -1.8086005798533254e-13 	 -8.279629461738153e-20 	 -2.1023518311428864e-19 	 -4.1919503268792237e-17 	 -4.324309784747153e-17 	 -3.441486420047348e-16 	 -3.4263544696399546e-16 	 2.390822417742488e-16 	 2.337669391469061e-16 	 -4.176801572993445e-19 	 -3.9299135232916013e-19 	 
1.2332335060934831 	 0.04019347181882276 	 0.040085872375281176 	 -2.01327365072175e-14 	 0.00010760982658322476 	 1.1209386925957517e-21 	 4.891755661310788e-19 	 1.7909887204302818e-8 	 -1.5604551625273533e-8 	 -6.316578738279861e-9 	 -6.371214638582482e-9 	 2.476790798972182e-15 	 -5.632538811342366e-15 	 -8.072133852440092e-14 	 -8.484611558172482e-14 	 -2.0079612884583042e-13 	 -1.9395185463292585e-13 	 -9.025782666410095e-20 	 -2.239029977572961e-19 	 -4.547733852959186e-17 	 -4.711375863596755e-17 	 -3.6949187291638245e-16 	 -3.677383392526124e-16 	 2.979710336659711e-16 	 2.9219250956392983e-16 	 -4.423370691480888e-19 	 -4.153396799703311e-19 	 
1.2549673449176588 	 0.039866140964757185 	 0.03975919281434933 	 -2.1331901654568214e-14 	 0.00010695934178187272 	 1.1908512629514203e-21 	 5.124632025146378e-19 	 1.8426139956702274e-8 	 -1.6012934643811573e-8 	 -6.772907886847704e-9 	 -6.831046368044186e-9 	 2.799983418972103e-15 	 -5.5958030263959905e-15 	 -8.649808342546143e-14 	 -9.094629342494747e-14 	 -2.1533773565458356e-13 	 -2.0799252653456597e-13 	 -9.465106558378892e-20 	 -2.421031354070491e-19 	 -4.9434976090991446e-17 	 -5.143245120104996e-17 	 -3.967675318961061e-16 	 -3.9473954029415397e-16 	 3.628702481451453e-16 	 3.566087658747258e-16 	 -4.685311330131539e-19 	 -4.390269200105794e-19 	 
1.2770842091362153 	 0.03963213651090171 	 0.03952583588030868 	 -2.2602102210416018e-14 	 0.0001063127650288264 	 1.2888943665136938e-21 	 5.369121815833056e-19 	 1.8946143069799193e-8 	 -1.649313837351742e-8 	 -7.262175353269689e-9 	 -7.324596347633633e-9 	 3.6061942969325644e-15 	 -5.5087257969960065e-15 	 -9.271277840063096e-14 	 -9.751464304449965e-14 	 -2.3093350200202054e-13 	 -2.2305145556759983e-13 	 -1.0267152332846294e-19 	 -2.5832544292118278e-19 	 -5.385758632025905e-17 	 -5.626786890191991e-17 	 -4.261394866382065e-16 	 -4.2380059538851207e-16 	 4.3423627676810517e-16 	 4.274730426612328e-16 	 -4.963764130091957e-19 	 -4.641412801421208e-19 	 
1.2995908489810806 	 0.03944130858719772 	 0.039335651671274834 	 -2.394511564269113e-14 	 0.00010567006188709767 	 1.3802262894135471e-21 	 5.625403177854713e-19 	 1.9476647573145723e-8 	 -1.6982516684734935e-8 	 -7.786327929534455e-9 	 -7.853050754282264e-9 	 4.520027652893862e-15 	 -6.104151691754322e-15 	 -9.940570965301574e-14 	 -1.0459260144251371e-13 	 -2.4766104670779317e-13 	 -2.392018551196422e-13 	 -1.1117856065034565e-19 	 -2.7577472104709784e-19 	 -5.881281013464741e-17 	 -6.168792792674268e-17 	 -4.577801738764556e-16 	 -4.550933160464865e-16 	 5.124083151846293e-16 	 5.0512549341024e-16 	 -5.259758093929192e-19 	 -4.907763086565651e-19 	 
1.3224941336466105 	 0.039303681604616655 	 0.03919866455713279 	 -2.537611944282608e-14 	 0.00010503121946924722 	 1.4758394099576418e-21 	 5.893777293119717e-19 	 2.0040466683715134e-8 	 -1.7442689486285363e-8 	 -8.348859890854679e-9 	 -8.420135116044093e-9 	 4.970807127612254e-15 	 -6.27631096717214e-15 	 -1.066182852527357e-13 	 -1.1222191068539858e-13 	 -2.656008744905928e-13 	 -2.565236829060961e-13 	 -1.1834976274342877e-19 	 -2.9643761193621684e-19 	 -6.436589768974814e-17 	 -6.775665138501687e-17 	 -4.918696148079683e-16 	 -4.88798106671968e-16 	 5.978565361525784e-16 	 5.900374725297267e-16 	 -5.574474062473324e-19 	 -5.190361022293068e-19 	 
1.3458010533861189 	 0.03900093231377917 	 0.0388965514593925 	 -2.6881738319159678e-14 	 0.00010439620092009695 	 1.5771088703219862e-21 	 6.174526541124945e-19 	 2.0603857943461988e-8 	 -1.796890575932898e-8 	 -8.951876743250027e-9 	 -9.028784508842448e-9 	 4.489034823793522e-15 	 -7.359570693815521e-15 	 -1.143914456987032e-13 	 -1.2044315138317669e-13 	 -2.8484242479623494e-13 	 -2.7510138444228825e-13 	 -1.2645915552081143e-19 	 -3.182015938837394e-19 	 -7.0574688710358e-17 	 -7.452871220663757e-17 	 -5.28592191945113e-16 	 -5.251010751297978e-16 	 6.909759329577624e-16 	 6.82605426412063e-16 	 -5.908838860393898e-19 	 -5.489792556886279e-19 	 
1.3695187216453548 	 0.03876590982668008 	 0.038662161388975005 	 -2.847714923171518e-14 	 0.0001037649863581168 	 1.6919047620137188e-21 	 6.468015141789086e-19 	 2.120800378042603e-8 	 -1.847757400799001e-8 	 -9.597976706520837e-9 	 -9.680222210579831e-9 	 4.4061164674703106e-15 	 -7.562117786284077e-15 	 -1.2276424568914408e-13 	 -1.2929428606353185e-13 	 -3.054791170619633e-13 	 -2.9502578007834526e-13 	 -1.353541168043399e-19 	 -3.413133688281943e-19 	 -7.748615922397246e-17 	 -8.204474859857149e-17 	 -5.681348642347859e-16 	 -5.64192748280916e-16 	 7.922056513084625e-16 	 7.832702043766859e-16 	 -6.263450490046725e-19 	 -5.806451470238827e-19 	 
1.3936543772335797 	 0.03853586051194538 	 0.038432740837918186 	 -3.015434417019705e-14 	 0.00010313754647501656 	 1.831978372261055e-21 	 6.774712464757932e-19 	 2.180672160533241e-8 	 -1.9008097456751663e-8 	 -1.0291004388286367e-8 	 -1.0379121375239249e-8 	 5.988176688631707e-15 	 -7.854925406445223e-15 	 -1.3177265550992901e-13 	 -1.3881038648233852e-13 	 -3.276107625497967e-13 	 -3.1639371401802157e-13 	 -1.4474912941086636e-19 	 -3.662068629838962e-19 	 -8.513178989692948e-17 	 -9.032900602764362e-17 	 -6.106862781440123e-16 	 -6.06266046696503e-16 	 9.019867809374246e-16 	 8.924749652331989e-16 	 -6.638755902028738e-19 	 -6.140754286710114e-19 	 
1.4182153865329048 	 0.03839547278096091 	 0.03829297818308569 	 -3.194913097677106e-14 	 0.00010251386363237662 	 1.9517962666754e-21 	 7.095242692046485e-19 	 2.2425273280968874e-8 	 -1.9528535704434914e-8 	 -1.1033393229998577e-8 	 -1.1128085997898547e-8 	 5.7000572223323685e-15 	 -8.660773044795128e-15 	 -1.4145109237849205e-13 	 -1.4903015103140853e-13 	 -3.51345796269307e-13 	 -3.393095744260517e-13 	 -1.5614341593183759e-19 	 -3.915618175603813e-19 	 -9.35338340681163e-17 	 -9.941418590202269e-17 	 -6.564520569245462e-16 	 -6.515205246434613e-16 	 1.0207650301862512e-15 	 1.0106676507136885e-15 	 -7.035315102159614e-19 	 -6.493074338479787e-19 	 
1.4432092457465677 	 0.0380542471292082 	 0.03795237401150415 	 -3.3847692142470325e-14 	 0.00010189390704785777 	 2.0744571325899258e-21 	 7.4303941266046965e-19 	 2.3062617983821995e-8 	 -2.0089700346007602e-8 	 -1.1829971000852075e-8 	 -1.1931201000708464e-8 	 5.412258415074418e-15 	 -9.145675741369395e-15 	 -1.518429929752183e-13 	 -1.600034528847621e-13 	 -3.7679904872645076e-13 	 -3.638844466276896e-13 	 -1.6728176279975173e-19 	 -4.1978743528434557e-19 	 -1.0273666305381915e-16 	 -1.0936044170055098e-16 	 -7.056665502621536e-16 	 -7.00181429417164e-16 	 1.1489731143862592e-15 	 1.1382830636567958e-15 	 -7.453865399114305e-19 	 -6.863899088715116e-19 	 
1.4686435831868272 	 0.037818791307157484 	 0.037717536054831226 	 -3.5835155105407345e-14 	 0.00010127765274453586 	 2.248276106398332e-21 	 7.781330516890608e-19 	 2.3727222488618267e-8 	 -2.0650186842037566e-8 	 -1.2683824193542732e-8 	 -1.2792461898424676e-8 	 5.535545528410863e-15 	 -9.250911844306145e-15 	 -1.6300194204638773e-13 	 -1.7178869703165944e-13 	 -4.0409664919009703e-13 	 -3.902383350627941e-13 	 -1.7919629831005728e-19 	 -4.50156768864967e-19 	 -1.1281104730185824e-16 	 -1.2024792868465528e-16 	 -7.585892705827704e-16 	 -7.525030325519146e-16 	 1.2871838829433438e-15 	 1.2758955014241317e-15 	 -7.895334210138002e-19 	 -7.254196496480058e-19 	 
1.4945261616031833 	 0.037595210983425505 	 0.03749457008240266 	 -3.795314062655153e-14 	 0.00010066507152191194 	 2.4026187503989764e-21 	 8.149338347966374e-19 	 2.4393250725322954e-8 	 -2.1248939737130357e-8 	 -1.3598380839448438e-8 	 -1.3715176575411789e-8 	 5.81519677182358e-15 	 -1.0163929779544449e-14 	 -1.7498692886050464e-13 	 -1.844483264106932e-13 	 -4.3337071112157995e-13 	 -4.185006977220127e-13 	 -1.9193673729053767e-19 	 -4.826381199143051e-19 	 -1.2384395218570673e-16 	 -1.321669930125864e-16 	 -8.154995397220543e-16 	 -8.087629408558952e-16 	 1.4357646752623292e-15 	 1.4238729426059512e-15 	 -8.360976660559069e-19 	 -7.665565730785923e-19 	 
1.520864880551625 	 0.03735227229993806 	 0.03725224221072551 	 -4.0179880984672093e-14 	 0.00010005614298203843 	 2.5891522584225555e-21 	 8.536153274787876e-19 	 2.5083298036285395e-8 	 -2.1851622887518797e-8 	 -1.4579621218896846e-8 	 -1.4704481290461724e-8 	 6.8168971860749095e-15 	 -1.0422999725048562e-14 	 -1.8786320724951832e-13 	 -1.9804924285765717e-13 	 -4.647647346872606e-13 	 -4.488098165844063e-13 	 -2.0563944705258414e-19 	 -5.174403208802705e-19 	 -1.3592992020966756e-16 	 -1.4520874076541064e-16 	 -8.766921073076961e-16 	 -8.692583510362773e-16 	 1.595269908146249e-15 	 1.5827697655438708e-15 	 -8.852863790167897e-19 	 -8.100719006036235e-19 	 
1.5476677788056337 	 0.03715338077908171 	 0.03705395800353788 	 -4.255011274266591e-14 	 9.945084090936794e-5 	 2.763358459375983e-21 	 8.943689401545796e-19 	 2.5803749920853917e-8 	 -2.2472032648028414e-8 	 -1.5631008646697663e-8 	 -1.5764635213255906e-8 	 7.197378223878063e-15 	 -1.0840868741025832e-14 	 -2.0169683767152848e-13 	 -2.126578864373199e-13 	 -4.984314108790649e-13 	 -4.813121470391208e-13 	 -2.212057097401146e-19 	 -5.538211480854327e-19 	 -1.491612519102519e-16 	 -1.5945629682384398e-16 	 -9.424726755215649e-16 	 -9.343008077027008e-16 	 1.7661845874364145e-15 	 1.7530703286640495e-15 	 -9.374064885742427e-19 	 -8.563530418185583e-19 	 
1.574943036809678 	 0.03692639234894021 	 0.03682757344517069 	 -4.5040684055890296e-14 	 9.884913878987423e-5 	 2.9862913814745028e-21 	 9.374229393524413e-19 	 2.6522977856495203e-8 	 -2.3097485257187338e-8 	 -1.6758117850119934e-8 	 -1.690085276978138e-8 	 7.981723020967606e-15 	 -1.119496425050686e-14 	 -2.1655462490492072e-13 	 -2.283400621686243e-13 	 -5.345341517441033e-13 	 -5.161673022267926e-13 	 -2.373172252980738e-19 	 -5.934301742232347e-19 	 -1.6361917798706827e-16 	 -1.7497566392535264e-16 	 -1.013153675911654e-15 	 -1.0042121564479171e-15 	 1.949107756683812e-15 	 1.9353724780024907e-15 	 -9.92864767536111e-19 	 -9.058443088741558e-19 	 
1.6026989791759443 	 0.03669897231748944 	 0.03660075387133766 	 -4.769259284920864e-14 	 9.825100904025736e-5 	 3.1680164095594644e-21 	 9.830136673361624e-19 	 2.7276791470742947e-8 	 -2.375268011959866e-8 	 -1.796592863795671e-8 	 -1.81194162539228e-8 	 8.134217126018026e-15 	 -1.2649352484020814e-14 	 -2.3249883950794393e-13 	 -2.451556026667186e-13 	 -5.732484155495649e-13 	 -5.535442028889265e-13 	 -2.5255079031466798e-19 	 -6.378368872360784e-19 	 -1.7936424154705247e-16 	 -1.9180638298642417e-16 	 -1.0890494203112718e-15 	 -1.0793195588310265e-15 	 2.1445072432827274e-15 	 2.1301425513167318e-15 	 -1.0520822667473635e-18 	 -9.590146470798437e-19 	 
1.6309440772250727 	 0.036489209449832194 	 0.03639158809599874 	 -5.049253944023613e-14 	 9.765642721299046e-5 	 3.395635244902186e-21 	 1.031422757897455e-18 	 2.8042062981313984e-8 	 -2.442778246388968e-8 	 -1.926074210029699e-8 	 -1.9425142865524294e-8 	 8.244940744685356e-15 	 -1.3662514492688744e-14 	 -2.4958970223732987e-13 	 -2.631671715104399e-13 	 -6.147610732783986e-13 	 -5.936236670318546e-13 	 -2.716859794063981e-19 	 -6.826562653353127e-19 	 -1.964313850029515e-16 	 -2.099757958884989e-16 	 -1.1704874498418163e-15 	 -1.1599546222953474e-15 	 2.3530680251067654e-15 	 2.3380636514212364e-15 	 -1.1155238250267645e-18 	 -1.0163502180712863e-18 	 
1.6596869515716661 	 0.03622563883769717 	 0.03612830019314494 	 -5.34348289398763e-14 	 9.73763920934809e-5 	 3.6609333130141984e-21 	 1.0829524927053636e-18 	 2.8832710970280947e-8 	 -2.5104836543511498e-8 	 -2.0648591624061394e-8 	 -2.0824921576675738e-8 	 8.817510815782487e-15 	 -1.3815798804495449e-14 	 -2.678948825488308e-13 	 -2.824556755243708e-13 	 -6.592730526848318e-13 	 -6.365993243888773e-13 	 -2.904888526383406e-19 	 -7.324588505935912e-19 	 -2.1486640987775694e-16 	 -2.295525123689953e-16 	 -1.2578449206125811e-15 	 -1.2464781583328675e-15 	 2.575413439918757e-15 	 2.5597573269426087e-15 	 -1.183610589776525e-18 	 -1.0782843974836927e-18 	 
1.6889363747553658 	 0.036045159595271166 	 0.0359484132973824 	 -5.655991637724973e-14 	 9.678694997745631e-5 	 3.912717215337302e-21 	 1.1379387890236123e-18 	 2.9631679880789034e-8 	 -2.5819958477568705e-8 	 -2.2136835237327278e-8 	 -2.232493521530997e-8 	 9.527324495262777e-15 	 -1.4737358749229873e-14 	 -2.875041094931799e-13 	 -3.0312289607789585e-13 	 -7.069996233758997e-13 	 -6.826787557200897e-13 	 -3.126912152499703e-19 	 -7.836876118270803e-19 	 -2.347662867490899e-16 	 -2.50651004437006e-16 	 -1.3515538667293453e-15 	 -1.3393093332044437e-15 	 2.8121878449216322e-15 	 2.7958647180707594e-15 	 -1.256723955048865e-18 	 -1.145259415433984e-18 	 
1.718701273918297 	 0.03580838245508085 	 0.035712225203255725 	 -5.987733033154685e-14 	 9.620099072480827e-5 	 4.169570532281517e-21 	 1.1967618456005005e-18 	 3.046844317973387e-8 	 -2.6541599260192012e-8 	 -2.373085179815864e-8 	 -2.3932703343666014e-8 	 9.52052517288741e-15 	 -1.6732082135137113e-14 	 -3.0852731520237474e-13 	 -3.2528772113033956e-13 	 -7.581740728703766e-13 	 -7.320882543874901e-13 	 -3.334099904129811e-19 	 -8.4168464802414005e-19 	 -2.5626695419938366e-16 	 -2.7341374672102387e-16 	 -1.4520918519304347e-15 	 -1.4389195481410254e-15 	 3.064129809347064e-15 	 3.0471203558652385e-15 	 -1.335269470775294e-18 	 -1.2177920998569112e-18 	 
1.7489907335296988 	 0.03560315252839569 	 0.03550758107853071 	 -6.335157585346058e-14 	 9.561848514103744e-5 	 4.500517157445623e-21 	 1.259847097066843e-18 	 3.133244988685904e-8 	 -2.7271061507176485e-8 	 -2.543893232252644e-8 	 -2.5655387083373262e-8 	 1.0593242135927033e-14 	 -1.6958062260802634e-14 	 -3.310888362970034e-13 	 -3.4908053276191977e-13 	 -8.130452788228772e-13 	 -7.85066540714429e-13 	 -3.589584474765387e-19 	 -9.005078901093213e-19 	 -2.7952474476643474e-16 	 -2.979932137054713e-16 	 -1.5599724784256128e-15 	 -1.5458230745326565e-15 	 3.3320734420245905e-15 	 3.314352431181265e-15 	 -1.4197297341646419e-18 	 -1.2965082594184397e-18 	 
1.7798139981585708 	 0.0353962638486798 	 0.035301275061109645 	 -6.703494219023215e-14 	 9.50394090567833e-5 	 4.831931007285238e-21 	 1.3276471165573043e-18 	 3.2200893686212725e-8 	 -2.804770451095581e-8 	 -2.7270291501067418e-8 	 -2.7501871425045076e-8 	 1.1676206996548991e-14 	 -1.7069300318972856e-14 	 -3.5532051637388965e-13 	 -3.746364333221818e-13 	 -8.71877985378315e-13 	 -8.418713182423616e-13 	 -3.8455675096677974e-19 	 -9.652894107559063e-19 	 -3.04698972673635e-16 	 -3.2453398601706855e-16 	 -1.6757363932413598e-15 	 -1.6605677857403553e-15 	 3.616831478813708e-15 	 3.59836626038062e-15 	 -1.510715786614701e-18 	 -1.3821408295559984e-18 	 
1.811180475295187 	 0.03517679872555767 	 0.035082389432430014 	 -7.092825508330008e-14 	 9.446373259999925e-5 	 5.1832372774018206e-21 	 1.4006488515449814e-18 	 3.310244599823599e-8 	 -2.8825661648238458e-8 	 -2.9232413564019145e-8 	 -2.9481148802071137e-8 	 1.2536301805626845e-14 	 -1.829189621609045e-14 	 -3.813595755320228e-13 	 -4.0209324688835784e-13 	 -9.34957439314533e-13 	 -9.027777744458652e-13 	 -4.120834968263235e-19 	 -1.034641570702552e-18 	 -3.3193454254374995e-16 	 -3.5315614667339645e-16 	 -1.799943032738488e-15 	 -1.7837268791553896e-15 	 3.919392017602867e-15 	 3.900141315381405e-15 	 -1.6089987874257285e-18 	 -1.4754915788573419e-18 	 
1.8430997382223293 	 0.03494515676851218 	 0.03485132389182308 	 -7.504311149907477e-14 	 9.389142923516264e-5 	 5.5441241959795384e-21 	 1.4793479297844331e-18 	 3.401595235928709e-8 	 -2.9629965993441282e-8 	 -3.133509091811147e-8 	 -3.160055191222577e-8 	 1.2860548555274454e-14 	 -1.9676368445453807e-14 	 -4.093424516000709e-13 	 -4.3158668134636996e-13 	 -1.00258833025976e-12 	 -9.680811640647671e-13 	 -4.421792720881489e-19 	 -1.1083175885348176e-18 	 -3.6134518069514554e-16 	 -3.8394762986584714e-16 	 -1.9331682199500723e-15 	 -1.9158903479250434e-15 	 4.240743194426887e-15 	 4.220656051519263e-15 	 -1.7154607557396225e-18 	 -1.5774832622261638e-18 	 
1.8755815289371267 	 0.03473998448240226 	 0.034646724943847476 	 -7.939408494519234e-14 	 9.332247335632045e-5 	 5.946189102503527e-21 	 1.5642645693044119e-18 	 3.4977014834962953e-8 	 -3.0448124992613e-8 	 -3.358794507024297e-8 	 -3.387264716436958e-8 	 1.3264302175162028e-14 	 -2.1361850751935265e-14 	 -4.3940197388289365e-13 	 -4.632493036602863e-13 	 -1.0750967643097121e-12 	 -1.0380957070952975e-12 	 -4.731863986051009e-19 	 -1.1885916438356607e-18 	 -3.9300424512191875e-16 	 -4.1696517055614253e-16 	 -2.076007750544419e-15 	 -2.057662193378755e-15 	 4.582108513568687e-15 	 4.56112350971577e-15 	 -1.8311341106273583e-18 	 -1.689235648587484e-18 	 
1.908635761124385 	 0.034491314142996804 	 0.03439862498185767 	 -8.39811334431232e-14 	 9.275683711513923e-5 	 6.383086162786111e-21 	 1.6559160949289293e-18 	 3.5937456147525484e-8 	 -3.130068047818725e-8 	 -3.600241180670998e-8 	 -3.630701802563548e-8 	 1.4263369774125394e-14 	 -2.1824859079523498e-14 	 -4.716646757782762e-13 	 -4.97204991006729e-13 	 -1.1528306161682304e-12 	 -1.1131581953670289e-12 	 -5.071622937622968e-19 	 -1.2737424452776258e-18 	 -4.269454614291729e-16 	 -4.522179621509036e-16 	 -2.229069497790915e-15 	 -2.2096635783012814e-15 	 4.9446669124219e-15 	 4.9227114513805614e-15 	 -1.957199536983922e-18 	 -1.8119555778924877e-18 	 
1.9422725231823168 	 0.03429595217490186 	 0.034203830420757905 	 -8.884274326487766e-14 	 9.219449101215129e-5 	 6.821765203837464e-21 	 1.754854716285301e-18 	 3.6934883402809653e-8 	 -3.216410821109004e-8 	 -3.858935675329078e-8 	 -3.8914724388330195e-8 	 1.487325897362943e-14 	 -2.357099321537443e-14 	 -5.062479827084912e-13 	 -5.335730530709196e-13 	 -1.2361619644738224e-12 	 -1.1936293082537809e-12 	 -5.42634748469725e-19 	 -1.3659557951179491e-18 	 -4.631533992187495e-16 	 -4.896787167159692e-16 	 -2.392982156448767e-15 	 -2.3725297116989046e-15 	 5.3298830174367e-15 	 5.306872448578477e-15 	 -2.0948046990181035e-18 	 -1.9467387335565255e-18 	 
1.9765020813015959 	 0.03407935173010633 	 0.03398779450926687 	 -9.395786926410023e-14 	 9.16354062414428e-5 	 7.336330553347224e-21 	 1.861652508409238e-18 	 3.794643167495971e-8 	 -3.305811517565976e-8 	 -4.1360679782368516e-8 	 -4.170921965127083e-8 	 1.567002895311093e-14 	 -2.4914913600415916e-14 	 -5.432748291717395e-13 	 -5.724908956339728e-13 	 -1.3254918032664975e-12 	 -1.279894155514937e-12 	 -5.824269510845294e-19 	 -1.4630502362576605e-18 	 -5.016071008425331e-16 	 -5.29358856687076e-16 	 -2.5684405927089766e-15 	 -2.5469370448479814e-15 	 5.739335834089479e-15 	 5.7151723281836775e-15 	 -2.2449274689066395e-18 	 -2.0945320922653588e-18 	 
2.011334882598677 	 0.03386675494719449 	 0.03377575940548642 	 -9.936709061443046e-14 	 9.107955459690078e-5 	 7.864767487304668e-21 	 1.976917859327203e-18 	 3.8991442882766935e-8 	 -3.3967396371579076e-8 	 -4.432997536438978e-8 	 -4.470286632315546e-8 	 1.6801942255603854e-14 	 -2.6193216423176404e-14 	 -5.828879556839015e-13 	 -6.141136040278262e-13 	 -1.421247571588963e-12 	 -1.3723669889268844e-12 	 -6.23357082886717e-19 	 -1.5687116788621608e-18 	 -5.423366450739743e-16 	 -5.71312637729668e-16 	 -2.7562099129860853e-15 	 -2.733637325230903e-15 	 6.174634886893663e-15 	 6.149206248650441e-15 	 -2.4084421434015806e-18 	 -2.2562275401729893e-18 	 
2.0467815583043305 	 0.033664159191207056 	 0.033573722533061706 	 -1.0507692753605157e-13 	 9.052690749397032e-5 	 8.4294453745692e-21 	 2.1013260051892986e-18 	 4.006598473870159e-8 	 -3.489086298886547e-8 	 -4.751009219339837e-8 	 -4.7909990569881226e-8 	 1.8087259320425234e-14 	 -2.7540507878743984e-14 	 -6.252463943645859e-13 	 -6.586075993793831e-13 	 -1.5238906534555406e-12 	 -1.471492477967944e-12 	 -6.694080498822005e-19 	 -1.6796934053580352e-18 	 -5.854029266618237e-16 	 -6.156066244774058e-16 	 -2.9571103907573546e-15 	 -2.933448673135978e-15 	 6.637732157002441e-15 	 6.610910826535097e-15 	 -2.5862620203053567e-18 	 -2.432774532149789e-18 	 
2.0828529270083767 	 0.03345537586886025 	 0.03336549538875862 	 -1.1110570464005302e-13 	 8.997743566060537e-5 	 9.043830427299282e-21 	 2.235632771708361e-18 	 4.1158817627872274e-8 	 -3.5848404694630876e-8 	 -5.091648988856706e-8 	 -5.134477901512518e-8 	 1.9150403333871894e-14 	 -2.9355357829362416e-14 	 -6.705163036288793e-13 	 -7.06143840613649e-13 	 -1.6339111553356018e-12 	 -1.5777457205514554e-12 	 -7.167310162529704e-19 	 -1.8006906910072823e-18 	 -6.3086786694936e-16 	 -6.622997208876277e-16 	 -3.1720091092106313e-15 	 -3.1472404899785924e-15 	 7.130697487552896e-15 	 7.102339700925717e-15 	 -2.7794212867964428e-18 	 -2.6251215397403267e-18 	 
2.119559997961597 	 0.03324476122003479 	 0.03315543425078998 	 -1.1747269042041895e-13 	 8.943110703910752e-5 	 9.714291814416246e-21 	 2.3806917252958264e-18 	 4.2286703891042074e-8 	 -3.682902707758884e-8 	 -5.4565813686608894e-8 	 -5.5024617298008497e-8 	 2.014511107533752e-14 	 -3.063123457273375e-14 	 -7.188721023412626e-13 	 -7.569223968316162e-13 	 -1.7518388362660809e-12 	 -1.6916348621422685e-12 	 -7.690538150607779e-19 	 -1.9287159068573347e-18 	 -6.787930283740244e-16 	 -7.115167132734419e-16 	 -3.401873273485227e-15 	 -3.375937897264531e-15 	 7.655795166858365e-15 	 7.625740442819417e-15 	 -2.9890633398034413e-18 	 -2.8342478482200406e-18 	 
2.156913974435843 	 0.03303618147753695 	 0.03294740543173438 	 -1.241937103597533e-13 	 8.888789156700885e-5 	 1.0400455916838853e-20 	 2.5374869332041138e-18 	 4.343457225356354e-8 	 -3.783626519856178e-8 	 -5.847434170068449e-8 	 -5.896432783431426e-8 	 2.103810206401278e-14 	 -3.2747631171575085e-14 	 -7.705344157804221e-13 	 -8.112024199951914e-13 	 -1.8782411975780206e-12 	 -1.8137089363749804e-12 	 -8.232968175960628e-19 	 -2.0676777476540816e-18 	 -7.293531738964607e-16 	 -7.635308232258014e-16 	 -3.6478312213651e-15 	 -3.620602682552891e-15 	 8.215471640710773e-15 	 8.183542498702097e-15 	 -3.21641578551078e-18 	 -3.0613021302233515e-18 	 
2.1949262571433543 	 0.032816740942092165 	 0.032728513261142955 	 -1.3128158173869156e-13 	 8.834775864604768e-5 	 1.1171680462576355e-20 	 2.7071451452656115e-18 	 4.462548259689179e-8 	 -3.88533059537153e-8 	 -6.265982547549961e-8 	 -6.318425970145648e-8 	 2.2416412481628887e-14 	 -3.426341701095927e-14 	 -8.257829841752282e-13 	 -8.692939951172394e-13 	 -2.013727413699913e-12 	 -1.9445552878744128e-12 	 -8.82852670322178e-19 	 -2.215119228188546e-18 	 -7.828674765098906e-16 	 -8.187268304804731e-16 	 -3.911154525390194e-15 	 -3.882460840419467e-15 	 8.812453889919184e-15 	 8.778455787157914e-15 	 -3.462874060546313e-18 	 -3.3077206174405007e-18 	 
2.2336084477163447 	 0.03259686239535213 	 0.03250918065711651 	 -1.387755776433682e-13 	 8.781067649650138e-5 	 1.1972857844600981e-20 	 2.890925169151436e-18 	 4.582718087173552e-8 	 -3.99133036449976e-8 	 -6.714244267397487e-8 	 -6.770349203130331e-8 	 2.330071997146932e-14 	 -3.647306003635376e-14 	 -8.849407292879019e-13 	 -9.31542657129994e-13 	 -2.1589535534912832e-12 	 -2.084806536773527e-12 	 -9.466278978039898e-19 	 -2.3731238229759197e-18 	 -8.397493399856219e-16 	 -8.775536337339825e-16 	 -4.193232886568111e-15 	 -4.162875621877802e-15 	 9.44961548521679e-15 	 9.413336822580957e-15 	 -3.7300372230833265e-18 	 -3.575051668211268e-18 	 
2.272972352247904 	 0.032400211698459025 	 0.03231307350544587 	 -1.4667527588260145e-13 	 8.727661196438553e-5 	 1.2825058514839566e-20 	 3.0902313681890622e-18 	 4.7068324847067774e-8 	 -4.099652340501218e-8 	 -7.194210863100501e-8 	 -7.254199687039066e-8 	 2.4966922028521937e-14 	 -3.843501592476881e-14 	 -9.48361676073869e-13 	 -9.983210908627335e-13 	 -2.31461910970354e-12 	 -2.235138563961194e-12 	 -1.0138936779853184e-18 	 -2.543355766513396e-18 	 -9.004587427375302e-16 	 -9.405042278318178e-16 	 -4.495566234846024e-15 	 -4.463323287871466e-15 	 1.0130130540180787e-14 	 1.009134242579162e-14 	 -4.0193918602063646e-18 	 -3.864658720243645e-18 	 
2.3130299848953086 	 0.03217220948700827 	 0.03208561253280695 	 -1.5501477160275374e-13 	 8.674553180295154e-5 	 1.373978077378956e-20 	 3.3065959790008234e-18 	 4.83333485683431e-8 	 -4.2101224415042206e-8 	 -7.708048962509339e-8 	 -7.772211219181558e-8 	 2.6050935223721633e-14 	 -4.0891575812815856e-14 	 -1.0164205360959644e-12 	 -1.0700174638710218e-12 	 -2.4814761058654426e-12 	 -2.3962773722357196e-12 	 -1.0856126813003031e-18 	 -2.7261368658148907e-18 	 -9.65478182182975e-16 	 -1.0080819631227302e-15 	 -4.819748495674456e-15 	 -4.7853825635719235e-15 	 1.0857409864838272e-14 	 1.0815865415146055e-14 	 -4.332168833237453e-18 	 -4.177810610365126e-18 	 
2.353793571546829 	 0.031978970167710265 	 0.03189291221840103 	 -1.6380164271467763e-13 	 8.621740274845404e-5 	 1.4751248342976673e-20 	 3.541688410863567e-18 	 4.9632877207609584e-8 	 -4.3228305625771235e-8 	 -8.25819947515971e-8 	 -8.326838196666218e-8 	 2.7798957846543488e-14 	 -4.3040784114302856e-14 	 -1.0895020142516265e-12 	 -1.1470218171843403e-12 	 -2.660326218490153e-12 	 -2.5689984319620997e-12 	 -1.1644580178967159e-18 	 -2.9199261727758315e-18 	 -1.0352847650151275e-15 	 -1.0807486132103384e-15 	 -5.167441183399245e-15 	 -5.130722569398287e-15 	 1.1635128255618718e-14 	 1.1590561875607382e-14 	 -4.66954307622647e-18 	 -4.515917009243202e-18 	 
2.395275553553164 	 0.031768307116348704 	 0.03168278603666668 	 -1.7307725258600972e-13 	 8.569218920104785e-5 	 1.5824573036951264e-20 	 3.79728383900691e-18 	 5.096066383042759e-8 	 -4.438714205925491e-8 	 -8.847023958731061e-8 	 -8.920461981821676e-8 	 2.93539205737096e-14 	 -4.53810305312373e-14 	 -1.1679870548541732e-12 	 -1.2297120277187393e-12 	 -2.852028412872514e-12 	 -2.754132249415467e-12 	 -1.2474637041427738e-18 	 -3.1290037542017645e-18 	 -1.1102995853041215e-15 	 -1.1588719747999848e-15 	 -5.540346973393146e-15 	 -5.501077046091637e-15 	 1.2467149118142184e-14 	 1.2419275933616921e-14 	 -5.032847664101228e-18 	 -4.880637560027228e-18 	 
2.437488591524634 	 0.03156391954205701 	 0.031478933254268815 	 -1.8285979310431328e-13 	 8.516985775480632e-5 	 1.697012666233516e-20 	 4.075260642115034e-18 	 5.232956674548723e-8 	 -4.5560599784388344e-8 	 -9.477342715252875e-8 	 -9.555673822782017e-8 	 3.1045297778967004e-14 	 -4.8001153403371924e-14 	 -1.2522402028767335e-12 	 -1.3184412834704512e-12 	 -3.0574982468194195e-12 	 -2.952565458192418e-12 	 -1.3369447137055025e-18 	 -3.3523938716736125e-18 	 -1.1908352603660176e-15 	 -1.2426741466099685e-15 	 -5.940184219256495e-15 	 -5.898218805085713e-15 	 1.3357645951375092e-14 	 1.3306159657184381e-14 	 -5.423733268243576e-18 	 -5.2739831262624484e-18 	 
2.4804455691952905 	 0.03135234593621457 	 0.03126775040848766 	 -1.9318554752896252e-13 	 8.479247653668237e-5 	 1.817907605367155e-20 	 4.377570095168576e-18 	 5.371685605764028e-8 	 -4.67805270024361e-8 	 -1.0151880928615067e-7 	 -1.0235693237555511e-7 	 3.2610368970826834e-14 	 -5.0750117314863224e-14 	 -1.342596208330435e-12 	 -1.4135332645071838e-12 	 -3.2777148579054166e-12 	 -3.16524489112316e-12 	 -1.4318544222673847e-18 	 -3.592615457228774e-18 	 -1.2770466743598365e-15 	 -1.332212569457296e-15 	 -6.368680607986422e-15 	 -6.323935956428186e-15 	 1.4311087778137548e-14 	 1.4255656674664208e-14 	 -5.844227408890079e-18 	 -5.698486094760813e-18 	 
2.5241595973551325 	 0.03114277772323766 	 0.03105871404084704 	 -2.0406729927725191e-13 	 8.427493702815529e-5 	 1.9495259779860027e-20 	 4.706218097621924e-18 	 5.5140047036748665e-8 	 -4.8016624538102725e-8 	 -1.0873650124310362e-7 	 -1.0963148822766554e-7 	 3.4485848581839125e-14 	 -5.3565792547117913e-14 	 -1.4393732934461731e-12 	 -1.5153216654463665e-12 	 -3.5137253973030212e-12 	 -3.3931822343050888e-12 	 -1.5326823280922676e-18 	 -3.850775335061772e-18 	 -1.3689715138960514e-15 	 -1.4275207109409135e-15 	 -6.82765741713263e-15 	 -6.780058991587258e-15 	 1.533219868947248e-14 	 1.527245993257654e-14 	 -6.296825847037119e-18 	 -6.157096280008158e-18 	 
2.568644017851614 	 0.030935871309044974 	 0.030852337719945652 	 -2.1554054350700837e-13 	 8.37601706042352e-5 	 2.091464208220693e-20 	 5.063278980897856e-18 	 5.659402831416672e-8 	 -4.929034850723265e-8 	 -1.1645799069610146e-7 	 -1.1741640219834298e-7 	 3.6453125930386285e-14 	 -5.6708607285499203e-14 	 -1.542913925631925e-12 	 -1.6241879987722249e-12 	 -3.766652440522975e-12 	 -3.637461517278521e-12 	 -1.6438082225134524e-18 	 -4.124224433703677e-18 	 -1.4666754671943174e-15 	 -1.5287399054335933e-15 	 -7.319117480276245e-15 	 -7.268548584069233e-15 	 1.6426055103703802e-14 	 1.636161083582284e-14 	 -6.784309080783326e-18 	 -6.652962845768453e-18 	 
2.6139124076616764 	 0.030731479617357525 	 0.030648474454873592 	 -2.2764088201451035e-13 	 8.324813989189136e-5 	 2.2428449536988927e-20 	 5.4508848639392205e-18 	 5.807996638605327e-8 	 -5.0585487507050584e-8 	 -1.2471863548615643e-7 	 -1.2574168736880602e-7 	 3.847482343663766e-14 	 -5.986599499005791e-14 	 -1.6536360500446893e-12 	 -1.7406313033467382e-12 	 -4.0377036940288285e-12 	 -3.89924638089734e-12 	 -1.760713560818323e-18 	 -4.419245203184867e-18 	 -1.5704031595429202e-15 	 -1.6363081920531816e-15 	 -7.84538544530215e-15 	 -7.791604767901547e-15 	 1.7598027000211772e-14 	 1.752844056568722e-14 	 -7.309622312415405e-18 	 -7.18922637623579e-18 	 
2.659978583035544 	 0.03052242925258871 	 0.03043995096209052 	 -2.403945206895744e-13 	 8.273880193422896e-5 	 2.404552316097675e-20 	 5.871256968961951e-18 	 5.960530360090861e-8 	 -5.190466889153962e-8 	 -1.3355390148046506e-7 	 -1.3464577843239207e-7 	 4.0654502442357274e-14 	 -6.320013843808464e-14 	 -1.7720882961424408e-12 	 -1.865272667080943e-12 	 -4.3281762806875745e-12 	 -4.179786671041919e-12 	 -1.8861177987910537e-18 	 -4.735018816943307e-18 	 -1.6807316782127075e-15 	 -1.7509526338105566e-15 	 -8.409117286922087e-15 	 -8.351785037848668e-15 	 1.8853854140381954e-14 	 1.877864731839344e-14 	 -7.875753862806846e-18 	 -7.76910376096522e-18 	 
2.706856603713545 	 0.030317268552800057 	 0.030235315728712454 	 -2.538401426551038e-13 	 8.223211726818195e-5 	 2.5792869994013804e-20 	 6.32674490036709e-18 	 6.114952348640068e-8 	 -5.325995954040114e-8 	 -1.4300088881831915e-7 	 -1.4416857934921393e-7 	 4.3052635602797625e-14 	 -6.660276449090387e-14 	 -1.8989285802346803e-12 	 -1.998823143982125e-12 	 -4.639459560764399e-12 	 -4.480426001785018e-12 	 -2.0207195753204886e-18 	 -5.0729892575312876e-18 	 -1.798488654170656e-15 	 -1.8735754319915795e-15 	 -9.013239676194677e-15 	 -8.951964973399887e-15 	 2.0199710491931127e-14 	 2.011836143649644e-14 	 -8.485993095628372e-18 	 -8.396067922810304e-18 	 
2.75456077721725 	 0.0301118769849948 	 0.030030448315998288 	 -2.6800705846408896e-13 	 8.172804065168089e-5 	 2.766699899083724e-20 	 6.819855144785742e-18 	 6.27393284261519e-8 	 -5.464429721055748e-8 	 -1.531032097868375e-7 	 -1.543492512080738e-7 	 4.546865510464402e-14 	 -7.02404346969614e-14 	 -2.0348915405660266e-12 	 -2.1420523396268214e-12 	 -4.973043233046829e-12 	 -4.802602107130635e-12 	 -2.16559628037506e-18 	 -5.434259144009413e-18 	 -1.924637174247548e-15 	 -2.005148816005391e-15 	 -9.66089451647581e-15 	 -9.595276645657183e-15 	 2.1642162735727275e-14 	 2.155410294753309e-14 	 -9.144174942089377e-18 	 -9.073821609101743e-18 	 
2.803105663216234 	 0.029903084497844186 	 0.029822178804765908 	 -2.8294679307729303e-13 	 8.122653078794602e-5 	 2.9654570720360166e-20 	 7.353315714349322e-18 	 6.436535185923606e-8 	 -5.605676740287755e-8 	 -1.6390049066104247e-7 	 -1.6523056043056516e-7 	 4.778793604027951e-14 	 -7.438813396425603e-14 	 -2.1807577706692555e-12 	 -2.2957614605885992e-12 	 -5.330519431523855e-12 	 -5.147855416327472e-12 	 -2.3193432576633593e-18 	 -5.822628325427461e-18 	 -2.060164696119999e-15 	 -2.1466368577436226e-15 	 -1.0355401919316325e-14 	 -1.028505039010153e-14 	 2.3188267687858746e-14 	 2.3092876706821453e-14 	 -9.85456813813746e-18 	 -9.806268889341468e-18 	 
2.8525060779717974 	 0.029698081925475635 	 0.029617698185686617 	 -2.986827532405525e-13 	 8.072754059443395e-5 	 3.180517383114591e-20 	 7.930110144526638e-18 	 6.601952336774752e-8 	 -5.7500615120287446e-8 	 -1.7544238756093994e-7 	 -1.7686099290515188e-7 	 5.0457056939883145e-14 	 -7.838456178323837e-14 	 -2.3373256106877753e-12 	 -2.4607643775062028e-12 	 -5.713592432268802e-12 	 -5.517831609718427e-12 	 -2.4848270870791594e-18 	 -6.2377325240371895e-18 	 -2.2059869657537013e-15 	 -2.2989571302045657e-15 	 -1.110024950875137e-14 	 -1.1024767062877553e-14 	 2.4845551335478204e-14 	 2.4742150122213163e-14 	 -1.0621490218777815e-17 	 -1.0597355279073077e-17 	 
2.9027770988589974 	 0.02948939792278511 	 0.029409535237254134 	 -3.152618794834437e-13 	 8.023102401601041e-5 	 3.4116134858679903e-20 	 8.553506525765846e-18 	 6.771212582903042e-8 	 -5.8972123327314915e-8 	 -1.8777364053419678e-7 	 -1.8928734529895215e-7 	 5.33322904418462e-14 	 -8.270989200932809e-14 	 -2.505391263269569e-12 	 -2.6378613648425305e-12 	 -6.124082605161641e-12 	 -5.9142907237612395e-12 	 -2.662732422806467e-18 	 -6.681621013177183e-18 	 -2.362917284586257e-15 	 -2.4628969262406297e-15 	 -1.1899053635396954e-14 	 -1.1818053041783711e-14 	 2.662213223269225e-14 	 2.650997737798916e-14 	 -1.1449381024969012e-17 	 -1.145138020393243e-17 	 
2.953934068968377 	 0.029282766239593565 	 0.02920342387854646 	 -3.3273909947273975e-13 	 7.9736931409182e-5 	 3.655844832546962e-20 	 9.227048259001362e-18 	 6.943452494983508e-8 	 -6.047964633271745e-8 	 -2.0094604675098781e-7 	 -2.0256043972897856e-7 	 5.62319951402211e-14 	 -8.743065674270937e-14 	 -2.685725536477489e-12 	 -2.8278084089491816e-12 	 -6.56393404575047e-12 	 -6.339112310921955e-12 	 -2.852550135625404e-18 	 -7.157685176422258e-18 	 -2.531604481246719e-15 	 -2.6389944179467673e-15 	 -1.2755498358194145e-14 	 -1.2668656020028797e-14 	 2.852670915500841e-14 	 2.8404988296504875e-14 	 -1.2343026128284433e-17 	 -1.2373002051511311e-17 	 
3.00599260178879 	 0.02907522725665739 	 0.02899640462413931 	 -3.5113706828835363e-13 	 7.924521395643756e-5 	 3.923024682722953e-20 	 9.95455140985287e-18 	 7.119935285945224e-8 	 -6.200871188319754e-8 	 -2.1501512122905027e-7 	 -2.1673686262542262e-7 	 5.949403490864027e-14 	 -9.215614112206854e-14 	 -2.879045167298472e-12 	 -3.031302339514199e-12 	 -7.0352204657226365e-12 	 -6.794303894882661e-12 	 -3.0563432969500884e-18 	 -7.667098428831248e-18 	 -2.7124206976145354e-15 	 -2.8274636599717802e-15 	 -1.3673304996673432e-14 	 -1.3580389556788992e-14 	 3.0568729529639026e-14 	 3.043655790966587e-14 	 -1.330737156716317e-17 	 -1.3367081357546949e-17 	 
3.0589685859727536 	 0.028864098880859126 	 0.028785795567077797 	 -3.705288948312334e-13 	 7.875581973706063e-5 	 4.205272847954518e-20 	 1.0740029455173428e-17 	 7.299523984896899e-8 	 -6.357439596085796e-8 	 -2.300353658118219e-7 	 -2.3186990129255142e-7 	 6.251406319257442e-14 	 -9.737045597760516e-14 	 -3.086037585047984e-12 	 -3.249119090529029e-12 	 -7.540164422588169e-12 	 -7.282009701996738e-12 	 -3.2719884521456027e-18 	 -8.215178476156075e-18 	 -2.9055153975325586e-15 	 -3.0286030510736726e-15 	 -1.4656513347682215e-14 	 -1.4557188002593467e-14 	 3.2758250523217495e-14 	 3.261466870120538e-14 	 -1.434762397044081e-17 	 -1.4438579812333704e-17 	 
3.1128781901857843 	 0.028656111707620734 	 0.028578327466640935 	 -3.9094101112460365e-13 	 7.826869612805788e-5 	 4.510765007933167e-20 	 1.1587673138394843e-17 	 7.482984505667534e-8 	 -6.51697434672892e-8 	 -2.4606916378502126e-7 	 -2.4802301537681817e-7 	 6.612273928220577e-14 	 -1.02706534520393e-13 	 -3.3075648745190257e-12 	 -3.482275770940969e-12 	 -8.081151950518974e-12 	 -7.804529821008892e-12 	 -3.506074638050688e-18 	 -8.798935520475177e-18 	 -3.111427743112907e-15 	 -3.243293431944849e-15 	 -1.5709805944595828e-14 	 -1.5603514481948524e-14 	 3.510621993757715e-14 	 3.4950192487994325e-14 	 -1.546923829039835e-17 	 -1.559218974876003e-17 	 
3.167737868041197 	 0.02844162426180109 	 0.028364359029943133 	 -4.124398455260841e-13 	 7.778378756541841e-5 	 4.836445146588146e-20 	 1.2501782558837589e-17 	 7.669783188361378e-8 	 -6.679515066497621e-8 	 -2.631758681257173e-7 	 -2.6525780229526303e-7 	 6.969161089883889e-14 	 -1.0838926795765288e-13 	 -3.544727973687662e-12 	 -3.731995119513298e-12 	 -8.66074268801357e-12 	 -8.364335142552561e-12 	 -3.756645800115815e-18 	 -9.424128045182134e-18 	 -3.3312884471160074e-15 	 -3.472877286063298e-15 	 -1.6838446326500475e-14 	 -1.6724496515060227e-14 	 3.7624357453775127e-14 	 3.7454772719783946e-14 	 -1.6677546433701474e-17 	 -1.6832523325393457e-17 	 
3.223564363121867 	 0.028234249556641555 	 0.028157503463993393 	 -4.3508197819647603e-13 	 7.730103709325914e-5 	 5.186564489110333e-20 	 1.348677838755636e-17 	 7.860386687994973e-8 	 -6.845755932805592e-8 	 -2.814241306249716e-7 	 -2.836401392474018e-7 	 7.357367558392774e-14 	 -1.142302136101521e-13 	 -3.7988081381387415e-12 	 -3.9996432049950036e-12 	 -9.281678282935429e-12 	 -8.96407446204907e-12 	 -4.022331562506429e-18 	 -1.0096229893524619e-17 	 -3.56660969186584e-15 	 -3.718941594967845e-15 	 -1.8048162310800006e-14 	 -1.7925812875262615e-14 	 4.03253576354723e-14 	 4.01410285571252e-14 	 -1.797791881321017e-17 	 -1.8164874410924765e-17 	 
3.2803747140904993 	 0.02802275056294662 	 0.027946523928491465 	 -4.58915481697618e-13 	 7.682038643163733e-5 	 5.562112085455307e-20 	 1.4547207242031684e-17 	 8.054499839098181e-8 	 -7.014924231943445e-8 	 -3.008798427271451e-7 	 -3.032395165384981e-7 	 7.762141303926352e-14 	 -1.204975870657923e-13 	 -4.071203890247572e-12 	 -4.286668257191129e-12 	 -9.94688749774385e-12 	 -9.606580946973438e-12 	 -4.309118148108488e-18 	 -1.0813602052918102e-17 	 -3.8190625793324214e-15 	 -3.983104712063818e-15 	 -1.9345031523895997e-14 	 -1.921357391486498e-14 	 4.322281883579941e-14 	 4.302248463397591e-14 	 -1.9376383662066428e-17 	 -1.9595646095901703e-17 	 
3.3381862598899525 	 0.02780750686924343 	 0.027731800225295956 	 -4.840113064871356e-13 	 7.634177514488757e-5 	 5.963549831305411e-20 	 1.568779986353609e-17 	 8.252329926534197e-8 	 -7.187459539899454e-8 	 -3.2162001033286095e-7 	 -3.241294920145756e-7 	 8.181301367566516e-14 	 -1.2714350184917125e-13 	 -4.363370549727093e-12 	 -4.594550782029902e-12 	 -1.0659502492780111e-11 	 -1.0294883107675568e-11 	 -4.614941882256261e-18 	 -1.1582999151085675e-17 	 -4.09026743895596e-15 	 -4.266877907241687e-15 	 -2.0735413224654785e-14 	 -2.0594210978299083e-14 	 4.633136545002804e-14 	 4.611369436142066e-14 	 -2.0879719052579508e-17 	 -2.1132009973826433e-17 	 
3.3970166450352193 	 0.0275953848700519 	 0.02752019895582065 	 -5.104218818767711e-13 	 7.586514019386415e-5 	 6.397394917249847e-20 	 1.691355828484399e-17 	 8.453661272010959e-8 	 -7.362881674511729e-8 	 -3.4371655986477455e-7 	 -3.463846299503032e-7 	 8.638180078673211e-14 	 -1.3392463083851513e-13 	 -4.676769988668688e-12 	 -4.924755676554274e-12 	 -1.1422867334927981e-11 	 -1.1032216070314344e-11 	 -4.9434459799064086e-18 	 -1.2405765565353067e-17 	 -4.3816492823238665e-15 	 -4.571549338940756e-15 	 -2.222589366012746e-14 	 -2.2074405321096343e-14 	 4.96666741533216e-14 	 4.9430264556345757e-14 	 -2.2495091866591333e-17 	 -2.2781155652747744e-17 	 
3.4568838249986547 	 0.027378428054876863 	 0.027303763827483323 	 -5.382334237234805e-13 	 7.53904170315335e-5 	 6.858099974769818e-20 	 1.822986386360757e-17 	 8.659014340180445e-8 	 -7.541504349613974e-8 	 -3.672472168488701e-7 	 -3.7008262733862926e-7 	 9.097011494874169e-14 	 -1.4144899663533433e-13 	 -5.012824004359029e-12 	 -5.2787003091288875e-12 	 -1.224054977411707e-11 	 -1.1822030722063379e-11 	 -5.294622200344859e-18 	 -1.3287223298019889e-17 	 -4.694321093806559e-15 	 -4.898068416609516e-15 	 -2.382324196984376e-14 	 -2.366103405735552e-14 	 5.324549867587089e-14 	 5.2988874159838067e-14 	 -2.4229688084099052e-17 	 -2.4550149679053645e-17 	 
3.51780607169013 	 0.027163742151971804 	 0.02708960080854164 	 -5.674904960557088e-13 	 7.491753833332395e-5 	 7.355556520558166e-20 	 1.9642597355582884e-17 	 8.86782214299092e-8 	 -7.723599903817923e-8 	 -3.9229537606254697e-7 	 -3.953043663454426e-7 	 9.597110126126754e-14 	 -1.490574815964722e-13 	 -5.372948264487379e-12 	 -5.657906097780195e-12 	 -1.3116366980082627e-11 	 -1.2668012125554542e-11 	 -5.671009417035221e-18 	 -1.4230576995608694e-17 	 -5.029138646563715e-15 	 -5.2474176420451645e-15 	 -2.5534711181888842e-14 	 -2.5361248067484272e-14 	 5.708579145436959e-14 	 5.6807391017005155e-14 	 -2.6090830554902905e-17 	 -2.6446833238216214e-17 	 
3.579801979033751 	 0.026945021385741768 	 0.026871404350021142 	 -5.982860418603771e-13 	 7.444643584508366e-5 	 7.88739816044697e-20 	 2.115818942685628e-17 	 9.080564650261473e-8 	 -7.908677011927227e-8 	 -4.1894097325113066e-7 	 -4.221379784650169e-7 	 1.0119646801756612e-13 	 -1.5720936761477164e-13 	 -5.75872764511986e-12 	 -6.064086609736583e-12 	 -1.405440408170956e-11 	 -1.3574105589973537e-11 	 -6.0745163468558486e-18 	 -1.5240017783228865e-17 	 -5.3871628513302325e-15 	 -5.620840420697419e-15 	 -2.7368238941733184e-14 	 -2.7182841415359624e-14 	 6.120674210962485e-14 	 6.090491093713175e-14 	 -2.8086771494152474e-17 	 -2.8480553486368024e-17 	 
3.6428904686428605 	 0.026726657334861213 	 0.026653566281608768 	 -6.306881886265185e-13 	 7.397703764697416e-5 	 8.458563202765138e-20 	 2.2783570487359625e-17 	 9.297026697691586e-8 	 -8.097092408859899e-8 	 -4.47276131362073e-7 	 -4.506647023070548e-7 	 1.0667950675196416e-13 	 -1.6568246863166344e-13 	 -6.171933230881819e-12 	 -6.4991729568729784e-12 	 -1.5059035377066175e-11 	 -1.4544532553120177e-11 	 -6.5037471373843295e-18 	 -1.6323469516856435e-17 	 -5.769685017904555e-15 	 -6.019965526258716e-15 	 -2.933252404915552e-14 	 -2.913430051739844e-14 	 6.562886814836648e-14 	 6.530185111550757e-14 	 -3.0227521910487933e-17 	 -3.06613622122217e-17 	 
3.7070907955950605 	 0.026506400309679542 	 0.02643383716562765 	 -6.64778201057934e-13 	 7.350927033369594e-5 	 9.070333517440586e-20 	 2.4526071754220653e-17 	 9.516795479705209e-8 	 -8.288728908672787e-8 	 -4.773853540451701e-7 	 -4.809756328860739e-7 	 1.1244715538142459e-13 	 -1.7461192657951077e-13 	 -6.6145825504373024e-12 	 -6.96534530111863e-12 	 -1.613494046306824e-11 	 -1.5583811671267836e-11 	 -6.965821046130423e-18 	 -1.748080531288128e-17 	 -6.178506357941696e-15 	 -6.446946368279969e-15 	 -3.143710338774634e-14 	 -3.122496175033385e-14 	 7.037408579119549e-14 	 7.002002340234408e-14 	 -3.2523373884862143e-17 	 -3.2998403722373756e-17 	 
3.7724225543090033 	 0.02628407257362338 	 0.026212039521684126 	 -7.006456674344121e-13 	 7.304305756834648e-5 	 9.728515159242853e-20 	 2.6393332434935492e-17 	 9.740640488790822e-8 	 -8.483796492517308e-8 	 -5.09361642851464e-7 	 -5.131631921681168e-7 	 1.1853860567561538e-13 	 -1.8397254907078116e-13 	 -7.088912471981838e-12 	 -7.464949396041773e-12 	 -1.7287123773254233e-11 	 -1.66967780754106e-11 	 -7.460631379125368e-18 	 -1.871968016451964e-17 	 -6.615872847702064e-15 	 -6.904195254586615e-15 	 -3.3692214885831454e-14 	 -3.346497842711971e-14 	 7.546591855921712e-14 	 7.508284542121403e-14 	 -3.498349940400009e-17 	 -3.550070325571793e-17 	 
3.838905684524751 	 0.026059601670895324 	 0.02598810114395801 	 -7.383784048664891e-13 	 7.257832192108496e-5 	 1.0430511108627188e-19 	 2.839325296409515e-17 	 9.968401407882907e-8 	 -8.681773344258769e-8 	 -5.432934645371673e-7 	 -5.473150601067762e-7 	 1.2488446711740793e-13 	 -1.939672783434105e-13 	 -7.597277358823355e-12 	 -8.00041297482464e-12 	 -1.8520928249904162e-11 	 -1.788859637724869e-11 	 -7.98640751067528e-18 	 -2.004973121432372e-17 	 -7.084135916095871e-15 	 -7.394163143952432e-15 	 -3.610869726002026e-14 	 -3.5865141870441385e-14 	 8.09293992456149e-14 	 8.051524145561938e-14 	 -3.7617108010653766e-17 	 -3.817859950274059e-17 	 
3.9065604773895406 	 0.025834392451734606 	 0.025763427165346534 	 -7.78063426489252e-13 	 7.21149816207757e-5 	 1.1185823372583689e-19 	 3.053405881610416e-17 	 1.0199420328609672e-7 	 -8.883233440464478e-8 	 -5.792730214335853e-7 	 -5.835275866632177e-7 	 1.316318832696196e-13 	 -2.04344328837421e-13 	 -8.142074022455211e-12 	 -8.574212501006533e-12 	 -1.9842059008708356e-11 	 -1.9164781369047973e-11 	 -8.553943903423119e-18 	 -2.146876942376155e-17 	 -7.585555437196017e-15 	 -7.919175726433749e-15 	 -3.86979397491427e-14 	 -3.843680127679128e-14 	 8.679137576225826e-14 	 8.634394227497615e-14 	 -4.043495774602661e-17 	 -4.10448490774802e-17 	 
3.9754075816507863 	 0.025606331632460858 	 0.0255359045620122 	 -8.197987119794653e-13 	 7.165295463279095e-5 	 1.1998367293301266e-19 	 3.282441165910615e-17 	 1.043446476702797e-7 	 -9.08784291585439e-8 	 -6.173978082781114e-7 	 -6.218920815908956e-7 	 1.3868404667312197e-13 	 -2.1520122127361342e-13 	 -8.725825454390023e-12 	 -9.189105397718455e-12 	 -2.1256618412855807e-11 	 -2.0531223520391092e-11 	 -9.160761552436909e-18 	 -2.298855280976875e-17 	 -8.12248225755298e-15 	 -8.48197360464363e-15 	 -4.147233872650322e-14 	 -4.119206205033097e-14 	 9.308058888723466e-14 	 9.259755685938762e-14 	 -4.344989552994164e-17 	 -4.41143437595232e-17 	 
4.045468009958233 	 0.025377192562253167 	 0.025307306961208337 	 -8.636941577980079e-13 	 7.119215431041323e-5 	 1.286565169199116e-19 	 3.527357406913078e-17 	 1.0673161101986029e-7 	 -9.295881781753172e-8 	 -6.577618155925098e-7 	 -6.624994266334362e-7 	 1.4616931878812468e-13 	 -2.267697801222827e-13 	 -9.351404098762179e-12 	 -9.84817008008281e-12 	 -2.277112577565809e-11 	 -2.1994224725821418e-11 	 -9.80927682969744e-18 	 -2.4616169700309775e-17 	 -8.697872224121481e-15 	 -9.085710570617785e-15 	 -4.444537766604343e-14 	 -4.414423460240739e-14 	 9.982765726694526e-14 	 9.930655608251754e-14 	 -4.667633434495457e-17 	 -4.740342533280973e-17 	 
4.1167631452771785 	 0.02514663615239165 	 0.025077295527372548 	 -9.09857980958914e-13 	 7.07324942040937e-5 	 1.379475085869633e-19 	 3.789170093598076e-17 	 1.091557097270099e-7 	 -9.507098446403183e-8 	 -7.004440757112919e-7 	 -7.054404094512843e-7 	 1.539141883355334e-13 	 -2.389614602097765e-13 	 -1.0021946978068383e-11 	 -1.0554656923274618e-11 	 -2.4392543629650412e-11 	 -2.3560517169077696e-11 	 -1.0502128428502926e-17 	 -2.635963475060802e-17 	 -9.3149336688711e-15 	 -9.733454859102465e-15 	 -4.763135382108614e-14 	 -4.7307670389339825e-14 	 1.070655067148942e-13 	 1.0650370361909416e-13 	 -5.013013921341719e-17 	 -5.0929532311089495e-17 	 
4.189314747414704 	 0.02491354136761098 	 0.024844749496217122 	 -9.583945189776753e-13 	 7.027388267624489e-5 	 1.4792783268821315e-19 	 4.0690039811658646e-17 	 1.1161827271582502e-7 	 -9.721636696301864e-8 	 -7.455384070074287e-7 	 -7.50800421832939e-7 	 1.621572925992847e-13 	 -2.5166870463854043e-13 	 -1.0740703927880427e-11 	 -1.1311897111341994e-11 	 -2.61282996828089e-11 	 -2.5237285212212305e-11 	 -1.124514942129599e-17 	 -2.822422053926936e-17 	 -9.976604996532034e-15 	 -1.042793718665115e-14 	 -5.1045238020808024e-14 	 -5.069747167329868e-14 	 1.1482931910893612e-13 	 1.1422400833280154e-13 	 -5.38290624419411e-17 	 -5.471137739044342e-17 	 
4.263144959660941 	 0.024676522143818543 	 0.024608283057996148 	 -1.0094282682081994e-12 	 6.981622829701875e-5 	 1.5863382068019831e-19 	 4.3681039838911564e-17 	 1.1411790971760952e-7 	 -9.939258781393327e-8 	 -7.931333867214681e-7 	 -7.986547676766477e-7 	 1.7067403078195345e-13 	 -2.651192203222711e-13 	 -1.1511029230972518e-11 	 -1.212337918116304e-11 	 -2.798631827875146e-11 	 -2.7032191259763164e-11 	 -1.2041931527257284e-17 	 -3.0218378615440227e-17 	 -1.0685607452413466e-14 	 -1.1171887964049238e-14 	 -5.4702850725008334e-14 	 -5.432951480413771e-14 	 1.231567981145901e-13 	 1.2250499425538278e-13 	 -5.779198834948958e-17 	 -5.876805272172434e-17 	 
4.338276315547362 	 0.02443950278271865 	 0.02437182077324113 	 -1.0630753057907529e-12 	 6.935943548727523e-5 	 1.7012357131740612e-19 	 4.6878244294896825e-17 	 1.166566747322052e-7 	 -1.016030134467859e-7 	 -8.432949573991655e-7 	 -8.490994165916142e-7 	 1.7979668641142338e-13 	 -2.791990558293488e-13 	 -1.233644204908476e-11 	 -1.2992766390821474e-11 	 -2.997505271005089e-11 	 -2.8953412451312782e-11 	 -1.2893225198232393e-17 	 -3.2354015620804366e-17 	 -1.1444752031673639e-14 	 -1.1968048184729637e-14 	 -5.862090722730234e-14 	 -5.822061188263966e-14 	 1.3208829527676445e-13 	 1.313868267805428e-13 	 -6.203859119363858e-17 	 -6.312006479180834e-17 	 
4.414731745724182 	 0.024199419786898543 	 0.024132299356622044 	 -1.119468418822135e-12 	 6.890340787431852e-5 	 1.8243644398603316e-19 	 5.0296178709143695e-17 	 1.1923085351864406e-7 	 -1.038468205007683e-7 	 -8.960945422346172e-7 	 -9.021757384192023e-7 	 1.8931334199222034e-13 	 -2.940259574402992e-13 	 -1.3220735433310063e-11 	 -1.3924219797808614e-11 	 -3.210353442751914e-11 	 -3.100967527793903e-11 	 -1.3803712727164915e-17 	 -3.464014614933336e-17 	 -1.2257128341129424e-14 	 -1.2819978284162194e-14 	 -6.281769771827484e-14 	 -6.238873956492506e-14 	 1.4166699358764525e-13 	 1.4091248364496353e-13 	 -6.659045081396128e-17 	 -6.778971819741292e-17 	 
4.492534584958967 	 0.023958173800808388 	 0.02389161968159307 	 -1.1787474915445402e-12 	 6.844804587841415e-5 	 1.9564614003056452e-19 	 5.3950294457735297e-17 	 1.2184440545752675e-7 	 -1.0612185234810015e-7 	 -9.515936236242709e-7 	 -9.57957763025251e-7 	 1.9933072267244145e-13 	 -3.0957524760470524e-13 	 -1.4168282446737957e-11 	 -1.4922462972850474e-11 	 -3.4381411440776155e-11 	 -3.321030436398429e-11 	 -1.4777842646232773e-17 	 -3.708693566964711e-17 	 -1.3126831040220393e-14 	 -1.3732225372418148e-14 	 -6.731330262764842e-14 	 -6.685368260681489e-14 	 1.5193916779809917e-13 	 1.5112799991760255e-13 	 -7.147043339145025e-17 	 -7.280026255913825e-17 	 
4.571708579258576 	 0.023714109250538944 	 0.023648126355858307 	 -1.241049407067851e-12 	 6.799324872436834e-5 	 2.0980555532315342e-19 	 5.785700399710555e-17 	 1.2449673643796334e-7 	 -1.0843132275894813e-7 	 -1.0098423249372052e-6 	 -1.0164723670723486e-6 	 2.0991644658987338e-13 	 -3.2592691045222396e-13 	 -1.5183920620306878e-11 	 -1.599254164330839e-11 	 -3.681897425303828e-11 	 -3.556525359672817e-11 	 -1.581992837602818e-17 	 -3.970558936828e-17 	 -1.4058624041957642e-14 	 -1.470952897995504e-14 	 -7.212914495603438e-14 	 -7.16368896207848e-14 	 1.629543181275278e-13 	 1.6208259772155048e-13 	 -7.670215128310732e-17 	 -7.817592673108277e-17 	 
4.652277893116625 	 0.023467347980879065 	 0.023401941390419283 	 -1.3065285224189683e-12 	 6.753891361267277e-5 	 2.2498428416770035e-19 	 6.203388844086472e-17 	 1.271853340988582e-7 	 -1.1077532983129423e-7 	 -1.0708549935423623e-6 	 -1.077765973862335e-6 	 2.2095667213550098e-13 	 -3.4314729007115786e-13 	 -1.6272707272285418e-11 	 -1.7139574632026167e-11 	 -3.942718347279689e-11 	 -3.808513432629648e-11 	 -1.6936752276131238e-17 	 -4.250612121926863e-17 	 -1.5057144261543287e-14 	 -1.5755972886570406e-14 	 -7.728751157102863e-14 	 -7.676102241140705e-14 	 1.747655896466622e-13 	 1.738291103929873e-13 	 -8.231163372548572e-17 	 -8.394422131629153e-17 	 
4.734267116888661 	 0.023219364255278565 	 0.023154539149823728 	 -1.375333819010886e-12 	 6.708493560406853e-5 	 2.4128861930173854e-19 	 6.649997034865588e-17 	 1.2991396233799066e-7 	 -1.1315046431025035e-7 	 -1.134647670547382e-6 	 -1.1418258412448267e-6 	 2.3262387507355075e-13 	 -3.611513091797085e-13 	 -1.7439673491386393e-11 	 -1.836859497675434e-11 	 -4.2217703490568654e-11 	 -4.078124193907323e-11 	 -1.8132536557636464e-17 	 -4.5502055748735156e-17 	 -1.6126078797586255e-14 	 -1.687453739417488e-14 	 -8.281134099750057e-14 	 -8.224949451670401e-14 	 1.874299239636031e-13 	 1.8642414001942533e-13 	 -8.832913595514898e-17 	 -9.013580415803101e-17 	 
4.817701274297335 	 0.022967988675980527 	 0.022903750323446867 	 -1.447636390886884e-12 	 6.663120927095825e-5 	 2.587490169395024e-19 	 7.127602363613622e-17 	 1.326812081060319e-7 	 -1.1556053054305493e-7 	 -1.2012060125668995e-6 	 -1.2086427644079962e-6 	 2.4486019258470117e-13 	 -3.801818639674466e-13 	 -1.868983300520549e-11 	 -1.968508503302527e-11 	 -4.520297430435461e-11 	 -4.366559744892383e-11 	 -1.94080362535333e-17 	 -4.8711713608332796e-17 	 -1.726817979989868e-14 	 -1.8068812100923227e-14 	 -8.872543205436812e-14 	 -8.812656873685798e-14 	 2.0100841620671377e-13 	 1.9992842021654777e-13 	 -9.478741823855653e-17 	 -9.677990606976939e-17 	 
4.902605830069813 	 0.02271534576470151 	 0.022651662872886863 	 -1.5236040947988935e-12 	 6.621420067846041e-5 	 2.7747719892695907e-19 	 7.638473830467945e-17 	 1.35488327194237e-7 	 -1.1800498686072864e-7 	 -1.2704819238934537e-6 	 -1.2781725448888396e-6 	 2.5774579356685763e-13 	 -4.001116059613419e-13 	 -2.0028998353849695e-11 	 -2.1095542067758612e-11 	 -4.8396283986404876e-11 	 -4.6751037991368136e-11 	 -2.0777550679991216e-17 	 -5.214109239631607e-17 	 -1.8487819148369196e-14 	 -1.9344612763273453e-14 	 -9.505758072127637e-14 	 -9.441912478825106e-14 	 2.1556661918338956e-13 	 2.144071242573592e-13 	 -1.0171856721002596e-16 	 -1.0390554040202321e-16 	 
4.989006697709819 	 0.022460072776609576 	 0.02239698738168156 	 -1.6034180661575785e-12 	 6.576043323271833e-5 	 2.975558933813684e-19 	 8.185069326462096e-17 	 1.383339419517559e-7 	 -1.2048487244451733e-7 	 -1.342417387955788e-6 	 -1.3503225161065014e-6 	 2.7115468194433915e-13 	 -4.2109874726728786e-13 	 -2.146392869008069e-11 	 -2.260718936796992e-11 	 -5.181180071095613e-11 	 -5.005126593780853e-11 	 -2.2239032064943923e-17 	 -5.58140761374113e-17 	 -1.9791415440075448e-14 	 -2.0708995952240756e-14 	 -1.0183802774990404e-13 	 -1.0115702533031284e-13 	 2.311748486732845e-13 	 2.2993016303587935e-13 	 -1.0915503443466838e-16 	 -1.1154443040508853e-16 	 
5.076930247406609 	 0.022203366866622037 	 0.02214088405353648 	 -1.6872619098408802e-12 	 6.530659352248841e-5 	 3.191049723361119e-19 	 8.770020431596359e-17 	 1.412201675388173e-7 	 -1.2299940676942738e-7 	 -1.416861545474916e-6 	 -1.4249817657027088e-6 	 2.854288577090008e-13 	 -4.430652475872015e-13 	 -2.3001949647458388e-11 	 -2.422759914488446e-11 	 -5.546461259272518e-11 	 -5.358088360383036e-11 	 -2.3804582775467945e-17 	 -5.974169817533995e-17 	 -2.1186164188437223e-14 	 -2.2169083212645257e-14 	 -1.0909878434769888e-13 	 -1.0837238075806087e-13 	 2.479084523282677e-13 	 2.4657244492193466e-13 	 -1.1713118533445304e-16 	 -1.197306886243175e-16 	 
5.166403314083369 	 0.02194412745642086 	 0.021882252119696122 	 -1.7753401531516374e-12 	 6.485257313865409e-5 	 3.421853383722328e-19 	 9.39613445557301e-17 	 1.4414717549752547e-7 	 -1.255492557521977e-7 	 -1.4936915577941615e-6 	 -1.5019737439642806e-6 	 3.002509866776315e-13 	 -4.662645162770148e-13 	 -2.465057822267581e-11 	 -2.596442310514084e-11 	 -5.937076003559199e-11 	 -5.7355425371787976e-11 	 -2.547945128908766e-17 	 -6.394361527105012e-17 	 -2.2678816743638463e-14 	 -2.373109769862989e-14 	 -1.168731253579358e-13 	 -1.160988483595901e-13 	 2.6584821299014263e-13 	 2.644142783563009e-13 	 -1.2568364330005172e-16 	 -1.2850008053206144e-16 	 
5.2574532055874235 	 0.021683372303199125 	 0.02162210901548491 	 -1.8678484443593495e-12 	 6.439826148061365e-5 	 3.6697565168934983e-19 	 1.0066406783232605e-16 	 1.471164389084304e-7 	 -1.2813447128280592e-7 	 -1.5726699853258024e-6 	 -1.5811047932917373e-6 	 3.1593271210139967e-13 	 -4.905179488701834e-13 	 -2.6417511736625802e-11 	 -2.7825837677710423e-11 	 -6.354731698269223e-11 	 -6.139141247216048e-11 	 -2.7269343087405982e-17 	 -6.844065266365769e-17 	 -2.4275463007326373e-14 	 -2.5401220566694714e-14 	 -1.2519645429592387e-13 	 -1.243716831559505e-13 	 2.85080728727407e-13 	 2.8354175876382907e-13 	 -1.3485148224697515e-16 	 -1.3789095997938604e-16 	 
5.350107711024791 	 0.021420520589599482 	 0.02135987345073703 	 -1.9650145747453283e-12 	 6.394355053745344e-5 	 3.935299768061068e-19 	 1.0784049434122372e-16 	 1.5012708916641911e-7 	 -1.3075757955260818e-7 	 -1.6535429231080019e-6 	 -1.6620445509191281e-6 	 3.32327283489106e-13 	 -5.160333888763915e-13 	 -2.8311179363887675e-11 	 -2.9820754830077505e-11 	 -6.801245567314188e-11 	 -6.570643459807294e-11 	 -2.9185585727528633e-17 	 -7.324976560628298e-17 	 -2.5982666939233476e-14 	 -2.7185867986129088e-14 	 -1.3410671748749022e-13 	 -1.3322884186292977e-13 	 3.05698704530192e-13 	 3.0404704828360247e-13 	 -1.4467622793942908e-16 	 -1.4794519395262543e-16 	 
5.444395109241635 	 0.021156244913176147 	 0.02109621745368482 	 -2.067054048242262e-12 	 6.348833055465345e-5 	 4.2198625800076295e-19 	 1.1552520185476076e-16 	 1.5318125173354285e-7 	 -1.3341876822505974e-7 	 -1.7359558774988784e-6 	 -1.7444703150717337e-6 	 3.4956146133000585e-13 	 -5.428800612615327e-13 	 -3.0340693706338554e-11 	 -3.195874113694452e-11 	 -7.278550493502892e-11 	 -7.031920753692065e-11 	 -3.123548578178074e-17 	 -7.83938466065317e-17 	 -2.7807205652005007e-14 	 -2.909166578190404e-14 	 -1.43644288157552e-13 	 -1.4271089929294048e-13 	 3.2780151760668826e-13 	 3.260289220983137e-13 	 -1.5520360010201703e-16 	 -1.5870936510949536e-16 	 
5.540344177455178 	 0.020890639971459405 	 0.02083123498295888 	 -2.1742019944356615e-12 	 6.30324953988487e-5 	 4.525729264611114e-19 	 1.237554352528096e-16 	 1.5627982678267086e-7 	 -1.3611784728817205e-7 	 -1.8194957492706097e-6 	 -1.827951181996801e-6 	 3.677251251470627e-13 	 -5.709525446399501e-13 	 -3.251578890621911e-11 	 -3.424984967074923e-11 	 -7.788701374579049e-11 	 -7.52496315880529e-11 	 -3.342945240637253e-17 	 -8.38950507371076e-17 	 -2.975617498864884e-14 	 -3.112532407672753e-14 	 -1.5385180793991843e-13 	 -1.5286096392890992e-13 	 3.5149574411112077e-13 	 3.4959329248699074e-13 	 -1.6648434803544777e-16 	 -1.702304313784755e-16 	 
5.63798420003671 	 0.020623958694116064 	 0.02056517805755905 	 -2.286714734882777e-12 	 6.25759389041416e-5 	 4.8531459941319005e-19 	 1.3257104957196965e-16 	 1.5942308567805485e-7 	 -1.3885472787658203e-7 	 -1.903620577660331e-6 	 -1.912012575391495e-6 	 3.8675134743458543e-13 	 -6.005187086519727e-13 	 -3.48466092734131e-11 	 -3.6704869891856514e-11 	 -8.333883294509612e-11 	 -8.051885199380594e-11 	 -3.577372923507832e-17 	 -8.978141971499214e-17 	 -3.183641526890095e-14 	 -3.329433870453026e-14 	 -1.6477491152406905e-13 	 -1.637243633267636e-13 	 3.7689556104979967e-13 	 3.748536259116143e-13 	 -1.7856811494199832e-16 	 -1.8255481413398697e-16 	 
5.737344977449417 	 0.02035585541843864 	 0.020297699823039552 	 -2.404839548957074e-12 	 6.211855824880882e-5 	 5.204506311649243e-19 	 1.420145164745064e-16 	 1.626121831189844e-7 	 -1.4163389945073377e-7 	 -1.987776154339359e-6 	 -1.9959107396991955e-6 	 4.067410800386871e-13 	 -6.315408419197735e-13 	 -3.734435337313176e-11 	 -3.933596695149059e-11 	 -8.91642264318437e-11 	 -8.614935736292114e-11 	 -3.828201010217016e-17 	 -9.607627696439557e-17 	 -3.405615335276668e-14 	 -3.560862515662076e-14 	 -1.7646373924648778e-13 	 -1.7535013570886636e-13 	 4.0412352691038535e-13 	 4.0193173971953655e-13 	 -1.9150490410902952e-16 	 -1.9573441653843863e-16 	 
5.83845683534369 	 0.020086988176622377 	 0.020029457154533675 	 -2.5288518895141597e-12 	 6.166025198488881e-5 	 5.581246704953176e-19 	 1.5213090771113626e-16 	 1.658483395850782e-7 	 -1.4445346461225002e-7 	 -2.071269112518538e-6 	 -2.0790835753495815e-6 	 4.276936360078901e-13 	 -6.641221743296599e-13 	 -4.002144222497816e-11 	 -4.21561749784512e-11 	 -9.538791471113453e-11 	 -9.216507069467657e-11 	 -4.096333315536471e-17 	 -1.0280997363477825e-16 	 -3.642543637334749e-14 	 -3.807898655562638e-14 	 -1.8897209156834463e-13 	 -1.8779165953894552e-13 	 4.3331110274027835e-13 	 4.309583380125245e-13 	 -2.0534925306330613e-16 	 -2.0982843815044156e-16 	 
5.941350633812743 	 0.01981761354103314 	 0.01976070486056678 	 -2.6590332242127523e-12 	 6.120092337404644e-5 	 5.985040804972398e-19 	 1.6296806224194932e-16 	 1.691337885733871e-7 	 -1.4731486966111993e-7 	 -2.1532272840611137e-6 	 -2.1605433808498063e-6 	 4.496742507320099e-13 	 -6.983201274435396e-13 	 -4.289085725505741e-11 	 -4.517873478205875e-11 	 -1.0203612986924896e-10 	 -9.859139586755928e-11 	 -4.383236113195565e-17 	 -1.1000977936199654e-16 	 -3.8954195241502335e-14 	 -4.071497530332024e-14 	 -2.023561255712654e-13 	 -2.0110550013991781e-13 	 4.645992441999689e-13 	 4.620736119993664e-13 	 -2.2016093115463795e-16 	 -2.249027355825383e-16 	 
6.046057776811348 	 0.019548050571047665 	 0.019491760152134635 	 -2.7956724659893917e-12 	 6.07404785995415e-5 	 6.418373172862004e-19 	 1.7457694274915284e-16 	 1.7246817861953598e-7 	 -1.502197380210118e-7 	 -2.2326145480708694e-6 	 -2.239382022332788e-6 	 4.728114863976602e-13 	 -7.34186651738465e-13 	 -4.5965806264060595e-11 	 -4.8417745287969246e-11 	 -1.0913671926594287e-10 	 -1.0545528368060346e-10 	 -4.6899652361084105e-17 	 -1.1771020651147966e-16 	 -4.1651215855132454e-14 	 -4.352661639738025e-14 	 -2.1667561514964515e-13 	 -2.1535081389537698e-13 	 4.981391115447779e-13 	 4.954279448969081e-13 	 -2.360056313040197e-16 	 -2.4102857558282375e-16 	 
6.152610221740549 	 0.01927808545890945 	 0.019222407302939656 	 -2.93908272855463e-12 	 6.027882909605473e-5 	 6.882884951517878e-19 	 1.870118944548555e-16 	 1.7585467074913614e-7 	 -1.531693284621867e-7 	 -2.3085291646711537e-6 	 -2.314495946206933e-6 	 4.970505537443852e-13 	 -7.718515470454005e-13 	 -4.926103926453107e-11 	 -5.1889243203914636e-11 	 -1.1671927144483368e-10 	 -1.1278536667410499e-10 	 -5.018095302711098e-17 	 -1.259433736457588e-16 	 -4.452782466210862e-14 	 -4.6527177374672644e-14 	 -2.319960470230055e-13 	 -2.30591984070138e-13 	 5.340925280600043e-13 	 5.311823439031516e-13 	 -2.5295499917776267e-16 	 -2.5828271316733677e-16 	 
6.2610404892013065 	 0.01900847415831489 	 0.018953399753692566 	 -3.0895771197330626e-12 	 5.981589110079061e-5 	 7.381150720043833e-19 	 2.0033114574338432e-16 	 1.7929296623564684e-7 	 -1.5616466837869788e-7 	 -2.3797252098416904e-6 	 -2.384532906259666e-6 	 5.224868686967044e-13 	 -8.11380498929487e-13 	 -5.2793071348754114e-11 	 -5.561044904898329e-11 	 -1.2481517014235993e-10 	 -1.2061205442887032e-10 	 -5.3688078888315713e-17 	 -1.34748727432139e-16 	 -4.7598186141324783e-14 	 -4.9730633424504095e-14 	 -2.4838711355509246e-13 	 -2.468990731715929e-13 	 5.726327739259556e-13 	 5.695091855761503e-13 	 -2.710903941127334e-16 	 -2.767479128975334e-16 	 
6.371381672920025 	 0.01873937119320341 	 0.018684889497163404 	 -3.2474945917906058e-12 	 5.9351586823196055e-5 	 7.915481622285712e-19 	 2.1459725418139298e-16 	 1.827852170850527e-7 	 -1.5920759051451238e-7 	 -2.4446233967720744e-6 	 -2.4484634481606575e-6 	 5.492203591105733e-13 	 -8.52842006153122e-13 	 -5.657919697975075e-11 	 -5.959897265196332e-11 	 -1.3345764012450901e-10 	 -1.2896756913830458e-10 	 -5.743940968992811e-17 	 -1.4416244200356277e-16 	 -5.087614135924773e-14 	 -5.314901050056508e-14 	 -2.6592114656703587e-13 	 -2.6434586450219124e-13 	 6.139452679813002e-13 	 6.105928530573006e-13 	 -2.904981493512355e-16 	 -2.9650885996644656e-16 	 
6.4836674498489995 	 0.018471057085128147 	 0.01841715447120901 	 -3.413180571692651e-12 	 5.88858449168414e-5 	 8.488558028291537e-19 	 2.2987748477824036e-16 	 1.8633356876713649e-7 	 -1.6229871480626929e-7 	 -2.5019677946423248e-6 	 -2.5048898794312446e-6 	 5.772417000692707e-13 	 -8.963365093076479e-13 	 -6.063722748587331e-11 	 -6.387357929610097e-11 	 -1.4268187754045503e-10 	 -1.3788602347893604e-10 	 -6.144818370128524e-17 	 -1.5422971847893671e-16 	 -5.437384326689135e-14 	 -5.679381702497545e-14 	 -2.8467473357382973e-13 	 -2.830093269701093e-13 	 6.582285729656083e-13 	 6.546307273485312e-13 	 -3.1126750447603827e-16 	 -3.176566918655243e-16 	 
6.597932090444882 	 0.01820393399856802 	 0.018150593628340223 	 -3.5870062566380145e-12 	 5.8418601730468264e-5 	 9.10288094053074e-19 	 2.4624407450606297e-16 	 1.8993818150313824e-7 	 -1.6543888711799004e-7 	 -2.550318183446459e-6 	 -2.5519760017783534e-6 	 6.06583341937688e-13 	 -9.420370448738582e-13 	 -6.498644211859099e-11 	 -6.84546052745497e-11 	 -1.5252516610904428e-10 	 -1.474035486387152e-10 	 -6.573611149537477e-17 	 -1.6499110749489663e-16 	 -5.8103441245636e-14 	 -6.067731963517545e-14 	 -3.0472997452759373e-13 	 -3.029715159226062e-13 	 7.056953964151064e-13 	 7.018342048490617e-13 	 -3.334948481527529e-16 	 -3.402892679577158e-16 	 
6.714210469128275 	 0.01793829995066807 	 0.017885501436690085 	 -3.7693393872984965e-12 	 5.794980115115728e-5 	 9.761984259755452e-19 	 2.637741912642919e-16 	 1.9360149408207604e-7 	 -1.686302273539652e-7 	 -2.5900797542199923e-6 	 -2.5857116982435626e-6 	 6.374441685340684e-13 	 -9.898847682279692e-13 	 -6.964744808451271e-11 	 -7.336373799055736e-11 	 -1.6302698754101063e-10 	 -1.5755839551382607e-10 	 -7.032053295741162e-17 	 -1.764957068315281e-16 	 -6.207730257723268e-14 	 -6.48134764858269e-14 	 -3.261746747674168e-13 	 -3.243197305817379e-13 	 7.565737240499765e-13 	 7.52429848802743e-13 	 -3.572831144780816e-16 	 -3.6451094841666165e-16 	 
6.832538074927663 	 0.017674449132202855 	 0.017622189663235654 	 -3.960579950354317e-12 	 5.7479395875949084e-5 	 1.0468575062111325e-18 	 2.825502823917123e-16 	 1.9732440680406833e-7 	 -1.718736294253535e-7 	 -2.6209965121616033e-6 	 -2.6238817415095468e-6 	 6.697682035418689e-13 	 -1.0401120488398498e-12 	 -7.464214465133911e-11 	 -7.862444773448208e-11 	 -1.7422913041103556e-10 	 -1.683910482467113e-10 	 -7.521935163554457e-17 	 -1.8879657337623475e-16 	 -6.630936111024989e-14 	 -6.92189942820644e-14 	 -3.4910331891177696e-13 	 -3.4714705696716817e-13 	 8.111080191344325e-13 	 8.066606102335722e-13 	 -3.827415198788953e-16 	 -3.9043278231132055e-16 	 
6.952951022310933 	 0.01741273587197582 	 0.017360996228419873 	 -4.1611426824246695e-12 	 5.700734772808996e-5 	 1.1226342736840645e-18 	 3.026605981499146e-16 	 2.0110802226012967e-7 	 -1.7517047914457406e-7 	 -2.618312320252969e-6 	 -2.6747953107049206e-6 	 7.036995634315317e-13 	 -1.092783402634602e-12 	 -7.999476122146599e-11 	 -8.426275996417972e-11 	 -1.8617582618075644e-10 	 -1.7994436811711437e-10 	 -8.045785726057205e-17 	 -2.0194408753224448e-16 	 -7.081733021175077e-14 	 -7.391412795814381e-14 	 -3.7361847473164593e-13 	 -3.7155459575141226e-13 	 8.695603744546196e-13 	 8.647870079611684e-13 	 -4.0998817706268353e-16 	 -4.181772828838585e-16 	 
7.075486062207781 	 0.01715346047584904 	 0.017102130921977644 	 -4.371448142000387e-12 	 5.6533628855982196e-5 	 1.2039017897871012e-18 	 3.2420010336203846e-16 	 2.0495418986517813e-7 	 -1.7852126641155375e-7 	 -2.6470961218429454e-6 	 -2.58284069732494e-6 	 7.392642598949345e-13 	 -1.1480192815937285e-12 	 -8.573170572151136e-11 	 -9.030591285825763e-11 	 -1.9891378212738311e-10 	 -1.922636797711871e-10 	 -8.605600915232438e-17 	 -2.159991452236171e-16 	 -7.562135751401232e-14 	 -7.891829968211416e-14 	 -3.9982808517216323e-13 	 -3.9765117963223834e-13 	 9.322116912001472e-13 	 9.270883313441563e-13 	 -4.3915254434471675e-16 	 -4.478751251044878e-16 	 
7.20018059322636 	 0.016896800129065147 	 0.01684596914830823 	 -4.5919494234912425e-12 	 5.605822137656352e-5 	 1.291037286171436e-18 	 3.472710016555949e-16 	 2.0886369774174164e-7 	 -1.819273692926935e-7 	 -2.6309501875645595e-6 	 -2.62261616189331e-6 	 7.76538215704218e-13 	 -1.2059398229590951e-12 	 -9.188011415933732e-11 	 -9.678201930655413e-11 	 -2.1249226813703518e-10 	 -2.0539680122234353e-10 	 -9.204012926599762e-17 	 -2.3102156734360775e-16 	 -8.073942043027864e-14 	 -8.424828492121695e-14 	 -4.278447008937457e-13 	 -4.255504568978515e-13 	 9.993628418723757e-13 	 9.93863765485675e-13 	 -4.703702469503272e-16 	 -4.796603417482893e-16 	 
7.327072673067628 	 0.016643113665719585 	 0.01659273674616043 	 -4.8231030546256445e-12 	 5.558111925816721e-5 	 1.3845350779798678e-18 	 3.719829466975348e-16 	 2.1283747294592882e-7 	 -1.8538920997314462e-7 	 -2.6189139236668354e-6 	 -2.612081262405647e-6 	 8.156457518920752e-13 	 -1.2665839172741721e-12 	 -9.84688719854639e-11 	 -1.0372200829761635e-10 	 -2.2696330432798624e-10 	 -2.193941929883854e-10 	 -9.843643777493844e-17 	 -2.4707726259666274e-16 	 -8.618926358469449e-14 	 -8.992317349949479e-14 	 -4.577892743207056e-13 	 -4.553728914345602e-13 	 1.0713359728150105e-12 	 1.065433606027292e-12 	 -5.037843688530512e-16 	 -5.1367465238957335e-16 	 
7.456201030140828 	 0.016392641001687785 	 0.016342724542789476 	 -5.0654048411346726e-12 	 5.510232697472443e-5 	 1.4847226372726009e-18 	 3.984533495558865e-16 	 2.16876272097113e-7 	 -1.889080949283881e-7 	 -2.6091627235915923e-6 	 -2.6039757358482956e-6 	 8.565723890986454e-13 	 -1.3302742827971912e-12 	 -1.0552975271135884e-10 	 -1.1115897798604518e-10 	 -2.423817559525744e-10 	 -2.3430911228576567e-10 	 -1.0527271214251549e-16 	 -2.642363076606767e-16 	 -9.199168124532157e-14 	 -9.596346347404528e-14 	 -4.897903124567398e-13 	 -4.872480300414774e-13 	 1.1484759289860655e-12 	 1.1421406379891133e-12 	 -5.395478693283004e-16 	 -5.500731990748663e-16 	 
7.587605075383698 	 0.016145686399378915 	 0.016096230101901376 	 -5.319344409939747e-12 	 5.462186229126111e-5 	 1.592215073412533e-18 	 4.268084471594466e-16 	 2.209805360554128e-7 	 -1.924841729351247e-7 	 -2.5992833274338507e-6 	 -2.59403201393126e-6 	 8.995199096082091e-13 	 -1.3969412367100021e-12 	 -1.1309609725228041e-10 	 -1.191280331676533e-10 	 -2.5880543201875814e-10 	 -2.50197657956858e-10 	 -1.125781247934074e-16 	 -2.825744192760602e-16 	 -9.81670144055105e-14 	 -1.0239031200826314e-13 	 -5.239840402752879e-13 	 -5.213121001076636e-13 	 1.2311520751343872e-12 	 1.224351988542732e-12 	 -5.778234420911914e-16 	 -5.89020389182456e-16 	 
7.721324914290984 	 0.015902303364821787 	 0.0158533089376703 	 -5.5854532226734706e-12 	 5.413975399114839e-5 	 1.7074686327969137e-18 	 4.571843455103288e-16 	 2.2515100234189371e-7 	 -1.9611752532198288e-7 	 -2.5892578487542654e-6 	 -2.5843053735312877e-6 	 9.44506496832061e-13 	 -1.4668292258677554e-12 	 -1.2120392641595318e-10 	 -1.2766733287408464e-10 	 -2.76295240797422e-10 	 -2.6711893749469764e-10 	 -1.2038328189119447e-16 	 -3.021725042308209e-16 	 -1.0473747033974096e-13 	 -1.0922678710951886e-13 	 -5.605164814007236e-13 	 -5.577108150680402e-13 	 1.3197601322749647e-12 	 1.3124610117963185e-12 	 -6.187839213140668e-16 	 -6.306904774860041e-16 	 
7.857401359154923 	 0.01566285924110978 	 0.015614330089423943 	 -5.864275225828496e-12 	 5.365604476800725e-5 	 1.831061463574114e-18 	 4.897278489846123e-16 	 2.29387225124218e-7 	 -1.9980882373240907e-7 	 -2.579992069716626e-6 	 -2.575627638421205e-6 	 9.91632183407935e-13 	 -1.5400778955649813e-12 	 -1.2989174069202568e-10 	 -1.3681654019984905e-10 	 -2.949152235871262e-10 	 -2.851351510249734e-10 	 -1.287255170622265e-16 	 -3.2311244208390865e-16 	 -1.1172540913949097e-13 	 -1.1649403176927643e-13 	 -5.99540821315172e-13 	 -5.965990569672581e-13 	 1.4147239223433413e-12 	 1.4068890700310012e-12 	 -6.626122263478242e-16 	 -6.752699578062845e-16 	 
7.995875941521473 	 0.01542733717434276 	 0.015379277518779332 	 -6.156371663766154e-12 	 5.31707885547505e-5 	 1.963633040800913e-18 	 5.245966056935979e-16 	 2.3368952639452002e-7 	 -2.0355722629894644e-7 	 -2.5720440545047944e-6 	 -2.5683111428281517e-6 	 1.0410337287009224e-12 	 -1.616770541787554e-12 	 -1.391995618807851e-10 	 -1.466184922428516e-10 	 -3.1473273808505937e-10 	 -3.043116516338847e-10 	 -1.3763873493671498e-16 	 -3.4548728142958736e-16 	 -1.1915125485388025e-13 	 -1.242164908206805e-13 	 -6.412210431297898e-13 	 -6.381392146188146e-13 	 1.5164975279214905e-12 	 1.5080876909330523e-12 	 -7.095018381421758e-16 	 -7.229563269700454e-16 	 
8.136790924866046 	 0.015195839816747162 	 0.015148255322046613 	 -6.46233997463454e-12 	 5.2684053661615433e-5 	 2.105782725287085e-18 	 5.619593693106873e-16 	 2.3805738305943758e-7 	 -2.0736305177244868e-7 	 -2.5661039054441836e-6 	 -2.5631771057537663e-6 	 1.0927549857275541e-12 	 -1.6971205242940198e-12 	 -1.491716365813623e-10 	 -1.5711997542738855e-10 	 -3.3581857766253014e-10 	 -3.2471717624251774e-10 	 -1.4716142188815586e-16 	 -3.69393984520026e-16 	 -1.27041505367701e-13 	 -1.324230339953616e-13 	 -6.857332482421281e-13 	 -6.825070377834311e-13 	 1.6255671862539674e-12 	 1.6165403763065147e-12 	 -7.596619171649043e-16 	 -7.739630042333788e-16 	 
8.280189317492631 	 0.014968411519395439 	 0.014921308792719556 	 -6.782788930579327e-12 	 5.219591947376789e-5 	 2.2582159241144713e-18 	 6.019964441881285e-16 	 2.424902603233482e-7 	 -2.1122524039791902e-7 	 -2.5626987273021906e-6 	 -2.5607205114473955e-6 	 1.1469238696779267e-12 	 -1.7812621319280927e-12 	 -1.598551573000647e-10 	 -1.683698660351497e-10 	 -3.5824694966968495e-10 	 -3.464238684413872e-10 	 -1.5733528597540124e-16 	 -3.9493519244709932e-16 	 -1.3542468113653892e-13 	 -1.4114081171977156e-13 	 -7.332618887915902e-13 	 -7.298891622081354e-13 	 1.7424534890879585e-12 	 1.7327647247938405e-12 	 -8.13325564176209e-16 	 -8.285127361993879e-16 	 
8.426114885660258 	 0.014745047338260656 	 0.014698433845687437 	 -7.118362400542927e-12 	 5.1706479069578776e-5 	 2.42170501766698e-18 	 6.44900331555264e-16 	 2.469869923050652e-7 	 -2.1514356899012922e-7 	 -2.5623260591047545e-6 	 -2.5613946168635625e-6 	 1.2036718816213346e-12 	 -1.8694113621482877e-12 	 -1.71299899673453e-10 	 -1.8042085742614055e-10 	 -3.8209564447006663e-10 	 -3.695073210618107e-10 	 -1.6820290242139634e-16 	 -4.222224856007584e-16 	 -1.4432846882947767e-13 	 -1.5039816601355958e-13 	 -7.84003556110022e-13 	 -7.804822537537264e-13 	 1.8677137805758356e-12 	 1.8573148136131652e-12 	 -8.707377438460773e-16 	 -8.868320756524684e-16 	 
8.574612166940781 	 0.014525690330504985 	 0.014479574469421205 	 -7.46972011956156e-12 	 5.1215836603352834e-5 	 2.5969988222564977e-18 	 6.908766045093155e-16 	 2.515468098473879e-7 	 -2.191165113617087e-7 	 -2.565502176825367e-6 	 -2.5657190967401273e-6 	 1.263060442286772e-12 	 -1.9616905112829017e-12 	 -1.835592402438444e-10 	 -1.9332841338887942e-10 	 -4.0744603772425854e-10 	 -3.9404669644583055e-10 	 -1.7981320527083066e-16 	 -4.513709351761003e-16 	 -1.5378109748229325e-13 	 -1.6022214134844888e-13 	 -8.381652079989746e-13 	 -8.344954595984874e-13 	 2.0019447573224736e-12 	 1.9907838091253914e-12 	 -9.321480011170668e-16 	 -9.491661027793253e-16 	 
8.725726483812073 	 0.014310203654609046 	 0.014264594537626218 	 -7.837555077772508e-12 	 5.072410850126223e-5 	 2.7850211761183123e-18 	 7.401446875713137e-16 	 2.5616792517227876e-7 	 -2.2314335414425843e-7 	 -2.5726633084576013e-6 	 -2.574088015555928e-6 	 1.3252331782874638e-12 	 -2.058286131062844e-12 	 -1.9668947105058205e-10 	 -2.0715248906003376e-10 	 -4.3438320540414417e-10 	 -4.2012475186168687e-10 	 -1.9221679714346167e-16 	 -4.825051794798734e-16 	 -1.6381074611736788e-13 	 -1.70643287628789e-13 	 -8.959675671879505e-13 	 -8.921493363904863e-13 	 2.1457853310781874e-12 	 2.133806857931402e-12 	 -9.978209057466069e-16 	 -1.0157828756692144e-15 	 
8.879503957490801 	 0.014098497575605426 	 0.014053404924027098 	 -8.222589673675756e-12 	 5.023142146016121e-5 	 2.9866233230362953e-18 	 7.929389750945094e-16 	 2.60849116102193e-7 	 -2.272225115581619e-7 	 -2.5841593034487615e-6 	 -2.5868869751866637e-6 	 1.3903266202706418e-12 	 -2.1594188686036965e-12 	 -2.10752185356938e-10 	 -2.2195739608752873e-10 	 -4.629959388554997e-10 	 -4.4782797535248805e-10 	 -2.0546281980278588e-16 	 -5.157623896765968e-16 	 -1.74450440705141e-13 	 -1.8169348914438089e-13 	 -9.576446006169784e-13 	 -9.536802908148916e-13 	 2.2999193156639018e-12 	 2.287063799048148e-12 	 -1.0680361027678723e-15 	 -1.086969283478386e-15 	 
9.035991522008938 	 0.013890317428490338 	 0.013845751567622393 	 -8.625571648925427e-12 	 4.973791270211781e-5 	 3.2028473461665687e-18 	 8.495099112508892e-16 	 2.6558865312126226e-7 	 -2.3135241490367194e-7 	 -2.600369255697495e-6 	 -2.604477630657815e-6 	 1.4584510484584192e-12 	 -2.2652463613503116e-12 	 -2.2581212758816423e-10 	 -2.3781060640800976e-10 	 -4.933766861395057e-10 	 -4.772464747347177e-10 	 -2.1960946648548938e-16 	 -5.512834747404536e-16 	 -1.8573102818237106e-13 	 -1.934016402793204e-13 	 -1.0234412764869103e-12 	 -1.0193362356463652e-12 	 2.4650789625945696e-12 	 2.4512826178832534e-12 	 -1.1430933937014415e-15 	 -1.1630366717132776e-15 	 
9.195236938538413 	 0.01368543708285685 	 0.01364140882406284 	 -9.047282056846083e-12 	 4.924372827444374e-5 	 3.4347129637366802e-18 	 9.101253291531658e-16 	 2.703844209234315e-7 	 -2.3553156920939276e-7 	 -2.6216237369730568e-6 	 -2.6271605640223796e-6 	 1.5297424956853364e-12 	 -2.3759838410217e-12 	 -2.419380939268698e-10 	 -2.5478432721557055e-10 	 -5.256216436640523e-10 	 -5.084740023911739e-10 	 -2.3471993333664823e-16 	 -5.892170462981446e-16 	 -1.9768130820541056e-13 	 -2.057974127496874e-13 	 -1.0936174897950303e-12 	 -1.089378414849342e-12 	 2.6420479129334895e-12 	 2.6272423293669806e-12 	 -1.2233194914975463e-15 	 -1.2443087452400331e-15 	 
9.357288809968146 	 0.013483562530355042 	 0.013440083077580298 	 -9.48853455522198e-12 	 4.874902249372663e-5 	 3.683364514439342e-18 	 9.750721349209612e-16 	 2.7523471777261816e-7 	 -2.397583635506214e-7 	 -2.6481894370294374e-6 	 -2.655215545909456e-6 	 1.6043335964141504e-12 	 -2.4918737511622046e-12 	 -2.592029138181651e-10 	 -2.729557035088512e-10 	 -5.598307572689776e-10 	 -5.416079385971297e-10 	 -2.5085485700305e-16 	 -6.297283614258656e-16 	 -2.1032928509558616e-13 	 -2.1891514625103654e-13 	 -1.16844985678885e-12 	 -1.164082073776915e-12 	 2.831665266967565e-12 	 2.815777112146856e-12 	 -1.3090588794485547e-15 	 -1.3311221040849466e-15 	 
9.522196595738032 	 0.013284421975963379 	 0.01324150286278487 	 -9.950172508363872e-12 	 4.825395653746078e-5 	 3.9500290180105745e-18 	 1.0446568013870236e-15 	 2.8013785920296157e-7 	 -2.4403123070253417e-7 	 -2.680322670708998e-6 	 -2.6888765859457376e-6 	 1.6823690414639501e-12 	 -2.613110169846882e-12 	 -2.7768556243853907e-10 	 -2.9240864491531773e-10 	 -5.961077211536687e-10 	 -5.767493693225282e-10 	 -2.6808565012811863e-16 	 -6.7298673114092885e-16 	 -2.2371001289425425e-13 	 -2.3279620067579016e-13 	 -1.2482348811189666e-12 	 -1.2437419675995112e-12 	 3.0348291626118485e-12 	 3.0177800041322544e-12 	 -1.4006760344846753e-15 	 -1.4238401740579881e-15 	 
9.690010626934324 	 0.013087654986834585 	 0.013045307970236125 	 -1.0433081000877154e-11 	 4.775869697187905e-5 	 4.235982490836589e-18 	 1.1192063622052916e-15 	 2.850921417780992e-7 	 -2.483483033281778e-7 	 -2.718221193033853e-6 	 -2.7283356815987015e-6 	 1.7639819610924327e-12 	 -2.7399476183813193e-12 	 -2.9747067235276015e-10 	 -3.132313403012921e-10 	 -6.345597218721938e-10 	 -6.140029601733529e-10 	 -2.8648301525120923e-16 	 -7.191778513287127e-16 	 -2.37862477420958e-13 	 -2.4747934889524743e-13 	 -1.3332831915636301e-12 	 -1.3286715318130851e-12 	 3.252500681895298e-12 	 3.2342068231191823e-12 	 -1.4985505985831154e-15 	 -1.5228549836801097e-15 	 
9.860782121651058 	 0.012892958151565203 	 0.0128511951277462 	 -1.0938171093953701e-11 	 4.726341527496694e-5 	 4.542664159131975e-18 	 1.1990700587401477e-15 	 2.9009541983820696e-7 	 -2.527085463183974e-7 	 -2.7620469633341437e-6 	 -2.773740055034728e-6 	 1.849366543654588e-12 	 -2.8725859510276355e-12 	 -3.186478978259616e-10 	 -3.355174954209842e-10 	 -6.752973107947359e-10 	 -6.534767628745182e-10 	 -3.0612492787327654e-16 	 -7.684969411140903e-16 	 -2.528241976200396e-13 	 -2.6300014060270164e-13 	 -1.4239211516970147e-12 	 -1.4192009394019782e-12 	 3.4857081031642456e-12 	 3.4660802379446656e-12 	 -1.6030902233512716e-15 	 -1.628588768036147e-15 	 
10.03456320062219 	 0.012700002942247884 	 0.012658835832099037 	 -1.1466401151261163e-11 	 4.676828476343618e-5 	 4.871531584330335e-18 	 1.2846218895601882e-15 	 2.951465598773031e-7 	 -2.571106842241258e-7 	 -2.8119062733981206e-6 	 -2.825181145672085e-6 	 1.9386630293996152e-12 	 -3.011313462457832e-12 	 -3.413120219675959e-10 	 -3.593664137281651e-10 	 -7.184342136317762e-10 	 -6.952820137598149e-10 	 -3.270963250551264e-16 	 -8.211500242088559e-16 	 -2.6862972520344754e-13 	 -2.793930054352139e-13 	 -1.5204912574294633e-12 	 -1.5156766319484126e-12 	 3.735551513351001e-12 	 3.714494180501822e-12 	 -1.7147370821824189e-15 	 -1.741488332043725e-15 	 
10.211406903129243 	 0.01250846954023383 	 0.012467910184731779 	 -1.20187638697194e-11 	 4.627348152254114e-5 	 5.224194304026144e-18 	 1.3762626619861809e-15 	 3.002444100937159e-7 	 -2.6155342010241547e-7 	 -2.8678520541482088e-6 	 -2.8827018992953606e-6 	 2.0319948523208544e-12 	 -3.156389324970329e-12 	 -3.6556477961861527e-10 	 -3.848853768098553e-10 	 -7.640872094674861e-10 	 -7.395329646395867e-10 	 -3.4948441905169843e-16 	 -8.773600440319513e-16 	 -2.8531566000840947e-13 	 -2.966975786582884e-13 	 -1.6233577590752428e-12 	 -1.6184646602343909e-12 	 4.003207964290332e-12 	 3.9806189969856075e-12 	 -1.8339487235919984e-15 	 -1.862034117574553e-15 	 
10.391367203189287 	 0.012318065380874738 	 0.012278125421383524 	 -1.2596284034502071e-11 	 4.577918022805789e-5 	 5.60242251285823e-18 	 1.4744216132683053e-15 	 3.053879989682538e-7 	 -2.660361896900128e-7 	 -2.9298823813748303e-6 	 -2.9462784382414124e-6 	 2.129627930084929e-12 	 -3.3080475149947513e-12 	 -3.915145569918555e-10 	 -4.121880662244845e-10 	 -8.123756995121501e-10 	 -7.863466141670586e-10 	 -3.733806298414906e-16 	 -9.37365607511207e-16 	 -3.029199244480363e-13 	 -3.1495202783599095e-13 	 -1.732903234615869e-12 	 -1.727951315869304e-12 	 4.2899368525531976e-12 	 4.265706992540683e-12 	 -1.9612200874399952e-15 	 -1.9907371337129346e-15 	 
10.574499026028219 	 0.01212854187250628 	 0.012089232604456001 	 -1.3200041972408853e-11 	 4.52855555632787e-5 	 6.008018640119731e-18 	 1.5795587803954546e-15 	 3.1057683139369886e-7 	 -2.7055856707804884e-7 	 -2.997918588592715e-6 	 -3.0158176327674305e-6 	 2.2316866666152525e-12 	 -3.466600305622637e-12 	 -4.1927689210380265e-10 	 -4.4139486866936764e-10 	 -8.634212814527617e-10 	 -8.358423558650462e-10 	 -3.9888881228974424e-16 	 -1.0014145476986778e-15 	 -3.2148005504087464e-13 	 -3.3419064607410623e-13 	 -1.849528491348106e-12 	 -1.8445441513592905e-12 	 4.597085440864505e-12 	 4.571098067572388e-12 	 -2.097085214418568e-15 	 -2.128127767322843e-15 	 
10.760858264844325 	 0.011939661301061106 	 0.011900993534586346 	 -1.3831152483279024e-11 	 4.479277843210935e-5 	 6.442909690654534e-18 	 1.6921678751524233e-15 	 3.158107462649507e-7 	 -2.751204165331082e-7 	 -3.071817250807542e-6 	 -3.0911479959280013e-6 	 2.3383348043033616e-12 	 -3.632359194372964e-12 	 -4.489738656055146e-10 	 -4.726347013713647e-10 	 -9.173473307189657e-10 	 -8.881414679122416e-10 	 -4.2611461175571358e-16 	 -1.0697755430759478e-15 	 -3.4103026178434383e-13 	 -3.5444976613751587e-13 	 -1.9736560615758862e-12 	 -1.9686696399499483e-12 	 4.926094995450682e-12 	 4.8982257202402894e-12 	 -2.2421060209876554e-15 	 -2.274768465063354e-15 	 
10.950501797867338 	 0.011751313055668889 	 0.011713296927860647 	 -1.449076859000424e-11 	 4.430101664948675e-5 	 6.909286753605375e-18 	 1.8127785356708506e-15 	 3.2109012238916663e-7 	 -2.7972185311984634e-7 	 -3.1513376839121357e-6 	 -3.172004731848673e-6 	 2.4498104080193774e-12 	 -3.805605241790246e-12 	 -4.807366665315145e-10 	 -5.060450474218376e-10 	 -9.742784565982233e-10 	 -9.433666615903625e-10 	 -4.551699197081871e-16 	 -1.1427354204852038e-15 	 -3.6160760706106714e-13 	 -3.7576744316513515e-13 	 -2.1057308573660816e-12 	 -2.1007778122969197e-12 	 5.2785065618517355e-12 	 5.248622576254599e-12 	 -2.3968719197907746e-15 	 -2.431255987187857e-15 	 
11.14348750571807 	 0.011563406568058099 	 0.011526051370342598 	 -1.51800940106315e-11 	 4.3810432685630024e-5 	 7.40939252406359e-18 	 1.9419579953489913e-15 	 3.264155766457438e-7 	 -2.8436352210397303e-7 	 -3.236150255487679e-6 	 -3.258033716597776e-6 	 2.5663183553584576e-12 	 -3.9866338427600445e-12 	 -5.14704674573306e-10 	 -5.417722407756595e-10 	 -1.0343398274310897e-9 	 -1.0016414213974447e-9 	 -4.861783491134111e-16 	 -1.2205948988258711e-15 	 -3.832483928843389e-13 	 -3.9817905973544545e-13 	 -2.2462201009213743e-12 	 -2.2413414382835826e-12 	 5.655968092594519e-12 	 5.623927467931879e-12 	 -2.5619946482253087e-15 	 -2.598242146601023e-15 	 
11.33987428907403 	 0.011375889897362705 	 0.011339203838341343 	 -1.590037575378233e-11 	 4.3321183392095917e-5 	 7.945649351973518e-18 	 2.0803138924138266e-15 	 3.3178796641254445e-7 	 -2.890464825606933e-7 	 -3.3258068988291854e-6 	 -3.348756292140709e-6 	 2.688026489613277e-12 	 -4.1758084897057786e-12 	 -5.51025560405281e-10 	 -5.79970996195158e-10 	 -1.097656333760232e-9 	 -1.0630892871100088e-9 	 -5.192658193110705e-16 	 -1.3036799539586473e-15 	 -4.0598524757683564e-13 	 -4.2171377071249103e-13 	 -2.3956109230824878e-12 	 -2.390856420124589e-12 	 6.060241749366902e-12 	 6.025892871594935e-12 	 -2.7381376382435247e-15 	 -2.776424348422779e-15 	 
11.539722086646336 	 0.011188869262281706 	 0.011152859244288374 	 -1.665289970780118e-11 	 4.283341914074683e-5 	 8.520723942831132e-18 	 2.2284976393033343e-15 	 3.372086517738014e-7 	 -2.937714995609221e-7 	 -3.4197558170044816e-6 	 -3.443568386779816e-6 	 2.8152271478151126e-12 	 -4.373420808495688e-12 	 -5.898570097388821e-10 	 -6.208064233031069e-10 	 -1.1643517666700848e-9 	 -1.1278330452589343e-9 	 -5.545712682965242e-16 	 -1.3923324234483576e-15 	 -4.2985025389360904e-13 	 -4.4640103791510425e-13 	 -2.554413646526641e-12 	 -2.5498435607187926e-12 	 6.4932118549153005e-12 	 6.456392806915348e-12 	 -2.9260210177894472e-15 	 -2.966510946565543e-15 	 
11.743091893473444 	 0.011002443304077148 	 0.010967114647254233 	 -1.743901138449112e-11 	 4.234728326068903e-5 	 9.137317940136998e-18 	 2.387207968569849e-15 	 3.426790479263109e-7 	 -2.9854004040032737e-7 	 -3.5172881060792764e-6 	 -3.5417394049113834e-6 	 2.9480695967865473e-12 	 -4.579884438579473e-12 	 -6.313668307755726e-10 	 -6.644542920104478e-10 	 -1.234547803869666e-9 	 -1.1959937461486674e-9 	 -5.922375948785525e-16 	 -1.486921184699455e-15 	 -4.548746726362866e-13 	 -4.722682651155882e-13 	 -2.7231624685691587e-12 	 -2.7188476539830965e-12 	 6.956892464326243e-12 	 6.917430215818602e-12 	 -3.1264130159452854e-15 	 -3.1692373072716337e-15 	 
11.950045779537328 	 0.010816804790893328 	 0.010782160921015116 	 -1.826009101531957e-11 	 4.186291211104287e-5 	 9.798478013275585e-18 	 2.5571937877160057e-15 	 3.4820060728595545e-7 	 -3.033532578968466e-7 	 -3.6175489532316636e-6 	 -3.6423658517041207e-6 	 3.086817886201253e-12 	 -4.795526615720965e-12 	 -6.7573260983381e-10 	 -7.111004133600926e-10 	 -1.3083628329052837e-9 	 -1.2676895613093995e-9 	 -6.324241093854502e-16 	 -1.587831584869378e-15 	 -4.810833500896356e-13 	 -4.993363489361428e-13 	 -2.9024146135995744e-12 	 -2.8984364018006287e-12 	 7.453436939677834e-12 	 7.411146495886666e-12 	 -3.3401095363775194e-15 	 -3.385377620382766e-15 	 
12.160646908707667 	 0.010632204496525605 	 0.010598246619463406 	 -1.9117571023883164e-11 	 4.13804347889179e-5 	 1.050744711870282e-17 	 2.7392567127676164e-15 	 3.5377482321495615e-7 	 -3.0821260847776127e-7 	 -3.719524086172846e-6 	 -3.7443706186304145e-6 	 3.2317223780637155e-12 	 -5.020727251783414e-12 	 -7.231426863497982e-10 	 -7.609422181473812e-10 	 -1.385910686508742e-9 	 -1.343034588917308e-9 	 -6.752921396211439e-16 	 -1.6954818427260782e-15 	 -5.084952142137113e-13 	 -5.276238132609074e-13 	 -3.0927522540777316e-12 	 -3.0892024493062822e-12 	 7.985146966380407e-12 	 7.939830603111494e-12 	 -3.5679367185057696e-15 	 -3.615764239262672e-15 	 
12.374959558019944 	 0.010448935601836845 	 0.010415662368907144 	 -2.0012933828934902e-11 	 4.0899973573648196e-5 	 1.1267645670340153e-17 	 2.9342539987483124e-15 	 3.594029723971621e-7 	 -3.1311908587332274e-7 	 -3.8220152363660874e-6 	 -3.846519357157599e-6 	 3.383020974278135e-12 	 -5.2558797316996575e-12 	 -7.737976643477918e-10 	 -8.14189217363943e-10 	 -1.467299100724711e-9 	 -1.4221374974892482e-9 	 -7.21019875056188e-16 	 -1.810310319357908e-15 	 -5.371285334724348e-13 	 -5.571447677114077e-13 	 -3.294781546315171e-12 	 -3.2917655200688618e-12 	 8.554482233888111e-12 	 8.505928553370089e-12 	 -3.810761051773955e-15 	 -3.86128093864634e-15 	 
12.59304913729327 	 0.010267325600730879 	 0.010234732660974346 	 -2.0947710493140232e-11 	 4.042164450091331e-5 	 1.2082794629953786e-17 	 3.143101953872323e-15 	 3.6508604496601073e-7 	 -3.1807351253102525e-7 	 -3.9235987549649835e-6 	 -3.9473490114665495e-6 	 3.540976951785212e-12 	 -5.501375197590003e-12 	 -8.279093897062148e-10 	 -8.710626011951712e-10 	 -1.5526280097850775e-9 	 -1.5050998608259985e-9 	 -7.697906685829292e-16 	 -1.932789607378591e-15 	 -5.669925842970331e-13 	 -5.879047105049041e-13 	 -3.5091323794027708e-12 	 -3.5067685946572445e-12 	 9.164071139180426e-12 	 9.112053966826871e-12 	 -4.069503944663239e-15 	 -4.122866009868546e-15 	 
12.814982209093962 	 0.010087699427887141 	 0.010055779117337415 	 -2.1923482862760773e-11 	 3.9945557790095855e-5 	 1.2956846133372754e-17 	 3.366778722491168e-15 	 3.7082435529231674e-7 	 -3.2307635659916863e-7 	 -4.022744488015421e-6 	 -4.045186156460934e-6 	 3.705863970141462e-12 	 -5.757643342779757e-12 	 -8.857008113684505e-10 	 -9.317965209944087e-10 	 -1.6419877619958567e-9 	 -1.5920143707827176e-9 	 -8.218073357816894e-16 	 -2.0634143596433967e-15 	 -5.980840704222868e-13 	 -6.199050207448796e-13 	 -3.736460889212126e-12 	 -3.734877963861813e-12 	 9.81672224894704e-12 	 9.760999745213619e-12 	 -4.345145229788668e-15 	 -4.401512151074973e-15 	 
13.040826509050902 	 0.009910373418413578 	 0.009879114336125828 	 -2.2941889633208367e-11 	 3.947181913944192e-5 	 1.389406440455674e-17 	 3.606329111347464e-15 	 3.7661791326763e-7 	 -3.2812747816911476e-7 	 -4.11760559516154e-6 	 -4.138245858890163e-6 	 3.877938253358061e-12 	 -6.025103743039283e-12 	 -9.474090774958778e-10 	 -9.966391345720068e-10 	 -1.735457035100286e-9 	 -1.6829630387881234e-9 	 -8.772780677742015e-16 	 -2.202717485545235e-15 	 -6.304016504945388e-13 	 -6.531436722046336e-13 	 -3.977448280621991e-12 	 -3.9767910180970585e-12 	 1.0515436209876865e-11 	 1.0455750327946067e-11 	 -4.638730089955374e-15 	 -4.698261298678054e-15 	 
13.270650966529 	 0.009735644816958927 	 0.009705031593009089 	 -2.4004621157017915e-11 	 3.900053019197207e-5 	 1.4899018317344445e-17 	 3.862870843388774e-15 	 3.824658902608197e-7 	 -3.332262299613428e-7 	 -4.206264056928069e-6 	 -4.224577978292083e-6 	 4.057506496339335e-12 	 -6.304213821002321e-12 	 -1.0132851744068983e-9 	 -1.0658513045364946e-9 	 -1.8331004538432056e-9 	 -1.7780149104617638e-9 	 -9.364299389024958e-16 	 -2.3512585441290125e-15 	 -6.639408113669116e-13 	 -6.876054930485629e-13 	 -4.2327968802942024e-12 	 -4.233232439404717e-12 	 1.126341774220437e-11 	 1.1199493524749573e-11 	 -4.951360256573344e-15 	 -5.014194829017452e-15 	 
13.504525725666925 	 0.009563747764384397 	 0.009533760798957314 	 -2.51134269335135e-11 	 3.8531790376405404e-5 	 1.5976594963443578e-17 	 4.137598222423343e-15 	 3.883667183073243e-7 	 -3.3837124177949073e-7 	 -4.28678362493215e-6 	 -4.301987467879023e-6 	 4.244842613683004e-12 	 -6.595424967376065e-12 	 -1.0835918354234503e-9 	 -1.139707184755771e-9 	 -1.934966126253618e-9 	 -1.87722349695409e-9 	 -9.994976400729375e-16 	 -2.5096383230331767e-15 	 -6.986789647733845e-13 	 -7.232615000214486e-13 	 -4.50323155404627e-12 	 -4.504946933277876e-12 	 1.2064089077613932e-11 	 1.1995633559668452e-11 	 -5.2841940145834495e-15 	 -5.350457388881275e-15 	 
13.742522166785617 	 0.009394853996651905 	 0.00936546934245738 	 -2.627011425833064e-11 	 3.80656970864321e-5 	 1.7132075118998638e-17 	 4.431788470962825e-15 	 3.9431826451348874e-7 	 -3.4356063341028e-7 	 -4.356640644645035e-6 	 -4.368747022145399e-6 	 4.440279453154111e-12 	 -6.899201127570023e-12 	 -1.1586058787857324e-9 	 -1.2184955841895747e-9 	 -2.041082860475969e-9 	 -1.9806242690109657e-9 	 -1.066740292102323e-15 	 -2.6784849621534885e-15 	 -7.345839757142383e-13 	 -7.600711502854414e-13 	 -4.789498522178066e-12 	 -4.792705001295296e-12 	 1.2921104894264419e-11 	 1.2847805904307547e-11 	 -5.638452519381985e-15 	 -5.708236533202145e-15 	 
13.984712928174115 	 0.009229044478266276 	 0.009200234623965764 	 -2.7476557749176338e-11 	 3.760234779914873e-5 	 1.8371050112362604e-17 	 4.7468052966082424e-15 	 4.0031750487969605e-7 	 -3.4879183946743766e-7 	 -4.414521264760339e-6 	 -4.42270285226135e-6 	 4.6441063685331715e-12 	 -7.21605246124169e-12 	 -1.2386189224973213e-9 	 -1.3025185490085805e-9 	 -2.1514569773896568e-9 	 -2.088231743582314e-9 	 -1.1384238682690277e-15 	 -2.858474936282737e-15 	 -7.716144886261478e-13 	 -7.979738429339523e-13 	 -5.092360134926593e-12 	 -5.097301809655669e-12 	 1.3838366051993484e-11 	 1.375989081940425e-11 	 -6.015420121520144e-15 	 -6.088759969124255e-15 	 
14.231171928259263 	 0.00906625318174711 	 0.009038053495862366 	 -2.8734691344007118e-11 	 3.7141840107620564e-5 	 1.9699608041000702e-17 	 5.084105115426457e-15 	 4.063609971631618e-7 	 -3.5406183422444506e-7 	 -4.496657810987233e-6 	 -4.490599084073266e-6 	 4.856663323702784e-12 	 -7.546475750614203e-12 	 -1.32393476189121e-9 	 -1.3920916692501776e-9 	 -2.2660690054320747e-9 	 -2.2000360686644406e-9 	 -1.2148394004917622e-15 	 -3.050318556565567e-15 	 -8.097046909293224e-13 	 -8.368905479436536e-13 	 -5.412597455578139e-12 	 -5.419548379193506e-12 	 1.4820037602225128e-11 	 1.4736031222427906e-11 	 -6.41643652268741e-15 	 -6.493322163309848e-15 	 
14.481974388166215 	 0.008906575006718364 	 0.008878828158690082 	 -3.004652356706419e-11 	 3.668427342666766e-5 	 2.112419246782449e-17 	 5.445243354993975e-15 	 4.1244490096301594e-7 	 -3.593673649802033e-7 	 -4.486953698783609e-6 	 -4.4959314910850984e-6 	 5.0782902212877236e-12 	 -7.89100528298397e-12 	 -1.4148710262403288e-9 	 -1.4875460936383089e-9 	 -2.3848700701601702e-9 	 -2.315999637782691e-9 	 -1.296289386645658e-15 	 -3.2547768538043233e-15 	 -8.487708403703383e-13 	 -8.767339267719634e-13 	 -5.751013318407122e-12 	 -5.760275068501174e-12 	 1.5870563696884907e-11 	 1.5780647887056535e-11 	 -6.842899891089827e-15 	 -6.9233164797936345e-15 	 
14.73719685467645 	 0.008749603856364136 	 0.008722371158570918 	 -3.1414132664454714e-11 	 3.6229748984988994e-5 	 2.2651717225634126e-17 	 5.831881763952079e-15 	 4.185651594663881e-7 	 -3.6470476115515763e-7 	 -4.5200598398095744e-6 	 -4.522792421678608e-6 	 5.30932574541245e-12 	 -8.250191008657348e-12 	 -1.511760554919556e-9 	 -1.5892266469306976e-9 	 -2.507777729846532e-9 	 -2.4360532638499903e-9 	 -1.3830982800615158e-15 	 -3.472655238567808e-15 	 -8.887166330178617e-13 	 -9.173977417597538e-13 	 -6.108425591268754e-12 	 -6.120332392949997e-12 	 1.6994687587327282e-11 	 1.6898459442832595e-11 	 -7.296274757897482e-15 	 -7.380210835403783e-15 	 
14.996917223590433 	 0.008595148243764464 	 0.00856842538074685 	 -3.2839667667055624e-11 	 3.5778370733231456e-5 	 2.428966247442e-17 	 6.2457947951809426e-15 	 4.2471779501395164e-7 	 -3.7007061764300753e-7 	 -4.549229824042944e-6 	 -4.552403355314447e-6 	 5.550147930217728e-12 	 -8.624577636338932e-12 	 -1.6149482779608574e-9 	 -1.6974908847712796e-9 	 -2.6346716030804178e-9 	 -2.5600917620540813e-9 	 -1.4756093110229505e-15 	 -3.704810782094468e-15 	 -9.294185964276257e-13 	 -9.587483354434529e-13 	 -6.485663577879463e-12 	 -6.500582688392916e-12 	 1.8197468573681044e-11 	 1.809449897987266e-11 	 -7.778088712577876e-15 	 -7.865542517653767e-15 	 
15.261214763501995 	 0.008442889403695543 	 0.008416678061970821 	 -3.432536213936086e-11 	 3.533024642415035e-5 	 2.6045773868063387e-17 	 6.688876628460024e-15 	 4.308990972824224e-7 	 -3.7546178136742866e-7 	 -4.580249401735893e-6 	 -4.5850872994385735e-6 	 5.80111519210187e-12 	 -9.014772033198301e-12 	 -1.7247923836254626e-9 	 -1.8127106505924415e-9 	 -2.765388666618264e-9 	 -2.6879695757293736e-9 	 -1.5741918523093247e-15 	 -3.952149296866996e-15 	 -9.707316931304452e-13 	 -1.0006318612298202e-12 	 -6.883567111001714e-12 	 -6.901903357521081e-12 	 1.9484302975437136e-11 	 1.9374135136437073e-11 	 -8.289925971906888e-15 	 -8.380929876989007e-15 	 
15.530170139991698 	 0.008292494425891 	 0.008266799433632387 	 -3.587352104507489e-11 	 3.4885483162371314e-5 	 2.7927028398406e-17 	 7.163149176944687e-15 	 4.371059914931983e-7 	 -3.808754477497137e-7 	 -4.615187827835023e-6 	 -4.622023142360288e-6 	 6.062639268913463e-12 	 -9.421369332259501e-12 	 -1.8416654989608853e-9 	 -1.935269710034036e-9 	 -2.8997179734426453e-9 	 -2.8194959282646457e-9 	 -1.6792321422850919e-15 	 -4.215638700518247e-15 	 -1.0124954990219928e-12 	 -1.0428623826674885e-12 	 -7.302977403665119e-12 	 -7.325186144946602e-12 	 2.086094605170808e-11 	 2.074309404302954e-11 	 -8.833438138904816e-15 	 -8.928060841879964e-15 	 
15.803865440246554 	 0.008143620134754413 	 0.008118448024086199 	 -3.748653306167411e-11 	 3.444419462556037e-5 	 2.9939115460738795e-17 	 7.670770420577904e-15 	 4.433360559559407e-7 	 -3.8630967894157857e-7 	 -4.654943745327267e-6 	 -4.664129122522451e-6 	 6.335094996892278e-12 	 -9.845002252890016e-12 	 -1.965950544320366e-9 	 -2.0655627311657212e-9 	 -3.037395242219677e-9 	 -2.9544292725484007e-9 	 -1.7911431080664818e-15 	 -4.496304758872298e-15 	 -1.0545134315920847e-12 	 -1.0852168468193662e-12 	 -7.744735197568257e-12 	 -7.77132307573213e-12 	 2.2333533505832146e-11 	 2.2207480485535247e-11 	 -9.410345410719655e-15 	 -9.508691500400736e-15 	 
16.08238419811368 	 0.007995979040851486 	 0.007971337866914117 	 -3.9166865062860904e-11 	 3.4006497959675596e-5 	 3.208636490718561e-17 	 8.214043607357964e-15 	 4.4958783259271704e-7 	 -3.9176314552356926e-7 	 -4.700382760802472e-6 	 -4.712179497136714e-6 	 6.618920994122244e-12 	 -1.028631334054564e-11 	 -2.0980415091445962e-9 	 -2.203995819241358e-9 	 -3.1780969903172346e-9 	 -3.092471782388628e-9 	 -1.910362636268205e-15 	 -4.795237159810762e-15 	 -1.0965553116285614e-12 	 -1.1274417308055622e-12 	 -8.209678555506333e-12 	 -8.241206264920035e-12 	 2.39086052809479e-11 	 2.3773801529964927e-11 	 -1.0022480627086381e-14 	 -1.0124634400189881e-14 	 
16.365811419595428 	 0.00784933634565706 	 0.0078252350775763 	 -4.091706763311613e-11 	 3.357250625102971e-5 	 3.437063212978524e-17 	 8.795426654201857e-15 	 4.5586085244209363e-7 	 -3.972353883434048e-7 	 -4.752073043851682e-6 	 -4.76663309811124e-6 	 6.914539876363186e-12 	 -1.0745978266489963e-11 	 -2.23834279863222e-9 	 -2.350983845456637e-9 	 -3.3214342780804995e-9 	 -3.233263365901032e-9 	 -2.0373598900717797e-15 	 -5.113589166336096e-15 	 -1.138356783575761e-12 	 -1.1692429953863627e-12 	 -8.698635603572594e-12 	 -8.735722560940316e-12 	 2.5593130728754743e-11 	 2.544899144759725e-11 	 -1.0671771214732523e-14 	 -1.0777757952088633e-14 	 
16.65423360879386 	 0.007703551383304181 	 0.00767999958312008 	 -4.2739768843739794e-11 	 3.3142339080407695e-5 	 3.679082007930459e-17 	 9.417542385927007e-15 	 4.621553279335939e-7 	 -4.0272672965797975e-7 	 -4.810394526346951e-6 	 -4.827822447084076e-6 	 7.222395373413494e-12 	 -1.122467851712798e-11 	 -2.3872647792185857e-9 	 -2.5069485629006893e-9 	 -3.466946417227597e-9 	 -3.376375259126429e-9 	 -2.1726256486199458e-15 	 -5.452592635930619e-15 	 -1.179603207983334e-12 	 -1.2102849909007328e-12 	 -9.21242033011541e-12 	 -9.255743330499436e-12 	 2.7394535028172634e-11 	 2.7240438229636274e-11 	 -1.1360194039905969e-14 	 -1.1470030794740098e-14 	 
16.947738794312446 	 0.007558592048941752 	 0.007535599464926214 	 -4.463767716273229e-11 	 3.2716114779880475e-5 	 3.934311837041764e-17 	 1.0083189157426592e-14 	 4.6847234462412923e-7 	 -4.0823805468894387e-7 	 -4.875535566093427e-6 	 -4.895864159864334e-6 	 7.54293569853274e-12 	 -1.1723140100269046e-11 	 -2.545225261528708e-9 	 -2.6723172289887092e-9 	 -3.6140944724264497e-9 	 -3.5213038141918185e-9 	 -2.3166853155986636e-15 	 -5.813551140570613e-15 	 -1.2199472264913556e-12 	 -1.2501953166847818e-12 	 -9.751826402928663e-12 	 -9.802129215764911e-12 	 2.932072696800586e-11 	 2.915601173273259e-11 	 -1.2089778695380513e-14 	 -1.2203535783588688e-14 	 
17.246416556123023 	 0.007414535376462496 	 0.007392111603223905 	 -4.6613579291437695e-11 	 3.229395335663097e-5 	 4.2021368022667475e-17 	 1.0795351193052211e-14 	 4.748132668875385e-7 	 -4.1377054487721786e-7 	 -4.9475234779358325e-6 	 -4.97069782019088e-6 	 7.876637020325232e-12 	 -1.2242083297092149e-11 	 -2.7126453177299686e-9 	 -2.847518482166705e-9 	 -3.7622548547010265e-9 	 -3.6674638979441365e-9 	 -2.4700978885612755e-15 	 -6.19784723099873e-15 	 -1.2589990150627164e-12 	 -1.2885540521169088e-12 	 -1.0317621744586177e-11 	 -1.0375716054905457e-11 	 3.13801280640289e-11 	 3.120409266442449e-11 	 -1.2862652815212905e-14 	 -1.298037295413826e-14 	 
17.550358052906326 	 0.007271563752042338 	 0.007249717846357574 	 -4.86703388276969e-11 	 3.187597447733111e-5 	 4.4817297029134614e-17 	 1.1557210248059212e-14 	 4.811795375161543e-7 	 -4.1932547771835407e-7 	 -5.026185166418031e-6 	 -5.052079082175495e-6 	 8.223987652282303e-12 	 -1.2782258425222839e-11 	 -2.889944204572294e-9 	 -3.0329766642437807e-9 	 -3.9107128620792545e-9 	 -3.8141825800283666e-9 	 -2.6334541173690517e-15 	 -6.606951108183645e-15 	 -1.2963137626019144e-12 	 -1.3248811271028972e-12 	 -1.091053267478179e-11 	 -1.0977307364202344e-11 	 3.358170311832828e-11 	 3.339360277313161e-11 	 -1.3681022545023702e-14 	 -1.3802696808664909e-14 	 
17.859656049874243 	 0.007129938097736801 	 0.007108678225977412 	 -5.0810901415322397e-11 	 3.1462298761175824e-5 	 4.7720696406998555e-17 	 1.2372158732389767e-14 	 4.875721524393218e-7 	 -4.249037667038477e-7 	 -5.111179618204506e-6 	 -5.139580016813827e-6 	 8.585472489593583e-12 	 -1.3344444756422114e-11 	 -3.0775365515877714e-9 	 -3.22910932496283e-9 	 -4.0586569916482394e-9 	 -3.960693185105507e-9 	 -2.8073803517123388e-15 	 -7.042423664713296e-15 	 -1.3313983987748113e-12 	 -1.3586473087964336e-12 	 -1.1531242941610154e-11 	 -1.1607668278366531e-11 	 3.593499228986416e-11 	 3.5734036727714114e-11 	 -1.4547161438103738e-14 	 -1.4672750196932706e-14 	 
18.174404947082486 	 0.0069899752193303515 	 0.006969308257631538 	 -5.303828971984676e-11 	 3.105304740193005e-5 	 5.071974758199569e-17 	 1.32438135646963e-14 	 4.939913654078343e-7 	 -4.305056150932359e-7 	 -5.2019661924676025e-6 	 -5.232573264708528e-6 	 8.961607696599331e-12 	 -1.3929438727698222e-11 	 -3.2758252494970613e-9 	 -3.436318068723494e-9 	 -4.205173616291927e-9 	 -4.106129730224655e-9 	 -2.9925435779266693e-15 	 -7.505919030849351e-15 	 -1.3636994898461098e-12 	 -1.3892590231915085e-12 	 -1.2180379581049796e-11 	 -1.226751262885072e-11 	 3.8450145255585465e-11 	 3.823549649386757e-11 	 -1.5463424624354026e-14 	 -1.559283460962051e-14 	 
18.49470080824217 	 0.006851998458308963 	 0.006831929588107968 	 -5.535561095087556e-11 	 3.0648342876573984e-5 	 5.380114658898038e-17 	 1.4176027515809864e-14 	 5.00436267346683e-7 	 -4.3613024109466144e-7 	 -5.297808731412889e-6 	 -5.330223879203435e-6 	 9.35291171215894e-12 	 -1.4538054742927005e-11 	 -3.485194012735244e-9 	 -3.654983069431165e-9 	 -4.349243110246981e-9 	 -4.249522318781372e-9 	 -3.189649188486172e-15 	 -7.999194712917604e-15 	 -1.3926028079801823e-12 	 -1.4160692956486156e-12 	 -1.2858509487519797e-11 	 -1.2957495214641591e-11 	 4.1137956972203813e-11 	 4.0908727191475167e-11 	 -1.6432229741898474e-14 	 -1.6565306886889903e-14 	 
18.8206413900392 	 0.006716295508614225 	 0.006696827758746614 	 -5.776605699367838e-11 	 3.024830985866988e-5 	 5.695033915375862e-17 	 1.517290744436688e-14 	 5.069045824700431e-7 	 -4.4177568570344863e-7 	 -5.397746137824595e-6 	 -5.431466232532549e-6 	 9.759924297018171e-12 	 -1.5171125754537127e-11 	 -3.7060009428538325e-9 	 -3.8854514170996006e-9 	 -4.489737208321044e-9 	 -4.38979381644159e-9 	 -3.3994469226706793e-15 	 -8.524113917194167e-15 	 -1.4174453095212157e-12 	 -1.4383611984136352e-12 	 -1.3566123046652176e-11 	 -1.367820644424292e-11 	 4.4009902435147654e-11 	 4.376515161527406e-11 	 -1.7456088052998187e-14 	 -1.7592568031718556e-14 	 
19.15232617197028 	 0.006583080214568454 	 0.006564213965910901 	 -6.027291569984347e-11 	 2.9853075826199923e-5 	 6.01515559327748e-17 	 1.6238827121530622e-14 	 5.133926989301228e-7 	 -4.474387830098834e-7 	 -5.5005764347683e-6 	 -5.534983200917346e-6 	 1.018319780454466e-11 	 -1.5829522579232788e-11 	 -3.938565407157836e-9 	 -4.128022976042086e-9 	 -4.625418105174037e-9 	 -4.5257580219039015e-9 	 -3.622731178003422e-15 	 -9.082653816640165e-15 	 -1.4374944146878108e-12 	 -1.4553327650399762e-12 	 -1.4303615705054151e-11 	 -1.4430157522665926e-11 	 4.707817852686071e-11 	 4.6816911433453575e-11 	 -1.8537572374421315e-14 	 -1.8677119682872678e-14 	 
19.489856386704883 	 0.0064524569685924975 	 0.006434189445679305 	 -6.287956957879262e-11 	 2.9462772314674026e-5 	 6.338815167559615e-17 	 1.7378443580058275e-14 	 5.198957271386841e-7 	 -4.5311536865923495e-7 	 -5.604850557037171e-6 	 -5.6392004692583536e-6 	 1.0623304466090444e-11 	 -1.6514126578177393e-11 	 -4.1831552422833015e-9 	 -4.382941354126095e-9 	 -4.754940633767896e-9 	 -4.656119962723358e-9 	 -3.8603453384384315e-15 	 -9.676910910970503e-15 	 -1.4519443448857818e-12 	 -1.4661298799109734e-12 	 -1.507129507443194e-11 	 -1.5213763106045607e-11 	 5.035574393425097e-11 	 5.007690713075835e-11 	 -1.967930810854805e-14 	 -1.9821513633500966e-14 	 
19.83333505098216 	 0.00632440172648066 	 0.006306726436662742 	 -6.55895068001637e-11 	 2.9077535745268078e-5 	 6.664253327312483e-17 	 1.859671217024381e-14 	 5.264079964749228e-7 	 -4.588004481939224e-7 	 -5.708834547019701e-6 	 -5.742273059891888e-6 	 1.1080833263509132e-11 	 -1.7225858067844205e-11 	 -4.439973496762223e-9 	 -4.650374098371656e-9 	 -4.876856538661604e-9 	 -4.779479124226211e-9 	 -4.113183012346757e-15 	 -1.0309108920976575e-14 	 -1.4599257669156236e-12 	 -1.4698283481480049e-12 	 -1.5869364026262403e-11 	 -1.6029336246660328e-11 	 5.385635796470183e-11 	 5.35588368258713e-11 	 -2.0883999263045907e-14 	 -2.102834643185987e-14 	 
20.182866997052432 	 0.006198765556677218 	 0.006181671736979524 	 -6.840632725130801e-11 	 2.8697508468819688e-5 	 6.989641413890786e-17 	 1.9898905220710843e-14 	 5.32923493796054e-7 	 -4.644888219565936e-7 	 -5.810534355529191e-6 	 -5.842069110685337e-6 	 1.1556382663269946e-11 	 -1.7965662813773214e-11 	 -4.709138407085173e-9 	 -4.930395983959423e-9 	 -4.989622395177371e-9 	 -4.894335465949014e-9 	 -4.382191261204635e-15 	 -1.0981606445068719e-14 	 -1.4604944139419041e-12 	 -1.4654417259530242e-12 	 -1.6697911265924463e-11 	 -1.6877073268532613e-11 	 5.759463134077748e-11 	 5.727724743237981e-11 	 -2.215435917201838e-14 	 -2.2300328044059618e-14 	 
20.53855890467278 	 0.006075295104072883 	 0.006058767248338363 	 -7.133374208952346e-11 	 2.832283926412243e-5 	 7.313087445034828e-17 	 2.129063227159489e-14 	 5.394365314664705e-7 	 -4.70175547119084e-7 	 -5.907690705839938e-6 	 -5.936256016661334e-6 	 1.2050584192944507e-11 	 -1.8734512238075308e-11 	 -4.990668247692329e-9 	 -5.222967063994417e-9 	 -5.091611826865484e-9 	 -4.999099611851704e-9 	 -4.6683750876323354e-15 	 -1.1696902784217999e-14 	 -1.4526566669998214e-12 	 -1.451917818147037e-12 	 -1.7556897883607563e-11 	 -1.7757055321918517e-11 	 6.158606290616431e-11 	 6.124757096874224e-11 	 -2.3493183748212797e-14 	 -2.3640204661635837e-14 	 
20.900519333666473 	 0.00595366965339338 	 0.005937687214769813 	 -7.437557979183765e-11 	 2.79536842474663e-5 	 7.632648222960488e-17 	 2.2777857538352274e-14 	 5.459423663783089e-7 	 -4.7585648353099974e-7 	 -5.997889796489278e-6 	 -6.022366072209398e-6 	 1.2564077664778751e-11 	 -1.9533414129893602e-11 	 -5.28445443682883e-9 	 -5.5279086179843174e-9 	 -5.1811331395159445e-9 	 -5.0921068070023415e-9 	 -4.9727986379990986e-15 	 -1.2457648467437239e-14 	 -1.4353459381989068e-12 	 -1.4281484919945013e-12 	 -1.844615423907736e-11 	 -1.866922368008187e-11 	 6.584709334060579e-11 	 6.54861784735597e-11 	 -2.4903346507951942e-14 	 -2.505075411861445e-14 	 
21.26885875705629 	 0.005833560124276975 	 0.005818097241731158 	 -7.753578375022659e-11 	 2.75902066479087e-5 	 7.946334150287204e-17 	 2.436691891920697e-14 	 5.524376375102667e-7 	 -4.815287690587671e-7 	 -6.0785293725053125e-6 	 -6.09785416629003e-6 	 1.3097524551447189e-11 	 -2.0363407855210006e-11 	 -5.590240278513164e-9 	 -5.844878734597471e-9 	 -5.256453133593343e-9 	 -5.171637271483798e-9 	 -5.296588050426109e-15 	 -1.3266654136529056e-14 	 -1.4074543918970883e-12 	 -1.3929897943429306e-12 	 -1.9365378070305073e-11 	 -1.9613383519754827e-11 	 7.039515374647875e-11 	 7.001042842042932e-11 	 -2.638773183032163e-14 	 -2.6534812037252713e-14 	 
21.64368959478166 	 0.00571468204536123 	 0.0056997080379934135 	 -8.081840898455658e-11 	 2.7232577442122705e-5 	 8.252126145043e-17 	 2.6064550650332954e-14 	 5.589207168615794e-7 	 -4.871909543734433e-7 	 -6.14804025021882e-6 	 -6.159644916150048e-6 	 1.3651608776957563e-11 	 -2.1225553513431784e-11 	 -5.907592158087425e-9 	 -6.1733363703537854e-9 	 -5.315827902538401e-9 	 -5.235943003320695e-9 	 -5.6409412196630344e-15 	 -1.4126893734040717e-14 	 -1.36783786399074e-12 	 -1.3452397382153675e-12 	 -2.0314114271068666e-11 	 -2.0589197378016165e-11 	 7.52487088290539e-11 	 7.483871000603174e-11 	 -2.7949222335659805e-14 	 -2.8095242761129352e-14 	 
22.025126248010096 	 0.00559686289549532 	 0.005582331063517864 	 -8.422761568671057e-11 	 2.6880974772922255e-5 	 8.547980559872208e-17 	 2.7877907983809054e-14 	 5.653915339805178e-7 	 -4.928430463917672e-7 	 -6.181639575676811e-6 	 -6.2166852610915295e-6 	 1.4227033966243264e-11 	 -2.2120941610014715e-11 	 -6.235863774955561e-9 	 -6.512512482827647e-9 	 -5.357544144717542e-9 	 -5.283282821590252e-9 	 -6.007123035200118e-15 	 -1.504152240203557e-14 	 -1.3153066241554717e-12 	 -1.2836963765490674e-12 	 -2.1291776199489e-11 	 -2.1596171258483474e-11 	 8.042731736320937e-11 	 7.999050384385483e-11 	 -2.959077907084024e-14 	 -2.9734935738341733e-14 	 
22.413285134053275 	 0.005479985159579765 	 0.005465912627264039 	 -8.776766652953835e-11 	 2.653558416895288e-5 	 8.831832145757579e-17 	 2.9814582230942346e-14 	 5.718512786863555e-7 	 -4.984860469975042e-7 	 -6.252938191506752e-6 	 -6.2593794253154045e-6 	 1.482451133380014e-11 	 -2.3050696663702903e-11 	 -6.574163607123565e-9 	 -6.8613660904819986e-9 	 -5.3799717827076356e-9 	 -5.311968449059226e-9 	 -6.396474072283615e-15 	 -1.6013881848691535e-14 	 -1.2486757812353427e-12 	 -1.2071597753699232e-12 	 -2.2297638438371607e-11 	 -2.2633671490591864e-11 	 8.595168186718717e-11 	 8.548643169478169e-11 	 -3.1315444611916096e-14 	 -3.1456779286553274e-14 	 
22.808284721898477 	 0.005364183577148782 	 0.005350546526673459 	 -9.144291736451508e-11 	 2.6196598310996607e-5 	 9.101608116263713e-17 	 3.1882627276470465e-14 	 5.783016008544349e-7 	 -5.041214268009426e-7 	 -6.2992807437945975e-6 	 -6.309639172425526e-6 	 1.5444777460336863e-11 	 -2.4015962526032925e-11 	 -6.9213086684081406e-9 	 -7.218535605217555e-9 	 -5.381632465597051e-9 	 -5.320423387543524e-9 	 -6.810416337260991e-15 	 -1.7047509396398977e-14 	 -1.166781230087035e-12 	 -1.1144570348025685e-12 	 -2.3330846535872703e-11 	 -2.3700929433598632e-11 	 9.184370116197435e-11 	 9.13483090938085e-11 	 -3.312630484008006e-14 	 -3.3263746530528594e-14 	 
23.21024556836616 	 0.005249651743738926 	 0.005236453354132395 	 -9.525781759980907e-11 	 2.5864216824998126e-5 	 9.355239332601016e-17 	 3.4090587614688026e-14 	 5.84743748697229e-7 	 -5.097502691993798e-7 	 -6.350955646883635e-6 	 -6.364378664018314e-6 	 1.6088576642771434e-11 	 -2.5017902490410155e-11 	 -7.275774509468863e-9 	 -7.582283047894494e-9 	 -5.361287717018995e-9 	 -5.307258477096246e-9 	 -7.250451776452245e-15 	 -1.8146155403197188e-14 	 -1.0685112300489796e-12 	 -1.0044925380180965e-12 	 -2.4390446323571657e-11 	 -2.479704909258689e-11 	 9.812652699505298e-11 	 9.759920136582767e-11 	 -3.502651531719879e-14 	 -3.515890015256628e-14 	 
23.619290354904884 	 0.00513668986812937 	 0.005123934965332 	 -9.921690965116184e-11 	 2.553864717153534e-5 	 9.590657143596946e-17 	 3.6447527624113643e-14 	 5.9117770593969e-7 	 -5.153726045882845e-7 	 -6.408241311584203e-6 	 -6.425179973792825e-6 	 1.6756671633099267e-11 	 -2.6057715808444507e-11 	 -7.635629664700052e-9 	 -7.950421678278534e-9 	 -5.318050320710499e-9 	 -5.271368453587281e-9 	 -7.718174172391353e-15 	 -1.9313787323585008e-14 	 -9.528197233579463e-13 	 -8.762762345415997e-13 	 -2.5475399865573153e-11 	 -2.592102114758498e-11 	 1.0482462041398641e-10 	 1.0426348050960461e-10 	 -3.701924507520688e-14 	 -3.714540965820891e-14 	 
24.035543925034524 	 0.0050256089164681965 	 0.0050133034760893435 	 -1.0332483439518504e-10 	 2.5220103890018542e-5 	 9.805812506950078e-17 	 3.896306653106332e-14 	 5.976014998700047e-7 	 -5.209866903451122e-7 	 -6.471872804639225e-6 	 -6.492678280775818e-6 	 1.7449842881292814e-11 	 -2.7136618575209112e-11 	 -7.998464511814653e-9 	 -8.320237626342135e-9 	 -5.251525099749718e-9 	 -5.212054852862162e-9 	 -8.215269421577119e-15 	 -2.055460707149466e-14 	 -8.188074259284917e-13 	 -7.290060839403417e-13 	 -2.6584634867149094e-11 	 -2.707177222630492e-11 	 1.1196380837614953e-10 	 1.1136688302166133e-10 	 -3.9107688736996604e-14 	 -3.922648162309475e-14 	 
24.459133322449496 	 0.004916660850377702 	 0.004904811276847628 	 -1.0758634209598581e-10 	 2.490881094448312e-5 	 9.998679151095506e-17 	 4.164739523930038e-14 	 6.040109008303285e-7 	 -5.26588895092871e-7 	 -6.5423358262484536e-6 	 -6.567046308916826e-6 	 1.816888737395658e-11 	 -2.8255859893225997e-11 	 -8.36130274294798e-9 	 -8.688390463030984e-9 	 -5.161982784687628e-9 	 -5.129178817702748e-9 	 -8.743519237280205e-15 	 -2.1873065563465705e-14 	 -6.657816272037552e-13 	 -5.621112191132259e-13 	 -2.7717092439535686e-11 	 -2.824820884074276e-11 	 1.1957134003215342e-10 	 1.1893656609090968e-10 	 -4.1295144363946124e-14 	 -4.140536046665386e-14 	 
24.89018782979343 	 0.00480997108202531 	 0.004798583254564285 	 -1.1200630177856573e-10 	 2.4605000415547946e-5 	 1.0167266228300481e-16 	 4.451130198702643e-14 	 6.103997559137428e-7 	 -5.32173857984616e-7 	 -6.619582294313171e-6 	 -6.648044232339522e-6 	 1.8914627677790066e-11 	 -2.941671341696088e-11 	 -8.720500688495149e-9 	 -9.050809842961572e-9 	 -5.050570708281249e-9 	 -5.023348276880808e-9 	 -9.304814714030932e-15 	 -2.3273868053709127e-14 	 -4.93326093933771e-13 	 -3.7535727906424675e-13 	 -2.887180274090292e-11 	 -2.944928167326981e-11 	 1.2767594341051574e-10 	 1.2700116422321102e-10 	 -4.358509469240845e-14 	 -4.368544242178556e-14 	 
25.32883900811714 	 0.004705507545584418 	 0.004694586209145093 	 -1.1658971672801264e-10 	 2.4308915638922015e-5 	 1.0309621773733675e-16 	 4.756620149177368e-14 	 6.167606900108223e-7 	 -5.37735180205816e-7 	 -6.703272020087934e-6 	 -6.735125868977834e-6 	 1.9687897789166794e-11 	 -3.062049863468574e-11 	 -9.0716409823318e-9 	 -9.402584536619838e-9 	 -4.919558689708303e-9 	 -4.896141073699215e-9 	 -9.901151460619357e-15 	 -2.4761999388856336e-14 	 -3.014095207074508e-13 	 -1.6894908847775952e-13 	 -3.0047985375223966e-11 	 -3.067407507374908e-11 	 1.3630788200007563e-10 	 1.355908465923047e-10 	 -4.59811688578571e-14 	 -4.607033641290879e-14 	 
25.775220737032132 	 0.004603079712805005 	 0.004592627785066708 	 -1.2134173101143204e-10 	 2.4020809532790077e-5 	 1.0423845018595318e-16 	 5.082415273396604e-14 	 6.230862984298347e-7 	 -5.432664301011823e-7 	 -6.7927146196702165e-6 	 -6.827411010102302e-6 	 2.0489559803873266e-11 	 -3.186856596607563e-11 	 -9.409424806440503e-9 	 -9.737867871890608e-9 	 -4.772611609220514e-9 	 -4.75036017347248e-9 	 -1.0534644928206238e-14 	 -2.6342729450843574e-14 	 -9.048459767025116e-14 	 5.633228998281554e-14 	 -3.124517098186309e-11 	 -3.1921911676545345e-11 	 1.4549901036093036e-10 	 1.4473737276173883e-10 	 -4.8487189353139717e-14 	 -4.8563839590077146e-14 	 
26.229469255571605 	 0.004502389481217814 	 0.004492407421330516 	 -1.2626762960114078e-10 	 2.3740947552095083e-5 	 1.0508108914008133e-16 	 5.429790012074016e-14 	 6.293704088364358e-7 	 -5.487622484145907e-7 	 -6.88691519420415e-6 	 -6.9237041789256715e-6 	 2.1320509088348593e-11 	 -3.3162297882838106e-11 	 -9.727594212404706e-9 	 -1.0049826907364503e-8 	 -4.615065140660781e-9 	 -4.590307776336392e-9 	 -1.120753100283942e-14 	 -2.802163524765283e-14 	 1.383641209595074e-13 	 2.989862995225519e-13 	 -3.2463355338492544e-11 	 -3.3192497563503116e-11 	 1.5528282775737915e-10 	 1.544741455695233e-10 	 -5.110728164592056e-14 	 -5.1170015341752134e-14 	 
26.69172320377162 	 0.004403104395521804 	 0.004393589544638346 	 -1.313728395695895e-10 	 2.346960554759058e-5 	 1.0560645942419318e-16 	 5.800090813935684e-14 	 6.35609063133209e-7 	 -5.542192081837373e-7 	 -6.984559837837575e-6 	 -7.022478368704451e-6 	 2.2181644258322166e-11 	 -3.450312796261221e-11 	 -1.0018911552440442e-8 	 -1.033070073318567e-8 	 -4.4541516723518595e-9 	 -4.422044342892522e-9 	 -1.192217285943216e-14 	 -2.98046169033229e-14 	 3.8330127890212263e-13 	 5.566098796697682e-13 	 -3.3703182516079515e-11 	 -3.448607626883107e-11 	 1.6569452891376042e-10 	 1.6483626261739765e-10 	 -5.3845871846311345e-14 	 -5.389330574733526e-14 	 
27.162123664985092 	 0.004304953794297584 	 0.00429589967091917 	 -1.3666290870929667e-10 	 2.3207072152924355e-5 	 1.0579791430303647e-16 	 6.194739073664141e-14 	 6.418009396203471e-7 	 -5.596361840521195e-7 	 -7.083991566705479e-6 	 -7.1218557061126795e-6 	 2.307390534577058e-11 	 -3.5892505640576974e-11 	 -1.0275300339779552e-8 	 -1.0572093547208865e-8 	 -4.299053805661447e-9 	 -4.253561410118844e-9 	 -1.2681070419869545e-14 	 -3.1697912922595684e-14 	 6.415174785948551e-13 	 8.257668386519289e-13 	 -3.496612595038518e-11 	 -3.580365549354668e-11 	 1.767710531964806e-10 	 1.7586056720916944e-10 	 -5.670791652709306e-14 	 -5.6738753439332103e-14 	 
27.640814208941478 	 0.004207804523544251 	 0.004199200123915177 	 -1.4214349680606842e-10 	 2.2953646259591637e-5 	 1.0563973604327369e-16 	 6.615235218171582e-14 	 6.47947015467108e-7 	 -5.650140305446778e-7 	 -7.183210042965586e-6 	 -7.219609399970693e-6 	 2.399823659101221e-11 	 -3.7331920450913037e-11 	 -1.048831873032806e-8 	 -1.0765917458633945e-8 	 -4.160418277786412e-9 	 -4.094686456676328e-9 	 -1.3486868770051462e-14 	 -3.370811755932214e-14 	 9.091287486392822e-13 	 1.1018739705257057e-12 	 -3.625468307711412e-11 	 -3.714719751851227e-11 	 1.8855113165792568e-10 	 1.875856960798229e-10 	 -5.969893429965067e-14 	 -5.97121588462734e-14 	 
28.12794093556528 	 0.004111702728484402 	 0.004103531855117317 	 -1.4782035462772973e-10 	 2.270963877906723e-5 	 1.0511741635135785e-16 	 7.063161587279884e-14 	 6.540494066009366e-7 	 -5.703546100490365e-7 	 -7.2798640583503026e-6 	 -7.313199464633456e-6 	 2.4955604225925888e-11 	 -3.882288311471009e-11 	 -1.0650898015798118e-8 	 -1.0908472314544397e-8 	 -4.04718337661688e-9 	 -3.9559348285517435e-9 	 -1.4342360171640602e-14 	 -3.5842205837138255e-14 	 1.1811337415722877e-12 	 1.37933341174971e-12 	 -3.757241970876464e-11 	 -3.851977747195082e-11 	 2.0107532534191883e-10 	 2.0005211827272596e-10 	 -6.282516342487819e-14 	 -6.282006290333306e-14 	 
28.623652519566928 	 0.004016859433348378 	 0.004009100139336174 	 -1.5369931855366727e-10 	 2.247537039520731e-5 	 1.0421777356816159e-16 	 7.540185532061664e-14 	 6.601097574474306e-7 	 -5.756593695648433e-7 	 -7.371303229548474e-6 	 -7.399833513330257e-6 	 2.5946984147103347e-11 	 -4.036692432803756e-11 	 -1.0762870258490325e-8 	 -1.1003810258081734e-8 	 -3.963088482614276e-9 	 -3.843973016147744e-9 	 -1.5250499078672546e-14 	 -3.810754722670578e-14 	 1.4518107334361694e-12 	 1.652325707943432e-12 	 -3.8923599224340575e-11 	 -3.992547610180858e-11 	 2.1438605473691836e-10 	 2.1330216610241744e-10 	 -6.609373320969866e-14 	 -6.606984630164066e-14 	 
29.128100255819334 	 0.003923582270040657 	 0.0039162066691206645 	 -1.597863092617934e-10 	 2.225117284996597e-5 	 1.0292915283101859e-16 	 8.048062141163872e-14 	 6.661276500937383e-7 	 -5.80927950163868e-7 	 -7.454685314420377e-6 	 -7.476729728372185e-6 	 2.6973369359896873e-11 	 -4.1965600488146374e-11 	 -1.0829943228742493e-8 	 -1.1058767526120308e-8 	 -3.909553655196688e-9 	 -3.761285990192348e-9 	 -1.6214404241454628e-14 	 -4.051193331665982e-14 	 1.7155288846571826e-12 	 1.9154624631067255e-12 	 -4.031281096458604e-11 	 -4.136893894811506e-11 	 2.2852763740792328e-10 	 2.2738007371437988e-10 	 -6.951269309621094e-14 	 -6.946976879271608e-14 	 
29.64143810553424 	 0.0038321701269499533 	 0.0038251455459947133 	 -1.6608734719521627e-10 	 2.203738751296691e-5 	 1.0124165232901863e-16 	 8.588636638932831e-14 	 6.72099558483299e-7 	 -5.861573014932101e-7 	 -7.527541053090349e-6 	 -7.5418953674549765e-6 	 2.8035767899759407e-11 	 -4.3620490111251726e-11 	 -1.0859294816496912e-8 	 -1.1080798965845837e-8 	 -3.887034498386818e-9 	 -3.70888291996431e-9 	 -1.7237374783839244e-14 	 -4.306359351616104e-14 	 1.967210151716839e-12 	 2.163958631786673e-12 	 -4.174484578136281e-11 	 -4.285509495933168e-11 	 2.435463070510354e-10 	 2.423319969134565e-10 	 -7.309095144102712e-14 	 -7.302885149365604e-14 	 
30.16382274325235 	 0.0037428032070186607 	 0.003736095566091976 	 -1.7260857353671186e-10 	 2.183436622859095e-5 	 9.914727637223649e-17 	 9.163847595002716e-14 	 6.780188565555365e-7 	 -5.913416720529917e-7 	 -7.587462454765591e-6 	 -7.5966676591383215e-6 	 2.9135207410075947e-11 	 -4.533320709812694e-11 	 -1.0858353503102059e-8 	 -1.1077273282350115e-8 	 -3.8954577505025675e-9 	 -3.687034097171447e-9 	 -1.8322894166256185e-14 	 -4.577122369096352e-14 	 2.2024158022868893e-12 	 2.39369683995936e-12 	 -4.3224609913994477e-11 	 -4.4389059807861616e-11 	 2.5949020474425657e-10 	 2.582060062749993e-10 	 -7.68383634061747e-14 	 -7.675698109556147e-14 	 
30.69541360466149 	 0.0036554633285874466 	 0.0036490518168149273 	 -1.7935627491819653e-10 	 2.1642470831449008e-5 	 9.664024425244011e-17 	 9.775729249216239e-14 	 6.838769804334114e-7 	 -5.964736246079833e-7 	 -7.640328342348083e-6 	 -7.648784021762838e-6 	 3.0272740842761724e-11 	 -4.710540078899791e-11 	 -1.0834291562133567e-8 	 -1.1055148048150023e-8 	 -3.934446326865111e-9 	 -3.6955910451820857e-9 	 -1.94746364207057e-14 	 -4.864401478437551e-14 	 2.4173621186478972e-12 	 2.6012414100186225e-12 	 -4.475708172949904e-11 	 -4.5976087871291714e-11 	 2.764094124104033e-10 	 2.75052121800751e-10 	 -8.076568172176462e-14 	 -8.066491759055013e-14 	 
31.236372935257677 	 0.0035699391415146818 	 0.003563818360310194 	 -1.8633689785094632e-10 	 2.146207219674906e-5 	 9.371718522306581e-17 	 1.0426413797354079e-13 	 6.896654145972979e-7 	 -6.015457654732888e-7 	 -7.693962997987097e-6 	 -7.706190147592117e-6 	 3.144944325332479e-11 	 -4.893876825259453e-11 	 -1.0793798221603095e-8 	 -1.1020839984776077e-8 	 -4.003437602513657e-9 	 -3.734158148715165e-9 	 -2.0696491759096167e-14 	 -5.169166314727998e-14 	 2.6089012954058517e-12 	 2.7837901104986263e-12 	 -4.6347288835686716e-11 	 -4.762153225906026e-11 	 2.943559112908193e-10 	 2.929222724262263e-10 	 -8.488452594060799e-14 	 -8.476428342243084e-14 	 
31.786865839863584 	 0.003485910341244276 	 0.0034800799525826786 	 -1.9355704472270137e-10 	 2.129355174687578e-5 	 9.03775729632149e-17 	 1.1118133197857921e-13 	 6.953778410969453e-7 	 -6.065526110695779e-7 	 -7.753017009971834e-6 	 -7.769665959841341e-6 	 3.266642213903267e-11 	 -5.0835037220796814e-11 	 -1.0742998681873252e-8 	 -1.0980200914828304e-8 	 -4.101734490100575e-9 	 -3.8021782061568505e-9 	 -2.1992558869383727e-14 	 -5.492441634766738e-14 	 2.774509754301002e-12 	 2.9391412092315136e-12 	 -4.800028509065717e-11 	 -4.9330808932675984e-11 	 3.1338355275152863e-10 	 3.1187026969537253e-10 	 -8.92073311383878e-14 	 -8.90674082909635e-14 	 
32.34706033301979 	 0.0034030575989570534 	 0.0033975182935821707 	 -2.0102345677813865e-10 	 2.113729833382993e-5 	 8.66238771346261e-17 	 1.1853222129606793e-13 	 7.010115326741126e-7 	 -6.114918072186176e-7 	 -7.818391816407483e-6 	 -7.8397179711663e-6 	 3.392480321410203e-11 	 -5.279598049889031e-11 	 -1.0687465728027574e-8 	 -1.093855522551591e-8 	 -4.22851441351744e-9 	 -3.898963595091239e-9 	 -2.336716832352685e-14 	 -5.835308906990784e-14 	 2.9122312705934553e-12 	 3.0656414484818383e-12 	 -4.972113775021971e-11 	 -5.1109381575521054e-11 	 3.3354804889436103e-10 	 3.319518013110704e-10 	 -9.37474211722346e-14 	 -9.358742771486792e-14 	 
32.91712739026405 	 0.0033211901471477327 	 0.00331594215720822 	 -2.0874297917586934e-10 	 2.099370732907476e-5 	 8.246203826477837e-17 	 1.2634121185599818e-13 	 7.065673230046339e-7 	 -6.163640972741649e-7 	 -7.8903063574714e-6 	 -7.916056063623775e-6 	 3.5225731975590794e-11 	 -5.482339323726415e-11 	 -1.0632264328532782e-8 	 -1.0900759099272905e-8 	 -4.3828148546882546e-9 	 -4.023694384720523e-9 	 -2.4824889646445453e-14 	 -6.198909809210324e-14 	 3.0206765045780202e-12 	 3.1621632864813693e-12 	 -5.151489463561418e-11 	 -5.296272682049831e-11 	 3.549068390906572e-10 	 3.5322429998370824e-10 	 -9.85189401582319e-14 	 -9.833825194558624e-14 	 
33.49724100031435 	 0.003240319352569474 	 0.0032353612662176963 	 -2.1672252675067594e-10 	 2.0863180015569783e-5 	 7.790176153285788e-17 	 1.3463378488500776e-13 	 7.120480119635782e-7 	 -6.211719273222111e-7 	 -7.968322846090137e-6 	 -7.997868782525142e-6 	 3.657036071423991e-11 	 -5.6919093090405266e-11 	 -1.0582020572678181e-8 	 -1.0871259614015388e-8 	 -4.5635117610115146e-9 	 -4.1754023751475796e-9 	 -2.637054473426093e-14 	 -6.584449238848043e-14 	 3.0989117616352295e-12 	 3.2280900603618095e-12 	 -5.3386560246847924e-11 	 -5.4896348549229345e-11 	 3.775190943755534e-10 	 3.757469503587508e-10 	 -1.0353674567231304e-13 	 -1.033343407009818e-13 	 
34.08757821817146 	 0.003160654415177383 	 0.003155982241808906 	 -2.2496906614033901e-10 	 2.074612006780064e-5 	 7.295698267103584e-17 	 1.4343649564077202e-13 	 7.174557085070674e-7 	 -6.259171376724842e-7 	 -8.051533473364206e-6 	 -8.083883347987744e-6 	 3.7959855774642557e-11 	 -5.908490643258657e-11 	 -1.0540970010255773e-8 	 -1.0854138392305502e-8 	 -4.7693022995141935e-9 	 -4.35295111998632e-9 	 -2.8009221638362713e-14 	 -6.993198565349752e-14 	 3.1464900688388485e-12 	 3.263290389153608e-12 	 -5.5341067886601825e-11 	 -5.691572764458179e-11 	 4.0144550690464455e-10 	 3.9958048001045375e-10 	 -1.0881644766617185e-13 	 -1.0859077289391686e-13 	 
34.68831921915758 	 0.0030824995375736547 	 0.0030781058372701346 	 -2.3348962216912265e-10 	 2.0642932513386072e-5 	 6.764623558729292e-17 	 1.527769735127272e-13 	 7.227893113085214e-7 	 -6.305987888714461e-7 	 -8.138584746575356e-6 	 -8.172404094497768e-6 	 3.939538696839791e-11 	 -6.13226784917906e-11 	 -1.0512995752126568e-8 	 -1.0853136949100968e-8 	 -4.998696378371222e-9 	 -4.555022937134863e-9 	 -2.974628781532847e-14 	 -7.426499136270509e-14 	 3.1634391103454328e-12 	 3.268093589608856e-12 	 -5.7383248017219756e-11 	 -5.902628107536538e-11 	 4.2674824410007396e-10 	 4.2478711655462476e-10 	 -1.143742355923886e-13 	 -1.1412330643256383e-13 	 
35.29964735390708 	 0.0030061099121880936 	 0.003001982980886522 	 -2.4229130938840415e-10 	 2.0554020656913863e-5 	 6.199319635072622e-17 	 1.6268392969686045e-13 	 7.280433370936431e-7 	 -6.352121196806374e-7 	 -8.22771631064031e-6 	 -8.261326139625171e-6 	 4.087814101774897e-11 	 -6.363427640226207e-11 	 -1.050164795290623e-8 	 -1.0871670091285873e-8 	 -5.250016358541395e-9 	 -4.780116182197281e-9 	 -3.1587405012454095e-14 	 -7.885765825744626e-14 	 3.1502178963967712e-12 	 3.2432735020513657e-12 	 -5.951780265438293e-11 	 -6.123335462417586e-11 	 4.53490718244682e-10 	 4.5143036106565385e-10 	 -1.2022705870676514e-13 	 -1.1994832626073902e-13 	 
35.92174920432655 	 0.0029315577400229813 	 0.0029276807461799045 	 -2.513813750915302e-10 	 2.0479784237954092e-5 	 5.602724014455122e-17 	 1.731871626145779e-13 	 7.332089174879507e-7 	 -6.397494299065759e-7 	 -8.316742293602437e-6 	 -8.348103786647838e-6 	 4.2409327133663984e-11 	 -6.602160291561315e-11 	 -1.0510153471194976e-8 	 -1.0912828602117584e-8 	 -5.521400663081787e-9 	 -5.026547839987445e-9 	 -3.3538543852084464e-14 	 -8.372490853638338e-14 	 3.1077041993917765e-12 	 3.190063045690355e-12 	 -6.174925715555114e-11 	 -6.354217697865898e-11 	 4.817373883365408e-10 	 4.795747932725978e-10 	 -1.2639246335384332e-13 	 -1.2608274834711065e-13 	 
36.554814640540975 	 0.00285869381042515 	 0.0028550440513281385 	 -2.607672295811844e-10 	 2.042061625789093e-5 	 4.9784068064614096e-17 	 1.8431753366725733e-13 	 7.382766043841869e-7 	 -6.44202512619017e-7 	 -8.403068504747794e-6 	 -8.429850149452298e-6 	 4.399017937707576e-11 	 -6.848660174879679e-11 	 -1.0541421091402187e-8 	 -1.0979391627849402e-8 	 -5.810806437841988e-9 	 -5.2924571290972175e-9 	 -3.5605997589227385e-14 	 -8.888247903811625e-14 	 3.0372113044411724e-12 	 3.110106251512088e-12 	 -6.40819356924258e-11 	 -6.595781739230742e-11 	 5.115535835710862e-10 	 5.09285898482724e-10 	 -1.32888572575387e-13 	 -1.3254387864117842e-13 	 
37.19903687884344 	 0.0027872157909600045 	 0.002783764103469262 	 -2.7045644465272306e-10 	 2.0376900031579358e-5 	 4.330633203598695e-17 	 1.961069543763935e-13 	 7.432397792291211e-7 	 -6.485656265966414e-7 	 -8.483732293959399e-6 	 -8.503449188816754e-6 	 4.56219604580391e-11 	 -7.103126112401606e-11 	 -1.059805845170177e-8 	 -1.1073838162894574e-8 	 -6.1160035074383e-9 	 -5.575805406417073e-9 	 -3.779640463393269e-14 	 -9.434694905226131e-14 	 2.940429745884746e-12 	 3.0054965027116993e-12 	 -6.651990835747269e-11 	 -6.848516677378702e-11 	 5.430051193447872e-10 	 5.406296867684605e-10 	 -1.3973411663817756e-13 	 -1.3934942721099511e-13 	 
37.85461254066628 	 0.0027168310672456546 	 0.002713541975321107 	 -2.804567114736482e-10 	 2.0349004990604577e-5 	 3.66444064012319e-17 	 2.0858835521767108e-13 	 7.480966982266767e-7 	 -6.528372661825253e-7 	 -8.555686079474018e-6 	 -8.56600502240237e-6 	 4.7305950939054914e-11 	 -7.365759786019237e-11 	 -1.0682389261454405e-8 	 -1.1198375952582407e-8 	 -6.434562286673378e-9 	 -5.8743680549336675e-9 	 -4.0116756785549735e-14 	 -1.001357693750499e-13 	 2.819449024797589e-12 	 2.878699780010597e-12 	 -6.906698356199453e-11 	 -7.112888878279314e-11 	 5.761580530157644e-10 	 5.736724530207928e-10 	 -1.469482673620268e-13 	 -1.4651752725784787e-13 	 
38.5217417125914 	 0.0026474119802806888 	 0.002644244703760893 	 -2.907757795057328e-10 	 2.0337282374137665e-5 	 2.985700751583894e-17 	 2.2179563958935239e-13 	 7.528499485636366e-7 	 -6.570196964877595e-7 	 -8.616405830339772e-6 	 -8.615090295329134e-6 	 4.904343927504759e-11 	 -7.636764679413962e-11 	 -1.0796478628658567e-8 	 -1.1354957833861806e-8 	 -6.763836789897075e-9 	 -6.185719915603473e-9 	 -4.2574424115199725e-14 	 -1.0626729360068134e-13 	 2.676749726621946e-12 	 2.732597080119146e-12 	 -7.172664378503254e-11 	 -7.389337372396674e-11 	 6.110783058779244e-10 	 6.084804034982053e-10 	 -1.5455074997697618e-13 	 -1.5406683180343061e-13 	 
39.20062800741813 	 0.0025790536559660814 	 0.0025759810273276026 	 -3.014214019623549e-10 	 2.0342059700270016e-5 	 2.3012159817847083e-17 	 2.3576363599648143e-13 	 7.575032149071962e-7 	 -6.61116124994804e-7 	 -8.664491762504497e-6 	 -8.666047523952704e-6 	 5.083571617596663e-11 	 -7.916344120812124e-11 	 -1.0942154601303164e-8 	 -1.1545299445170186e-8 	 -7.100948837682951e-9 	 -6.5072178657476154e-9 	 -4.51771702327198e-14 	 -1.127608316568491e-13 	 2.515206030019165e-12 	 2.5704692199596783e-12 	 -7.450200427324302e-11 	 -7.678268782598792e-11 	 6.478311901563068e-10 	 6.451191867532713e-10 	 -1.6256186973683496e-13 	 -1.6201637734119157e-13 	 
39.89147862630742 	 0.0025120144366484673 	 0.0025090245608901667 	 -3.1240132953461853e-10 	 2.036363523234182e-5 	 1.6188081453709013e-17 	 2.5052806652904287e-13 	 7.620571950134742e-7 	 -6.651271693871751e-7 	 -8.715252911835198e-6 	 -8.719141574480316e-6 	 5.268406986616925e-11 	 -8.20470140371618e-11 	 -1.112101635476385e-8 	 -1.1770877701784046e-8 	 -7.442780513614212e-9 	 -6.835988296959956e-9 	 -4.793317271588653e-14 	 -1.1963670138932594e-13 	 2.3380920318830322e-12 	 2.396011810493237e-12 	 -7.739575544349972e-11 	 -7.98005297473549e-11 	 6.864809482058916e-10 	 6.836534360153788e-10 	 -1.7100210278622012e-13 	 -1.7038538049415259e-13 	 
40.594504422021174 	 0.002446557290677153 	 0.0024436425083881152 	 -3.2372335434454017e-10 	 2.040227186854986e-5 	 9.474185178104713e-18 	 2.6612544230442927e-13 	 7.665070444281274e-7 	 -6.690486211957713e-7 	 -8.76926909329254e-6 	 -8.778294472251857e-6 	 5.458979238458645e-11 	 -8.502041106156027e-11 	 -1.1334433497993733e-8 	 -1.2032913276117188e-8 	 -7.785980187448786e-9 	 -7.168924125593706e-9 	 -5.085104454844851e-14 	 -1.2691628167779564e-13 	 2.1490237800623375e-12 	 2.213332839625518e-12 	 -8.041012372964796e-11 	 -8.295019662354621e-11 	 7.270902607695095e-10 	 7.241462811950812e-10 	 -1.7989232447625486e-13 	 -1.7919321085921382e-13 	 
41.30991996327603 	 0.0023827541620924236 	 0.0023799093083095328 	 -3.3539537956117716e-10 	 2.045819048185838e-5 	 2.9723261182555884e-18 	 2.825929677139732e-13 	 7.708433896462708e-7 	 -6.728723399762227e-7 	 -8.829377840716622e-6 	 -8.843387731646143e-6 	 5.6554196830960686e-11 	 -8.808570264228245e-11 	 -1.1583523781241228e-8 	 -1.2332344918995501e-8 	 -8.126981213074153e-9 	 -7.502691648278185e-9 	 -5.3939854512549256e-14 	 -1.3462206951297515e-13 	 1.9520083417288172e-12 	 2.026898273007906e-12 	 -8.354684160558858e-11 	 -8.623452474430081e-11 	 7.697196034736609e-10 	 7.666587079691826e-10 	 -1.8925392571374375e-13 	 -1.8845948264733683e-13 	 
42.03794360023143 	 0.0023204352851752675 	 0.0023176538382907222 	 -3.4742547058472906e-10 	 2.053156325233739e-5 	 -3.2021617267167565e-18 	 2.9996848423539213e-13 	 7.750564260821148e-7 	 -6.765898089355241e-7 	 -8.895353320162656e-6 	 -8.9134673849475e-6 	 5.85786199835335e-11 	 -9.124500692717415e-11 	 -1.1869128931246602e-8 	 -1.2669786031618006e-8 	 -8.462032024047835e-9 	 -7.833749215110843e-9 	 -5.72091502454995e-14 	 -1.427777365207931e-13 	 1.7513970958827028e-12 	 1.8415848900961087e-12 	 -8.680707457527902e-11 	 -8.96558383518128e-11 	 8.144265908896048e-10 	 8.112489044510905e-10 	 -1.9910849396646758e-13 	 -1.9820365891769286e-13 	 
42.778797531131644 	 0.002259286063902145 	 0.0022565588232310876 	 -3.598218363451179e-10 	 2.0622505489582047e-5 	 -8.918945917862616e-18 	 3.182903208053764e-13 	 7.791407597443704e-7 	 -6.801963501720889e-7 	 -8.966207166820533e-6 	 -8.986964258269247e-6 	 6.066442372761468e-11 	 -9.450047354050538e-11 	 -1.2191778216675648e-8 	 -1.3045488421465405e-8 	 -8.787235893994772e-9 	 -8.158374882759253e-9 	 -6.06689814739311e-14 	 -1.514081892323484e-13 	 1.551904680440721e-12 	 1.6626033276048789e-12 	 -9.01914059226401e-11 	 -9.3215891763423e-11 	 8.612652581296269e-10 	 8.579715434862885e-10 	 -2.0947765326507218e-13 	 -2.0844528987971968e-13 	 
43.532707870122366 	 0.002199068560654756 	 0.0021963826344064165 	 -3.725927465974116e-10 	 2.0731067844104814e-5 	 -1.4031421452518633e-17 	 3.3759721369428467e-13 	 7.830973192998238e-7 	 -6.836927762133687e-7 	 -9.04037516216889e-6 	 -9.061810163644491e-6 	 6.28129774963305e-11 	 -9.785427262681747e-11 	 -1.2551652957126498e-8 	 -1.3459298790880383e-8 	 -9.098599877780796e-9 	 -8.472701173006809e-9 	 -6.432992366375808e-14 	 -1.6053963145207482e-13 	 1.3585975897949552e-12 	 1.4954536829820828e-12 	 -9.369981807983027e-11 	 -9.691583105577837e-11 	 9.102852749411775e-10 	 9.068769981097628e-10 	 -2.2038304543871212e-13 	 -2.1920411214256414e-13 	 
44.29990471626244 	 0.0021397804077946995 	 0.0021371183275865095 	 -3.8574643018001224e-10 	 2.085722627833941e-5 	 -1.837506628410878e-17 	 3.5792813610433225e-13 	 7.869307906442701e-7 	 -6.87083166842948e-7 	 -9.115811393113785e-6 	 -9.13545989267453e-6 	 6.50256430347389e-11 	 -1.013085614063139e-10 	 -1.2948549315896472e-8 	 -1.391060495369246e-8 	 -9.39209757258408e-9 	 -8.772760659800933e-9 	 -6.820310344188948e-14 	 -1.7019962962912963e-13 	 1.1768045379639302e-12 	 1.3459300381270133e-12 	 -9.733164412523127e-11 	 -1.0075617277991892e-10 	 9.6153110810292e-10 	 9.580105020299133e-10 	 -2.318465204480677e-13 	 -2.3049978562009545e-13 	 
45.08062222375173 	 0.002081658622483236 	 0.0020789975125007263 	 -3.9929103046698374e-10 	 2.1000873374422122e-5 	 -2.1765766305287984e-17 	 3.7932218317957174e-13 	 7.906438681519954e-7 	 -6.903698621539518e-7 	 -9.189998229358409e-6 	 -9.204926417115598e-6 	 6.730376572344682e-11 	 -1.0486547408740256e-10 	 -1.3381823916355846e-8 	 -1.4398272569025086e-8 	 -9.663757046614265e-9 	 -9.05454756696348e-9 	 -7.230022607465009e-14 	 -1.8041718045503598e-13 	 1.0120868007383311e-12 	 1.2200006786958176e-12 	 -1.0108558972100844e-10 	 -1.0473678583790301e-10 	 1.015041111806211e-9 	 1.0114112358988076e-9 	 -2.438901837240744e-13 	 -2.423518826778063e-13 	 
45.87509867339686 	 0.002024979925006133 	 0.002022290858666263 	 -4.132346564642868e-10 	 2.11618072657126e-5 	 -2.3997943405557265e-17 	 4.0181844609669313e-13 	 7.94232816820079e-7 	 -6.935496169403487e-7 	 -9.25996378889786e-6 	 -9.266939214838214e-6 	 6.964868498263903e-11 	 -1.0852713493751732e-10 	 -1.3850329113524083e-8 	 -1.4920546708756138e-8 	 -9.909787392765095e-9 	 -9.314103488195542e-9 	 -7.663360515098993e-14 	 -1.912227799698225e-13 	 8.701612035206898e-13 	 1.1237247491986624e-12 	 -1.0495974807913685e-10 	 -1.088568737727701e-10 	 1.0708465715363142e-9 	 1.0671113645419583e-9 	 -2.565358850372164e-13 	 -2.547796330742356e-13 	 
46.68357654533621 	 0.0019698389571050764 	 0.0019670869623816356 	 -4.27585493929578e-10 	 2.1339722698343495e-5 	 -2.48451412438446e-17 	 4.254558210116567e-13 	 7.976879664597487e-7 	 -6.966140307648449e-7 	 -9.32244676363012e-6 	 -9.318419155096077e-6 	 7.206175004954214e-11 	 -1.122956899194622e-10 	 -1.4352314583283075e-8 	 -1.5474926424835467e-8 	 -1.0126755271180705e-8 	 -9.547639253995986e-9 	 -8.121618684489552e-14 	 -2.0264850175771002e-13 	 7.568728968839577e-13 	 1.0631165456557137e-12 	 -1.0895163853498526e-10 	 -1.1311496446151503e-10 	 1.1289707138471072e-9 	 1.1251350364515014e-9 	 -2.698053851770895e-13 	 -2.678019953351714e-13 	 
47.50630259304667 	 0.0019160510294198053 	 0.0019131978434891593 	 -4.423518807157014e-10 	 2.1534199990100778e-5 	 -2.4101829949939574e-17 	 4.5027288118417185e-13 	 8.009994532970215e-7 	 -6.995545347205774e-7 	 -9.37448625212569e-6 	 -9.358627580005907e-6 	 7.454433430379996e-11 	 -1.1617332411970374e-10 	 -1.4885308726879591e-8 	 -1.605799626426837e-8 	 -1.0311821547288704e-8 	 -9.751702680522e-9 	 -8.60615838029343e-14 	 -2.147280688800417e-13 	 6.780198786041376e-13 	 1.0440430472292893e-12 	 -1.1305826147601527e-10 	 -1.1750896793030312e-10 	 1.1894276957316697e-9 	 1.185497359477662e-9 	 -2.837203655967039e-13 	 -2.8143771053752637e-13 	 
48.34352791865465 	 0.0018632983394650032 	 0.0018603154960010041 	 -4.5754226395033925e-10 	 2.174469665469182e-5 	 -2.1640509207050496e-17 	 4.763076840675978e-13 	 8.041635049394712e-7 	 -7.023678535324084e-7 	 -9.414493316990414e-6 	 -9.398419656983775e-6 	 7.709783040008583e-11 	 -1.201622487406879e-10 	 -1.5445965879191635e-8 	 -1.6665244091884072e-8 	 -1.046303860366498e-8 	 -9.923400049737603e-9 	 -9.11841064719873e-14 	 -2.274969325610599e-13 	 6.39202334052336e-13 	 1.0719301967396993e-12 	 -1.1727626145228363e-10 	 -1.2203624831970187e-10 	 1.2522215923890398e-9 	 1.2482033684229564e-9 	 -2.983024151577799e-13 	 -2.957055068245108e-13 	 
49.195508049574364 	 0.001811387532875132 	 0.001808264869598191 	 -4.73165057490702e-10 	 2.1970535442397063e-5 	 -1.7410263766092452e-17 	 5.03597683236879e-13 	 8.071837470115551e-7 	 -7.050571377683964e-7 	 -9.455101858286911e-6 	 -9.442801716908983e-6 	 7.972362075149526e-11 	 -1.2426466823023587e-10 	 -1.6029886078796115e-8 	 -1.72908636062903e-8 	 -1.0579704302678225e-8 	 -1.0060674886558698e-8 	 -9.659879251688963e-14 	 -2.409923573448089e-13 	 6.45635718355e-13 	 1.1514843733832954e-12 	 -1.2160210811294616e-10 	 -1.2669375069953505e-10 	 1.3173454115559375e-9 	 1.3132470116030517e-9 	 -3.135730072306375e-13 	 -3.106240735916832e-13 	 
50.06250301649657 	 0.0017604246658125447 	 0.0017571571993983083 	 -4.892285087817888e-10 	 2.2210898450964616e-5 	 -1.1425773409024343e-17 	 5.321796268791689e-13 	 8.100656680733003e-7 	 -7.076271495318853e-7 	 -9.499681612822655e-6 	 -9.492778645153988e-6 	 8.242305971338101e-11 	 -1.2848274139291157e-10 	 -1.663142726406721e-8 	 -1.792754485385034e-8 	 -1.0662779533137132e-8 	 -1.01626443097614e-8 	 -1.0232144593430764e-13 	 -2.5525350312902953e-13 	 7.018320543677969e-13 	 1.2863752690959955e-12 	 -1.2603234450879286e-10 	 -1.3147819737925526e-10 	 1.3847801719237667e-9 	 1.3806101938709005e-9 	 -3.295536922222472e-13 	 -3.26212073119475e-13 	 
50.94477743275206 	 0.0017106809726341612 	 0.0017072654321083516 	 -5.057407045748249e-10 	 2.2464816844051594e-5 	 -3.757290939525023e-18 	 5.620894379688697e-13 	 8.128089918118117e-7 	 -7.100776430620554e-7 	 -9.549878248294974e-6 	 -9.547460516810524e-6 	 8.519747194378667e-11 	 -1.328185850522791e-10 	 -1.724349558122572e-8 	 -1.8566245458806868e-8 	 -1.0715391855148923e-8 	 -1.0229997638039585e-8 	 -1.0836866889976342e-13 	 -2.7032151970353454e-13 	 8.113213150486962e-13 	 1.478753806364784e-12 	 -1.3056393420952391e-10 	 -1.3638633714386388e-10 	 1.4544940960433402e-9 	 1.4502619234489519e-9 	 -3.4626586478940216e-13 	 -3.4248832707823866e-13 	 
51.8426005750735 	 0.0016623151901695864 	 0.0016587469422407592 	 -5.227097153157526e-10 	 2.2731168703705553e-5 	 5.47873844583348e-18 	 5.933622825903949e-13 	 8.154053635216084e-7 	 -7.124013540361664e-7 	 -9.60492711007914e-6 	 -9.605137747471919e-6 	 8.8048176801027e-11 	 -1.372743116125509e-10 	 -1.78573205668885e-8 	 -1.9195882089016903e-8 	 -1.0743477901222582e-8 	 -1.0265474137346568e-8 	 -1.147579002497821e-13 	 -2.862396397576878e-13 	 9.762160478387776e-13 	 1.728752118785627e-12 	 -1.3519471040027453e-10 	 -1.4141529017376154e-10 	 1.5264419773666882e-9 	 1.5221576201098938e-9 	 -3.6373136974490586e-13 	 -3.594725044479903e-13 	 
52.75624646578071 	 0.0016151960601262236 	 0.0016114678296107092 	 -5.40143734108805e-10 	 2.3008674379429294e-5 	 1.612847716886878e-17 	 6.26032543923929e-13 	 8.178442924492885e-7 	 -7.145891678933653e-7 	 -9.663231756812845e-6 	 -9.663493033725224e-6 	 9.097651401145743e-11 	 -1.4185206369234618e-10 	 -1.8462165790756114e-8 	 -1.980293943836155e-8 	 -1.0756598510654192e-8 	 -1.0274464279977507e-8 	 -1.21507454733755e-13 	 -3.0305327463665756e-13 	 1.1967235583415995e-12 	 2.033812152510336e-12 	 -1.3992393654367295e-10 	 -1.465630180967906e-10 	 1.600564798314607e-9 	 1.5962386609189483e-9 	 -3.8197273373401954e-13 	 -3.7718498705023803e-13 	 
53.68599395641439 	 0.0015690265802252791 	 0.001565127510703251 	 -5.580510452263068e-10 	 2.3295901277893185e-5 	 2.800884432655906e-17 	 6.601340440879255e-13 	 8.201218836729035e-7 	 -7.166376981081336e-7 	 -9.722617760620485e-6 	 -9.719692776137529e-6 	 9.398383508087291e-11 	 -1.4655400827274778e-10 	 -1.904495555277343e-8 	 -2.0371123583566648e-8 	 -1.0768846458982153e-8 	 -1.0265770378349292e-8 	 -1.2863656525189e-13 	 -3.2081011186247603e-13 	 1.4705499332999129e-12 	 2.38790779217942e-12 	 -1.4475303323249075e-10 	 -1.518289057977127e-10 	 1.6767896942137979e-9 	 1.6724322528416918e-9 	 -4.0101380952487873e-13 	 -3.956476321362375e-13 	 
54.63212681284355 	 0.0015236524064175026 	 0.001519567216281527 	 -5.764398188370937e-10 	 2.3591268247832887e-5 	 4.0915342882735474e-17 	 6.957003350813858e-13 	 8.22242969964511e-7 	 -7.185511328750104e-7 	 -9.780383355431319e-6 	 -9.77043516888026e-6 	 9.707147105857754e-11 	 -1.51382281948399e-10 	 -1.9589910173673114e-8 	 -2.0881650057479e-8 	 -1.0799370467664772e-8 	 -1.0252481399825441e-8 	 -1.36165418394793e-13 	 -3.3956022592125544e-13 	 1.7921235163429782e-12 	 2.780609178498934e-12 	 -1.496864775138052e-10 	 -1.5721453914133907e-10 	 1.7550303786420975e-9 	 1.750651746971046e-9 	 -4.2088034606916954e-13 	 -4.1488416409123193e-13 	 
55.59493380187314 	 0.001479216400841435 	 0.0014749249402629912 	 -5.953179331076454e-10 	 2.38930619503284e-5 	 5.4629484351390805e-17 	 7.327651366464737e-13 	 8.242136518252687e-7 	 -7.203347541864544e-7 	 -9.833356458092109e-6 	 -9.812307312386505e-6 	 1.0024070126205953e-10 	 -1.5633894256034657e-10 	 -2.0078655901287323e-8 	 -2.1316758047589276e-8 	 -1.0870297882441281e-8 	 -1.0252600475217637e-8 	 -1.4411520326381706e-13 	 -3.5935618389944245e-13 	 2.151715423083133e-12 	 3.1964603948614298e-12 	 -1.54732604170999e-10 	 -1.6272466536442016e-10 	 1.8351881684434623e-9 	 1.8307975350909216e-9 	 -4.416001864474078e-13 	 -4.349219986250622e-13 	 
56.5747087793777 	 0.0014359847745734403 	 0.0014314660058520577 	 -6.146930225949086e-10 	 2.4199456561146284e-5 	 6.892585373551205e-17 	 7.713630513433173e-13 	 8.260319356433537e-7 	 -7.219868147308601e-7 	 -9.878131743918891e-6 	 -9.845985818964184e-6 	 1.0349276077000847e-10 	 -1.6142598527145153e-10 	 -2.0492664218195097e-8 	 -2.1675636403409352e-8 	 -1.0993711869256995e-8 	 -1.0287871242738698e-8 	 -1.5250815782615893e-13 	 -3.8025316124701815e-13 	 2.5348077584153196e-12 	 3.6166090128430385e-12 	 -1.5990315605968434e-10 	 -1.6836811513770984e-10 	 1.917153705808115e-9 	 1.912758663233502e-9 	 -4.632046804470045e-13 	 -4.557928275029532e-13 	 
57.57175077998846 	 0.0013940131235648117 	 0.0013892436979470748 	 -6.345727078621067e-10 	 2.4508545385826002e-5 	 8.357905537408227e-17 	 8.115305018360781e-13 	 8.276877048934236e-7 	 -7.234985196898762e-7 	 -9.913219778004086e-6 	 -9.868715787503624e-6 	 1.0682888141150334e-10 	 -1.666453985124051e-10 	 -2.0827181964596875e-8 	 -2.1974077786705984e-8 	 -1.1168826699783196e-8 	 -1.0372999510943541e-8 	 -1.6136761464980842e-13 	 -4.023090629041882e-13 	 2.923008741367302e-12 	 4.0236079247646636e-12 	 -1.6521075325487004e-10 	 -1.7415779431577897e-10 	 2.0008093591623724e-9 	 1.9964152985231585e-9 	 -4.857296040331927e-13 	 -4.77532371894425e-13 	 
58.58636410836086 	 0.001353051377742786 	 0.001348027692135684 	 -6.549647164554281e-10 	 2.4818376783546768e-5 	 9.837007711333347e-17 	 8.533067764261009e-13 	 8.291728929582257e-7 	 -7.248628556064913e-7 	 -9.938368835886607e-6 	 -9.898512650880611e-6 	 1.1025030914989473e-10 	 -1.7199919982878975e-10 	 -2.109648718298829e-8 	 -2.223000182959436e-8 	 -1.1391511947184971e-8 	 -1.0508860320413527e-8 	 -1.7071805157719663e-13 	 -4.2558464507322447e-13 	 3.2985907141031003e-12 	 4.403549392207435e-12 	 -1.7066749233047134e-10 	 -1.8010819249211004e-10 	 2.086031964459115e-9 	 2.08164173181812e-9 	 -5.092156504998733e-13 	 -5.00180099260337e-13 	 
59.618858432050686 	 0.0013128281104061775 	 0.001307560872053561 	 -6.758767021240376e-10 	 2.5126987940220666e-5 	 1.1309309247533973e-16 	 8.967351995757206e-13 	 8.30489888033255e-7 	 -7.26081880436933e-7 	 -9.967831317303148e-6 	 -9.933445515026622e-6 	 1.1375827614246283e-10 	 -1.7748938561745274e-10 	 -2.1318401124989857e-8 	 -2.2460086639543473e-8 	 -1.1656654823941941e-8 	 -1.0692101387176495e-8 	 -1.8058514237612153e-13 	 -4.5014364176525315e-13 	 3.647133482510179e-12 	 4.746293637590183e-12 	 -1.762845437992155e-10 	 -1.8623359666966257e-10 	 2.1726955954202306e-9 	 2.16830940209235e-9 	 -5.337083528479376e-13 	 -5.237790436307104e-13 	 
60.66954887602675 	 0.0012733848723637097 	 0.0012678866260555967 	 -6.973159366412144e-10 	 2.5432321447698154e-5 	 1.2756213006846744e-16 	 9.418642065497298e-13 	 8.316468822864334e-7 	 -7.271626788836189e-7 	 -1.0002512428750697e-5 	 -9.972368533777963e-6 	 1.1735394696852937e-10 	 -1.831178512360998e-10 	 -2.1509768227814382e-8 	 -2.2679209690186796e-8 	 -1.1958647506768016e-8 	 -1.0918189679523304e-8 	 -1.9099581132082415e-13 	 -4.760528995604034e-13 	 3.957859433527153e-12 	 5.045203169908909e-12 	 -1.820719969450686e-10 	 -1.9254756279191043e-10 	 2.2606741200380656e-9 	 2.2562895528700786e-9 	 -5.592574522633788e-13 	 -5.483751594779034e-13 	 
61.738756118849636 	 0.0012349683478553467 	 0.0012292503945431417 	 -7.192892645049285e-10 	 2.5732838986839932e-5 	 1.416177878623427e-16 	 9.887482491487758e-13 	 8.326452519160846e-7 	 -7.2810641793084e-7 	 -1.0041658964081045e-5 	 -1.0013235602944176e-5 	 1.210384113733083e-10 	 -1.8888637891082576e-10 	 -2.1685668391728114e-8 	 -2.2900523501876095e-8 	 -1.2291418181433625e-8 	 -1.1182035933128278e-8 	 -2.0197828764776817e-13 	 -5.0338251981378e-13 	 4.2234556719880825e-12 	 5.296948266328429e-12 	 -1.8803868441013315e-10 	 -1.9906270473239817e-10 	 2.3498434833749767e-9 	 2.3454555511453467e-9 	 -5.859164248270896e-13 	 -5.740164699979399e-13 	 
62.826806490544975 	 0.0011976873125209774 	 0.001191758769050976 	 -7.418033791535221e-10 	 2.6026344857518062e-5 	 1.5513382592945477e-16 	 1.0374485805953485e-12 	 8.334761183617258e-7 	 -7.289053709048861e-7 	 -1.0083537969946837e-5 	 -1.0053385682181308e-5 	 1.2481273062481332e-10 	 -1.9479671028964876e-10 	 -2.1859447583557503e-8 	 -2.3135538449556875e-8 	 -1.2648447994992258e-8 	 -1.1478065906787492e-8 	 -2.1356216501504683e-13 	 -5.322060053308934e-13 	 4.4398218336258614e-12 	 5.5012560084445964e-12 	 -1.9419204182492488e-10 	 -2.057905158022754e-10 	 2.440083691441457e-9 	 2.4356848954488476e-9 	 -6.137415573526437e-13 	 -6.007526018601849e-13 	 
63.93403207220191 	 0.001161319017340435 	 0.0011551849950070996 	 -7.648650257211274e-10 	 2.6311262900113337e-5 	 1.6802424659854048e-16 	 1.088033929922982e-12 	 8.341317532128877e-7 	 -7.29552811235556e-7 	 -1.0125763246552652e-5 	 -1.0089613358988568e-5 	 1.286779726337976e-10 	 -2.0085059899617662e-10 	 -2.204281901299026e-8 	 -2.3394103897955702e-8 	 -1.3022868478133556e-8 	 -1.180023153847665e-8 	 -2.2577845936498939e-13 	 -5.62600373722096e-13 	 4.60583511853466e-12 	 5.660687307667224e-12 	 -2.005379814636559e-10 	 -2.1274120352018557e-10 	 2.531280601947452e-9 	 2.5268610278684262e-9 	 -6.427910276054714e-13 	 -6.286343535654446e-13 	 
65.0607707973267 	 0.0011256389574246593 	 0.001119299609711054 	 -7.884807538499944e-10 	 2.658604688554562e-5 	 1.8025063827323177e-16 	 1.1405810786184994e-12 	 8.3461661640304e-7 	 -7.300525792259274e-7 	 -1.0165392880940875e-5 	 -1.0118352189505097e-5 	 1.3263516865117206e-10 	 -2.0704974642971603e-10 	 -2.2245865850039133e-8 	 -2.368439279484901e-8 	 -1.3407571864868203e-8 	 -1.214209087681011e-8 	 -2.3865967335627406e-13 	 -5.946462168913718e-13 	 4.723163786377162e-12 	 5.78038653712498e-12 	 -2.0708077253216466e-10 	 -2.1992350495452727e-10 	 2.6233273630531295e-9 	 2.618874792625347e-9 	 -6.731250193201487e-13 	 -6.577124964577818e-13 	 
66.20736655498246 	 0.0010907143884367298 	 0.0010841658090088482 	 -8.126565101322612e-10 	 2.6848995439072674e-5 	 1.918299160203113e-16 	 1.1951752961576857e-12 	 8.34940595782478e-7 	 -7.304132099164596e-7 	 -1.0199019321959167e-5 	 -1.0137248694534746e-5 	 1.3668524517480765e-10 	 -2.1339569415036033e-10 	 -2.247703848680005e-8 	 -2.4012961485555763e-8 	 -1.3795274355467829e-8 	 -1.2496908829561643e-8 	 -2.5223985917305783e-13 	 -6.284278476837151e-13 	 4.795962086485911e-12 	 5.867774233453068e-12 	 -2.1382299607928683e-10 	 -2.2734458846455748e-10 	 2.7161257516991627e-9 	 2.7116257932819575e-9 	 -7.048049513676089e-13 	 -6.880377224707815e-13 	 
67.37416929474684 	 0.0010567978187007519 	 0.0010500353643717983 	 -8.373976266639948e-10 	 2.7098968401940124e-5 	 2.0284244793426372e-16 	 1.251910721638076e-12 	 8.351043206728262e-7 	 -7.306352052562492e-7 	 -1.022325829024235e-5 	 -1.014781258442923e-5 	 1.4082902130486027e-10 	 -2.1988982088874728e-10 	 -2.274321074089358e-8 	 -2.4384818092392585e-8 	 -1.4178569836503687e-8 	 -1.2857718653355067e-8 	 -2.665546929459943e-13 	 -6.640334864309102e-13 	 4.830638857855592e-12 	 5.932291643887528e-12 	 -2.207654707327409e-10 	 -2.350099195189951e-10 	 2.809587134299697e-9 	 2.8050233717452727e-9 	 -7.378926145533448e-13 	 -7.19660624301884e-13 	 
68.5615351335191 	 0.001023861362597304 	 0.0010168930287185244 	 -8.627092147996446e-10 	 2.7334717241949575e-5 	 2.1344053848986343e-16 	 1.3108906601817644e-12 	 8.350990540417976e-7 	 -7.307109512411126e-7 	 -1.023722255533993e-5 	 -1.016232555580369e-5 	 1.4506727498136988e-10 	 -2.2653344617562288e-10 	 -2.304975998588279e-8 	 -2.480342014241307e-8 	 -1.4550045981184782e-8 	 -1.3217367394588675e-8 	 -2.8164154210762843e-13 	 -7.015554538831465e-13 	 4.835600882089354e-12 	 5.985173517120087e-12 	 -2.2790719333916705e-10 	 -2.4292317692081425e-10 	 2.9036333358047374e-9 	 2.8989874964335895e-9 	 -7.72450036275391e-13 	 -7.526304234929855e-13 	 
69.76982646420971 	 0.000991632997916361 	 0.0009844794760794115 	 -8.885962191752978e-10 	 2.755469029380606e-5 	 2.238576020764853e-16 	 1.3722277904152598e-12 	 8.349237765020349e-7 	 -7.306395211775167e-7 	 -1.025131248747034e-5 	 -1.0181540328004818e-5 	 1.49400752964999e-10 	 -2.3332784397856427e-10 	 -2.3400593551914467e-8 	 -2.5270593663937727e-8 	 -1.4902495502332584e-8 	 -1.3568603906449498e-8 	 -2.975395445342595e-13 	 -7.410903636125382e-13 	 4.821040309236104e-12 	 6.03906523390462e-12 	 -2.3524539119348987e-10 	 -2.5108617035078637e-10 	 2.998197126867638e-9 	 2.99344926964996e-9 	 -8.085386809475209e-13 	 -7.869948642679272e-13 	 
70.99941206634539 	 0.0009599979524476248 	 0.0009526824499003142 	 -9.15062903388057e-10 	 2.7759504794777603e-5 	 2.3441780724443216e-16 	 1.4360442925166483e-12 	 8.345901802981828e-7 	 -7.304309903780549e-7 	 -1.0270049415893793e-5 	 -1.0204081430021093e-5 	 1.5383008280891994e-10 	 -2.402741077123565e-10 	 -2.379811568569508e-8 	 -2.5786409738583082e-8 	 -1.522919702044907e-8 	 -1.3904238276983367e-8 	 -3.142896823450242e-13 	 -7.827393268936933e-13 	 4.798564846923909e-12 	 6.107654195753853e-12 	 -2.427755880852325e-10 	 -2.594988164814177e-10 	 3.093222704586514e-9 	 3.088351428711368e-9 	 -8.46219782184586e-13 	 -8.227997255482212e-13 	 
72.25066721862329 	 0.0009291811618280005 	 0.0009217263650400684 	 -9.421124729344782e-10 	 2.7946926103261376e-5 	 2.4554645357493354e-16 	 1.5024718831029482e-12 	 8.341070724063971e-7 	 -7.300929190496691e-7 	 -1.0293047925186534e-5 	 -1.0227593840308113e-5 	 1.5835570852326958e-10 	 -2.473730518800345e-10 	 -2.424314938004685e-8 	 -2.6349054161756106e-8 	 -1.5524255383623196e-8 	 -1.4217362540045272e-8 	 -3.319348690757944e-13 	 -8.266081709975885e-13 	 4.780922890383687e-12 	 6.205149082678637e-12 	 -2.504917904561546e-10 	 -2.6815917043562175e-10 	 3.1886658857427367e-9 	 3.1836485622090392e-9 	 -8.855535559253267e-13 	 -8.60089425890757e-13 	 
73.52397381344888 	 0.000899299425755642 	 0.0008917229986557316 	 -9.697474292868862e-10 	 2.8117176260016987e-5 	 2.5778111986631896e-16 	 1.5716518036882728e-12 	 8.334693037107216e-7 	 -7.296207751927025e-7 	 -1.0318467686635566e-5 	 -1.024913245893247e-5 	 1.6297795077028543e-10 	 -2.5462530412542013e-10 	 -2.4734832388247404e-8 	 -2.695464046150392e-8 	 -1.578304258609344e-8 	 -1.4501634052740284e-8 	 -3.5052003531146006e-13 	 -8.728076661978759e-13 	 4.7815421992031814e-12 	 6.345704025564193e-12 	 -2.58386757343579e-10 	 -2.7706353393973566e-10 	 3.2844940780542264e-9 	 3.279307104443962e-9 	 -9.265985973792167e-13 	 -8.989061885028473e-13 	 
74.81972047349241 	 0.0008701523127669756 	 0.0008624672190640935 	 -9.97969866499548e-10 	 2.8268953661820362e-5 	 2.7178365435969687e-16 	 1.6437347642136765e-12 	 8.326740338130385e-7 	 -7.29012025413105e-7 	 -1.0343793197656626e-5 	 -1.0265227782547194e-5 	 1.6769705672326802e-10 	 -2.6203138381491937e-10 	 -2.527046146938023e-8 	 -2.7596894496013343e-8 	 -1.6002817057965074e-8 	 -1.4751642542677193e-8 	 -3.700922217675692e-13 	 -9.21453756745373e-13 	 4.8140518148415495e-12 	 6.5426219272146135e-12 	 -2.6645240947188853e-10 	 -2.862066394523256e-10 	 3.3806860808710586e-9 	 3.375305160715695e-9 	 -9.69411841693578e-13 	 -9.392897409145014e-13 	 
76.13830267029941 	 0.0008415894802116566 	 0.0008338014373482663 	 -1.0267809618154395e-9 	 2.840286104759391e-5 	 2.8835310292100843e-16 	 1.7188807750580433e-12 	 8.317326630487522e-7 	 -7.282764501441308e-7 	 -1.0365950037328942e-5 	 -1.0272330249511824e-5 	 1.7251311371717145e-10 	 -2.695915675866679e-10 	 -2.5845262998918424e-8 	 -2.8266687784168412e-8 	 -1.6183564994030044e-8 	 -1.496339657624788e-8 	 -3.9070067093292204e-13 	 -9.726678041947366e-13 	 4.8916503032107e-12 	 6.807502717270068e-12 	 -2.746803698781202e-10 	 -2.9558196661554484e-10 	 3.477231881455013e-9 	 3.4716323294445546e-9 	 -1.0140487077905453e-12 	 -9.812780077948494e-13 	 
77.48012284499157 	 0.0008138221565965076 	 0.0008059334777225177 	 -1.0561804020221757e-9 	 2.8518473502370563e-5 	 3.0842640319331774e-16 	 1.7972590098505173e-12 	 8.306557902623421e-7 	 -7.274231151697368e-7 	 -1.0381418791881136e-5 	 -1.0270149524215981e-5 	 1.774259511635853e-10 	 -2.773057393663698e-10 	 -2.645204091559675e-8 	 -2.8951509693542933e-8 	 -1.632902601977579e-8 	 -1.513497502952761e-8 	 -4.1239693429890296e-13 	 -1.0265768479915542e-12 	 5.02633490489499e-12 	 7.1489164350215126e-12 	 -2.8306281171980244e-10 	 -3.0518222589495877e-10 	 3.574132030593704e-9 	 3.5682891051656883e-9 	 -1.0605629476998488e-12 	 -1.0249078426695257e-12 	 
78.84559053109479 	 0.0007870035401215043 	 0.0007790234171211468 	 -1.0861668137993686e-9 	 2.86157849272464e-5 	 3.329519065151398e-16 	 1.8790473705566914e-12 	 8.294362365188924e-7 	 -7.2644569523359e-7 	 -1.038677847372418e-5 	 -1.0268995296785197e-5 	 1.8243521364576474e-10 	 -2.8517350290733863e-10 	 -2.7080692081550963e-8 	 -2.9634937783417752e-8 	 -1.6447857591390446e-8 	 -1.52673752394966e-8 	 -4.352349787106011e-13 	 -1.0833138858440932e-12 	 5.227968906200954e-12 	 7.570938343892672e-12 	 -2.9159350643216063e-10 	 -3.1500001188465957e-10 	 3.6713969367155085e-9 	 3.6652861995052437e-9 	 -1.109007077086603e-12 	 -1.070215296012238e-12 	 
80.2351224795317 	 0.0007609771542469525 	 0.0007529235902280048 	 -1.1167383429953549e-9 	 2.8693899314457716e-5 	 3.6265624492738037e-16 	 1.964432115499629e-12 	 8.280649364417948e-7 	 -7.253362365215329e-7 	 -1.0386463447834954e-5 	 -1.0272361971799669e-5 	 1.875404583504944e-10 	 -2.9319433415163956e-10 	 -2.771766074921871e-8 	 -3.0295984269270997e-8 	 -1.6555063264867056e-8 	 -1.536552781038543e-8 	 -4.592712994597646e-13 	 -1.1430181544960597e-12 	 5.503012676465784e-12 	 8.071317331772011e-12 	 -3.002692078706953e-10 	 -3.2502875105350346e-10 	 3.769046303719298e-9 	 3.762644007482867e-9 	 -1.1594331132798569e-12 	 -1.1172375734768006e-12 	 
81.64914278581742 	 0.0007357020772399794 	 0.0007275975113241293 	 -1.1478923675864847e-9 	 2.875611609563368e-5 	 3.979666543435037e-16 	 2.053607554018374e-12 	 8.265408834378013e-7 	 -7.240937516689883e-7 	 -1.038947255656201e-5 	 -1.0278996967365927e-5 	 1.9274110729062835e-10 	 -3.013675052435013e-10 	 -2.834538481119606e-8 	 -3.090835635444847e-8 	 -1.667370111511603e-8 	 -1.54394486159308e-8 	 -4.845650381328612e-13 	 -1.2058354232708319e-12 	 5.853097339264476e-12 	 8.63930481101688e-12 	 -3.090913689389578e-10 	 -3.352639541627371e-10 	 3.8671078778513735e-9 	 3.860391383889552e-9 	 -1.2118939153935101e-12 	 -1.1660137775711485e-12 	 
83.08808301949652 	 0.0007115151218728507 	 0.0007033834560820764 	 -1.1796255606928925e-9 	 2.879970448826578e-5 	 4.390603083012111e-16 	 2.146775412212872e-12 	 8.24847952877646e-7 	 -7.227041865002027e-7 	 -1.0397004691462314e-5 	 -1.0286435989213417e-5 	 1.980364562435111e-10 	 -3.096921015561038e-10 	 -2.8941599668424192e-8 	 -3.144255285307216e-8 	 -1.6834508219101794e-8 	 -1.550565690888939e-8 	 -5.111781082532124e-13 	 -1.2719183047989278e-12 	 6.273229078307221e-12 	 9.253272275961772e-12 	 -3.180682146811439e-10 	 -3.4570484043152173e-10 	 3.96561645394027e-9 	 3.9585646758324074e-9 	 -1.2664444075977885e-12 	 -1.216587515780089e-12 	 
84.55238235586127 	 0.0006886700585958496 	 0.0006805290134381583 	 -1.2119356631521417e-9 	 2.8826117871414518e-5 	 4.859193211355534e-16 	 2.244144257233143e-12 	 8.229353139496442e-7 	 -7.211235327486817e-7 	 -1.0407431296546842e-5 	 -1.0291564981383289e-5 	 2.0342597716872513e-10 	 -3.181674860385881e-10 	 -2.9478788988827584e-8 	 -3.188954071715372e-8 	 -1.7057177452308217e-8 	 -1.5588684677294463e-8 	 -5.391753188974599e-13 	 -1.3414265680599705e-12 	 6.749626952504967e-12 	 9.882245806192032e-12 	 -3.2721483297568347e-10 	 -3.563564874067741e-10 	 4.064612857650677e-9 	 4.057206730302202e-9 	 -1.3231437927096818e-12 	 -1.2690111513211782e-12 	 
86.04248770999126 	 0.0006672181452463732 	 0.0006590787508917081 	 -1.2448237513399826e-9 	 2.8835862783432413e-5 	 5.383824286699307e-16 	 2.3459288740050027e-12 	 8.207316831772507e-7 	 -7.192902016249988e-7 	 -1.0418216470096952e-5 	 -1.0290706530217102e-5 	 2.0890970267127118e-10 	 -3.2679389367105e-10 	 -2.992889703430004e-8 	 -3.22727730802296e-8 	 -1.7336027071089013e-8 	 -1.5718645842300792e-8 	 -5.686244851926519e-13 	 -1.4145273665062465e-12 	 7.257760106090691e-12 	 1.0497531988573209e-11 	 -3.365473555298121e-10 	 -3.6723210717035277e-10 	 4.164142126942251e-9 	 4.156365097294299e-9 	 -1.38205909357957e-12 	 -1.3233453206398958e-12 	 
87.5588538731551 	 0.0006475036245656655 	 0.0006393696933179899 	 -1.2782964989160203e-9 	 2.8829522376844283e-5 	 5.961941863063757e-16 	 2.452349385013702e-12 	 8.18136868046395e-7 	 -7.171177731168447e-7 	 -1.042617230496272e-5 	 -1.028037184147444e-5 	 2.1448861153497659e-10 	 -3.35573023711217e-10 	 -3.0292245328873717e-8 	 -3.2619050026875083e-8 	 -1.7659337771712188e-8 	 -1.5908361627695174e-8 	 -5.995965186199974e-13 	 -1.4913951934596072e-12 	 7.766267054123206e-12 	 1.1079545491488869e-11 	 -3.460788652981882e-10 	 -3.783518569136514e-10 	 4.264252675807293e-9 	 4.256091210682019e-9 	 -1.4432676259464503e-12 	 -1.3796578937855966e-12 	 
89.10194365161628 	 0.000630023785713261 	 0.0006218972337871691 	 -1.3123707132482495e-9 	 2.8807675458497132e-5 	 6.590528780250805e-16 	 2.563630551618115e-12 	 8.149872152185032e-7 	 -7.144652609149314e-7 	 -1.0427505277588286e-5 	 -1.026298568079528e-5 	 2.2016540075539427e-10 	 -3.4450922831045637e-10 	 -3.05945824608717e-8 	 -3.2951531401082544e-8 	 -1.8014549277158866e-8 	 -1.6150309559618556e-8 	 -6.321654961922932e-13 	 -1.572211886309731e-12 	 8.248591124226727e-12 	 1.1617760733334775e-11 	 -3.558187473203564e-10 	 -3.897359907747691e-10 	 4.364994080960426e-9 	 4.356438187989738e-9 	 -1.506858307881116e-12 	 -1.4380222603730727e-12 	 
90.67222800788498 	 0.000614808984287765 	 0.0006066985909617032 	 -1.3470802802924028e-9 	 2.8771444309377192e-5 	 7.266573760638671e-16 	 2.6800006796735917e-12 	 8.110603134454507e-7 	 -7.111413263370625e-7 	 -1.0420827696809656e-5 	 -1.0247869139779068e-5 	 2.2594566893776588e-10 	 -3.536113311624979e-10 	 -3.0861611795348486e-8 	 -3.3289477566532366e-8 	 -1.8388701188289386e-8 	 -1.6433381666936466e-8 	 -6.664086594455049e-13 	 -1.6571666727699596e-12 	 8.687171570159351e-12 	 1.2109921309459602e-11 	 -3.6577254534037565e-10 	 -4.014016757979331e-10 	 4.466415996795843e-9 	 4.4574597483734825e-9 	 -1.5729295119413437e-12 	 -1.4985147040326993e-12 	 
92.27018620445939 	 0.0006015496745973807 	 0.0005934619752174406 	 -1.3824824729584315e-9 	 2.8720264375592178e-5 	 7.987528659655372e-16 	 2.8016907617316542e-12 	 8.061156035653439e-7 	 -7.069394571441827e-7 	 -1.0403425544251197e-5 	 -1.0234881336578862e-5 	 2.318389924076058e-10 	 -3.6289427934630963e-10 	 -3.11152926458167e-8 	 -3.364826825888674e-8 	 -1.8768739222524026e-8 	 -1.6745677793881682e-8 	 -7.024063309625679e-13 	 -1.7464559883380754e-12 	 9.072987150872995e-12 	 1.2561017517715959e-11 	 -3.7594201300076803e-10 	 -4.133624953974618e-10 	 4.568566032933531e-9 	 4.5592080810714455e-9 	 -1.6415870295623851e-12 	 -1.5612127369658121e-12 	 
93.89630595010014 	 0.0005897580996541708 	 0.0005817104294475705 	 -1.4186629332994752e-9 	 2.8654831346685486e-5 	 8.751763267743197e-16 	 2.9289333155608405e-12 	 7.999152415631639e-7 	 -7.016560471162393e-7 	 -1.0389791585293174e-5 	 -1.022098623157086e-5 	 2.3785977888536916e-10 	 -3.7238044556238374e-10 	 -3.1373858257925776e-8 	 -3.403940909671315e-8 	 -1.9141923547832183e-8 	 -1.7074807192104284e-8 	 -7.402417331128578e-13 	 -1.8402830516742225e-12 	 9.404754498514218e-12 	 1.2982197047261373e-11 	 -3.8632534066402236e-10 	 -4.2562831241403607e-10 	 4.6714882561859555e-9 	 4.661732321413119e-9 	 -1.7129410444650263e-12 	 -1.6261924635895954e-12 	 
95.55108354868277 	 0.0005782828048273585 	 0.0005702814146140351 	 -1.4557389824360953e-9 	 2.8579174472987326e-5 	 9.559016625243528e-16 	 3.0619613206921863e-12 	 7.922749174024605e-7 	 -6.951342456320847e-7 	 -1.0376784491102677e-5 	 -1.020224473591667e-5 	 2.4402783762925355e-10 	 -3.8210049212165537e-10 	 -3.165185185492959e-8 	 -3.4470727570337426e-8 	 -1.9496172635379752e-8 	 -1.7408256432654048e-8 	 -7.800006932368172e-13 	 -1.9388571640636788e-12 	 9.687836462826651e-12 	 1.3389505011872677e-11 	 -3.969175799620335e-10 	 -4.3820537005490725e-10 	 4.775221290708777e-9 	 4.7650766069681095e-9 	 -1.787104909626428e-12 	 -1.6935283527549412e-12 	 
97.23502405067315 	 0.0005654435480460789 	 0.0005574912936668474 	 -1.4938564407121493e-9 	 2.8489003875309373e-5 	 1.0410854486363012e-15 	 3.2010069665291796e-12 	 7.831619271737923e-7 	 -6.873483669228553e-7 	 -1.0361230856968127e-5 	 -1.0174146302801918e-5 	 2.503678470666386e-10 	 -3.920925333196145e-10 	 -3.196022586071354e-8 	 -3.494644579372319e-8 	 -1.982056776280331e-8 	 -1.7733789628592978e-8 	 -8.217712623297692e-13 	 -2.042392772909124e-12 	 9.933224347244227e-12 	 1.3802736172682122e-11 	 -4.0771113114475515e-10 	 -4.510964988543529e-10 	 4.879796598527405e-9 	 4.869278285538251e-9 	 -1.8641935053208764e-12 	 -1.7632911557479986e-12 	 
98.9486414072729 	 0.000549888887245877 	 0.0005419746220833481 	 -1.5331780919663726e-9 	 2.8389954730528975e-5 	 1.1311132711939246e-15 	 3.346300591830361e-12 	 7.72740349604524e-7 	 -6.784424744640405e-7 	 -1.033934231423181e-5 	 -1.0132144460571664e-5 	 2.5690739999087805e-10 	 -4.0239910848879964e-10 	 -3.2306580524483666e-8 	 -3.546702650597067e-8 	 -2.010613966689406e-8 	 -1.803980795994996e-8 	 -8.656433075975136e-13 	 -2.151108476048898e-12 	 1.0156390798870135e-11 	 1.4243945570820922e-11 	 -4.186965108533465e-10 	 -4.6430148204766256e-10 	 4.985236822391116e-9 	 4.9743661436938104e-9 	 -1.9443216317998258e-12 	 -1.835547144717388e-12 	 
100.69245862728103 	 0.0005306459146293171 	 0.0005227578699063833 	 -1.573867729437468e-9 	 2.827913352994804e-5 	 1.2266472985611653e-15 	 3.4980694751677516e-12 	 7.613602394049217e-7 	 -6.687206172343565e-7 	 -1.030703893796213e-5 	 -1.0076865094294756e-5 	 2.636742945645967e-10 	 -4.1306299866826025e-10 	 -3.2695242805534706e-8 	 -3.602892302868748e-8 	 -2.034683967928321e-8 	 -1.8315863355935867e-8 	 -9.11708156896194e-13 	 -2.2652261566020555e-12 	 1.03761562472254e-11 	 1.4735745665308147e-11 	 -4.2986334095368506e-10 	 -4.778175671844689e-10 	 5.091554258370229e-9 	 5.08035872308409e-9 	 -2.0276027023238443e-12 	 -1.910359127306529e-12 	 
102.46700793672014 	 0.000507265415317353 	 0.000499396195783989 	 -1.6160711425118922e-9 	 2.815772720309236e-5 	 1.328675474980407e-15 	 3.65653697666375e-12 	 7.495420896431642e-7 	 -6.586329577450554e-7 	 -1.0260406318121201e-5 	 -1.0017870822006031e-5 	 2.706932999442366e-10 	 -4.2412224421800165e-10 	 -3.3127173768314193e-8 	 -3.6624178133149835e-8 	 -2.0540747056093586e-8 	 -1.8553356327599232e-8 	 -9.600583709274866e-13 	 -2.3849704228374958e-12 	 1.0613360743123915e-11 	 1.5299234792212352e-11 	 -4.412016161398438e-10 	 -4.916401418211135e-10 	 5.198749447139539e-9 	 5.18726268430298e-9 	 -2.1141479006104143e-12 	 -1.9877849704881214e-12 	 
104.27283094127554 	 0.0004804031165555911 	 0.00047254582209197777 	 -1.659896740592548e-9 	 2.8026863336854672e-5 	 1.4385623958140964e-15 	 3.821921638818902e-12 	 7.37893453611603e-7 	 -6.48703543241477e-7 	 -1.0199430856014867e-5 	 -9.95689919897044e-6 	 2.779828556754693e-10 	 -4.35605069348499e-10 	 -3.3599769321362426e-8 	 -3.723965309867667e-8 	 -2.069170759731508e-8 	 -1.874636598131926e-8 	 -1.010787702115846e-12 	 -2.5105685217819102e-12 	 1.0889335630846366e-11 	 1.5951604218993656e-11 	 -4.527032593988026e-10 	 -5.05763650438479e-10 	 5.3068104538003224e-9 	 5.295071782990595e-9 	 -2.204065409024244e-12 	 -2.067878711200795e-12 	 
106.11047879159794 	 0.00045133275463332434 	 0.00044348944787680556 	 -1.705403501262892e-9 	 2.7886792830481683e-5 	 1.5581014555947155e-15 	 3.994436678108168e-12 	 7.26982324682895e-7 	 -6.394211140486607e-7 	 -1.0134528197694887e-5 	 -9.892843881323174e-6 	 2.8555301270103993e-10 	 -4.475267287157083e-10 	 -3.410649393717892e-8 	 -3.785604954359693e-8 	 -2.08113321577819e-8 	 -1.8892651806575934e-8 	 -1.063991280609958e-12 	 -2.6422508038607003e-12 	 1.122411703606007e-11 	 1.6702890880208417e-11 	 -4.643642319900637e-10 	 -5.201827533633872e-10 	 5.415711938271599e-9 	 5.403765524037009e-9 	 -2.2974615082517747e-12 	 -2.150692574382401e-12 	 
107.98051235151794 	 0.00042140476384056784 	 0.00041357944169355886 	 -1.7525967716356971e-9 	 2.773785812688988e-5 	 1.689507396734841e-15 	 4.174290267165696e-12 	 7.172810099983892e-7 	 -6.311908350161611e-7 	 -1.006945929320444e-5 	 -9.824300959713784e-6 	 2.9340470878946515e-10 	 -4.598884123098799e-10 	 -3.46362243622971e-8 	 -3.844694325243536e-8 	 -2.092119132598715e-8 	 -1.899493873861489e-8 	 -1.1197659594015105e-12 	 -2.7802515880273738e-12 	 1.1634397536797836e-11 	 1.7552072420450513e-11 	 -4.761871324295032e-10 	 -5.348937470413165e-10 	 5.525415959893795e-9 	 5.513309416709013e-9 	 -2.394440054240216e-12 	 -2.2362796430201596e-12 	 
109.8835023692267 	 0.00039223486532175635 	 0.0003844293764317505 	 -1.801429528980087e-9 	 2.7580353808616848e-5 	 1.8350996057729415e-15 	 4.3616860932725885e-12 	 7.091075001258921e-7 	 -6.242840608096785e-7 	 -1.0004098101289785e-5 	 -9.74959722068239e-6 	 3.015299712019132e-10 	 -4.726775818618592e-10 	 -3.51722855221174e-8 	 -3.897788558169074e-8 	 -2.1055237064025743e-8 	 -1.9062550442901308e-8 	 -1.1782108010116293e-12 	 -2.924810393830533e-12 	 1.213086113086934e-11 	 1.8482437266993864e-11 	 -4.88184374969536e-10 	 -5.498965314658491e-10 	 5.635872215644579e-9 	 5.623654488443011e-9 	 -2.495104153076104e-12 	 -2.3246965653751364e-12 	 
111.82002965147176 	 0.0003650162264038797 	 0.0003572229830068424 	 -1.8518118553244892e-9 	 2.7414520568722686e-5 	 1.99704256903648e-15 	 4.556825098321897e-12 	 7.025896912811367e-7 	 -6.18807952390702e-7 	 -9.93764197771495e-6 	 -9.660357941323458e-6 	 3.099135198709983e-10 	 -4.858704577757882e-10 	 -3.5691432807733196e-8 	 -3.941930737889404e-8 	 -2.125081964700513e-8 	 -1.9113246350109395e-8 	 -1.2394276090826975e-12 	 -3.0761732972949095e-12 	 1.2714926344359324e-11 	 1.9458059444549486e-11 	 -5.003810349672993e-10 	 -5.651971393618685e-10 	 5.747021323809236e-9 	 5.734739651435307e-9 	 -2.5995589763094815e-12 	 -2.4160092802516965e-12 	 
113.79068524082398 	 0.00034036752109897414 	 0.0003326036498533339 	 -1.9036226080829902e-9 	 2.7241068104197116e-5 	 2.177026401234258e-15 	 4.759908645030481e-12 	 6.977154232028262e-7 	 -6.147488749215285e-7 	 -9.868725437754946e-6 	 -9.583354986374712e-6 	 3.185347457589465e-10 	 -4.994350806907391e-10 	 -3.6162685139539096e-8 	 -3.979139961194075e-8 	 -2.1509470593482024e-8 	 -1.9175392539844995e-8 	 -1.3035214755453908e-12 	 -3.2345943024773497e-12 	 1.3374697176211312e-11 	 2.0437034080976594e-11 	 -5.128088403854876e-10 	 -5.80811048098489e-10 	 5.858797250511283e-9 	 5.846493270055835e-9 	 -2.707915685015197e-12 	 -2.5102982711218377e-12 	 
115.79607059606842 	 0.0003187943654181783 	 0.00031106531945282977 	 -1.956719947517632e-9 	 2.705840746495253e-5 	 2.3762632046944204e-15 	 4.9711426658754414e-12 	 6.943519610755813e-7 	 -6.11989483273093e-7 	 -9.795459564700358e-6 	 -9.507175184745205e-6 	 3.273694971508833e-10 	 -5.133340720826977e-10 	 -3.655074460328052e-8 	 -4.0133592044972397e-8 	 -2.181327490801414e-8 	 -1.9286888060780692e-8 	 -1.3706012727375398e-12 	 -3.400336405957846e-12 	 1.4080679888502937e-11 	 2.1392113816460848e-11 	 -5.254947920200065e-10 	 -5.967670899635782e-10 	 5.971132278475322e-9 	 5.958838357541643e-9 	 -2.8202959327384068e-12 	 -2.6076544799028233e-12 	 
117.83679777577332 	 0.0003002289218557784 	 0.0002925468074763141 	 -2.0109534591064262e-9 	 2.6868303124408276e-5 	 2.595656057720683e-15 	 5.190742571013028e-12 	 6.922757304641182e-7 	 -6.103345863473282e-7 	 -9.718911804591287e-6 	 -9.439108807374942e-6 	 3.363921404875478e-10 	 -5.275278111345403e-10 	 -3.685607839815816e-8 	 -4.047937901523242e-8 	 -2.2143483306465322e-8 	 -1.94639778498612e-8 	 -1.4407801165802684e-12 	 -3.573672225246476e-12 	 1.479072719941192e-11 	 2.2312941659950745e-11 	 -5.384582718382202e-10 	 -6.131058938117314e-10 	 6.083959951151945e-9 	 6.071697278533256e-9 	 -2.9368394258729537e-12 	 -2.708174416831757e-12 	 
119.91348962509578 	 0.0002844140385912546 	 0.0002767998112671185 	 -2.066171815554665e-9 	 2.6670345116530816e-5 	 2.8359645977745327e-15 	 5.418938530209122e-12 	 6.912449842721474e-7 	 -6.09573699029491e-7 	 -9.649217891298752e-6 	 -9.377396191805805e-6 	 3.4557686337241586e-10 	 -5.419764423356044e-10 	 -3.711615826886942e-8 	 -4.085490217171428e-8 	 -2.2482044077018545e-8 	 -1.9692914477602607e-8 	 -1.5141757099316166e-12 	 -3.754884729845939e-12 	 1.547137972835895e-11 	 2.3203596691216146e-11 	 -5.517105931069283e-10 	 -6.298666594664018e-10 	 6.197218150893354e-9 	 6.1849969263513185e-9 	 -3.057703925750435e-12 	 -2.8119541840666095e-12 	 
122.026779965878 	 0.000271140399838718 	 0.0002636153320576404 	 -2.1222283699827516e-9 	 2.6464591787504637e-5 	 3.0979659878553365e-15 	 5.655980275208016e-12 	 6.909862393048482e-7 	 -6.094695493867834e-7 	 -9.58937272330506e-6 	 -9.319361909705416e-6 	 3.5489862661763705e-10 	 -5.566413401569291e-10 	 -3.7365965001385115e-8 	 -4.127866740453985e-8 	 -2.2812588321018937e-8 	 -1.995627002824734e-8 	 -1.5909106900451826e-12 	 -3.94426817356479e-12 	 1.6105518280363305e-11 	 2.4079590841786608e-11 	 -5.652551233222559e-10 	 -6.470805918887347e-10 	 6.310853263836272e-9 	 6.2986740904113416e-9 	 -3.1830606056102866e-12 	 -2.9190828671959723e-12 	 
124.17731379009476 	 0.0002598138764792069 	 0.0002523938147577438 	 -2.1789868327665365e-9 	 2.6251520643683683e-5 	 3.3826129861162912e-15 	 5.902140482036756e-12 	 6.91249397400296e-7 	 -6.098054106746392e-7 	 -9.537753040468485e-6 	 -9.261639536500507e-6 	 3.643341328504635e-10 	 -5.71486594656073e-10 	 -3.7633320434478363e-8 	 -4.1761714038317456e-8 	 -2.3121296139834655e-8 	 -2.0236906241711675e-8 	 -1.6711128528587796e-12 	 -4.1421287142250515e-12 	 1.669026185443991e-11 	 2.496452050426404e-11 	 -5.790879033269479e-10 	 -6.647701331573573e-10 	 6.424821136921255e-9 	 6.412676732807545e-9 	 -3.3130865744049603e-12 	 -3.0296390040198553e-12 	 
126.36574745671011 	 0.00025022946311672333 	 0.00024292831709631476 	 -2.23632091907181e-9 	 2.6030124568276548e-5 	 3.691189811063224e-15 	 6.157717247728266e-12 	 6.918084646183666e-7 	 -6.103856935546333e-7 	 -9.491840221113743e-6 	 -9.203775263456542e-6 	 3.7386176647992165e-10 	 -5.864789185311171e-10 	 -3.793886571803293e-8 	 -4.230770834247634e-8 	 -2.3397951944544184e-8 	 -2.0518867890897532e-8 	 -1.7549154067371386e-12 	 -4.348785102390046e-12 	 1.7234370998001992e-11 	 2.588684504372919e-11 	 -5.931986171292752e-10 	 -6.82948902765631e-10 	 6.539090399625034e-9 	 6.526967446492835e-9 	 -3.4479580913132294e-12 	 -3.143686377163285e-12 	 
128.59274889200225 	 0.00024186556143996203 	 0.00023470153544409995 	 -2.294117710001998e-9 	 2.5801683945471746e-5 	 4.0254671384977975e-15 	 6.423035319718446e-12 	 6.924553911903115e-7 	 -6.110306839146377e-7 	 -9.44833181384586e-6 	 -9.154627806680597e-6 	 3.8346216929283036e-10 	 -6.015885254810676e-10 	 -3.829640689059534e-8 	 -4.2912696183027333e-8 	 -2.3637376735681886e-8 	 -2.0788087153174098e-8 	 -1.842457143392838e-12 	 -4.564569143260413e-12 	 1.775538993813258e-11 	 2.6876041554719986e-11 	 -6.075721934532204e-10 	 -7.016221415542136e-10 	 6.6536427791567474e-9 	 6.6415238795979356e-9 	 -3.5878461465941805e-12 	 -3.2612738322984856e-12 	 
130.8589977934205 	 0.0002344971707844104 	 0.00022748647806546804 	 -2.3522757987298302e-9 	 2.5566092999223206e-5 	 4.387855672013739e-15 	 6.6984459446927814e-12 	 6.930326776288023e-7 	 -6.116043640804299e-7 	 -9.404492171546416e-6 	 -9.114829341216749e-6 	 3.9311792554042594e-10 	 -6.167886438167052e-10 	 -3.871335810080383e-8 	 -4.3564556560834706e-8 	 -2.384119217104565e-8 	 -2.1032960070663718e-8 	 -1.933882652100036e-12 	 -4.789826249925423e-12 	 1.8276950735427426e-11 	 2.7958324996481308e-11 	 -6.221910263061908e-10 	 -7.207875034459912e-10 	 6.768473041247879e-9 	 6.7563387890417634e-9 	 -3.732913603829877e-12 	 -3.3824332022427152e-12 	 
133.16518583703325 	 0.00022782251855774715 	 0.00022097790467224128 	 -2.4107058892331956e-9 	 2.532388615818806e-5 	 4.781564864696177e-15 	 6.984326414797119e-12 	 6.933927776435464e-7 	 -6.119796576456842e-7 	 -9.360346460586738e-6 	 -9.08141904837242e-6 	 4.0281366627779523e-10 	 -6.320556716314343e-10 	 -3.9190763737062697e-8 	 -4.424167337944896e-8 	 -2.402038919147887e-8 	 -2.1245168999258327e-8 	 -2.0293424608005604e-12 	 -5.024915793185831e-12 	 1.8825884361138797e-11 	 2.9151482993887065e-11 	 -6.370379636539747e-10 	 -7.404362317578419e-10 	 6.883590391829865e-9 	 6.871421559565486e-9 	 -3.883310984211644e-12 	 -3.507181111911937e-12 	 
135.51201688863299 	 0.00022160575204502954 	 0.00021494687073397254 	 -2.4693294732366793e-9 	 2.5074526159432295e-5 	 5.2107631168846594e-15 	 7.281077676004115e-12 	 6.934393596110644e-7 	 -6.120736107087998e-7 	 -9.325961529872141e-6 	 -9.050706621419008e-6 	 4.125358452632227e-10 	 -6.473688286781254e-10 	 -3.972290671590291e-8 	 -4.491126936845573e-8 	 -2.4198543706152168e-8 	 -2.1420818863069913e-8 	 -2.1289932172479016e-12 	 -5.2702108342756945e-12 	 1.9429060208509302e-11 	 3.0458031359645824e-11 	 -6.521005266040803e-10 	 -7.605548602016558e-10 	 6.999015601940512e-9 	 6.986795431064694e-9 	 -4.039174886716336e-12 	 -3.6355234678439533e-12 	 
137.90020721856175 	 0.00021573993253269855 	 0.00020927909297455182 	 -2.528077265912791e-9 	 2.481921679717718e-5 	 5.680624273152241e-15 	 7.589122095722665e-12 	 6.930834982631727e-7 	 -6.118099119164952e-7 	 -9.299367292577737e-6 	 -9.018525833501884e-6 	 4.222724733616213e-10 	 -6.627097450436206e-10 	 -4.0296410558540716e-8 	 -4.552824923436542e-8 	 -2.4415040629860668e-8 	 -2.15620915896072e-8 	 -2.232997821653261e-12 	 -5.526097361362921e-12 	 2.0109545813569622e-11 	 3.1856920858828083e-11 	 -6.673762894523502e-10 	 -7.811276144714162e-10 	 7.114780244856664e-9 	 7.102496826813258e-9 	 -4.200628428739872e-12 	 -3.767460958090761e-12 	 
140.3304857203213 	 0.0002100450104818691 	 0.00020378941285754612 	 -2.5868891924733265e-9 	 2.4558118569779677e-5 	 6.196751118097321e-15 	 7.90889993935326e-12 	 6.922709135873829e-7 	 -6.111420872570333e-7 	 -9.27759009095062e-6 	 -8.982900738595362e-6 	 4.320131177113603e-10 	 -6.780624562133306e-10 	 -4.0888678248794e-8 	 -4.606279558271142e-8 	 -2.4704991436702463e-8 	 -2.167971303745781e-8 	 -2.3415256380732567e-12 	 -5.792974803759355e-12 	 2.0881811821727814e-11 	 3.329948174173586e-11 	 -6.82876721341319e-10 	 -8.021399058385452e-10 	 7.23092569782294e-9 	 7.218574416855322e-9 	 -4.367782955586155e-12 	 -3.902998759011523e-12 	 
142.80359413303793 	 0.00020448685871133019 	 0.00019844764850311683 	 -2.6457121182345806e-9 	 2.42915518077729e-5 	 6.76494460962376e-15 	 8.240865512886628e-12 	 6.909580210914369e-7 	 -6.100330060131493e-7 	 -9.257136214420448e-6 	 -8.951577424971552e-6 	 4.417485148423511e-10 	 -6.934128082770995e-10 	 -4.146608898138892e-8 	 -4.654901746350013e-8 	 -2.5052399451813452e-8 	 -2.17960994883677e-8 	 -2.4547526342148778e-12 	 -6.071256554255633e-12 	 2.1745491422261948e-11 	 3.4737917957435923e-11 	 -6.986145888108764e-10 	 -8.235832751405412e-10 	 7.347498151876769e-9 	 7.3350841288645174e-9 	 -4.5407434774574396e-12 	 -4.042152972182027e-12 	 
145.32028726784566 	 0.0001989482361299825 	 0.0001931329872340443 	 -2.704500019868113e-9 	 2.4020116769452157e-5 	 7.390855759741525e-15 	 8.585482481020747e-12 	 6.891219251665873e-7 	 -6.084633570016389e-7 	 -9.234027792224858e-6 	 -8.925554089892726e-6 	 4.514706011810218e-10 	 -7.087485015076453e-10 	 -4.198296554090639e-8 	 -4.702855718719588e-8 	 -2.542895900710866e-8 	 -2.1948464043318484e-8 	 -2.572861615549315e-12 	 -6.3613707025698765e-12 	 2.2677593390593347e-11 	 3.6150755912918434e-11 	 -7.145906186711241e-10 	 -8.454621480374723e-10 	 7.464547001668995e-9 	 7.45208747251926e-9 	 -4.719617520577692e-12 	 -4.184942872812584e-12 	 
147.88133323826136 	 0.00019344745684111167 	 0.00018785830552549236 	 -2.7632118398025064e-9 	 2.3744332794793417e-5 	 8.079028620612352e-15 	 8.943219251705234e-12 	 6.86750272086814e-7 	 -6.064229492827955e-7 	 -9.206375982988822e-6 	 -8.901790901127074e-6 	 4.6117214681326036e-10 	 -7.240585284238491e-10 	 -4.2410960458086564e-8 	 -4.7531951367100777e-8 	 -2.5808895827258e-8 	 -2.2168717076418863e-8 	 -2.6960423822068434e-12 	 -6.663760557864824e-12 	 2.362935457460996e-11 	 3.754065062641211e-11 	 -7.307929285524981e-10 	 -8.67798707366451e-10 	 7.582122301444883e-9 	 7.569648831459674e-9 	 -4.904527202049786e-12 	 -4.3313822976524955e-12 	 
150.48751369461772 	 0.00018791880520527965 	 0.0001825618491535398 	 -2.8218119203255254e-9 	 2.3464516071745062e-5 	 8.833059303325609e-15 	 9.314543496018234e-12 	 6.838390943786409e-7 	 -6.039088560629409e-7 	 -9.182010470228704e-6 	 -8.87671717853675e-6 	 4.708468307127327e-10 	 -7.393332862760966e-10 	 -4.278428553989205e-8 	 -4.8078374100338486e-8 	 -2.6170827909431295e-8 	 -2.2442529855803967e-8 	 -2.8244919879727387e-12 	 -6.978885405453947e-12 	 2.455369201654082e-11 	 3.892823584280843e-11 	 -7.471987499152237e-10 	 -8.906180298112297e-10 	 7.700268878607208e-9 	 7.687829285739111e-9 	 -5.095617124793839e-12 	 -4.481468589233473e-12 	 
153.13962406262917 	 0.00018237157133363054 	 0.00017724962478108303 	 -2.8802684611214123e-9 	 2.3181383906406282e-5 	 9.656038428486731e-15 	 9.699917541045355e-12 	 6.803960308922918e-7 	 -6.009281073993154e-7 	 -9.162284869313719e-6 	 -8.846405535094781e-6 	 4.804889776277392e-10 	 -7.545641729674347e-10 	 -4.3143428027581274e-8 	 -4.8676204768696565e-8 	 -2.6498986943169787e-8 	 -2.2745197595154468e-8 	 -2.9584149245481588e-12 	 -7.307221037983454e-12 	 2.5427738185098283e-11 	 4.0345551502064044e-11 	 -7.637767938888398e-10 	 -9.139329039474494e-10 	 7.819024448852283e-9 	 7.806684293298861e-9 	 -5.293047132702017e-12 	 -4.6351765965560655e-12 	 
155.83847378616224 	 0.00017679813647291536 	 0.00017191035556922359 	 -2.9385531737207897e-9 	 2.2895267896780365e-5 	 1.0550981869310288e-14 	 1.0099792795217855e-11 	 6.764328967316198e-7 	 -5.974913513326114e-7 	 -9.144635576357373e-6 	 -8.810097662124588e-6 	 4.900934996572122e-10 	 -7.69743495903879e-10 	 -4.351876872687423e-8 	 -4.932311562603529e-8 	 -2.67848162396406e-8 	 -2.305399619554424e-8 	 -3.0980234114264792e-12 	 -7.649260532887743e-12 	 2.6250575992534375e-11 	 4.182936922291578e-11 	 -7.804901026793265e-10 	 -9.377428789028247e-10 	 7.938417949132013e-9 	 7.926261415467882e-9 	 -5.4969806720862214e-12 	 -4.7924550186801995e-12 	 
158.58488657428276 	 0.00017120970729292482 	 0.00016655923276859215 	 -2.996640623128721e-9 	 2.2606914750118812e-5 	 1.1521251115721996e-14 	 1.0514606101411693e-11 	 6.719666070552336e-7 	 -5.936136155735941e-7 	 -9.125962924754852e-6 	 -8.775638445066315e-6 	 4.996557838899624e-10 	 -7.848642993153304e-10 	 -4.393073453964631e-8 	 -5.0005311222518943e-8 	 -2.7029360633334044e-8 	 -2.3349382825760518e-8 	 -3.243537594080243e-12 	 -8.005514852212531e-12 	 2.7038045860017502e-11 	 4.3413575944075396e-11 	 -7.972997830695755e-10 	 -9.620355642365591e-10 	 8.058464220915451e-9 	 8.046594142921908e-9 	 -5.7075739706751936e-12 	 -4.953226122701267e-12 	 
161.37970065265932 	 0.00016561056363617387 	 0.0001611966271842013 	 -3.0545081468713447e-9 	 2.2316475099806977e-5 	 1.2570966586978604e-14 	 1.0944775788944766e-11 	 6.670163428765817e-7 	 -5.893118898832647e-7 	 -9.10267117386259e-6 	 -8.74288500241681e-6 	 5.091716791466856e-10 	 -7.99920342211909e-10 	 -4.4390428109299596e-8 	 -5.069549199393085e-8 	 -2.7247020699804816e-8 	 -2.361571371378056e-8 	 -3.395185814083663e-12 	 -8.376513620262017e-12 	 2.781751037060653e-11 	 4.511994558572922e-11 	 -8.141699077946103e-10 	 -9.867884032170969e-10 	 8.179163812040063e-9 	 8.167700532080054e-9 	 -5.9249706729872134e-12 	 -5.117387317808382e-12 	 
164.22376901939475 	 0.0001600180949439588 	 0.00015583406812106905 	 -3.1121352159976247e-9 	 2.2024572905708982e-5 	 1.3705422775438353e-14 	 1.1390699539503728e-11 	 6.616059962324999e-7 	 -5.846071761408734e-7 	 -9.072387614644641e-6 	 -8.708996469130465e-6 	 5.186373864267785e-10 	 -8.149059308025836e-10 	 -4.489961359684233e-8 	 -5.135010028954157e-8 	 -2.7470578169433413e-8 	 -2.3842389295662522e-8 	 -3.5532048460047542e-12 	 -8.762805775728382e-12 	 2.8622571169959364e-11 	 4.69459716421003e-11 	 -8.310744021334336e-10 	 -1.011970977190352e-9 	 8.300504957833428e-9 	 8.289583574104416e-9 	 -6.1492932714085775e-12 	 -5.284820308563917e-12 	 
167.11795970536812 	 0.00015444884009881255 	 0.0001504899923881364 	 -3.169503063949825e-9 	 2.1731451397324686e-5 	 1.4931372920987223e-14 	 1.1852754628988878e-11 	 6.557598199340422e-7 	 -5.795207921935958e-7 	 -9.040542259033398e-6 	 -8.670702952829194e-6 	 5.280493951072291e-10 	 -8.298158207239327e-10 	 -4.544985493422784e-8 	 -5.191618918071026e-8 	 -2.7749017252866666e-8 	 -2.402579410948564e-8 	 -3.717840198164166e-12 	 -9.164960274525199e-12 	 2.948688727307583e-11 	 4.885129398851628e-11 	 -8.48005283429956e-10 	 -1.0375482877281042e-9 	 8.422461816663318e-9 	 8.412227171995302e-9 	 -6.3806421233357835e-12 	 -5.455401677549812e-12 	 
170.06315603916474 	 0.00014891029104916248 	 0.00014517595143931884 	 -3.2265947551941243e-9 	 2.1437114570702194e-5 	 1.625627911532853e-14 	 1.2331300594600621e-11 	 6.495022330198536e-7 	 -5.740742041269798e-7 	 -9.01134947286994e-6 	 -8.627856447252472e-6 	 5.374044947117123e-10 	 -8.44645232983582e-10 	 -4.602079205937777e-8 	 -5.240462789832428e-8 	 -2.8085519210771744e-8 	 -2.4172274983435193e-8 	 -3.889346392300128e-12 	 -9.583565721148004e-12 	 3.043686785281101e-11 	 5.077330449625254e-11 	 -8.649677042091575e-10 	 -1.0634855049927714e-9 	 8.54499879313186e-9 	 8.535597732212792e-9 	 -6.619097518588367e-12 	 -5.629019375663414e-12 	 
173.06025691667327 	 0.00014342134664447825 	 0.00013989996931449913 	 -3.2833949145512692e-9 	 2.114304549630349e-5 	 1.7687872953436418e-14 	 1.2826684995660577e-11 	 6.428600703819768e-7 	 -5.682909143888093e-7 	 -8.982390203694735e-6 	 -8.573485666049556e-6 	 5.466997284911652e-10 	 -8.593897811136018e-10 	 -4.657756276025453e-8 	 -5.286679630024812e-8 	 -2.8444871649902655e-8 	 -2.430239707152015e-8 	 -4.067987259693855e-12 	 -1.0019229996739346e-11 	 3.1482072915365257e-11 	 5.26788145651082e-11 	 -8.819560289630229e-10 	 -1.0897549551125714e-9 	 8.668075491592926e-9 	 8.659647918640693e-9 	 -6.864724963544979e-12 	 -5.8055684352328015e-12 	 
176.1101770754371 	 0.00013798834349851448 	 0.00013468165664177795 	 -3.339889167040882e-9 	 2.0849203376818167e-5 	 1.923471648354268e-14 	 1.3339250704845081e-11 	 6.358604864692712e-7 	 -5.621946790378631e-7 	 -8.9509616626403e-6 	 -8.523535981416455e-6 	 5.559322969694111e-10 	 -8.740453245119728e-10 	 -4.706870756069467e-8 	 -5.3340282710202415e-8 	 -2.879558367162365e-8 	 -2.4455484534143266e-8 	 -4.254036272578146e-12 	 -1.0472581148972439e-11 	 3.2603032210527684e-11 	 5.4570664323650675e-11 	 -8.989487482009154e-10 	 -1.1163460821839106e-9 	 8.791648550231207e-9 	 8.784320455709654e-9 	 -7.1175879267815465e-12 	 -5.984937170933002e-12 	 
179.2138473738376 	 0.0001326412383977964 	 0.00012954464618793123 	 -3.3960645564796405e-9 	 2.0553830479225497e-5 	 2.0906100004424813e-14 	 1.3869343088237182e-11 	 6.285263571604119e-7 	 -5.558056431285844e-7 	 -8.913907720077315e-6 	 -8.473085410277314e-6 	 5.650996304927533e-10 	 -8.886080770900298e-10 	 -4.745728845162099e-8 	 -5.384669304108072e-8 	 -2.9113818984186332e-8 	 -2.4669688262227654e-8 	 -4.447776874517147e-12 	 -1.0944268345218804e-11 	 3.374378776446041e-11 	 5.647703016722269e-11 	 -9.159116587590031e-10 	 -1.143273967873972e-9 	 8.915669521475937e-9 	 8.909550548960537e-9 	 -7.377770398553738e-12 	 -6.166990637965148e-12 	 
182.3722150751998 	 0.0001273874222134136 	 0.0001244884880395334 	 -3.4519104574312195e-9 	 2.0259581985407166e-5 	 2.271163832832124e-14 	 1.4417317328589137e-11 	 6.208795852249078e-7 	 -5.491431388350642e-7 	 -8.868750227604201e-6 	 -8.419415754776218e-6 	 5.741995469334815e-10 	 -9.030748435887789e-10 	 -4.7782540057172974e-8 	 -5.439242698359775e-8 	 -2.938508621733414e-8 	 -2.492708106139662e-8 	 -4.649502794337667e-12 	 -1.143496161003508e-11 	 3.4848773243572357e-11 	 5.843998149994436e-11 	 -9.328020578524762e-10 	 -1.1705597606196508e-9 	 9.04008649664933e-9 	 9.035272489492201e-9 	 -7.645389176764566e-12 	 -6.351560672135267e-12 	 
185.58624413690444 	 0.0001222412574527599 	 0.00011953077626695396 	 -3.5074181523541102e-9 	 1.9965896255658925e-5 	 2.4661889897972356e-14 	 1.4983545196216296e-11 	 6.129435351245937e-7 	 -5.422277233364967e-7 	 -8.821272877682755e-6 	 -8.359410603208636e-6 	 5.832301799514935e-10 	 -9.174429064506327e-10 	 -4.809131976131024e-8 	 -5.4968284935392146e-8 	 -2.9606955625126747e-8 	 -2.5197845476238602e-8 	 -4.859518283180471e-12 	 -1.1945349204140409e-11 	 3.5896424938240205e-11 	 6.050331503557353e-11 	 -9.495738672714735e-10 	 -1.1982080838714523e-9 	 9.16484753749949e-9 	 9.16142628671137e-9 	 -7.920581318759023e-12 	 -6.538444106825775e-12 	 
188.85691550459407 	 0.00011721021494602287 	 0.0001146808268929863 	 -3.5625815731769494e-9 	 1.967284543738712e-5 	 2.6769152279217845e-14 	 1.556841971240043e-11 	 6.047363057354551e-7 	 -5.35075544575916e-7 	 -8.775125902209924e-6 	 -8.291344742160619e-6 	 5.921901078322121e-10 	 -9.317102174730255e-10 	 -4.841647484528496e-8 	 -5.5547211329068474e-8 	 -2.9793702517420647e-8 	 -2.5456176482763933e-8 	 -5.0781384342456674e-12 	 -1.2476137864578995e-11 	 3.68946900828715e-11 	 6.269825097508998e-11 	 -9.661843732412747e-10 	 -1.2262064030667324e-9 	 9.289897863793027e-9 	 9.287955664227795e-9 	 -8.203485480374063e-12 	 -6.727402065827765e-12 	 
192.1852274115662 	 0.00011227828978236028 	 0.00010992735307317673 	 -3.6173977415162525e-9 	 1.9380728921421175e-5 	 2.904825503099207e-14 	 1.6172356079131516e-11 	 5.962800996968896e-7 	 -5.277061986828285e-7 	 -8.728388488133027e-6 	 -8.222170934061088e-6 	 6.010784313753202e-10 	 -9.45875511113354e-10 	 -4.877722118666755e-8 	 -5.6080421141273107e-8 	 -2.998323486163495e-8 	 -2.568182759000803e-8 	 -5.30568939286012e-12 	 -1.3028053853130714e-11 	 3.787226170147013e-11 	 6.502481409331273e-11 	 -9.826037145429912e-10 	 -1.2545277131952003e-9 	 9.415179812048976e-9 	 9.414807822809757e-9 	 -8.494227262172685e-12 	 -6.918173415065097e-12 	 
195.57219568344027 	 0.00010743675655956226 	 0.00010526037987599488 	 -3.671864719364024e-9 	 1.9089765425982484e-5 	 3.151726871587927e-14 	 1.6795789680273415e-11 	 5.8760458648927e-7 	 -5.201454912256522e-7 	 -8.678607614728613e-6 	 -8.153324631992186e-6 	 6.098944207065467e-10 	 -9.599377695093662e-10 	 -4.9179340575503165e-8 	 -5.65134309385446e-8 	 -3.02279229245951e-8 	 -2.586167384290814e-8 	 -5.54250865859721e-12 	 -1.3601844186896175e-11 	 3.88692325752829e-11 	 6.74323779507797e-11 	 -9.988257004923472e-10 	 -1.2831343418084273e-9 	 9.540631978622228e-9 	 9.54193229101899e-9 	 -8.792909856887746e-12 	 -7.110490294146197e-12 	 
199.01885404819578 	 0.00010269905764870776 	 0.00010068788475148954 	 -3.7259789105483714e-9 	 1.8800288207638903e-5 	 3.419682238825328e-14 	 1.743917171242852e-11 	 5.787442776559731e-7 	 -5.124231775890617e-7 	 -8.622899095845299e-6 	 -8.082557352896477e-6 	 6.186370480984296e-10 	 -9.738955194740825e-10 	 -4.961405040137373e-8 	 -5.6876333181744514e-8 	 -3.051531068124679e-8 	 -2.5992527846496727e-8 	 -5.788945418917133e-12 	 -1.4198277857018234e-11 	 3.992687021564866e-11 	 6.98532968970508e-11 	 -1.0148554463789035e-9 	 -1.311983307545653e-9 	 9.666191264934611e-9 	 9.6692826276476e-9 	 -9.09960548941356e-12 	 -7.304098541815381e-12 	 
202.5262544516745 	 9.806696622170229e-5 	 9.620714669867286e-5 	 -3.7797335893992876e-9 	 1.8512203500566867e-5 	 3.710902734806575e-14 	 1.8102962095294517e-11 	 5.697340101424611e-7 	 -5.045691553423309e-7 	 -8.559350608422739e-6 	 -8.007198848840539e-6 	 6.273047310601639e-10 	 -9.87746450094419e-10 	 -5.005560270402465e-8 	 -5.722487394774706e-8 	 -3.080382622793141e-8 	 -2.608548377656811e-8 	 -6.045361072192643e-12 	 -1.4818147415477952e-11 	 4.107516341038142e-11 	 7.226623576150098e-11 	 -1.0306808359302119e-9 	 -1.341034180462472e-9 	 9.79178702135817e-9 	 9.796810031297509e-9 	 -9.41436016312716e-12 	 -7.498747474271667e-12 	 
206.09546737864056 	 9.354067143213017e-5 	 9.18264085977193e-5 	 -3.833116308275602e-9 	 1.8225533101876722e-5 	 4.02784438399543e-14 	 1.8787622407980918e-11 	 5.606145223697973e-7 	 -4.966180611253543e-7 	 -8.494221915341126e-6 	 -7.929082987074518e-6 	 6.358948786233827e-10 	 -1.0014867396632527e-9 	 -5.045781024459589e-8 	 -5.759358576843465e-8 	 -3.106167724510458e-8 	 -2.6171946590049564e-8 	 -6.3121297720845005e-12 	 -1.5462270669630115e-11 	 4.231679740064209e-11 	 7.469292540312805e-11 	 -1.0462714339518021e-9 	 -1.3702608423525395e-9 	 9.91734029758935e-9 	 9.92446184936243e-9 	 -9.737204535825706e-12 	 -7.69416650864336e-12 	 
209.7275821795022 	 8.916642629665865e-5 	 8.758488204099754e-5 	 -3.886107798003959e-9 	 1.7939839081808445e-5 	 4.373311456811412e-14 	 1.9493607406880275e-11 	 5.514150133138922e-7 	 -4.885947513088707e-7 	 -8.430196280261877e-6 	 -7.838066011321326e-6 	 6.44403693675207e-10 	 -1.015110772282858e-9 	 -5.0760413653209404e-8 	 -5.799594165193608e-8 	 -3.1269835019213134e-8 	 -2.6303127876749578e-8 	 -6.589639142286179e-12 	 -1.6131492840157715e-11 	 4.3608629086381536e-11 	 7.717978226381288e-11 	 -1.0615847001213908e-9 	 -1.3996669158138882e-9 	 1.0042762545826456e-8 	 1.0052179182729904e-8 	 -1.0068178995448482e-11 	 -7.890044956357198e-12 	 
213.42370740278793 	 8.494050596155672e-5 	 8.349306600882874e-5 	 -3.938686025953014e-9 	 1.7657751822233254e-5 	 4.7502643985065314e-14 	 2.0221356546839846e-11 	 5.421515941318349e-7 	 -4.805131203954893e-7 	 -8.365463541360644e-6 	 -7.75280854307765e-6 	 6.528268708858166e-10 	 -1.0286121953349244e-9 	 -5.097404864060258e-8 	 -5.842442478826917e-8 	 -3.142525497234822e-8 	 -2.6484787615182097e-8 	 -6.878291029770026e-12 	 -1.6826688705997657e-11 	 4.487839261123625e-11 	 7.97788872378575e-11 	 -1.076573378946416e-9 	 -1.4292808412857797e-9 	 1.0167957651222137e-8 	 1.0179897363765252e-8 	 -1.0407364080499695e-11 	 -8.086026463260366e-12 	 
217.18497113348542 	 8.087307073141374e-5 	 7.955510064887851e-5 	 -3.9908283019926606e-9 	 1.7376835691046695e-5 	 5.1615836770656057e-14 	 2.097128748099234e-11 	 5.328371485818257e-7 	 -4.723843493510841e-7 	 -8.297761067529316e-6 	 -7.66710821810904e-6 	 6.611599586792372e-10 	 -1.0419844677032975e-9 	 -5.115701133145577e-8 	 -5.884761907573353e-8 	 -3.154709394850548e-8 	 -2.6681669864867835e-8 	 -7.178502136003515e-12 	 -1.7548764379466118e-11 	 4.6088855228375795e-11 	 8.252577762383236e-11 	 -1.0911951110055578e-9 	 -1.459116560448605e-9 	 1.0292820555912387e-8 	 1.030754236191396e-8 	 -1.0754879674883444e-11 	 -8.281708609174968e-12 	 
221.0125213373401 	 7.698848275242503e-5 	 7.578940214755517e-5 	 -4.04251302214119e-9 	 1.7098046629575077e-5 	 5.610194786420081e-14 	 2.1743790776895057e-11 	 5.234753338693015e-7 	 -4.642119915728344e-7 	 -8.224435442174144e-6 	 -7.578627281600477e-6 	 6.69398659824272e-10 	 -1.0552213128386337e-9 	 -5.1351072416222273e-8 	 -5.9205663286530424e-8 	 -3.1685512613288256e-8 	 -2.6862811977990875e-8 	 -7.490704722343138e-12 	 -1.8298658905624184e-11 	 4.7245673191559825e-11 	 8.541069282088608e-11 	 -1.1054259121673821e-9 	 -1.4891640721252133e-9 	 1.0417236526153468e-8 	 1.0435026821749567e-8 	 -1.1110854767628563e-11 	 -8.476661864066907e-12 	 
224.90752621122337 	 7.327417385193384e-5 	 7.218051552691481e-5 	 -4.0937242216491884e-9 	 1.682082158933467e-5 	 6.099212984033339e-14 	 2.2539229266720626e-11 	 5.140629691408765e-7 	 -4.5599404276456475e-7 	 -8.144588134037576e-6 	 -7.484807343837857e-6 	 6.775396260426949e-10 	 -1.0683178994747079e-9 	 -5.157938258188132e-8 	 -5.9463132246550006e-8 	 -3.188131893193237e-8 	 -2.7005359897063158e-8 	 -7.815347061890858e-12 	 -1.9077342724368752e-11 	 4.838350939751779e-11 	 8.836182950567153e-11 	 -1.1192698609624524e-9 	 -1.5193938469025064e-9 	 1.0541087877798601e-8 	 1.0562252152945308e-8 	 -1.1475403851376837e-11 	 -8.67045357285284e-12 	 
228.87117453967576 	 6.970825337043617e-5 	 6.871279024360821e-5 	 -4.144451105880485e-9 	 1.654598628313124e-5 	 6.631855002013178e-14 	 2.335794296180766e-11 	 5.046070477482601e-7 	 -4.4773696723968186e-7 	 -8.065129279706333e-6 	 -7.385792583929478e-6 	 6.855803799128138e-10 	 -1.0812707160106508e-9 	 -5.184645453614074e-8 	 -5.967904250302801e-8 	 -3.2095084295216966e-8 	 -2.709707228878845e-8 	 -8.152893918523584e-12 	 -1.988581451988724e-11 	 4.955100796693528e-11 	 9.132269564096301e-11 	 -1.1327286729865862e-9 	 -1.5497633015332124e-9 	 1.0664257939243053e-8 	 1.0689107938600537e-8 	 -1.1848607141277318e-11 	 -8.862663730280779e-12 	 
232.90467605773122 	 6.629000367788617e-5 	 6.539311785649602e-5 	 -4.194686455595413e-9 	 1.627351101059e-5 	 7.211379819541422e-14 	 2.4200255889807455e-11 	 4.951114120568113e-7 	 -4.3944467982599286e-7 	 -7.98690654175526e-6 	 -7.288319620172901e-6 	 6.935190406642732e-10 	 -1.0940771517164378e-9 	 -5.213632743592164e-8 	 -5.990371919057622e-8 	 -3.228478798362183e-8 	 -2.7140648597143774e-8 	 -8.50382678028461e-12 	 -2.072509482357261e-11 	 5.079409492242952e-11 	 9.430038741348569e-11 	 -1.1457795550686369e-9 	 -1.580226022157281e-9 	 1.0786639478492482e-8 	 1.0815479806742429e-8 	 -1.223050682241485e-11 	 -9.052860245360328e-12 	 
237.00926182013913 	 6.300111721614208e-5 	 6.220104104674614e-5 	 -4.24442889305102e-9 	 1.600295200054148e-5 	 7.841291898324813e-14 	 2.5066483649874906e-11 	 4.8558064031164e-7 	 -4.3112176875839965e-7 	 -7.908160609539533e-6 	 -7.191573055185286e-6 	 7.013547234283898e-10 	 -1.1067360809395804e-9 	 -5.2408907693916366e-8 	 -6.015943594726616e-8 	 -3.242513067752695e-8 	 -2.71602913186873e-8 	 -8.868644354623378e-12 	 -2.1596226030112978e-11 	 5.213508709814952e-11 	 9.73428943951686e-11 	 -1.1583820797441463e-9 	 -1.6107456274303506e-9 	 1.0908125307197561e-8 	 1.0941243988924682e-8 	 -1.2621116424439545e-11 	 -9.240566201953535e-12 	 
241.18618457708976 	 5.983475119923775e-5 	 5.9124590592258995e-5 	 -4.293679631263703e-9 	 1.57350176038978e-5 	 8.525568488821077e-14 	 2.5956936536122847e-11 	 4.760309244525869e-7 	 -4.227823433662429e-7 	 -7.826660575345848e-6 	 -7.0933914127997925e-6 	 7.090869759830084e-10 	 -1.11924701656961e-9 	 -5.259827505983357e-8 	 -6.044113567166291e-8 	 -3.251134756239928e-8 	 -2.7207976552382905e-8 	 -9.247862677942301e-12 	 -2.250027399514938e-11 	 5.354681057363311e-11 	 1.0051052593466853e-10 	 -1.170488661487133e-9 	 -1.6413156098800406e-9 	 1.1028609091001976e-8 	 1.1066274139525402e-8 	 -1.3020445980703786e-11 	 -9.42524687206999e-12 	 
245.43671915656367 	 5.680871926883219e-5 	 5.6177681213949596e-5 	 -4.3424399141601175e-9 	 1.546887896608527e-5 	 9.268772582293416e-14 	 2.6871923495237316e-11 	 4.6647390498772347e-7 	 -4.144367403534108e-7 	 -7.740177042401371e-6 	 -6.991280842168905e-6 	 7.167153304940185e-10 	 -1.1316094449357064e-9 	 -5.2686389943200496e-8 	 -6.071307623188792e-8 	 -3.256703536889767e-8 	 -2.7310402099077374e-8 	 -9.642015865583137e-12 	 -2.3438331065993094e-11 	 5.494954158020001e-11 	 1.0384341802539732e-10 	 -1.1820577218338587e-9 	 -1.6719679387003397e-9 	 1.1147983248100253e-8 	 1.1190446450097075e-8 	 -1.3428546716629161e-11 	 -9.606309894007995e-12 	 
249.7621628534194 	 5.389707605788091e-5 	 5.333970974260129e-5 	 -4.3907141793170164e-9 	 1.520516369414788e-5 	 1.0075844038080758e-13 	 2.781175752001955e-11 	 4.569193804890718e-7 	 -4.0609378595513126e-7 	 -7.648574366212774e-6 	 -6.891329301688988e-6 	 7.242398611563228e-10 	 -1.1438236430025634e-9 	 -5.2737098881237874e-8 	 -6.090656379238821e-8 	 -3.2652586112327416e-8 	 -2.7430173640288286e-8 	 -1.0051656370656723e-11 	 -2.441151766102812e-11 	 5.6291474102713096e-11 	 1.0732019795324923e-10 	 -1.1930717693627803e-9 	 -1.7027262183745753e-9 	 1.1266136648202324e-8 	 1.131364386796893e-8 	 -1.384552658116566e-11 	 -9.78312889343482e-12 	 
254.16383582533592 	 5.110043169798045e-5 	 5.0611778688323254e-5 	 -4.438505559700217e-9 	 1.4943980376050877e-5 	 1.095210203183094e-13 	 2.8776759446065152e-11 	 4.4738866645464024e-7 	 -3.977716041700779e-7 	 -7.558973268408595e-6 	 -6.786995323740007e-6 	 7.316603951460782e-10 	 -1.1558895117133186e-9 	 -5.279969332694774e-8 	 -6.101355862162466e-8 	 -3.278738498077925e-8 	 -2.753126294892021e-8 	 -1.04773556679405e-11 	 -2.5420984926233653e-11 	 5.757774795021572e-11 	 1.108557237045317e-10 	 -1.2035413163799436e-9 	 -1.7335825774400744e-9 	 1.1382961307114547e-8 	 1.1435765790306436e-8 	 -1.4271511450252598e-11 	 -9.955078794236939e-12 	 
258.64308149573657 	 4.8428792452163166e-5 	 4.8006544365412516e-5 	 -4.485815971643281e-9 	 1.4685170659997897e-5 	 1.1903087605078501e-13 	 2.976726014059e-11 	 4.378887539666587e-7 	 -3.8947659891696723e-7 	 -7.4706214554311725e-6 	 -6.681505711613413e-6 	 7.389765271620751e-10 	 -1.1678065982263203e-9 	 -5.289915140004281e-8 	 -6.11038365167204e-8 	 -3.291889840252767e-8 	 -2.7589055607509408e-8 	 -1.0919704649078612e-11 	 -2.6467916727518857e-11 	 5.885086887048801e-11 	 1.144137596366235e-10 	 -1.2134614949967513e-9 	 -1.764504167528792e-9 	 1.1498341320649827e-8 	 1.1556715908827537e-8 	 -1.470660911415191e-11 	 -1.0121538825481657e-11 	 
263.20126696381004 	 4.5859196359524116e-5 	 4.54993715689567e-5 	 -4.532649914601995e-9 	 1.442871636182437e-5 	 1.2934593343373044e-13 	 3.078359417317365e-11 	 4.2843244758516156e-7 	 -3.812198647911381e-7 	 -7.3817713070202115e-6 	 -6.574924754700873e-6 	 7.461882878071307e-10 	 -1.1795750772320315e-9 	 -5.3035754574571836e-8 	 -6.121861495306721e-8 	 -3.300863115410048e-8 	 -2.7594116012967346e-8 	 -1.1379314295199322e-11 	 -2.755353211936133e-11 	 6.016806138636741e-11 	 1.1802924250513634e-10 	 -1.2228005279537672e-9 	 -1.7954436977572841e-9 	 1.161215672684494e-8 	 1.1676403908333374e-8 	 -1.515088446453086e-11 	 -1.0281853752048291e-11 	 
267.8397834217601 	 4.340716148873993e-5 	 4.310442484469622e-5 	 -4.579008204375907e-9 	 1.4174007636253619e-5 	 1.4053004435027598e-13 	 3.1826092843464446e-11 	 4.190363482155827e-7 	 -3.7301545066349086e-7 	 -7.290271226589862e-6 	 -6.467465850429082e-6 	 7.532950394339794e-10 	 -1.1911941292191648e-9 	 -5.3182262437115816e-8 	 -6.136433415185158e-8 	 -3.304272880920795e-8 	 -2.7558474186199156e-8 	 -1.1856816084757781e-11 	 -2.8679086987550758e-11 	 6.157530476311121e-11 	 1.217689973343329e-10 	 -1.2315128547383688e-9 	 -1.8263546813480961e-9 	 1.1724283539520717e-8 	 1.1794742765218172e-8 	 -1.5604354679558367e-11 	 -1.0435300409473526e-11 	 
272.56004657940866 	 4.10646608003703e-5 	 4.082011974891893e-5 	 -4.624892310522432e-9 	 1.3921734040480318e-5 	 1.526565288476277e-13 	 3.289507490138515e-11 	 4.09702842670116e-7 	 -3.6486589248330793e-7 	 -7.203283774466012e-6 	 -6.359127340873547e-6 	 7.602962379977843e-10 	 -1.2026630601614343e-9 	 -5.327895597635341e-8 	 -6.151063636103672e-8 	 -3.3039792795131556e-8 	 -2.7524610548844833e-8 	 -1.235286300702262e-11 	 -2.9845875748813375e-11 	 6.307493538627744e-11 	 1.2568785437972338e-10 	 -1.2395554048310425e-9 	 -1.8572140419113812e-9 	 1.1834592673665194e-8 	 1.1911644024160591e-8 	 -1.6067010994505287e-11 	 -1.0581084661147167e-11 	 
277.36349709627893 	 3.882786607163635e-5 	 3.862699038416897e-5 	 -4.670305073148111e-9 	 1.3672231096523205e-5 	 1.6581130539712812e-13 	 3.399083930786821e-11 	 4.0044601216302785e-7 	 -3.567831002986085e-7 	 -7.105211284019072e-6 	 -6.250219959516904e-6 	 7.671915623549338e-10 	 -1.2139814719493271e-9 	 -5.326797137650267e-8 	 -6.158643719047881e-8 	 -3.306194002217413e-8 	 -2.7546003387768515e-8 	 -1.2868129891330984e-11 	 -3.1055219338156275e-11 	 6.459633281967042e-11 	 1.297740780916474e-10 	 -1.2469093712485448e-9 	 -1.8880469181582603e-9 	 1.1942958349567079e-8 	 1.2027021037459733e-8 	 -1.6538872857516337e-11 	 -1.0718361664321437e-11 	 
282.25160102129786 	 3.6702514732854486e-5 	 3.654387934177545e-5 	 -4.715244769237339e-9 	 1.3426333517081933e-5 	 1.8008989659288944e-13 	 3.511366524576095e-11 	 3.912762134412691e-7 	 -3.4877587373577415e-7 	 -7.009875840562723e-6 	 -6.140825736024022e-6 	 7.739798610603586e-10 	 -1.2251477183316772e-9 	 -5.320230333617495e-8 	 -6.15791794147541e-8 	 -3.3132319416740773e-8 	 -2.7595956105706433e-8 	 -1.3403314183612338e-11 	 -3.230845299061442e-11 	 6.606249559676273e-11 	 1.339372837227478e-10 	 -1.253587711749186e-9 	 -1.918892636596589e-9 	 1.2049261614111642e-8 	 1.214078505989683e-8 	 -1.7020034267499515e-11 	 -1.0846280449961392e-11 	 
287.22585024024306 	 3.4675296774291234e-5 	 3.4556277073917716e-5 	 -4.759712686997029e-9 	 1.3181993897688883e-5 	 1.9558830302059122e-13 	 3.6263816745310804e-11 	 3.8219287242828225e-7 	 -3.408442622624336e-7 	 -6.913824752838121e-6 	 -6.031114246835073e-6 	 7.80660492578991e-10 	 -1.236160858217818e-9 	 -5.314387798672329e-8 	 -6.15630319089838e-8 	 -3.31932640440612e-8 	 -2.7631340275721973e-8 	 -1.3959136663537892e-11 	 -3.360692824303532e-11 	 6.746692570461866e-11 	 1.3814339415338897e-10 	 -1.2595862348378e-9 	 -1.94975316476479e-9 	 1.2153390601639504e-8 	 1.2252839216251785e-8 	 -1.7510628643962123e-11 	 -1.0963989531080984e-11 	 
292.2877629310785 	 3.273680659371206e-5 	 3.2654630906634264e-5 	 -4.803709158662894e-9 	 1.293941945339159e-5 	 2.1240305402954197e-13 	 3.7441551987805697e-11 	 3.7321213133152165e-7 	 -3.330015883880836e-7 	 -6.817034727167213e-6 	 -5.92116831700818e-6 	 7.872326235864115e-10 	 -1.2470196319377824e-9 	 -5.312389501429015e-8 	 -6.157712344840456e-8 	 -3.3206513834031714e-8 	 -2.762348045009082e-8 	 -1.4536341812964053e-11 	 -3.495201653023961e-11 	 6.88548678643369e-11 	 1.4244088004420336e-10 	 -1.2648710815284003e-9 	 -1.9805972355238e-9 	 1.225524722816745e-8 	 1.236308493913738e-8 	 -1.8010773941678017e-11 	 -1.1070588902934805e-11 	 
297.4388840273143 	 3.090350097013224e-5 	 3.085667166905703e-5 	 -4.847230456382797e-9 	 1.2697713670638911e-5 	 2.3063647671895644e-13 	 3.864712439490617e-11 	 3.6433572293049887e-7 	 -3.252496064142738e-7 	 -6.7196908021643546e-6 	 -5.8111987560621626e-6 	 7.936946708518692e-10 	 -1.2577216639967715e-9 	 -5.314231315002851e-8 	 -6.161750814129504e-8 	 -3.31669666350365e-8 	 -2.756318013307985e-8 	 -1.513569909141492e-11 	 -3.6345114617546e-11 	 7.02911348491233e-11 	 1.469055303289142e-10 	 -1.2693968610183797e-9 	 -2.011375509760284e-9 	 1.2354741199408848e-8 	 1.2471420845718438e-8 	 -1.852053830139563e-11 	 -1.1165092841767391e-11 	 
302.6807856895305 	 2.9157125574827767e-5 	 2.9138518541559573e-5 	 -4.890277957355712e-9 	 1.246260051715941e-5 	 2.5040228384701373e-13 	 3.9880777569629894e-11 	 3.5556467257956307e-7 	 -3.175895439856455e-7 	 -6.621870240126226e-6 	 -5.701252884544497e-6 	 8.000459354033936e-10 	 -1.2682658219000626e-9 	 -5.316440986160674e-8 	 -6.163224669558562e-8 	 -3.3115716817118906e-8 	 -2.7468667856331333e-8 	 -1.5758003288254165e-11 	 -3.778764773059258e-11 	 7.18232576241946e-11 	 1.5157626351540135e-10 	 -1.2731295682228344e-9 	 -2.0420424020915932e-9 	 1.2451783084984258e-8 	 1.2577741460473297e-8 	 -1.9039931122062776e-11 	 -1.1246433910157519e-11 	 
308.0150677852139 	 2.7492243228864425e-5 	 2.750421459746582e-5 	 -4.932849250898481e-9 	 1.2224848074266458e-5 	 2.7183081634710013e-13 	 4.114273685320439e-11 	 3.4691289994853826e-7 	 -3.100327247408452e-7 	 -6.523723930655407e-6 	 -5.591450947492169e-6 	 8.062850161030025e-10 	 -1.278649926918214e-9 	 -5.311674308263434e-8 	 -6.155509258635734e-8 	 -3.3116465476122874e-8 	 -2.7395468659884212e-8 	 -1.6404075254003688e-11 	 -3.9281073623658547e-11 	 7.343615673688515e-11 	 1.563885959891241e-10 	 -1.2760719223756065e-9 	 -2.0725880336438575e-9 	 1.2546286481539684e-8 	 1.2681945789885727e-8 	 -1.9568941314581165e-11 	 -1.1313506862478337e-11 	 
313.44335837704745 	 2.5922567872064375e-5 	 2.595991209707024e-5 	 -4.974940722262487e-9 	 1.1992338486963181e-5 	 2.9506884681763466e-13 	 4.243320383837389e-11 	 3.383761905802413e-7 	 -3.025761264856523e-7 	 -6.4253701402854755e-6 	 -5.481967153923233e-6 	 8.124102661565402e-10 	 -1.2888714200712978e-9 	 -5.297254894276719e-8 	 -6.144529546187644e-8 	 -3.31300136202949e-8 	 -2.7376689135429095e-8 	 -1.707476270307461e-11 	 -4.08268863956389e-11 	 7.503591191664842e-11 	 1.6126589636088764e-10 	 -1.2782345129510937e-9 	 -2.10305749510017e-9 	 1.26381631241239e-8 	 1.2783940454901226e-8 	 -2.0107616044789548e-11 	 -1.1365205176188853e-11 	 
318.9673142198097 	 2.442308220935077e-5 	 2.4483752659982454e-5 	 -5.016553181919683e-9 	 1.1762167872027047e-5 	 3.202680549942478e-13 	 4.3752356502040995e-11 	 3.2996004227310737e-7 	 -2.9522438235209453e-7 	 -6.326961266140593e-6 	 -5.372870731819538e-6 	 8.184208036998432e-10 	 -1.2989288066501028e-9 	 -5.28074334972528e-8 	 -6.136116359384216e-8 	 -3.310312562165803e-8 	 -2.7365699227383005e-8 	 -1.7770941046988865e-11 	 -4.2426614057953533e-11 	 7.656706800883291e-11 	 1.662385220858694e-10 	 -1.2795926647684857e-9 	 -2.1334830072165525e-9 	 1.2727313184518987e-8 	 1.2883636809602028e-8 	 -2.065609167745236e-11 	 -1.1400384613493753e-11 	 
324.5886212660263 	 2.3006706679092048e-5 	 2.3088357345867106e-5 	 -5.057681639463163e-9 	 1.1534685875746924e-5 	 3.475844381233116e-13 	 4.510035478139069e-11 	 3.2167273500961516e-7 	 -2.879841822021778e-7 	 -6.228492026398653e-6 	 -5.264214773103181e-6 	 8.243146761562728e-10 	 -1.3088190334419985e-9 	 -5.267333281056703e-8 	 -6.130856444549289e-8 	 -3.302250002923729e-8 	 -2.732204024200048e-8 	 -1.8493514003205375e-11 	 -4.408179762310387e-11 	 7.805585450079632e-11 	 1.7138874790257763e-10 	 -1.2801029006675594e-9 	 -2.1638492769456515e-9 	 1.28136340528309e-8 	 1.2980960919598365e-8 	 -2.1214521702958796e-11 	 -1.1417806640182781e-11 	 
330.30899518053633 	 2.166583783852563e-5 	 2.176657513127895e-5 	 -5.098323651154408e-9 	 1.1309787893117644e-5 	 3.7718611399094596e-13 	 4.647734367377075e-11 	 3.135080578995732e-7 	 -2.808509195113173e-7 	 -6.1301159589384994e-6 	 -5.156207453070137e-6 	 8.300903552117664e-10 	 -1.3185396313354166e-9 	 -5.25841254468412e-8 	 -6.123704336547913e-8 	 -3.292796973584365e-8 	 -2.722698734212822e-8 	 -1.9243414748223434e-11 	 -4.579398666826435e-11 	 7.95704985885295e-11 	 1.7676722439212453e-10 	 -1.279730590220578e-9 	 -2.1941100995626303e-9 	 1.2897022164289533e-8 	 1.3075849385256084e-8 	 -2.178301092187211e-11 	 -1.1416133205768586e-11 	 
336.13018186412717 	 2.038804344498376e-5 	 2.0507347581717828e-5 	 -5.138478315914986e-9 	 1.1086322891321308e-5 	 4.092608423400656e-13 	 4.788345665119679e-11 	 3.0547470629458516e-7 	 -2.7383156008098313e-7 	 -6.032018812529799e-6 	 -5.048905333219793e-6 	 8.357465612562651e-10 	 -1.3280884486377159e-9 	 -5.251322532548933e-8 	 -6.10784115993947e-8 	 -3.28853205726138e-8 	 -2.7091611456938204e-8 	 -2.0021606180282637e-11 	 -4.756473740428327e-11 	 8.117397275675545e-11 	 1.823079849174575e-10 	 -1.2784795679293486e-9 	 -2.224214500888377e-9 	 1.2977377751806933e-8 	 1.3168244195079985e-8 	 -2.2361595907198595e-11 	 -1.1393975398457272e-11 	 
342.05395798639364 	 1.9184935711466627e-5 	 1.932049544210808e-5 	 -5.1781399008317384e-9 	 1.0866049288148398e-5 	 4.440178655031568e-13 	 4.931882541491228e-11 	 2.9757348634454445e-7 	 -2.6692686324833293e-7 	 -5.934111953130396e-6 	 -4.942364474458866e-6 	 8.412811084726675e-10 	 -1.3374620140293148e-9 	 -5.238798817813288e-8 	 -6.089722584735085e-8 	 -3.284925891282346e-8 	 -2.696865610562404e-8 	 -2.0829081857320974e-11 	 -4.939561242246864e-11 	 8.286739547231996e-11 	 1.8793591254973764e-10 	 -1.2763600080605474e-9 	 -2.254144701831218e-9 	 1.3054611251576712e-8 	 1.3258087761894832e-8 	 -2.2950273477789617e-11 	 -1.1349933603953431e-11 	 
348.082131527994 	 1.8041959351556514e-5 	 1.8192227809315535e-5 	 -5.2173066739578635e-9 	 1.0648429696693903e-5 	 4.816860453089076e-13 	 5.078359186671477e-11 	 2.898030034411407e-7 	 -2.6013591463137614e-7 	 -5.836560600553563e-6 	 -4.8366422424232074e-6 	 8.4669249859242e-10 	 -1.3466577955935147e-9 	 -5.216586286872386e-8 	 -6.074846432224546e-8 	 -3.276723743570983e-8 	 -2.6902000244778584e-8 	 -2.166686756370397e-11 	 -5.128818852363277e-11 	 8.455517992545547e-11 	 1.9369745613181895e-10 	 -1.273344059321131e-9 	 -2.283947678135802e-9 	 1.3128661184455945e-8 	 1.3345335905445708e-8 	 -2.3549099381212895e-11 	 -1.1282554449688169e-11 	 
354.2165423324566 	 1.696290750436884e-5 	 1.7126515525728418e-5 	 -5.25597412656012e-9 	 1.043344346184354e-5 	 5.22508368891891e-13 	 5.227791666304808e-11 	 2.8216898714342303e-7 	 -2.534632096736145e-7 	 -5.739451109447252e-6 	 -4.731789487176299e-6 	 8.51978698204948e-10 	 -1.3556724649034249e-9 	 -5.192490333203171e-8 	 -6.062443675714811e-8 	 -3.2637821756923005e-8 	 -2.684372408525121e-8 	 -2.2536020677245975e-11 	 -5.324405984790139e-11 	 8.617255603419805e-11 	 1.996824546250345e-10 	 -1.2693888794676808e-9 	 -2.313663229953532e-9 	 1.3199474149741919e-8 	 1.3429940881792628e-8 	 -2.4158234503741776e-11 	 -1.1190267541805779e-11 	 
360.45906266771465 	 1.5941791721129017e-5 	 1.6117624174197745e-5 	 -5.294138996561068e-9 	 1.022100196927922e-5 	 5.667412530162174e-13 	 5.380196674907821e-11 	 2.7466665332716356e-7 	 -2.469051944226103e-7 	 -5.642856390321171e-6 	 -4.627894888441629e-6 	 8.571378584506453e-10 	 -1.3645029221694333e-9 	 -5.172051074534937e-8 	 -6.045115828604045e-8 	 -3.252561454386172e-8 	 -2.6750396360930667e-8 	 -2.3437632971773152e-11 	 -5.52648466859014e-11 	 8.775146115563272e-11 	 2.059098291988717e-10 	 -1.2644723153696651e-9 	 -2.3432746988529943e-9 	 1.3266999187417081e-8 	 1.3511851078237978e-8 	 -2.477786360704351e-11 	 -1.1071399778072174e-11 	 
366.81159779753773 	 1.4974689345663962e-5 	 1.5161700018599325e-5 	 -5.331797660472516e-9 	 1.0011169071721851e-5 	 6.146619382111215e-13 	 5.53558954569196e-11 	 2.6730326387910945e-7 	 -2.4046744961603774e-7 	 -5.546848621625925e-6 	 -4.52501771903973e-6 	 8.621680357374461e-10 	 -1.3731458435307467e-9 	 -5.156208493725386e-8 	 -6.021134022721743e-8 	 -3.24573458012364e-8 	 -2.6606090172343837e-8 	 -2.4372828707335622e-11 	 -5.7352165636607896e-11 	 8.936933300228834e-11 	 2.122775031723657e-10 	 -1.2586105638267483e-9 	 -2.372731139164222e-9 	 1.3331186253093208e-8 	 1.3591013752501825e-8 	 -2.5408111010597564e-11 	 -1.0924239128841619e-11 	 
373.2760865630298 	 1.406517448561398e-5 	 1.4262526012506669e-5 	 -5.368945051885191e-9 	 9.803903833385218e-6 	 6.665674049114579e-13 	 5.6939817704128046e-11 	 2.6007164960214564e-7 	 -2.3414459045525348e-7 	 -5.451500788525305e-6 	 -4.423257449211582e-6 	 8.670669732594169e-10 	 -1.3815973695871694e-9 	 -5.140969355532524e-8 	 -5.998738998687271e-8 	 -3.236230799140313e-8 	 -2.6432706747380737e-8 	 -2.534276938115494e-11 	 -5.950761588988012e-11 	 9.108569614194953e-11 	 2.1877090617245364e-10 	 -1.2517959376735194e-9 	 -2.4019838053587188e-9 	 1.3391981357469443e-8 	 1.3667373891576755e-8 	 -2.6049025183251763e-11 	 -1.0747041696291559e-11 	 
379.8545019743811 	 1.3197178287356664e-5 	 1.3404028566336651e-5 	 -5.405579878855214e-9 	 9.599243889955556e-6 	 7.22782440028276e-13 	 5.85537898445567e-11 	 2.529795958230936e-7 	 -2.279425162909211e-7 	 -5.3568412157492e-6 	 -4.322645030528394e-6 	 8.71833082274027e-10 	 -1.389854428011247e-9 	 -5.117729557502355e-8 	 -5.979994348092953e-8 	 -3.2214552896511924e-8 	 -2.629708474497559e-8 	 -2.63486493848535e-11 	 -6.173277392740314e-11 	 9.286765205655559e-11 	 2.2548053955735586e-10 	 -1.2439892397091458e-9 	 -2.431037712532095e-9 	 1.3449323016450823e-8 	 1.374087492017863e-8 	 -2.6700635078903437e-11 	 -1.0537957978679372e-11 	 
386.5488518130427 	 1.2389433899081865e-5 	 1.260540167072866e-5 	 -5.441692252469617e-9 	 9.396899103600209e-6 	 7.836656928400905e-13 	 6.019780364779901e-11 	 2.4602267696426945e-7 	 -2.218578515778015e-7 	 -5.262957787177752e-6 	 -4.223255470048147e-6 	 8.76463133580264e-10 	 -1.3979115993031966e-9 	 -5.087707700751825e-8 	 -5.959263648120378e-8 	 -3.205985431890584e-8 	 -2.620420174257385e-8 	 -2.7391703193116196e-11 	 -6.402921799001924e-11 	 9.460366350756542e-11 	 2.3246707539072962e-10 	 -1.2351585763027293e-9 	 -2.4599558716280662e-9 	 1.3503143314639846e-8 	 1.3811464785179994e-8 	 -2.7363074892531248e-11 	 -1.0295003227220748e-11 	 
393.36117924451753 	 1.1614127574039395e-5 	 1.1838328181456317e-5 	 -5.477285819195755e-9 	 9.19746445215855e-6 	 8.496007687229219e-13 	 6.187180476480508e-11 	 2.391965994719232e-7 	 -2.1588745630756716e-7 	 -5.169903208062433e-6 	 -4.12509602976401e-6 	 8.80956375350941e-10 	 -1.4057667304699806e-9 	 -5.059304724589508e-8 	 -5.9310489406060316e-8 	 -3.1957434698874105e-8 	 -2.6096022399143085e-8 	 -2.8473198882547605e-11 	 -6.639850908067995e-11 	 9.627383523319486e-11 	 2.396449547614508e-10 	 -1.2253140813091812e-9 	 -2.4887550147620836e-9 	 1.3553376051924868e-8 	 1.3879102265504551e-8 	 -2.803657378358706e-11 	 -1.001612423622531e-11 	 
400.2935634419512 	 1.0890681991809777e-5 	 1.11219550177243e-5 	 -5.512348795522816e-9 	 9.001351622145348e-6 	 9.209925141548418e-13 	 6.357572869918543e-11 	 2.3251661836005428e-7 	 -2.1004250667130424e-7 	 -5.077720384244762e-6 	 -4.0282491270825635e-6 	 8.853091405985147e-10 	 -1.4134135943106713e-9 	 -5.035912956457416e-8 	 -5.90354061045001e-8 	 -3.183817062538157e-8 	 -2.5940554412469533e-8 	 -2.9594447063315e-11 	 -6.884220983135665e-11 	 9.794719562373346e-11 	 2.469683577312438e-10 	 -1.2144571146497918e-9 	 -2.5173947137366915e-9 	 1.3599985314725393e-8 	 1.3943777004164329e-8 	 -2.8721340557632604e-11 	 -9.699232756971645e-12 	 
407.3481202207082 	 1.0209050820324603e-5 	 1.0447553569785082e-5 	 -5.546878986261168e-9 	 8.80712775950822e-6 	 9.982775016467266e-13 	 6.530954187672797e-11 	 2.259575368211005e-7 	 -2.0430438008264675e-7 	 -4.986403943126711e-6 	 -3.932617341828849e-6 	 8.895195132415113e-10 	 -1.420848236292693e-9 	 -5.015366592463783e-8 	 -5.879882719779667e-8 	 -3.166683168527384e-8 	 -2.5744554428367044e-8 	 -3.075679314440982e-11 	 -7.13618525560365e-11 	 9.970476910721387e-11 	 2.545273688356603e-10 	 -1.2025516754935155e-9 	 -2.5458176443513026e-9 	 1.3642938540383363e-8 	 1.4005475295806184e-8 	 -2.9417500305183626e-11 	 -9.342133866330197e-12 	 
414.5270026841376 	 9.554783500982194e-6 	 9.799469311537227e-6 	 -5.580877056565072e-9 	 8.616066106951505e-6 	 1.0819421584167073e-12 	 6.707325168764864e-11 	 2.1954396909921929e-7 	 -1.9869109235174108e-7 	 -4.895975108245353e-6 	 -3.838287869807881e-6 	 8.935860544335972e-10 	 -1.4280672909129139e-9 	 -4.989476056422406e-8 	 -5.8543828743957914e-8 	 -3.149041962245579e-8 	 -2.5567390074208896e-8 	 -3.196162726055589e-11 	 -7.395891232917247e-11 	 1.0155030127359228e-10 	 2.623898017789792e-10 	 -1.1895666809417608e-9 	 -2.5740072772646586e-9 	 1.3682215625472743e-8 	 1.4064192267088328e-8 	 -3.01251145508103e-11 	 -8.942480007844757e-12 	 
421.8324018807136 	 8.955517536136047e-6 	 9.206218195419794e-6 	 -5.614325372282063e-9 	 8.427537324563904e-6 	 1.172525747358066e-12 	 6.886689323853083e-11 	 2.1325968334606453e-7 	 -1.9319055343106882e-7 	 -4.806549157922884e-6 	 -3.7453796086943073e-6 	 8.975038806198758e-10 	 -1.4350626433135546e-9 	 -4.955389269156241e-8 	 -5.8220757977215394e-8 	 -3.136371764621031e-8 	 -2.544296823807947e-8 	 -3.321037465106126e-11 	 -7.66347778641955e-11 	 1.033700967577874e-10 	 2.704645606209733e-10 	 -1.1755133077002674e-9 	 -2.602025792145753e-9 	 1.3717799549969871e-8 	 1.4119926345397493e-8 	 -3.084433254868986e-11 	 -8.497844237861915e-12 	 
429.266547472761 	 8.373670418809708e-6 	 8.629861251419867e-6 	 -5.647234695818773e-9 	 8.242018517128003e-6 	 1.2705920057457436e-12 	 7.06904972994537e-11 	 2.07101908441457e-7 	 -1.878007871063748e-7 	 -4.718207514273752e-6 	 -3.653889994234455e-6 	 9.012733535515404e-10 	 -1.4418332138868863e-9 	 -4.922128121553119e-8 	 -5.7914725627550817e-8 	 -3.1212178806214435e-8 	 -2.531135759870962e-8 	 -3.4504509679944934e-11 	 -7.939079992919063e-11 	 1.0511811893783632e-10 	 2.787209466178697e-10 	 -1.1603890463235654e-9 	 -2.6299063224461875e-9 	 1.3749671253276379e-8 	 1.4172675698753043e-8 	 -3.1575442154115485e-11 	 -8.0057472375279e-12 	 
436.8317084169661 	 7.835466530473636e-6 	 8.096684096415537e-6 	 -5.679588202442062e-9 	 8.059331397901248e-6 	 1.3767365539603545e-12 	 7.254405373665227e-11 	 2.0108747254167902e-7 	 -1.8253365231729933e-7 	 -4.630891932897859e-6 	 -3.5637664205750424e-6 	 9.048896522982852e-10 	 -1.4483708299314838e-9 	 -4.894017899926389e-8 	 -5.764364020425406e-8 	 -3.101176944183665e-8 	 -2.513443238738222e-8 	 -3.584553934026394e-11 	 -8.222826425426554e-11 	 1.0686170450298408e-10 	 2.8726369378777686e-10 	 -1.144156958937362e-9 	 -2.6576115320231124e-9 	 1.3777805157412744e-8 	 1.4222433079488403e-8 	 -3.2318734149055514e-11 	 -7.463578600708715e-12 	 
444.53019365687624 	 7.32561762758168e-6 	 7.5924478154309075e-6 	 -5.711384173360848e-9 	 7.87845665389711e-6 	 1.49160906816268e-12 	 7.442747974796041e-11 	 1.9519064240407793e-7 	 -1.7737055755557215e-7 	 -4.544554791024029e-6 	 -3.475101651803575e-6 	 9.08350696823939e-10 	 -1.4546709902285709e-9 	 -4.868972082430664e-8 	 -5.732977279980475e-8 	 -3.0832955853192986e-8 	 -2.4918217487007514e-8 	 -3.7235025348320544e-11 	 -8.514845287795969e-11 	 1.0868914096446412e-10 	 2.9612741272125256e-10 	 -1.1267967304649067e-9 	 -2.685081133405034e-9 	 1.3802171657398343e-8 	 1.4269184671918407e-8 	 -3.307439444766964e-11 	 -6.868571437035105e-12 	 
452.36435282761 	 6.842544020897293e-6 	 7.114465525022902e-6 	 -5.742620478948715e-9 	 7.700739216369353e-6 	 1.615921613591021e-12 	 7.634061280255721e-11 	 1.8943119919401277e-7 	 -1.723254447864831e-7 	 -4.459345337526481e-6 	 -3.3880032125509113e-6 	 9.116543465873042e-10 	 -1.4607288459828425e-9 	 -4.838234744402408e-8 	 -5.6975214282842884e-8 	 -3.068386934519424e-8 	 -2.472669611227434e-8 	 -3.8674561244703396e-11 	 -8.815253342648544e-11 	 1.105998879170388e-10 	 3.0520219321448887e-10 	 -1.1083239013664134e-9 	 -2.71230211122307e-9 	 1.3822743030843785e-8 	 1.431290922982862e-8 	 -3.384254792067106e-11 	 -6.217883461578424e-12 	 
460.3365769729802 	 6.391675871505556e-6 	 6.668229227470036e-6 	 -5.773286760786323e-9 	 7.5259584648584e-6 	 1.7504421610760999e-12 	 7.828323878294295e-11 	 1.8379404763906963e-7 	 -1.6738736384296317e-7 	 -4.375313522735255e-6 	 -3.30224536924713e-6 	 9.147967941881816e-10 	 -1.4665371490825456e-9 	 -4.800408693239258e-8 	 -5.665722579933813e-8 	 -3.0490546383289277e-8 	 -2.4583255097537463e-8 	 -4.016579690019099e-11 	 -9.12415440300179e-11 	 1.1247153234463845e-10 	 3.1452532810711274e-10 	 -1.0887204054980634e-9 	 -2.7393441579379575e-9 	 1.3839508562256894e-8 	 1.4353593522688856e-8 	 -3.4623442014452e-11 	 -5.508588321523567e-12 	 
468.4492992752599 	 5.964721369118226e-6 	 6.245168853175321e-6 	 -5.803380429816414e-9 	 7.354356895399587e-6 	 1.8959896262368314e-12 	 8.025514284008441e-11 	 1.78287521385062e-7 	 -1.6256196561273106e-7 	 -4.292388669835887e-6 	 -3.2178471095003182e-6 	 9.177757168903816e-10 	 -1.4720902384714964e-9 	 -4.764810893180551e-8 	 -5.634752958977214e-8 	 -3.027113135577367e-8 	 -2.442360060566567e-8 	 -4.1710416099269007e-11 	 -9.441635005057812e-11 	 1.1427615402014854e-10 	 3.242036771863891e-10 	 -1.0679518850034541e-9 	 -2.766231079135706e-9 	 1.3852486991091027e-8 	 1.4391256372291978e-8 	 -3.5417468503630904e-11 	 -4.737586656995511e-12 	 
476.7049957978088 	 5.566159605816824e-6 	 5.850261411318707e-6 	 -5.832894527033238e-9 	 7.185666108391507e-6 	 2.053445390703743e-12 	 8.225614091210788e-11 	 1.728989374457637e-7 	 -1.5784015337719318e-7 	 -4.210609538881065e-6 	 -3.134989379380173e-6 	 9.205878571779913e-10 	 -1.4773810303499141e-9 	 -4.734625484168461e-8 	 -5.597315537499102e-8 	 -3.010441042002059e-8 	 -2.4216399440123446e-8 	 -4.331015994961311e-11 	 -9.767772433263658e-11 	 1.1609938409678858e-10 	 3.3417471420351855e-10 	 -1.0460216922799577e-9 	 -2.7929135821900114e-9 	 1.3861680704892963e-8 	 1.4425913487154582e-8 	 -3.6224991062858066e-11 	 -3.901650533852309e-12 	 
485.10618624078336 	 5.18480822982022e-6 	 5.4729153877198016e-6 	 -5.861825868590887e-9 	 7.019292229396723e-6 	 2.2237663602915274e-12 	 8.428607559450805e-11 	 1.6764211017421608e-7 	 -1.532312392466272e-7 	 -4.129986900260038e-6 	 -3.053677080606926e-6 	 9.232306936841296e-10 	 -1.4824030463766163e-9 	 -4.705593123386139e-8 	 -5.561449266681471e-8 	 -2.991525554978749e-8 	 -2.3984904228052327e-8 	 -4.4966804023839744e-11 	 -1.0102631159300994e-10 	 1.1802116965260626e-10 	 3.4438863896596853e-10 	 -1.0229320099046616e-9 	 -2.8193343542848363e-9 	 1.3867092941197735e-8 	 1.4457595163992295e-8 	 -3.704626103592888e-11 	 -2.9974720506078167e-12 	 
493.65543471017156 	 4.836192668036793e-6 	 5.127910211901683e-6 	 -5.890160350114625e-9 	 6.855920266815446e-6 	 2.4080069234699645e-12 	 8.63447895505244e-11 	 1.624983478505124e-7 	 -1.4872202023924905e-7 	 -4.050536220092292e-6 	 -2.9738536944572648e-6 	 9.256994818490732e-10 	 -1.487146808888999e-9 	 -4.6683513013188154e-8 	 -5.5287244209289357e-8 	 -2.96826531703079e-8 	 -2.3802750288086e-8 	 -4.668218314495897e-11 	 -1.0446264481091415e-10 	 1.199862145202367e-10 	 3.549612323945875e-10 	 -9.986498640727547e-10 	 -2.845515462500734e-9 	 1.386872205731175e-8 	 1.4486335582268992e-8 	 -3.7881520742409813e-11 	 -2.0215917135802727e-12 	 
502.3553505003736 	 4.495864833253014e-6 	 4.790147052143676e-6 	 -5.917906966980871e-9 	 6.696180217954473e-6 	 2.6072958106037604e-12 	 8.84320927456846e-11 	 1.5747859488100494e-7 	 -1.4431980010711094e-7 	 -3.972203393697723e-6 	 -2.8955319524288023e-6 	 9.279939794308774e-10 	 -1.4916083162506154e-9 	 -4.628307665916474e-8 	 -5.490601794199807e-8 	 -2.9489419555155037e-8 	 -2.364255276901812e-8 	 -4.845816768451165e-11 	 -1.0798699478056059e-10 	 1.2187948040308507e-10 	 3.658942857674367e-10 	 -9.731657537618112e-10 	 -2.8715287008342405e-9 	 1.3866564520137434e-8 	 1.4512166255691058e-8 	 -3.873119832264514e-11 	 -9.703785399608487e-13 	 
511.2085888905816 	 4.189735818043879e-6 	 4.486848818843564e-6 	 -5.945039007589036e-9 	 6.53892267011408e-6 	 2.822826616566484e-12 	 9.054774889375852e-11 	 1.5257962299694056e-7 	 -1.4002189212713916e-7 	 -3.8951496940754285e-6 	 -2.818685155578561e-6 	 9.3010688034937e-10 	 -1.4957744696715077e-9 	 -4.593049745377889e-8 	 -5.4520108995629065e-8 	 -2.9296022105656054e-8 	 -2.3445981273297484e-8 	 -5.0296685864018794e-11 	 -1.1159941725252243e-10 	 1.2373853175559166e-10 	 3.7709510105543956e-10 	 -9.464899521785488e-10 	 -2.8973588445564043e-9 	 1.3860627361966247e-8 	 1.4535113555476466e-8 	 -3.9595822362404295e-11 	 1.5989214532400777e-13 	 
520.2178519551875 	 3.8892165489559295e-6 	 4.190404023460924e-6 	 -5.9715706308823705e-9 	 6.383065556911058e-6 	 3.055895245296557e-12 	 9.26914873995373e-11 	 1.4778683854302525e-7 	 -1.3581833341612815e-7 	 -3.819393685977212e-6 	 -2.743201880848497e-6 	 9.320388719817783e-10 	 -1.4996420152031417e-9 	 -4.562005466908713e-8 	 -5.417187432932732e-8 	 -2.9055376505668868e-8 	 -2.3207562973743575e-8 	 -5.2199706688782035e-11 	 -1.1529972959803204e-10 	 1.2566794101877013e-10 	 3.8866710517165884e-10 	 -9.185952353853817e-10 	 -2.9229398984151954e-9 	 1.3850931483452358e-8 	 1.4555195928498392e-8 	 -4.0475824236058605e-11 	 1.3730882262628858e-12 	 
529.3858893884775 	 3.613286568650008e-6 	 3.917544182111958e-6 	 -5.997480823320698e-9 	 6.23079205101042e-6 	 3.3079213555883384e-12 	 9.486301290086721e-11 	 1.4312368629200233e-7 	 -1.3172429378580514e-7 	 -3.7447983552425104e-6 	 -2.6691915776159006e-6 	 9.33783667988801e-10 	 -1.503198714793767e-9 	 -4.5262628007106355e-8 	 -5.377999434206439e-8 	 -2.8845600102561562e-8 	 -2.299076439658065e-8 	 -5.416925115446294e-11 	 -1.1908755291031113e-10 	 1.276838730105501e-10 	 4.006433223001804e-10 	 -8.894678044095122e-10 	 -2.9482502296793865e-9 	 1.3837505405077546e-8 	 1.457242819017355e-8 	 -4.137155257442753e-11 	 2.6732641923871554e-12 	 
538.7154993438611 	 3.354314666091614e-6 	 3.6621689306053956e-6 	 -6.02276546215252e-9 	 6.080751126751334e-6 	 3.5804223663719847e-12 	 9.7061998903296e-11 	 1.3855887900158676e-7 	 -1.2771871535098746e-7 	 -3.671366039038937e-6 	 -2.596804223411973e-6 	 9.353382591145394e-10 	 -1.5064360123203765e-9 	 -4.484235481427307e-8 	 -5.337803242180507e-8 	 -2.86418703200569e-8 	 -2.2819717332549365e-8 	 -5.6207387851776385e-11 	 -1.2296219063581084e-10 	 1.2965495177634616e-10 	 4.129225105699123e-10 	 -8.591187589759126e-10 	 -2.973366169795399e-9 	 1.3820371275280022e-8 	 1.4586827900246506e-8 	 -4.22835032653278e-11 	 4.064590619223179e-12 	 
548.2095292878844 	 3.1059802674543503e-6 	 3.4169185503687893e-6 	 -6.0474258764456445e-9 	 5.933956674688947e-6 	 3.875022681590366e-12 	 9.928808380095945e-11 	 1.3411426222295003e-7 	 -1.2381565049006518e-7 	 -3.5991888642424463e-6 	 -2.525906691828768e-6 	 9.367007038486066e-10 	 -1.5093460517235482e-9 	 -4.445639811854714e-8 	 -5.30134754110019e-8 	 -2.8391946542006404e-8 	 -2.2625677200060768e-8 	 -5.831623273958855e-11 	 -1.269225641508799e-10 	 1.3156569901269076e-10 	 4.2560626133656854e-10 	 -8.27524373467162e-10 	 -2.9983056722750185e-9 	 1.3799533721290704e-8 	 1.4598416259704376e-8 	 -4.3212355499509797e-11 	 5.551381184683622e-12 	 
557.8708768693028 	 2.880050008803873e-6 	 3.193285524129127e-6 	 -6.071440389377965e-9 	 5.7904339664009255e-6 	 4.1934783012516425e-12 	 1.0154087523595442e-10 	 1.2977723349453556e-7 	 -1.2000635829270396e-7 	 -3.528173095227934e-6 	 -2.4563461298123533e-6 	 9.378644036551826e-10 	 -1.5119147351037083e-9 	 -4.4122682705021e-8 	 -5.260434668472642e-8 	 -2.8176341651364664e-8 	 -2.238637381932622e-8 	 -6.049795077072381e-11 	 -1.3096726463414035e-10 	 1.335221138486136e-10 	 4.3872192710130186e-10 	 -7.94673928506392e-10 	 -3.023006027223331e-9 	 1.3775026792804936e-8 	 1.460726427771768e-8 	 -4.415874747860009e-11 	 7.138147144028673e-12 	 
567.7024908034608 	 2.6641748096988067e-6 	 2.9788045603410318e-6 	 -6.094813724296194e-9 	 5.650404814696456e-6 	 4.5377063502535215e-12 	 1.0381997972047327e-10 	 1.255435595866925e-7 	 -1.1628782368928147e-7 	 -3.4583430217548386e-6 	 -2.388220736885564e-6 	 9.388280211010574e-10 	 -1.514133860382329e-9 	 -4.376485384552292e-8 	 -5.219581278648106e-8 	 -2.7957164847205755e-8 	 -2.2152859924225265e-8 	 -6.275475469360384e-11 	 -1.3509457803760432e-10 	 1.3557568426887196e-10 	 4.5217812537700117e-10 	 -7.605763394533126e-10 	 -3.047425635963032e-9 	 1.3746872904263014e-8 	 1.461342895532915e-8 	 -4.512319823355358e-11 	 8.829522395409458e-12 	 
577.707371772264 	 2.462047536254357e-6 	 2.7790910930849582e-6 	 -6.117532960013537e-9 	 5.512045779174455e-6 	 4.909763972117854e-12 	 1.061250224677301e-10 	 1.2142135947566188e-7 	 -1.1266476584244947e-7 	 -3.389774327801449e-6 	 -2.32156375111005e-6 	 9.395866333528235e-10 	 -1.5159904254522825e-9 	 -4.333486285065313e-8 	 -5.1817475144331307e-8 	 -2.7700320236396472e-8 	 -2.1971345257701323e-8 	 -6.508890423044147e-11 	 -1.3930234067992432e-10 	 1.376029118005073e-10 	 4.660931926052618e-10 	 -7.252088192514285e-10 	 -3.0716338303694056e-9 	 1.371510557237273e-8 	 1.4616962982905817e-8 	 -4.6106339450322776e-11 	 1.0630302283102435e-11 	 
587.8885733400108 	 2.2728497795343384e-6 	 2.592563908963292e-6 	 -6.1395873710778994e-9 	 5.376073826758504e-6 	 5.311843840195382e-12 	 1.0845565632678129e-10 	 1.1739872677881376e-7 	 -1.0912918443184832e-7 	 -3.3224555984055776e-6 	 -2.2563079690347393e-6 	 9.401357118704127e-10 	 -1.5174715660312082e-9 	 -4.29328662575707e-8 	 -5.138887404577607e-8 	 -2.748381339333144e-8 	 -2.177303266573747e-8 	 -6.750270533797635e-11 	 -1.4358781298230044e-10 	 1.3956233774742622e-10 	 4.804490184982484e-10 	 -6.885692392536612e-10 	 -3.0956643138695993e-9 	 1.3679769388150398e-8 	 1.4617917895374794e-8 	 -4.71090543371819e-11 	 1.2545479394104345e-11 	 
598.2492028853594 	 2.0950689195828553e-6 	 2.4164339908989477e-6 	 -6.1609741430146894e-9 	 5.243778031525921e-6 	 5.746329174372712e-12 	 1.1081152470439064e-10 	 1.1347952568749307e-7 	 -1.0568310880293488e-7 	 -3.2563230865194922e-6 	 -2.1925252100865595e-6 	 9.404723088464707e-10 	 -1.5185659460750096e-9 	 -4.2585022204405396e-8 	 -5.0983360225010295e-8 	 -2.724269034122191e-8 	 -2.1530028554644652e-8 	 -6.999851251050954e-11 	 -1.479477480925655e-10 	 1.41561129572607e-10 	 4.951984997867341e-10 	 -6.506603135151967e-10 	 -3.119455200339316e-9 	 1.3640904094360936e-8 	 1.4616338208866885e-8 	 -4.813219540970921e-11 	 1.458016840670683e-11 	 
608.7924225497273 	 1.928392234640556e-6 	 2.2517970389966506e-6 	 -6.18168113781199e-9 	 5.11369705453437e-6 	 6.215807533977058e-12 	 1.1319220275723851e-10 	 1.0965953699042086e-7 	 -1.0232343392151858e-7 	 -3.191410322540579e-6 	 -2.1301616813207415e-6 	 9.405915544625853e-10 	 -1.5192595368208852e-9 	 -4.22144409961488e-8 	 -5.05828242969309e-8 	 -2.698736528636131e-8 	 -2.1293489975190804e-8 	 -7.257872038047992e-11 	 -1.5237842121182687e-10 	 1.436563173618193e-10 	 5.104669463348164e-10 	 -6.114623783034351e-10 	 -3.1429621906220925e-9 	 1.3598538717581894e-8 	 1.461226012146813e-8 	 -4.9176506137023545e-11 	 1.6739680372462684e-11 	 
619.5214502023969 	 1.7739664378506942e-6 	 2.097790652771651e-6 	 -6.201698331675823e-9 	 4.987737867106066e-6 	 6.723040697436003e-12 	 1.155971721521337e-10 	 1.059405870080978e-7 	 -9.905078428256782e-8 	 -3.1277180840392724e-6 	 -2.0691092080431595e-6 	 9.404889561156097e-10 	 -1.5195380496720151e-9 	 -4.177679548550111e-8 	 -5.014613473392331e-8 	 -2.676622105532158e-8 	 -2.1106750958455858e-8 	 -7.524577239003134e-11 	 -1.568754704132228e-10 	 1.457194726331393e-10 	 5.261681318113629e-10 	 -5.709833572089643e-10 	 -3.1662583266745586e-9 	 1.355270327581208e-8 	 1.4605722191023e-8 	 -5.02428631373819e-11 	 1.9029494008070982e-11 	 
630.4395604226339 	 1.627878072590282e-6 	 1.9537944813062833e-6 	 -6.2210192251507916e-9 	 4.862543473290944e-6 	 7.270993975560043e-12 	 1.180258710074835e-10 	 1.0231106760604116e-7 	 -9.585767293445575e-8 	 -3.065160747527234e-6 	 -2.0093590034096605e-6 	 9.401607537326726e-10 	 -1.5193869901301218e-9 	 -4.1373668895969856e-8 	 -4.974753144602664e-8 	 -2.650083674606022e-8 	 -2.0898923254491627e-8 	 -7.800215063435445e-11 	 -1.6143375484885387e-10 	 1.4771998250006148e-10 	 5.423537565415954e-10 	 -5.292151092816064e-10 	 -3.1893714201607293e-9 	 1.3503437123512591e-8 	 1.4596771946911292e-8 	 -5.1332411648369375e-11 	 2.145523458548071e-11 	 
641.5500854991163 	 1.4912683241822672e-6 	 1.8165111842628386e-6 	 -6.239635136094998e-9 	 4.742642125612494e-6 	 7.862888627470238e-12 	 1.2047776955033244e-10 	 9.878638948853876e-8 	 -9.275284458466904e-8 	 -3.0037120382821344e-6 	 -1.951038190895891e-6 	 9.396027256966238e-10 	 -1.5187902779336117e-9 	 -4.1020956494627636e-8 	 -4.931423744509189e-8 	 -2.6264873541883273e-8 	 -2.064916491258333e-8 	 -8.085037701438399e-11 	 -1.6604742471278026e-10 	 1.4977446106278725e-10 	 5.590782555170331e-10 	 -4.861505360653176e-10 	 -3.2122328283429634e-9 	 1.3450791708389122e-8 	 1.4585473286042798e-8 	 -5.2446266852088036e-11 	 2.402272740641811e-11 	 
652.8564164469689 	 1.3649975967372924e-6 	 1.6936049020019151e-6 	 -6.257524670059433e-9 	 4.62125771834185e-6 	 8.502194003181225e-12 	 1.2295239703910463e-10 	 9.534318712791655e-8 	 -8.972184179792181e-8 	 -2.9434641701512167e-6 	 -1.8940973182611655e-6 	 9.388079000761283e-10 	 -1.5177278749476687e-9 	 -4.062696763299699e-8 	 -4.889120847141407e-8 	 -2.6016884562433887e-8 	 -2.0421756791687296e-8 	 -8.379301678107871e-11 	 -1.7070988401661533e-10 	 1.5191318699685202e-10 	 5.762619111691995e-10 	 -4.417970393117059e-10 	 -3.234814031851088e-9 	 1.3394815663304302e-8 	 1.4571897690936174e-8 	 -5.358543789665755e-11 	 2.6737945786762334e-11 	 
664.3620040427313 	 1.2400233390400082e-6 	 1.5699082204126359e-6 	 -6.274701774465025e-9 	 4.504451350891798e-6 	 9.19261762762578e-12 	 1.254493020017737e-10 	 9.199871102062488e-8 	 -8.677445418254103e-8 	 -2.884427918946155e-6 	 -1.8384645603631508e-6 	 9.37776898613498e-10 	 -1.5161874153617117e-9 	 -4.0187042795166084e-8 	 -4.8476800885004766e-8 	 -2.575288701935438e-8 	 -2.0231762497311637e-8 	 -8.683266147570388e-11 	 -1.7541349095084205e-10 	 1.5399394613604572e-10 	 5.940316069490776e-10 	 -3.961429057545858e-10 	 -3.2572001105288267e-9 	 1.33355476303971e-8 	 1.4556113891521488e-8 	 -5.475117061566428e-11 	 2.960703953817032e-11 	 
676.0703598775564 	 1.133192039256824e-6 	 1.4645489231858274e-6 	 -6.291119414262205e-9 	 4.38982557055989e-6 	 9.938178702762818e-12 	 1.2796799838274732e-10 	 8.874186982378565e-8 	 -8.390345540752014e-8 	 -2.826542135652399e-6 	 -1.784048591414867e-6 	 9.36497187397731e-10 	 -1.5141414180294957e-9 	 -3.9796417003877126e-8 	 -4.803385653338781e-8 	 -2.5517655752099387e-8 	 -2.0008878121944834e-8 	 -8.997194773548867e-11 	 -1.8014966079870668e-10 	 1.5603609647586623e-10 	 6.123064674010798e-10 	 -3.491962526297596e-10 	 -3.2793892313208427e-9 	 1.3273019429184039e-8 	 1.4538176766288526e-8 	 -5.594495760495527e-11 	 3.263633196430731e-11 	 
687.985057428976 	 1.0236502753377184e-6 	 1.3558902203755493e-6 	 -6.306806775037449e-9 	 4.278195884676911e-6 	 1.0743223818734452e-11 	 1.3050795645708564e-10 	 8.556568174555853e-8 	 -8.110458068075635e-8 	 -2.7698123460952093e-6 	 -1.7308914371751234e-6 	 9.34972767349814e-10 	 -1.5115796629254963e-9 	 -3.943928411781356e-8 	 -4.762478337152614e-8 	 -2.5244471623406507e-8 	 -1.9755441542527378e-8 	 -9.321352843338099e-11 	 -1.849088503347739e-10 	 1.581614081095872e-10 	 6.311600881915938e-10 	 -3.0095302034056395e-10 	 -3.3013058541573005e-9 	 1.3207268278862159e-8 	 1.4518123032831744e-8 	 -5.716820912275482e-11 	 3.5832290793207185e-11 	 
700.1097331515554 	 9.300371570877239e-7 	 1.262397444799465e-6 	 -6.32171548724084e-9 	 4.169764684145706e-6 	 1.1612392126484354e-11 	 1.33068625397821e-10 	 8.248760295471081e-8 	 -7.838695425853681e-8 	 -2.7142160918682556e-6 	 -1.6790794063122517e-6 	 9.331907349427203e-10 	 -1.5084721672429758e-9 	 -3.9014153460942645e-8 	 -4.71769825667071e-8 	 -2.5004355868491075e-8 	 -1.95478335731459e-8 	 -9.656009725557921e-11 	 -1.896802556751465e-10 	 1.6032783449873377e-10 	 6.505975328186625e-10 	 -2.5141578434022036e-10 	 -3.3229656807796727e-9 	 1.3138394895269283e-8 	 1.4496041311815073e-8 	 -5.84223312919573e-11 	 3.9201573130871697e-11 	 
712.4480875867604 	 8.370554436850655e-7 	 1.169736832427716e-6 	 -6.335858321965216e-9 	 4.063471151236172e-6 	 1.255067586630973e-11 	 1.3564944278420625e-10 	 7.947755857011693e-8 	 -7.573330524615778e-8 	 -2.6596919164418306e-6 	 -1.628531435772853e-6 	 9.311516559044605e-10 	 -1.5048016206811187e-9 	 -3.858724395648179e-8 	 -4.6759871515899523e-8 	 -2.4731859322757e-8 	 -1.934814043289354e-8 	 -1.0001435167116109e-10 	 -1.9445168654182803e-10 	 1.6241598847393208e-10 	 6.706035971871351e-10 	 -2.0058923430096216e-10 	 -3.344446548622798e-9 	 1.3066445398747022e-8 	 1.4471977245358209e-8 	 -5.970906703936285e-11 	 4.275096643619983e-11 	 
725.0038864923972 	 7.530469315986499e-7 	 1.0858877016403694e-6 	 -6.3492103796697604e-9 	 3.959572300810868e-6 	 1.35634817595873e-11 	 1.382498259570154e-10 	 7.656376169111183e-8 	 -7.315865541170552e-8 	 -2.60619778025407e-6 	 -1.5791888646884615e-6 	 9.28847742329688e-10 	 -1.500540379464356e-9 	 -3.821771098047353e-8 	 -4.631778978624283e-8 	 -2.4482215489990153e-8 	 -1.9106453599443147e-8 	 -1.0357903194892991e-10 	 -1.9920976674416752e-10 	 1.645189037227484e-10 	 6.912586260155413e-10 	 -1.4847395351251284e-10 	 -3.3656995641481583e-9 	 1.2991460201664769e-8 	 1.4445994847367251e-8 	 -6.103031218190809e-11 	 4.6487425541596033e-11 	 
737.7809619919432 	 6.736455503002487e-7 	 1.0062651767808273e-6 	 -6.361760598321118e-9 	 3.8582553387648085e-6 	 1.4656593874747487e-11 	 1.4086920781742995e-10 	 7.371893984404858e-8 	 -7.064749957923426e-8 	 -2.553844221218694e-6 	 -1.5309231622996644e-6 	 9.262744627408104e-10 	 -1.4956629884375775e-9 	 -3.783478356467675e-8 	 -4.5890746589248676e-8 	 -2.4215706872078413e-8 	 -1.886812071302577e-8 	 -1.0725685319576333e-10 	 -2.039394134333375e-10 	 1.667178946975173e-10 	 7.124945983078089e-10 	 -9.507899905908444e-11 	 -3.3866680310130175e-9 	 1.2913487540965032e-8 	 1.4418172148623687e-8 	 -6.23878528188149e-11 	 5.041803643848272e-11 	 
750.7832137441454 	 6.010266889510019e-7 	 9.330009782218953e-7 	 -6.373494939930888e-9 	 3.7597036865672264e-6 	 1.5836239229554527e-11 	 1.4350707933954289e-10 	 7.096010939343899e-8 	 -6.820848439022775e-8 	 -2.5025872595949822e-6 	 -1.4839297963125168e-6 	 9.234264590212633e-10 	 -1.4901425461520286e-9 	 -3.739498615069137e-8 	 -4.545462452975274e-8 	 -2.3954933507681046e-8 	 -1.867486576767804e-8 	 -1.1105058915843354e-10 	 -2.0862399313756057e-10 	 1.6887824915710334e-10 	 7.344232708448775e-10 	 -4.0407221478703803e-11 	 -3.407429685731331e-9 	 1.283258900668225e-8 	 1.4388587343771688e-8 	 -6.378368647227393e-11 	 5.4550035986100487e-11 	 
764.014610133221 	 5.319847647988835e-7 	 8.629337001851559e-7 	 -6.384402514915345e-9 	 3.663825116279437e-6 	 1.7109160518234014e-11 	 1.4616299354744333e-10 	 6.827182876372522e-8 	 -6.583280659982944e-8 	 -2.452412302136772e-6 	 -1.4381364513834722e-6 	 9.202994685273246e-10 	 -1.4839516527383803e-9 	 -3.700052713306354e-8 	 -4.5020865088865366e-8 	 -2.3691730032247687e-8 	 -1.8453504217439077e-8 	 -1.1496294512498643e-10 	 -2.132450546289204e-10 	 1.7099133021833264e-10 	 7.569632383937161e-10 	 1.5530457380117886e-11 	 -3.428000238966906e-9 	 1.2748829300228074e-8 	 1.435731202179729e-8 	 -6.522017058510165e-11 	 5.889076860450008e-11 	 
777.479189480039 	 4.700376947188108e-7 	 7.998927898573507e-7 	 -6.3944567936024835e-9 	 3.57024450885646e-6 	 1.8482572950013213e-11 	 1.4883649692388042e-10 	 6.566569966223439e-8 	 -6.352591186024066e-8 	 -2.4033081664894234e-6 	 -1.3935125387860538e-6 	 9.168853515373471e-10 	 -1.4770569695377975e-9 	 -3.6639521679809055e-8 	 -4.4587634824456155e-8 	 -2.342411893498223e-8 	 -1.8204580494168575e-8 	 -1.1899670203717626e-10 	 -2.1778217726630925e-10 	 1.7318706745265768e-10 	 7.802291267673836e-10 	 7.272692146228424e-11 	 -3.4483007079987633e-9 	 1.266226159565011e-8 	 1.4324405559870673e-8 	 -6.669963966778885e-11 	 6.344770939600887e-11 	 
791.1810612746491 	 4.106491806737658e-7 	 7.386270485101249e-7 	 -6.4036578474748615e-9 	 3.479400374673445e-6 	 1.99642244554801e-11 	 1.5152707386657943e-10 	 6.312263234990746e-8 	 -6.127742586112312e-8 	 -2.3552294995864122e-6 	 -1.3498406240728209e-6 	 9.131826389749978e-10 	 -1.4694285601479096e-9 	 -3.6212122639559783e-8 	 -4.4151230033644417e-8 	 -2.3160561060768636e-8 	 -1.800086481019424e-8 	 -1.2315453113981236e-10 	 -2.222126542823187e-10 	 1.7541193750247525e-10 	 8.041430397454359e-10 	 1.3116983132721338e-10 	 -3.468354281656483e-9 	 1.2572938325396092e-8 	 1.428992006480176e-8 	 -6.822447251047747e-11 	 6.822841595273596e-11 	 
805.1244074305225 	 3.5474953682564185e-7 	 6.833079229753314e-7 	 -6.411972740808634e-9 	 3.388228123315867e-6 	 2.1562487226749547e-11 	 1.5423419080989866e-10 	 6.066487999037345e-8 	 -5.90980041035215e-8 	 -2.308092634462289e-6 	 -1.3073638840018478e-6 	 9.09181848135001e-10 	 -1.4610268939231144e-9 	 -3.579863936186069e-8 	 -4.371791288195923e-8 	 -2.2890238598930686e-8 	 -1.779537837515766e-8 	 -1.2743918320930252e-10 	 -2.265117723999274e-10 	 1.775614007053523e-10 	 8.288144085831485e-10 	 1.9084721268221497e-10 	 -3.4882320726722388e-9 	 1.2480923630077516e-8 	 1.4253916748507323e-8 	 -6.979747787285483e-11 	 7.324054379599309e-11 	 
819.3134835609102 	 3.045376942856491e-7 	 6.312565762418e-7 	 -6.419393437621678e-9 	 3.3015950407904267e-6 	 2.3286307605819434e-11 	 1.5695737804390625e-10 	 5.826113212244894e-8 	 -5.697136280100471e-8 	 -2.2619329651319698e-6 	 -1.266015669346984e-6 	 9.048799363465662e-10 	 -1.4518164687974205e-9 	 -3.54381067246643e-8 	 -4.328254809499823e-8 	 -2.262291552738436e-8 	 -1.7550518330700388e-8 	 -1.3185326464692497e-10 	 -2.30651884052342e-10 	 1.7975500456795332e-10 	 8.54170507449247e-10 	 2.5174489192714163e-10 	 -3.5078674145882067e-9 	 1.2386282577027783e-8 	 1.4216466778794153e-8 	 -7.142162957483403e-11 	 7.849180619866854e-11 	 
833.7526202776816 	 2.558864125158059e-7 	 5.816866138902527e-7 	 -6.4259036475177756e-9 	 3.216144231958614e-6 	 2.5145302095653994e-11 	 1.596962500267389e-10 	 5.5941757958109993e-8 	 -5.4911954699998266e-8 	 -2.216842562863493e-6 	 -1.2257362941318527e-6 	 9.002716184040751e-10 	 -1.4417582960522225e-9 	 -3.503445852575052e-8 	 -4.284676285244959e-8 	 -2.235339681182392e-8 	 -1.7333777477443207e-8 	 -1.3639945533324506e-10 	 -2.3460302724260356e-10 	 1.820232136775946e-10 	 8.80316010862576e-10 	 3.1384572065615716e-10 	 -3.5272330694411806e-9 	 1.2289072160860995e-8 	 1.4177653176736609e-8 	 -7.309985031599101e-11 	 8.398996422296054e-11 	 
848.4462245130624 	 2.1372654914311087e-7 	 5.379080127166991e-7 	 -6.431469277567193e-9 	 3.133244736208852e-6 	 2.7149840300659282e-11 	 1.6245047967490642e-10 	 5.3675843590467246e-8 	 -5.2903998235583495e-8 	 -2.1727209953646163e-6 	 -1.186339587684131e-6 	 8.953479901361945e-10 	 -1.430806331733393e-9 	 -3.4612170896724645e-8 	 -4.24156227903179e-8 	 -2.2079145732759787e-8 	 -1.713771074778671e-8 	 -1.4108025210228653e-10 	 -2.38331773089341e-10 	 1.8421974790864707e-10 	 9.071832643157971e-10 	 3.771331426059257e-10 	 -3.546420108277101e-9 	 1.2189348669184163e-8 	 1.4137555378601161e-8 	 -7.483548467655906e-11 	 8.974279373067447e-11 	 
863.3987808646654 	 1.714524093675063e-7 	 4.940547496808076e-7 	 -6.43609487439133e-9 	 3.052412339784254e-6 	 2.931102539311202e-11 	 1.652197930264743e-10 	 5.148435784418649e-8 	 -5.0957102255173715e-8 	 -2.1295830224761455e-6 	 -1.1480627319351054e-6 	 8.901092115612447e-10 	 -1.4189198061307786e-9 	 -3.424669464570603e-8 	 -4.1975725728403256e-8 	 -2.1813240188629518e-8 	 -1.6902478734098754e-8 	 -1.4589822002152615e-10 	 -2.4180183850221694e-10 	 1.8642513661204337e-10 	 9.348680800851949e-10 	 4.415845701488271e-10 	 -3.565389235941054e-9 	 1.2087177928764453e-8 	 1.4096240382268192e-8 	 -7.663220146805236e-11 	 9.575807011608045e-11 	 
878.6148529642173 	 1.359452838091189e-7 	 4.563144173273977e-7 	 -6.4397304149947846e-9 	 2.974201468850035e-6 	 3.164083392550398e-11 	 1.6800396638530793e-10 	 4.935242646347043e-8 	 -4.906345355839611e-8 	 -2.0873966799743365e-6 	 -1.1108194868682174e-6 	 8.84542893989968e-10 	 -1.4060428085994578e-9 	 -3.386282291802447e-8 	 -4.15506802474403e-8 	 -2.153067635925185e-8 	 -1.6676891522539832e-8 	 -1.5085569191646642e-10 	 -2.4497308469617597e-10 	 1.8872357643140526e-10 	 9.63317783552974e-10 	 5.071800651666436e-10 	 -3.5840829645743777e-9 	 1.1982625849172983e-8 	 1.405376272272983e-8 	 -7.84936385737554e-11 	 1.0204352842243367e-10 	 
894.0990848704206 	 9.927648789819263e-8 	 4.187771592571815e-7 	 -6.442379476352137e-9 	 2.896439589885571e-6 	 3.4152129690294475e-11 	 1.708027754700816e-10 	 4.728337360757787e-8 	 -4.722412339591945e-8 	 -2.0460962707908497e-6 	 -1.074516362602937e-6 	 8.786495357537334e-10 	 -1.3921288227504605e-9 	 -3.344010641497583e-8 	 -4.110708293258825e-8 	 -2.1268249945374626e-8 	 -1.6485747734459703e-8 	 -1.5595506062866876e-10 	 -2.478017941486639e-10 	 1.9096703941014985e-10 	 9.92601011395963e-10 	 5.73892141177232e-10 	 -3.602589560405147e-9 	 1.1875744008872499e-8 	 1.4010171986103038e-8 	 -8.042378261779366e-11 	 1.0860683399674054e-10 	 
909.8562024863477 	 7.239722268102986e-8 	 3.854242857337994e-7 	 -6.444000915003785e-9 	 2.8259946181854027e-6 	 3.685865137339654e-11 	 1.7361602932693284e-10 	 4.527648944806165e-8 	 -4.543808154193114e-8 	 -2.005626835072617e-6 	 -1.0390924346793295e-6 	 8.724194453336906e-10 	 -1.3771183542947718e-9 	 -3.307198799659025e-8 	 -4.06853649328065e-8 	 -2.0976563144261738e-8 	 -1.6259029219403066e-8 	 -1.611984386346772e-10 	 -2.502397930660063e-10 	 1.9319665322266378e-10 	 1.0227046326157442e-9 	 6.416950520756374e-10 	 -3.620895132175546e-9 	 1.1766561609307573e-8 	 1.3965498013913646e-8 	 -8.242709844658636e-11 	 1.1545554515742825e-10 	 
925.8910150018253 	 3.8455313514915716e-8 	 3.536999441969582e-7 	 -6.444578888803783e-9 	 2.7488558505413335e-6 	 3.9775178062246154e-11 	 1.7644362408106733e-10 	 4.3327895715363514e-8 	 -4.3702995664120986e-8 	 -1.96613296469987e-6 	 -1.0046926366942727e-6 	 8.658489620362106e-10 	 -1.3609533688651143e-9 	 -3.270098911557555e-8 	 -4.0243838533543176e-8 	 -2.0715529683179993e-8 	 -1.603106021915848e-8 	 -1.665879672229656e-10 	 -2.522345508603388e-10 	 1.9552384928687374e-10 	 1.0536417272457261e-9 	 7.105584735510225e-10 	 -3.6389278863090286e-9 	 1.1655183203192862e-8 	 1.3919856313382894e-8 	 -8.450805924716796e-11 	 1.2259706145074382e-10 	 
942.2084163612376 	 1.240789863465628e-8 	 3.24507271806849e-7 	 -6.444086825785138e-9 	 2.678895971859273e-6 	 4.291752339308689e-11 	 1.792856784096592e-10 	 4.1436867621048563e-8 	 -4.2017940535467614e-8 	 -1.9275586075644317e-6 	 -9.712136610791408e-7 	 8.589327322473844e-10 	 -1.3435691759264281e-9 	 -3.228277403888691e-8 	 -3.98170981451105e-8 	 -2.0432154151505762e-8 	 -1.5842989544889877e-8 	 -1.721254775316054e-10 	 -2.5372844008563996e-10 	 1.9780997912334383e-10 	 1.0854584340823937e-9 	 7.804472179130581e-10 	 -3.6567684594103134e-9 	 1.1541707780644342e-8 	 1.387336431389494e-8 	 -8.667146901052996e-11 	 1.300385949600951e-10 	 
958.8133867571879 	 -1.2461992176759274e-8 	 2.9719006157969086e-7 	 -6.442497062718253e-9 	 2.6099164861557834e-6 	 4.630265962517217e-11 	 1.8214237935323997e-10 	 3.9604590925827854e-8 	 -4.038279170448667e-8 	 -1.8898529847862855e-6 	 -9.385340525209839e-7 	 8.516649585531181e-10 	 -1.3248963764549296e-9 	 -3.191675852796254e-8 	 -3.9387608625863925e-8 	 -2.0153310000443278e-8 	 -1.562208816070628e-8 	 -1.7781276326119846e-10 	 -2.54658574008009e-10 	 2.0007257861445686e-10 	 1.1181136248407583e-9 	 8.513296321192701e-10 	 -3.6744176438366465e-9 	 1.1426180891558541e-8 	 1.382607480031861e-8 	 -8.892271350166556e-11 	 1.3778709746801005e-10 	 
975.7109941504982 	 -3.4205831849161354e-8 	 2.7226588055012913e-7 	 -6.4397798817859604e-9 	 2.543451664395988e-6 	 4.994883495377819e-11 	 1.8501399692745222e-10 	 3.782481911875128e-8 	 -3.879426775019045e-8 	 -1.853004711795208e-6 	 -9.067885003386305e-7 	 8.440402473335097e-10 	 -1.3048604331390934e-9 	 -3.155310619563135e-8 	 -3.8951952740689815e-8 	 -1.9881530958092755e-8 	 -1.5396652262069304e-8 	 -1.836512959884337e-10 	 -2.549560825655607e-10 	 2.0243389812728488e-10 	 1.151678893227665e-9 	 9.231608540201733e-10 	 -3.6917983714352853e-9 	 1.130867007891859e-8 	 1.3778043395602999e-8 	 -9.12672182965726e-11 	 1.458492105816008e-10 	 
992.9063958169821 	 -5.4287028470535865e-8 	 2.4849637121577894e-7 	 -6.435912226202343e-9 	 2.479133094066038e-6 	 5.387554464382844e-11 	 1.8790088610684777e-10 	 3.6101285990732016e-8 	 -3.725334327611362e-8 	 -1.8169499625027118e-6 	 -8.759131081727753e-7 	 8.360551318953976e-10 	 -1.283383223853863e-9 	 -3.1141845489623605e-8 	 -3.853192062197646e-8 	 -1.9587381649487706e-8 	 -1.5211453435239395e-8 	 -1.8964241910496574e-10 	 -2.545457823177406e-10 	 2.047579357325827e-10 	 1.1861254965294284e-9 	 9.959021982420207e-10 	 -3.7089891947498972e-9 	 1.1189246229788219e-8 	 1.3729324409811203e-8 	 -9.371077823692795e-11 	 1.5423119655949285e-10 	 
1010.4048399214864 	 -7.19219001032731e-8 	 2.2721382316035118e-7 	 -6.430852664701914e-9 	 2.416334458250733e-6 	 5.810373991406381e-11 	 1.9080350137359918e-10 	 3.442985864683191e-8 	 -3.5757650060383936e-8 	 -1.781645017036672e-6 	 -8.458285675504623e-7 	 8.27702048188836e-10 	 -1.2603769019863965e-9 	 -3.078292786238638e-8 	 -3.8097738960195964e-8 	 -1.9317527771924024e-8 	 -1.499352937530147e-8 	 -1.9578714096570582e-10 	 -2.5334552233960096e-10 	 2.0706083681876095e-10 	 1.2214648193780762e-9 	 1.0695067580613507e-9 	 -3.7259920568019936e-9 	 1.1067972043660348e-8 	 1.3679979986217276e-8 	 -9.62598495354079e-11 	 1.6293885885558295e-10 	 
1028.2116671196736 	 -8.960002679378166e-8 	 2.0692728436725584e-7 	 -6.424579697325875e-9 	 2.354176877871311e-6 	 6.265582157094409e-11 	 1.9372245092452825e-10 	 3.2808513903481095e-8 	 -3.4305813734669295e-8 	 -1.7472326102653175e-6 	 -8.165496561356801e-7 	 8.18979301329026e-10 	 -1.2357507946284693e-9 	 -3.04221475350835e-8 	 -3.767026694764721e-8 	 -1.9035737210511373e-8 	 -1.4774594030440724e-8 	 -2.0208623912442087e-10 	 -2.512656722277124e-10 	 2.0946364951612606e-10 	 1.2577386127532658e-9 	 1.1439202157823749e-9 	 -3.742730434116099e-9 	 1.094491506447256e-8 	 1.363008409366511e-8 	 -9.892096603822209e-11 	 1.7197751696673448e-10 	 
1046.3323121880223 	 -1.040301130068676e-7 	 1.883737311406268e-7 	 -6.417052528209784e-9 	 2.295155810698744e-6 	 6.755576171634653e-11 	 1.9665857685182752e-10 	 3.1239905962502e-8 	 -3.289823901018877e-8 	 -1.713629027579551e-6 	 -7.881023084416615e-7 	 8.098807177079172e-10 	 -1.209403965761492e-9 	 -3.001986356775172e-8 	 -3.725128717839065e-8 	 -1.874364191288913e-8 	 -1.4592137406511726e-8 	 -2.0854013504017835e-10 	 -2.482082636425725e-10 	 2.1182210654170294e-10 	 1.2949090209240141e-9 	 1.2190941333330978e-9 	 -3.759288875885739e-9 	 1.0820149732125017e-8 	 1.35797172984626e-8 	 -1.0170112278532977e-10 	 1.813518318668015e-10 	 
1064.77230568257 	 -1.1722168335499478e-7 	 1.714119746060362e-7 	 -6.408235774834556e-9 	 2.2373500285272674e-6 	 7.282923649252374e-11 	 1.9961292119306946e-10 	 2.9717466074088556e-8 	 -3.1531771476526175e-8 	 -1.6808076045946634e-6 	 -7.604265431332649e-7 	 8.004023488257142e-10 	 -1.1812305919742475e-9 	 -2.9672336941873304e-8 	 -3.681979115663716e-8 	 -1.846818629636006e-8 	 -1.4374713816457727e-8 	 -2.151488979694433e-10 	 -2.440664977534727e-10 	 2.1417383180417436e-10 	 1.3330009133352052e-9 	 1.2949652275188949e-9 	 -3.775656413196473e-9 	 1.069374304995087e-8 	 1.3528947728970173e-8 	 -1.0460797302513242e-10 	 1.9106574405798458e-10 	 
1083.5372756268719 	 -1.2985233172755368e-7 	 1.5518110576443493e-7 	 -6.398099087997228e-9 	 2.1808118050708724e-6 	 7.850368695833095e-11 	 2.025866707928751e-10 	 2.824467993394295e-8 	 -3.020716261800297e-8 	 -1.6487514536746594e-6 	 -7.334439930228487e-7 	 7.905425097254657e-10 	 -1.151116920436103e-9 	 -2.9309842066147054e-8 	 -3.6395763714117925e-8 	 -1.8182616223824567e-8 	 -1.4166297483301304e-8 	 -2.2191222253157849e-10 	 -2.3872377430947e-10 	 2.1662381719454427e-10 	 1.372033116304502e-9 	 1.3714683128294572e-9 	 -3.7917649005580066e-9 	 1.0565764098253007e-8 	 1.3477827923433239e-8 	 -1.0764934322492521e-10 	 2.011224196636296e-10 	 
1102.6329492297234 	 -1.3968300430730954e-7 	 1.4091530276557143e-7 	 -6.38659013674218e-9 	 2.126541237691198e-6 	 8.460853639863628e-11 	 2.0558116618850789e-10 	 2.6818549393205067e-8 	 -2.8922635798062958e-8 	 -1.6173664054596979e-6 	 -7.072414453100315e-7 	 7.802942831769899e-10 	 -1.118935255028381e-9 	 -2.891998759399444e-8 	 -3.597911259587487e-8 	 -1.7882566369038136e-8 	 -1.3985219193782434e-8 	 -2.2882929964810768e-10 	 -2.3205287007639176e-10 	 2.1901531817617025e-10 	 1.4119712868986253e-9 	 1.4485397557194694e-9 	 -3.807708854753846e-9 	 1.0436285634578697e-8 	 1.342640811880842e-8 	 -1.1083358149858848e-10 	 2.1152406100006286e-10 	 
1122.0651546331405 	 -1.4611206303877026e-7 	 1.2708276871086822e-7 	 -6.373681499122527e-9 	 2.0767238014621456e-6 	 9.117511330134294e-11 	 2.0859794904753836e-10 	 2.5436042236089404e-8 	 -2.767654459141004e-8 	 -1.5867161819850628e-6 	 -6.817665883073852e-7 	 7.696587363528533e-10 	 -1.0845544787657775e-9 	 -2.8586296939885712e-8 	 -3.555319657729558e-8 	 -1.7605509915500686e-8 	 -1.3766880824159334e-8 	 -2.358989309830043e-10 	 -2.239151358642709e-10 	 2.214279886498672e-10 	 1.4528218742331433e-9 	 1.5261026881698533e-9 	 -3.823451369899731e-9 	 1.0305382500112763e-8 	 1.3374756250617484e-8 	 -1.1416977514322725e-10 	 2.2227178211944533e-10 	 
1141.8398226911547 	 -1.5645256929603426e-7 	 1.1478331173984824e-7 	 -6.359318813417643e-9 	 2.0228526031314433e-6 	 9.823699142856232e-11 	 2.1163881318723927e-10 	 2.410104203079019e-8 	 -2.64696420176253e-8 	 -1.556837812733602e-6 	 -6.569409471701741e-7 	 7.586306074642874e-10 	 -1.0478271018770738e-9 	 -2.8217781723490996e-8 	 -3.512946921166233e-8 	 -1.7320351486057848e-8 	 -1.357302199233571e-8 	 -2.4311923668098076e-10 	 -2.1415900073028005e-10 	 2.2392535701033011e-10 	 1.4945993948105716e-9 	 1.6040737332247842e-9 	 -3.838947229529006e-9 	 1.0173125234973431e-8 	 1.332294298478594e-8 	 -1.1766714574889036e-10 	 2.3336554793091965e-10 	 
1161.9629887799572 	 -1.6360283511240534e-7 	 1.032689526074181e-7 	 -6.3434611471337024e-9 	 1.9728046678077184e-6 	 1.0582993092657887e-10 	 2.147058768602935e-10 	 2.280617315415637e-8 	 -2.52987723385101e-8 	 -1.527682346529215e-6 	 -6.328166067565534e-7 	 7.472092367608218e-10 	 -1.008595865636729e-9 	 -2.7845818356013908e-8 	 -3.4713815100893614e-8 	 -1.7023514680206514e-8 	 -1.3390135582846656e-8 	 -2.5048791505440217e-10 	 -2.0261960621925842e-10 	 2.263533793090146e-10 	 1.5372721815610679e-9 	 1.6823701380606828e-9 	 -3.854293548616085e-9 	 1.0039589158261175e-8 	 1.3271040608300438e-8 	 -1.2133569554154232e-10 	 2.448039307025059e-10 	 
1182.4407946399335 	 -1.6878795163761424e-7 	 9.264418862196907e-8 	 -6.326062030868997e-9 	 1.9251984642156844e-6 	 1.139921559838643e-10 	 2.1780153134703595e-10 	 2.155577024729776e-8 	 -2.4164851383095073e-8 	 -1.4992139440925237e-6 	 -6.09363237855738e-7 	 7.353944777376485e-10 	 -9.666904128545398e-10 	 -2.7524080555953825e-8 	 -3.4297306209398215e-8 	 -1.673320353637093e-8 	 -1.317355929091421e-8 	 -2.5800180385092015e-10 	 -1.8911662682522926e-10 	 2.2884232861314027e-10 	 1.5808142424356274e-9 	 1.7609016728262859e-9 	 -3.869420551243285e-9 	 9.904845765036284e-9 	 1.3219109491938355e-8 	 -1.2518601547807396e-10 	 2.5658397663139247e-10 	 
1203.2794902501767 	 -1.7382669570185978e-7 	 8.295750597536901e-8 	 -6.307064897947157e-9 	 1.878068735802519e-6 	 1.2276439537471663e-10 	 2.2092840075170184e-10 	 2.0346426997792827e-8 	 -2.3066126040841245e-8 	 -1.4714232999662777e-6 	 -5.865360356400817e-7 	 7.231836546060632e-10 	 -9.219248058875526e-10 	 -2.7148745465414533e-8 	 -3.387504628281147e-8 	 -1.6441486937399356e-8 	 -1.2994877073781055e-8 	 -2.656572398235486e-10 	 -1.7345374016791083e-10 	 2.3137960279476255e-10 	 1.6252242702549746e-9 	 1.8395630928074435e-9 	 -3.884327190760763e-9 	 9.768970216447673e-9 	 1.3167195110139051e-8 	 -1.2922895180997047e-10 	 2.687010122872228e-10 	 
1224.4854357360205 	 -1.7726733304974366e-7 	 7.410202670213919e-8 	 -6.286420932086199e-9 	 1.832882443607611e-6 	 1.3219013103178053e-10 	 2.2408937127311555e-10 	 1.917583148998043e-8 	 -2.2001296907136557e-8 	 -1.4441850341510857e-6 	 -5.643253792438168e-7 	 7.105790714479586e-10 	 -8.740986470259345e-10 	 -2.6800910043621665e-8 	 -3.345635913888863e-8 	 -1.614881991904112e-8 	 -1.2805860288366291e-8 	 -2.734495365085885e-10 	 -1.5541634992424824e-10 	 2.3385646743313453e-10 	 1.6704809379425144e-9 	 1.918246730289005e-9 	 -3.899088890261159e-9 	 9.632035875632883e-9 	 1.3115348455329088e-8 	 -1.334763157140565e-10 	 2.811484736232396e-10 	 
1246.0651033101992 	 -1.8078781390603086e-7 	 6.5693090756433e-8 	 -6.264075181441749e-9 	 1.7885211069141497e-6 	 1.4231553701394333e-10 	 2.272876407683724e-10 	 1.804726033114265e-8 	 -2.0970837930664362e-8 	 -1.417671665346428e-6 	 -5.427539795177711e-7 	 6.975820659516639e-10 	 -8.229933278511754e-10 	 -2.6480273662250987e-8 	 -3.304273491566713e-8 	 -1.584791137134117e-8 	 -1.2595759884123731e-8 	 -2.8137337008308414e-10 	 -1.3477074672065169e-10 	 2.364336427724356e-10 	 1.7165398446287148e-9 	 1.9968393590328992e-9 	 -3.913612080322547e-9 	 9.494114759734137e-9 	 1.306362527164591e-8 	 -1.3794034057726968e-10 	 2.9391764593867516e-10 	 
1268.0250792482202 	 -1.8278532357718367e-7 	 5.855593230152187e-8 	 -6.239958124534678e-9 	 1.7456190909398136e-6 	 1.531898343960649e-10 	 2.305267908703831e-10 	 1.6954434293500116e-8 	 -1.9972205359466043e-8 	 -1.3918302314494438e-6 	 -5.217461287864725e-7 	 6.841919140272891e-10 	 -7.683695355753545e-10 	 -2.610731144247231e-8 	 -3.2630317541346387e-8 	 -1.553856492252022e-8 	 -1.2430274634044427e-8 	 -2.8942223386684895e-10 	 -1.1126133819559846e-10 	 2.3899994274329305e-10 	 1.7633557339557388e-9 	 2.0752189508434056e-9 	 -3.9279572478585346e-9 	 9.35528079367079e-9 	 1.301209383943679e-8 	 -1.4263373907830425e-10 	 3.069974429119422e-10 	 
1290.3720658985355 	 -1.8394843385447179e-7 	 5.120874054843565e-8 	 -6.214027128740791e-9 	 1.70494694702647e-6 	 1.6486536594188376e-10 	 2.3381080498246823e-10 	 1.590075992310062e-8 	 -1.9005938977718734e-8 	 -1.3665996667773935e-6 	 -5.012940820443452e-7 	 6.704184013278568e-10 	 -7.099714617840568e-10 	 -2.5787088811634348e-8 	 -3.221432973433177e-8 	 -1.524736582735496e-8 	 -1.2232073462665619e-8 	 -2.9758880501500604e-10 	 -8.460954123645602e-11 	 2.415498970268011e-10 	 1.8108886665186613e-9 	 2.15324836885556e-9 	 -3.942140928167329e-9 	 9.215606672812322e-9 	 1.2960810034533906e-8 	 -1.475702002847355e-10 	 3.2037413619523516e-10 	 
1313.1128837281576 	 -1.8511874826282606e-7 	 4.5439933696394236e-8 	 -6.1861876105163584e-9 	 1.6639054553084975e-6 	 1.7739772174501604e-10 	 2.3714401325394737e-10 	 1.4884366005383429e-8 	 -1.807085652689104e-8 	 -1.3419800038297675e-6 	 -4.814771590698772e-7 	 6.562566269653084e-10 	 -6.475107043525957e-10 	 -2.54523312758681e-8 	 -3.1797300598980745e-8 	 -1.4948458653579837e-8 	 -1.2043360580178549e-8 	 -3.058644037109828e-10 	 -5.451069047826553e-11 	 2.442086177872595e-10 	 1.8590924585918293e-9 	 2.230782978992626e-9 	 -3.956083852447702e-9 	 9.07516238650309e-9 	 1.2909812343420084e-8 	 -1.5276371655284864e-10 	 3.3403109284114727e-10 	 
1336.254473404309 	 -1.8776797216412406e-7 	 3.924380853083715e-8 	 -6.156401248868596e-9 	 1.6227924874462645e-6 	 1.9084596608992071e-10 	 2.4053105978618654e-10 	 1.390088271971776e-8 	 -1.7165233596229185e-8 	 -1.3179081534615556e-6 	 -4.6210456255462867e-7 	 6.417232063410816e-10 	 -5.806839440603289e-10 	 -2.5099227152422445e-8 	 -3.138228012431885e-8 	 -1.4646004067307004e-8 	 -1.1876185743134873e-8 	 -3.142393176956466e-10 	 -2.0632322969689415e-11 	 2.4680539182998174e-10 	 1.90790158286337e-9 	 2.307668014618513e-9 	 -3.969889572803354e-9 	 8.93401397880768e-9 	 1.2859133640471399e-8 	 -1.5822904220623438e-10 	 3.4794844644911215e-10 	 
1359.8038979127691 	 -1.8592802644819272e-7 	 3.4406095112898974e-8 	 -6.124564074711427e-9 	 1.5859086180839745e-6 	 2.0527266910176453e-10 	 2.4397699391579764e-10 	 1.2957433442475141e-8 	 -1.6290484243241877e-8 	 -1.294401303404091e-6 	 -4.432696539959573e-7 	 6.268150210749697e-10 	 -5.091467513454789e-10 	 -2.4800167002783943e-8 	 -3.096943947508789e-8 	 -1.4338227727796488e-8 	 -1.1673938667699915e-8 	 -3.227022849393173e-10 	 1.7389282574233453e-11 	 2.494597072395468e-10 	 1.957237257498681e-9 	 2.3837382781215184e-9 	 -3.983497359555112e-9 	 8.792185509400287e-9 	 1.2808756194181015e-8 	 -1.6398176178182616e-10 	 3.62102748342782e-10 	 
1383.768344713554 	 -1.8776609708286054e-7 	 2.940133060323773e-8 	 -6.090623373290761e-9 	 1.5467381601628915e-6 	 2.2074413322798564e-10 	 2.474871358125447e-10 	 1.2041664274509367e-8 	 -1.544273134017523e-8 	 -1.2715351795062886e-6 	 -4.250497400478844e-7 	 6.115500158175021e-10 	 -4.3253223787628104e-10 	 -2.4448366063528635e-8 	 -3.055781698482966e-8 	 -1.4026260530490395e-8 	 -1.1508548536044608e-8 	 -3.312407339640628e-10 	 5.995150337193436e-11 	 2.521697435219975e-10 	 2.0070108111685065e-9 	 2.458815785461677e-9 	 -3.996899028611969e-9 	 8.649772131439808e-9 	 1.2758756057606206e-8 	 -1.7003767731214023e-10 	 3.7646661936914143e-10 	 
1408.1551279345736 	 -1.8603622370446253e-7 	 2.5220484961531664e-8 	 -6.05447945644575e-9 	 1.5112015982170352e-6 	 2.373304912628859e-10 	 2.5106752634438354e-10 	 1.1166645004894022e-8 	 -1.4624947634039958e-8 	 -1.2492230772486726e-6 	 -4.071741389220196e-7 	 5.959328221837947e-10 	 -3.504307237497228e-10 	 -2.4128875174408214e-8 	 -3.014626922806659e-8 	 -1.3710304146732667e-8 	 -1.1329777937466959e-8 	 -3.3984035171611413e-10 	 1.0748940132497388e-10 	 2.5482362367312426e-10 	 2.057123113622561e-9 	 2.5327084183101296e-9 	 -4.010172714144929e-9 	 8.50696715101593e-9 	 1.2709324428308047e-8 	 -1.7641366902730544e-10 	 3.910083425211132e-10 	 
1432.9716906039691 	 -1.8433812940650306e-7 	 2.1284668165326447e-8 	 -6.016051609583823e-9 	 1.4766039742794402e-6 	 2.551058266357248e-10 	 2.547245177225202e-10 	 1.0317682096763439e-8 	 -1.3832777981287523e-8 	 -1.227456768753005e-6 	 -3.8998733543588933e-7 	 5.799785847209214e-10 	 -2.6239418714203987e-10 	 -2.3824792050633436e-8 	 -2.9733933168238043e-8 	 -1.3386984957399793e-8 	 -1.1139092668722534e-8 	 -3.484851565181633e-10 	 1.604790654767991e-10 	 2.575939335650484e-10 	 2.1074622607634573e-9 	 2.6052098327582708e-9 	 -4.023216351816035e-9 	 8.36381335386394e-9 	 1.266044654668111e-8 	 -1.8312699125855654e-10 	 4.0569144127323753e-10 	 
1458.2256069217708 	 -1.8261459870832119e-7 	 1.7725859558071483e-8 	 -5.975247221193336e-9 	 1.4424174225670698e-6 	 2.741483107661063e-10 	 2.584648221397978e-10 	 9.506487904364151e-9 	 -1.306873085409483e-8 	 -1.2062254221967146e-6 	 -3.7303393542857636e-7 	 5.637022136851484e-10 	 -1.6793053589959597e-10 	 -2.3479389368106364e-8 	 -2.93203841664272e-8 	 -1.3087810146448992e-8 	 -1.0985144049857125e-8 	 -3.5715724513641663e-10 	 2.1944206330547635e-10 	 2.6032752433508917e-10 	 2.157900758883235e-9 	 2.6760943335560412e-9 	 -4.036117293101206e-9 	 8.22038361734335e-9 	 1.2612157355071185e-8 	 -1.9019540999652323e-10 	 4.2047417864062824e-10 	 
1483.9245845716043 	 -1.799529059004497e-7 	 1.459697031621821e-8 	 -5.9319618596274625e-9 	 1.4096455223200266e-6 	 2.945402193861916e-10 	 2.622955405862086e-10 	 8.722525631327278e-9 	 -1.2329676647165405e-8 	 -1.1854284719799214e-6 	 -3.5657589535163976e-7 	 5.471186449567344e-10 	 -6.649273809891432e-11 	 -2.3192964726904574e-8 	 -2.8905863553530976e-8 	 -1.2763030216584142e-8 	 -1.0793201417589798e-8 	 -3.658365885886104e-10 	 2.8495031210447287e-10 	 2.630860318973314e-10 	 2.208292737542357e-9 	 2.7451211729380804e-9 	 -4.048852113800063e-9 	 8.076756282373334e-9 	 1.2564490608657623e-8 	 -1.9763760277922104e-10 	 4.353090777663754e-10 	 
1510.0764670731387 	 -1.7752579352905584e-7 	 1.1693927140689079e-8 	 -5.886098015400517e-9 	 1.3775818278190173e-6 	 3.1636835661806607e-10 	 2.662242183070478e-10 	 7.972025030970734e-9 	 -1.161667165908906e-8 	 -1.1652299375681039e-6 	 -3.407249031968196e-7 	 5.302502157099397e-10 	 4.251931610010349e-11 	 -2.286394675005492e-8 	 -2.8490687923838424e-8 	 -1.2437810828582465e-8 	 -1.0632248435942508e-8 	 -3.745010470045332e-10 	 3.5763106629724344e-10 	 2.65931185719589e-10 	 2.25847160495034e-9 	 2.812034091345996e-9 	 -4.061375567588813e-9 	 7.933013700192134e-9 	 1.2517493621858745e-8 	 -2.0547228485149658e-10 	 4.501423804440898e-10 	 
1536.6892361759749 	 -1.740183920603511e-7 	 9.134515132875597e-9 	 -5.837537813556392e-9 	 1.3469443393333947e-6 	 3.3972289730757755e-10 	 2.702588485939599e-10 	 7.250332594884346e-9 	 -1.092813372382866e-8 	 -1.145531117148691e-6 	 -3.250743854408436e-7 	 5.131171879671582e-10 	 1.59774953433558e-10 	 -2.255380261093166e-8 	 -2.807480087137149e-8 	 -1.2110328323306678e-8 	 -1.0466769874596787e-8 	 -3.8312581969163166e-10 	 4.3817354235350813e-10 	 2.6870728565101053e-10 	 2.308248442738335e-9 	 2.876553854918195e-9 	 -4.073788620666909e-9 	 7.789240326480854e-9 	 1.2471219506003962e-8 	 -2.1371886017838866e-10 	 4.6491314070932064e-10 	 
1563.7710142957494 	 -1.7089709909707745e-7 	 6.8812839789287874e-9 	 -5.786163724493573e-9 	 1.3167992465981879e-6 	 3.646993332564538e-10 	 2.7440783456925987e-10 	 6.558870642725917e-9 	 -1.026394201926796e-8 	 -1.1263177906025204e-6 	 -3.101461825178857e-7 	 4.957450241991933e-10 	 2.8601531752358327e-10 	 -2.2269635418662227e-8 	 -2.765798345105904e-8 	 -1.1779096452064659e-8 	 -1.0282006514364636e-8 	 -3.916837561493667e-10 	 5.27334971914039e-10 	 2.7159845234454335e-10 	 2.3574098083120662e-9 	 2.9383797064483384e-9 	 -4.08598530380881e-9 	 7.645521367911392e-9 	 1.2425701580400474e-8 	 -2.2239730508492619e-10 	 4.79553351561675e-10 	 
1591.3300669931418 	 -1.6487418444685398e-7 	 4.756605975830774e-9 	 -5.731852584236088e-9 	 1.2898789736187984e-6 	 3.913963985260576e-10 	 2.786798746430402e-10 	 5.896054188728574e-9 	 -9.623301354282869e-9 	 -1.107587681720557e-6 	 -2.9522396017735566e-7 	 4.781648432958102e-10 	 4.220662269382906e-10 	 -2.1938522776300887e-8 	 -2.723994651678169e-8 	 -1.1443536869988684e-8 	 -1.0137822299376174e-8 	 -4.001444646846504e-10 	 6.259493801364507e-10 	 2.7446075220161346e-10 	 2.4057150372520585e-9 	 2.997187083773751e-9 	 -4.09804494127271e-9 	 7.501945808934589e-9 	 1.2380971163203685e-8 	 -2.3152740524747333e-10 	 4.939863109668576e-10 	 
1619.3748054966 	 -1.6263822486637576e-7 	 3.04836985073812e-9 	 -5.674457047730375e-9 	 1.2599781712371024e-6 	 4.1991744548653613e-10 	 2.830839691879379e-10 	 5.262946123332233e-9 	 -9.005987177502195e-9 	 -1.089256218626354e-6 	 -2.811388036754274e-7 	 4.604030275937571e-10 	 5.688507408079131e-10 	 -2.1667596903675807e-8 	 -2.6820369190440644e-8 	 -1.110343227429466e-8 	 -9.955122437151356e-9 	 -4.0847486559963336e-10 	 7.349350634507009e-10 	 2.77339925072936e-10 	 2.452893004941588e-9 	 3.0526252961538713e-9 	 -4.1099544311604764e-9 	 7.358599815345975e-9 	 1.2337059504851671e-8 	 -2.411296514915585e-10 	 5.081264103865219e-10 	 
1647.9137892694969 	 -1.580399101185443e-7 	 1.3530358192013988e-9 	 -5.613844910641075e-9 	 1.232763869253107e-6 	 4.503693367913626e-10 	 2.876293996380716e-10 	 4.656011432583249e-9 	 -8.410859258628998e-9 	 -1.071439795470029e-6 	 -2.6692149795227863e-7 	 4.4250264810860535e-10 	 7.273992015754502e-10 	 -2.1353866527344536e-8 	 -2.639889187180376e-8 	 -1.0759080589719346e-8 	 -9.803387784932157e-9 	 -4.166380459353513e-10 	 8.553061256411551e-10 	 2.803072360309741e-10 	 2.49863851476211e-9 	 3.1043151694316534e-9 	 -4.1216620388547995e-9 	 7.21557318929841e-9 	 1.22940028790253e-8 	 -2.5122395722200904e-10 	 5.218780836504962e-10 	 
1676.9557286225488 	 -1.488825933073702e-7 	 4.0408639726201895e-11 	 -5.549844865847396e-9 	 1.2105931954700794e-6 	 4.828624432825318e-10 	 2.9232571751883507e-10 	 4.079391485239414e-9 	 -7.838322640226017e-9 	 -1.0540732151810765e-6 	 -2.531446933583701e-7 	 4.244962571619418e-10 	 8.988718862951804e-10 	 -2.1061734202401254e-8 	 -2.59750842308996e-8 	 -1.0412038391703661e-8 	 -9.645293892190473e-9 	 -4.2459392138818135e-10 	 9.881825387090897e-10 	 2.831992595632151e-10 	 2.542608095656926e-9 	 3.151846542533085e-9 	 -4.1332731933761105e-9 	 7.072958304278845e-9 	 1.225184953259079e-8 	 -2.6183058886419614e-10 	 5.351349863379558e-10 	 
1706.5094873722715 	 -1.4723559422632942e-7 	 -1.2399995313626699e-9 	 -5.482302311247543e-9 	 1.1818350119983284e-6 	 5.175102100568693e-10 	 2.97182649484849e-10 	 3.526518153317482e-9 	 -7.286710049434132e-9 	 -1.0371447348973222e-6 	 -2.3991836331920345e-7 	 4.0643617909986933e-10 	 1.0845704957704833e-9 	 -2.078986618861812e-8 	 -2.554836652240307e-8 	 -1.006006568964337e-8 	 -9.47193030475694e-9 	 -4.322979617294591e-10 	 1.1348047992367389e-9 	 2.8621066625797876e-10 	 2.5844152004547853e-9 	 3.1947757118173813e-9 	 -4.144674523575124e-9 	 6.93084833285259e-9 	 1.2210622990320753e-8 	 -2.7296928333678873e-10 	 5.477789693051277e-10 	 
1736.5840855462714 	 -1.4129483868102565e-7 	 -2.280249198507596e-9 	 -5.411024183663972e-9 	 1.1575519304076268e-6 	 5.54428300680414e-10 	 3.022099269971299e-10 	 3.0047240662348733e-9 	 -6.757009331967032e-9 	 -1.020637123513612e-6 	 -2.2677196494405013e-7 	 3.8836594882756917e-10 	 1.2859716116304487e-9 	 -2.0476776772720963e-8 	 -2.511783382009041e-8 	 -9.676130044076117e-9 	 -9.335351981312204e-9 	 -4.397018335072278e-10 	 1.2965479887782048e-9 	 2.891714634577806e-10 	 2.623624280294111e-9 	 3.232612806336236e-9 	 -4.155960824784031e-9 	 6.789335954475098e-9 	 1.2170345005680353e-8 	 -2.84658993730238e-10 	 5.596789999772891e-10 	 
1767.1887021362386 	 -1.3683371332028665e-7 	 -3.1645516653198787e-9 	 -5.335816721230109e-9 	 1.1326746473445665e-6 	 5.937341922780051e-10 	 3.0741722439797656e-10 	 2.5054916982686166e-9 	 -6.24728175020102e-9 	 -1.0045064518369641e-6 	 -2.1428175168765304e-7 	 3.7034274916910926e-10 	 1.5047472247859177e-9 	 -2.0224560755391704e-8 	 -2.4682972043047678e-8 	 -9.317461340541677e-9 	 -9.160410458756114e-9 	 -4.4675212672037415e-10 	 1.47494084188227e-9 	 2.92164638747105e-10 	 2.659744154427737e-9 	 3.2648386272526763e-9 	 -4.167096505559315e-9 	 6.648515108165067e-9 	 1.2131038035374917e-8 	 -2.9691829070928745e-10 	 5.706900224918814e-10 	 
1798.3326778994324 	 -1.3141772931451327e-7 	 -3.978164762821925e-9 	 -5.256469164957843e-9 	 1.1089713812817466e-6 	 6.355458522215636e-10 	 3.1281404332355115e-10 	 2.035876233216519e-9 	 -5.7584261524574e-9 	 -9.888116331559527e-7 	 -2.0172384482138e-7 	 3.524283729557699e-10 	 1.7428006970140511e-9 	 -1.991959017638065e-8 	 -2.4243669881675882e-8 	 -8.945769431750188e-9 	 -9.021663835735819e-9 	 -4.5339083670954567e-10 	 1.6716853980460332e-9 	 2.952155486321028e-10 	 2.6922215007020444e-9 	 3.2908855411186604e-9 	 -4.1780539216561154e-9 	 6.50848013862253e-9 	 1.2092724492279163e-8 	 -3.097639327239272e-10 	 5.806516598099417e-10 	 
1830.025518209555 	 -1.257569465691041e-7 	 -4.5598221958473916e-9 	 -5.172740817619224e-9 	 1.0863918653253527e-6 	 6.799805876060591e-10 	 3.1840964223846813e-10 	 1.589899495999802e-9 	 -5.289054022957454e-9 	 -9.7352843572074e-7 	 -1.8990205335521392e-7 	 3.3468587431159665e-10 	 2.0023105546655593e-9 	 -1.9653015151138602e-8 	 -2.379996952857069e-8 	 -8.563409732503204e-9 	 -8.86548065303256e-9 	 -4.595541811581682e-10 	 1.888682624800765e-9 	 2.9819186277397163e-10 	 2.7204337752532875e-9 	 3.3101302270146514e-9 	 -4.188923040341645e-9 	 6.369319681461184e-9 	 1.205542695877248e-8 	 -3.232115995051581e-10 	 5.893868192734811e-10 	 
1862.2768959578668 	 -1.1867650824569169e-7 	 -5.144498474761201e-9 	 -5.0843894379646795e-9 	 1.0653503199725032e-6 	 7.27153279704625e-10 	 3.2421281977831757e-10 	 1.1708112559729291e-9 	 -4.8393892760104896e-9 	 -9.586313564168872e-7 	 -1.7787669106527934e-7 	 3.171953526943595e-10 	 2.285777350499004e-9 	 -1.9385043897261708e-8 	 -2.3351786760406048e-8 	 -8.169656614593755e-9 	 -8.709085751889393e-9 	 -4.6517283121036903e-10 	 2.1280604269730072e-9 	 3.012849287345322e-10 	 2.743680662960977e-9 	 3.3218921547454817e-9 	 -4.199586979496802e-9 	 6.231156505838424e-9 	 1.2019178900212217e-8 	 -3.3727464481726327e-10 	 5.967002942694467e-10 	 
1895.0966545054139 	 -1.1215622238392148e-7 	 -5.528037877532688e-9 	 -4.991124637728676e-9 	 1.0446793264004146e-6 	 7.771742411243095e-10 	 3.3023162826684055e-10 	 7.775629365718099e-10 	 -4.4089265056480816e-9 	 -9.441092403872409e-7 	 -1.6667338838953902e-7 	 3.0003143684568157e-10 	 2.596092077013009e-9 	 -1.9096334440286775e-8 	 -2.2898394118665512e-8 	 -7.766335624629451e-9 	 -8.57610500144945e-9 	 -4.701709050790314e-10 	 2.392208876892507e-9 	 3.042829227558172e-10 	 2.761172773489445e-9 	 3.325426272929766e-9 	 -4.2101681989003295e-9 	 6.094091097356781e-9 	 1.1983989855269135e-8 	 -3.519637916396643e-10 	 6.023769754884446e-10 	 
1928.494810687309 	 -1.0590367312066057e-7 	 -5.883138285290018e-9 	 -4.892647654598083e-9 	 1.023642011956208e-6 	 8.301469120881898e-10 	 3.364732288752829e-10 	 4.0904638650013384e-10 	 -3.9972027467567285e-9 	 -9.29942660165585e-7 	 -1.5513125269996124e-7 	 2.832878420528806e-10 	 2.936609759502942e-9 	 -1.8859270067442567e-8 	 -2.2437531822949426e-8 	 -7.3331362637525045e-9 	 -8.399456529344667e-9 	 -4.744658389734301e-10 	 2.683820993653376e-9 	 3.073448261953256e-10 	 2.7720143732089893e-9 	 3.3199198211718534e-9 	 -4.22058438718094e-9 	 5.958231633763034e-9 	 1.1949872213819796e-8 	 -3.672868158879982e-10 	 6.061802100223117e-10 	 
1962.4815578699313 	 -9.865384926869074e-8 	 -6.118323119524704e-9 	 -4.788613343477609e-9 	 1.0046983456535811e-6 	 8.861642723349258e-10 	 3.4294361879039223e-10 	 6.755717603710098e-11 	 -3.6042623327184153e-9 	 -9.161418838402974e-7 	 -1.4448417707692207e-7 	 2.670586614433624e-10 	 3.311253042105634e-9 	 -1.8563812150454915e-8 	 -2.196678507012382e-8 	 -6.926683210519336e-9 	 -8.284908618099706e-9 	 -4.779676768208298e-10 	 3.0059429653175703e-9 	 3.1038966116498813e-10 	 2.7751789490541206e-9 	 3.3044648515705694e-9 	 -4.230862833239864e-9 	 5.823688815412229e-9 	 1.1916839607049346e-8 	 -3.8324703571437677e-10 	 6.078497653609418e-10 	 
1997.0672690620238 	 -9.187943967014956e-8 	 -6.2711776963243915e-9 	 -4.678647215190961e-9 	 9.84999836422846e-7 	 9.453046890934874e-10 	 3.496474020420946e-10 	 -2.50643671093601e-10 	 -3.2293117768029605e-9 	 -9.026968268673546e-7 	 -1.3337401136205627e-7 	 2.5145303344129924e-10 	 3.72463696603743e-9 	 -1.832679919182904e-8 	 -2.148793139771381e-8 	 -6.49215124321908e-9 	 -8.12696143435249e-9 	 -4.805783977028604e-10 	 3.362034955248806e-9 	 3.1338221442116294e-10 	 2.769500680752579e-9 	 3.2780954935586886e-9 	 -4.241044286435532e-9 	 5.690581236776951e-9 	 1.1884915544923714e-8 	 -3.998435404782209e-10 	 6.070997712621457e-10 	 
2032.2625000806186 	 -8.623946057614212e-8 	 -6.413059982626629e-9 	 -4.562330676241198e-9 	 9.65260921963429e-7 	 1.0076269021951273e-9 	 3.5658735408948865e-10 	 -5.406622276729077e-10 	 -2.872770064616529e-9 	 -8.896034803282645e-7 	 -1.231351041888639e-7 	 2.365904358884464e-10 	 4.182232615551415e-9 	 -1.805514035633705e-8 	 -2.1001228389121563e-8 	 -6.038830788259309e-9 	 -7.99312313468962e-9 	 -4.821916390266775e-10 	 3.7560454638720135e-9 	 3.164470968792325e-10 	 2.7536625504276286e-9 	 3.2397096420209625e-9 	 -4.251040754656168e-9 	 5.5590327280806584e-9 	 1.1854097799953891e-8 	 -4.1706895036510337e-10 	 6.036163522113022e-10 	 
2068.077992772737 	 -7.828693823494938e-8 	 -6.395830968817283e-9 	 -4.439174152592651e-9 	 9.474780859946291e-7 	 1.0731637026664568e-9 	 3.637640558963e-10 	 -8.066437769074965e-10 	 -2.5338508292311096e-9 	 -8.768435915085077e-7 	 -1.124785160218008e-7 	 2.2258979052260209e-10 	 4.690581889853874e-9 	 -1.779949908844847e-8 	 -2.050274338060805e-8 	 -5.556279539941527e-9 	 -7.857159728202599e-9 	 -4.826913713226884e-10 	 4.192504728095383e-9 	 3.1937714474586007e-10 	 2.7261523696081585e-9 	 3.1880916205042883e-9 	 -4.26097814287636e-9 	 5.429170487489089e-9 	 1.1824392668909394e-8 	 -4.3490927871857884e-10 	 5.970551001053863e-10 	 
2104.524678293899 	 -7.027228962321107e-8 	 -6.433184261013415e-9 	 -4.308655508814575e-9 	 9.307796172048632e-7 	 1.141913344645773e-9 	 3.711754801517473e-10 	 -1.0457033828280877e-9 	 -2.21272488211416e-9 	 -8.644168570371229e-7 	 -1.0255347220309927e-7 	 2.096031969415781e-10 	 5.257579233368006e-9 	 -1.7563543500179574e-8 	 -1.998988495057817e-8 	 -5.086153529349039e-9 	 -7.706083318100164e-9 	 -4.819521806738477e-10 	 4.676639764880811e-9 	 3.2238596229069194e-10 	 2.6852016867530324e-9 	 3.121898261602806e-9 	 -4.270729944025674e-9 	 5.3011384724405995e-9 	 1.1795806177857035e-8 	 -4.533419199330647e-10 	 5.870382088256602e-10 	 
2141.6136804443754 	 -6.062679359216303e-8 	 -6.3214007135956286e-9 	 -4.170138317470434e-9 	 9.153673906418909e-7 	 1.213829745513474e-9 	 3.7881648851692644e-10 	 -1.2584697679167147e-9 	 -1.9091207390269876e-9 	 -8.523007068236096e-7 	 -9.228566493686215e-8 	 1.9777088353650638e-10 	 5.892854177137769e-9 	 -1.7290448821608898e-8 	 -1.946541173187126e-8 	 -4.579262935206612e-9 	 -7.58903399223301e-9 	 -4.798370527146247e-10 	 5.214523103540535e-9 	 3.2526837005207927e-10 	 2.628781141343308e-9 	 3.039632315700257e-9 	 -4.280405874253001e-9 	 5.175082684489204e-9 	 1.176834107354722e-8 	 -4.723339875217287e-10 	 5.731514764594857e-10 	 
2179.3563190642653 	 -4.901360842923811e-8 	 -6.260147365090275e-9 	 -4.022921586320058e-9 	 9.026429045756463e-7 	 1.2888091991899662e-9 	 3.866784092825255e-10 	 -1.4440064672447683e-9 	 -1.6229941156291555e-9 	 -8.404949437290153e-7 	 -8.252430291690075e-8 	 1.8726927967273968e-10 	 6.608292702586946e-9 	 -1.7076464644311042e-8 	 -1.892469067061956e-8 	 -4.040011570828342e-9 	 -7.442716204624419e-9 	 -4.761983838117245e-10 	 5.813259506815128e-9 	 3.2814085143729634e-10 	 2.5545345514023504e-9 	 2.9395858892498848e-9 	 -4.289950619363361e-9 	 5.0511589607206944e-9 	 1.1742006155579093e-8 	 -4.918410727782492e-10 	 5.549408357160085e-10 	 
2217.7641134883993 	 -4.6482520280906724e-8 	 -6.071533849561677e-9 	 -3.866152308743531e-9 	 8.817084280531955e-7 	 1.3666738331906022e-9 	 3.9474827103469904e-10 	 -1.6018884962276512e-9 	 -1.3542579214964846e-9 	 -8.289963740198051e-7 	 -7.366001547442924e-8 	 1.7826750028716402e-10 	 7.418771668118573e-9 	 -1.6803852575111362e-8 	 -1.8364568387788886e-8 	 -3.4984203411305825e-9 	 -7.3202428006683495e-9 	 -4.708748430575116e-10 	 6.4812328030290014e-9 	 3.309649064493444e-10 	 2.4596425142217084e-9 	 2.8198648301552788e-9 	 -4.299357124628862e-9 	 4.929539152615655e-9 	 1.1716779580073445e-8 	 -5.11803678454531e-10 	 5.319084278259726e-10 	 
2256.8487860621126 	 -3.7062138903577494e-8 	 -5.9412099994424025e-9 	 -3.698854590210627e-9 	 8.659142731991814e-7 	 1.4471502667758066e-9 	 4.030082099518083e-10 	 -1.7312543924791646e-9 	 -1.1029138646357016e-9 	 -8.178019996263611e-7 	 -6.287435574151686e-8 	 1.709753891234692e-10 	 8.343197866738837e-9 	 -1.6585109786230065e-8 	 -1.7786812011585057e-8 	 -2.9244740707227446e-9 	 -7.1769844055557366e-9 	 -4.636929895514553e-10 	 7.228424545874937e-9 	 3.336531056976635e-10 	 2.340791348764327e-9 	 2.678307321125441e-9 	 -4.308696536413279e-9 	 4.810410441689673e-9 	 1.1692664841865263e-8 	 -5.321459587210753e-10 	 5.035085330592656e-10 	 
2296.6222657190083 	 -2.624870320612149e-8 	 -5.6958381218148404e-9 	 -3.519815045531746e-9 	 8.5301065524427e-7 	 1.529841966051091e-9 	 4.1143475976760485e-10 	 -1.8304381154419811e-9 	 -8.690663267815632e-10 	 -8.069172867543569e-7 	 -5.36851601758241e-8 	 1.6559140777681476e-10 	 9.406055388320687e-9 	 -1.6338307023439555e-8 	 -1.718297171559976e-8 	 -2.2981539927870397e-9 	 -7.052463636779959e-9 	 -4.544632798177662e-10 	 8.066842686503622e-9 	 3.363567249021769e-10 	 2.1939658292541088e-9 	 2.5123975035554003e-9 	 -4.317860578870152e-9 	 4.693973358623274e-9 	 1.1669635174329498e-8 	 -5.52771046256543e-10 	 4.691425638262264e-10 	 
2337.0966916217417 	 -1.0895335353431474e-8 	 -5.5157953769167265e-9 	 -3.327587591518062e-9 	 8.433759750328844e-7 	 1.6141930127059848e-9 	 4.199980069910693e-10 	 -1.899029038962145e-9 	 -6.527479243392847e-10 	 -7.962952314163674e-7 	 -4.317867436670061e-8 	 1.6236534116107421e-10 	 1.0639732940504856e-8 	 -1.6101996623807393e-8 	 -1.6554823400914162e-8 	 -1.6481731437780617e-9 	 -6.9298031789713474e-9 	 -4.429822352406269e-10 	 9.01108841084943e-9 	 3.388403116760046e-10 	 2.0142333383510047e-9 	 2.319332344202007e-9 	 -4.326985163483405e-9 	 4.580455592647898e-9 	 1.1647684109259458e-8 	 -5.735581673158624e-10 	 4.281538336503983e-10 	 
2378.2844168669976 	 -7.01123524820749e-9 	 -5.235345189928755e-9 	 -3.120312778354753e-9 	 8.2285610187275e-7 	 1.6994404560626487e-9 	 4.2866084486766396e-10 	 -1.932963578896473e-9 	 -4.543628484481113e-10 	 -7.8593706711312e-7 	 -3.347790833334603e-8 	 1.6152726820265412e-10 	 1.2088217575586124e-8 	 -1.5888116902931282e-8 	 -1.5893769155901492e-8 	 -9.443960877011688e-10 	 -6.7899815139700025e-9 	 -4.290276240746888e-10 	 1.0079120852007453e-8 	 3.4132043005597466e-10 	 1.7954627843204703e-9 	 2.0957436209571254e-9 	 -4.335938719879539e-9 	 4.47011052967913e-9 	 1.1626784609148442e-8 	 -5.943572996976001e-10 	 3.798210544047219e-10 	 
2420.198012255736 	 5.9621925129425104e-9 	 -5.011129644103079e-9 	 -2.8956463632570906e-9 	 8.104249752502733e-7 	 1.7845508795806833e-9 	 4.3737784965120154e-10 	 -1.9332354010620247e-9 	 -2.7393386328554364e-10 	 -7.758586726367432e-7 	 -2.289205259245353e-8 	 1.6337348161919022e-10 	 1.3813213884593784e-8 	 -1.5636329237600783e-8 	 -1.5198218122713152e-8 	 -2.0325468430858767e-10 	 -6.684470173206608e-9 	 -4.1236110739906337e-10 	 1.1293250307220135e-8 	 3.4357735812497583e-10 	 1.5297388122491668e-9 	 1.8377783918368765e-9 	 -4.344831835200842e-9 	 4.363226711828626e-9 	 1.160689720159206e-8 	 -6.149831442671439e-10 	 3.2335118997309507e-10 	 
2462.8502701298967 	 1.750142260275623e-8 	 -4.725308242697228e-9 	 -2.6504177892713245e-9 	 7.960189152323003e-7 	 1.8681362973780296e-9 	 4.460944226217494e-10 	 -1.8915592455546906e-9 	 -1.1233316110791035e-10 	 -7.660388215988424e-7 	 -1.2137103413713953e-8 	 1.68180268644727e-10 	 1.5905062944564707e-8 	 -1.544304037468369e-8 	 -1.4457596970510275e-8 	 6.039805045725271e-10 	 -6.5516532507714485e-9 	 -3.9272256520982704e-10 	 1.268132978819814e-8 	 3.457239973430745e-10 	 1.20662284790202e-9 	 1.5407472567761493e-9 	 -4.353608406422788e-9 	 4.260132230919037e-9 	 1.1587999765892758e-8 	 -6.3520871860475e-10 	 2.5787078303341645e-10 	 
2506.2542082767286 	 2.8737204325601434e-8 	 -4.467491009202712e-9 	 -2.3802512095349505e-9 	 7.825928411776349e-7 	 1.948346799046918e-9 	 4.547457215762912e-10 	 -1.8084580953050235e-9 	 3.020600251239685e-11 	 -7.565228581284692e-7 	 -3.1446008706876514e-9 	 1.7628377125100364e-10 	 1.850447537122224e-8 	 -1.519131995493105e-8 	 -1.3666797108599589e-8 	 1.4883988845727642e-9 	 -6.4391859727918835e-9 	 -3.698331852830089e-10 	 1.4277633918916388e-8 	 3.477047855533535e-10 	 8.115896850432021e-10 	 1.1991385011558608e-9 	 -4.362258118242423e-9 	 4.161211845722273e-9 	 1.1570020913534333e-8 	 -6.547550041977876e-10 	 1.8241560510475407e-10 	 
2550.4230739018953 	 4.721011370007826e-8 	 -4.190143475611056e-9 	 -2.078655245203086e-9 	 7.697418148473427e-7 	 2.0227506572613695e-9 	 4.6325544871900914e-10 	 -1.671212981960889e-9 	 1.5228847057152145e-10 	 -7.472290673940985e-7 	 1.1804482788036226e-8 	 1.8802292705812175e-10 	 2.184726699785066e-8 	 -1.4994814224173175e-8 	 -1.280883645529783e-8 	 2.3415346048890457e-9 	 -6.306431866620818e-9 	 -3.433890461562691e-10 	 1.612079970187993e-8 	 3.494296039287135e-10 	 3.2322799040303607e-10 	 8.061484046821859e-10 	 -4.370852732000151e-9 	 4.066916949278952e-9 	 1.1552941347074632e-8 	 -6.732815890163213e-10 	 9.591797124021801e-11 	 
2595.370347672644 	 6.8445940024864e-8 	 -3.9187380917637075e-9 	 -1.7351981854842949e-9 	 7.588852726010281e-7 	 2.0882911151410117e-9 	 4.715350755161476e-10 	 -1.4734038806003325e-9 	 2.5290098448151153e-10 	 -7.381477968505639e-7 	 2.6377106745983484e-8 	 2.037751609494476e-10 	 2.6339683789268342e-8 	 -1.4766174109280115e-8 	 -1.1868183647846722e-8 	 3.1532657125935337e-9 	 -6.195037431749262e-9 	 -3.1306437423826923e-10 	 1.8238055755761867e-8 	 3.510343563359559e-10 	 -2.9313572845534023e-10 	 3.537855523937083e-10 	 -4.3792820286779585e-9 	 3.977770836931611e-9 	 1.1536657808238032e-8 	 -6.903725317602852e-10 	 -2.8086093385939436e-12 	 
2641.109747832185 	 8.772467808283516e-8 	 -3.658664790679576e-9 	 -1.3306360990711139e-9 	 7.433868178482018e-7 	 2.141738925271457e-9 	 4.794820792831524e-10 	 -1.1899979417370906e-9 	 3.2948361626944096e-10 	 -7.293147231355393e-7 	 4.2623122521785586e-8 	 2.2395563639620463e-10 	 3.245797315888662e-8 	 -1.4553742560281176e-8 	 -1.0814733803598862e-8 	 3.440500684925713e-9 	 -6.081476289795951e-9 	 -2.7850460936574405e-10 	 2.0573965043072504e-8 	 3.5226926610771793e-10 	 -1.1028983296895235e-9 	 -1.6644843215470659e-10 	 -4.387682935860323e-9 	 3.894376273724447e-9 	 1.1521114927402856e-8 	 -7.055276104128238e-10 	 -1.150853603061284e-10 	 
2687.655234386611 	 1.1028579000356494e-7 	 -3.399252347475781e-9 	 -8.186607955135787e-10 	 7.305161057988669e-7 	 2.181641318313397e-9 	 4.869796721388532e-10 	 -7.752762609455871e-10 	 3.7831653974634743e-10 	 -7.207238517593494e-7 	 6.085286108230722e-8 	 2.489919598864286e-10 	 3.957284470100559e-8 	 -1.4356669905814196e-8 	 -9.611791967830658e-9 	 1.7659897395528676e-9 	 -5.955269429603157e-9 	 -2.393294667773441e-10 	 2.287079238654977e-8 	 3.533523856652445e-10 	 -2.2685054720170708e-9 	 -7.604759323007089e-10 	 -4.395912940932225e-9 	 3.817309586202507e-9 	 1.1506144249897588e-8 	 -7.181703828365596e-10 	 -2.423727551713845e-10 	 
2735.0210133656037 	 1.1145793494497982e-7 	 -3.175324344177849e-9 	 6.37016213391866e-11 	 7.186373823572662e-7 	 2.214611095446585e-9 	 4.938933432956752e-10 	 3.7393047349045074e-11 	 3.8763695484645274e-10 	 -7.124170805472393e-7 	 7.404459708133674e-8 	 2.791346628015965e-10 	 4.2813526048120885e-8 	 -1.4128368982661055e-8 	 -8.220578861755582e-9 	 -1.148780808313965e-8 	 -5.858901142190401e-9 	 -1.953826956746277e-10 	 2.4043682327849196e-8 	 3.5402575424116366e-10 	 -4.742826147299785e-9 	 -1.4066087843829824e-9 	 -4.404095299957422e-9 	 3.746923179468311e-9 	 1.149136226867207e-8 	 -7.277146961689211e-10 	 -3.852452124056841e-10 	 
2783.2215411581997 	 9.594919484438014e-8 	 -2.9621652292845268e-9 	 5.972266599662486e-10 	 7.055328793947023e-7 	 2.2442974292523252e-9 	 5.001303214905476e-10 	 5.657489690389606e-10 	 3.50841671117069e-10 	 -7.042997956959236e-7 	 6.590377875797362e-8 	 3.0619523729503e-10 	 3.538206677889554e-8 	 -1.3954459419772467e-8 	 -6.817843499516521e-9 	 -6.1511564966253275e-9 	 -5.711308091356709e-9 	 -1.551730746899957e-10 	 2.2303151374144203e-8 	 3.5444291215906176e-10 	 -5.8098459248774595e-9 	 -1.7324730327912996e-9 	 -4.412151590872551e-9 	 3.6833728926568145e-9 	 1.1477065694394495e-8 	 -7.338815438430636e-10 	 -5.11749649152463e-10 	 
2832.2715289250114 	 7.370208723840553e-8 	 -2.789697063686887e-9 	 8.486225352882052e-10 	 6.936242259908387e-7 	 2.2541161891937746e-9 	 5.057287570903284e-10 	 8.384347528984217e-10 	 3.0013841996023e-10 	 -6.963357443621532e-7 	 5.205860156412913e-8 	 3.2672231229095926e-10 	 2.7635111810688704e-8 	 -1.3722331334709905e-8 	 -5.6717937444816654e-9 	 -2.1156171445992076e-9 	 -5.636411932383198e-9 	 -1.2213541515183787e-10 	 1.9853199254747243e-8 	 3.5455598300057337e-10 	 -5.998906659920767e-9 	 -1.8264451980263433e-9 	 -4.4200896615231145e-9 	 3.626325592159729e-9 	 1.1463459014699572e-8 	 -7.369684957321164e-10 	 -6.110139262116828e-10 	 
2882.1859470881627 	 5.487881217308896e-8 	 -2.6137076782700176e-9 	 9.733146350782117e-10 	 6.831196723704828e-7 	 2.2424184867198106e-9 	 5.107396060819473e-10 	 9.913305711974446e-10 	 2.476740992475342e-10 	 -6.88614446130152e-7 	 4.0707968173495826e-8 	 3.4154685930761126e-10 	 2.1682044141957447e-8 	 -1.354892454729512e-8 	 -4.751633228932718e-9 	 -8.214268825184288e-11 	 -5.512178434550991e-9 	 -9.520544390309108e-11 	 1.7465889586281623e-8 	 3.543615900592438e-10 	 -5.891345231255899e-9 	 -1.8199095791943029e-9 	 -4.4279622196127166e-9 	 3.5748780458344985e-9 	 1.1450284773445694e-8 	 -7.374571236864501e-10 	 -6.883984609956495e-10 	 
2932.9800299003823 	 3.940094281398523e-8 	 -2.4627391292246912e-9 	 1.0243001112583069e-9 	 6.721521891019937e-7 	 2.2126114695474743e-9 	 5.152063797951935e-10 	 1.0704846918252956e-9 	 1.9867268341833714e-10 	 -6.811041428740172e-7 	 3.2520762178801615e-8 	 3.514667627182723e-10 	 1.7444210039127266e-8 	 -1.3335656916587133e-8 	 -4.004498334698071e-9 	 9.65705623242734e-10 	 -5.414349638910078e-9 	 -7.345903788148327e-11 	 1.5353451711153874e-8 	 3.5402204662820525e-10 	 -5.649073598647548e-9 	 -1.7644143640659632e-9 	 -4.435668284384685e-9 	 3.5281256107182678e-9 	 1.1437516558750198e-8 	 -7.358157812613596e-10 	 -7.479641953152756e-10 	 
2984.6692800946194 	 2.6822290369591726e-8 	 -2.3168122744629078e-9 	 1.0294260244189697e-9 	 6.614929171359592e-7 	 2.168987706059479e-9 	 5.191659532600832e-10 	 1.099204733515892e-9 	 1.5529088708219786e-10 	 -6.737981587873062e-7 	 2.6403577736559072e-8 	 3.57166447633283e-10 	 1.4295282305470735e-8 	 -1.3147309755872032e-8 	 -3.389789908563773e-9 	 1.5188390615430164e-9 	 -5.3082852788824754e-9 	 -5.609711809491818e-11 	 1.3530355481684465e-8 	 3.533411234039774e-10 	 -5.342564079770278e-9 	 -1.6839372237126688e-9 	 -4.4433443446772146e-9 	 3.485293599468811e-9 	 1.1425098582404123e-8 	 -7.324513372985102e-10 	 -7.92906300230614e-10 	 
3037.269473615574 	 1.4387246422269194e-8 	 -2.1753401671085974e-9 	 1.0055434313764548e-9 	 6.492646914131163e-7 	 2.1152711414549395e-9 	 5.22648484060708e-10 	 1.0940993384676385e-9 	 1.1840794508698484e-10 	 -6.667810048488927e-7 	 2.171428648898304e-8 	 3.5926834864289976e-10 	 1.186587888412048e-8 	 -1.2965197765717545e-8 	 -2.879202796651605e-9 	 1.7983504650250729e-9 	 -5.1951975255155255e-9 	 -4.2428064124790363e-11 	 1.1959408499363881e-8 	 3.525977950599013e-10 	 -5.0080877051172916e-9 	 -1.5911155028197224e-9 	 -4.450838664920535e-9 	 3.4457218656546e-9 	 1.14129805892963e-8 	 -7.277021277301196e-10 	 -8.257930988414013e-10 	 
3090.796664434656 	 7.544916314201067e-9 	 -2.0477461195309693e-9 	 9.635585511007029e-10 	 6.412383866328046e-7 	 2.054426811269453e-9 	 5.256786889647932e-10 	 1.0652997430300847e-9 	 8.795412125622348e-11 	 -6.598172968202381e-7 	 1.8033708442588047e-8 	 3.583321939009174e-10 	 9.942205918105707e-9 	 -1.2759174990380288e-8 	 -2.452164823241384e-9 	 1.9169783659649113e-9 	 -5.107189122912075e-9 	 -3.1855458634610235e-11 	 1.0600250511418061e-8 	 3.5155013298906776e-10 	 -4.6659731301714955e-9 	 -1.4931749342655371e-9 	 -4.45829453471801e-9 	 3.408864939782936e-9 	 1.1401157935453376e-8 	 -7.218462459998682e-10 	 -8.487204943353715e-10 	 
3145.267189449756 	 4.5531970154110484e-10 	 -1.9215295777383313e-9 	 9.107710733224065e-10 	 6.320802439509809e-7 	 1.9887698808737888e-9 	 5.282760831738345e-10 	 1.0200782346527621e-9 	 6.344532436085624e-11 	 -6.530662959615435e-7 	 1.509550381430005e-8 	 3.5484221429600305e-10 	 8.39091522664426e-9 	 -1.2603334804267567e-8 	 -2.0931192184883458e-9 	 1.938104570866042e-9 	 -4.973571957710519e-9 	 -2.3864721818802756e-11 	 9.418483425927307e-9 	 3.504196746769333e-10 	 -4.328087936102768e-9 	 -1.3944336073756105e-9 	 -4.465611178288415e-9 	 3.3742655489525213e-9 	 1.1389577567577664e-8 	 -7.151117160264033e-10 	 -8.634162097040275e-10 	 
3200.6976734713967 	 -1.0042058682491007e-8 	 -1.7980887052406147e-9 	 8.521603669368456e-10 	 6.188571816926695e-7 	 1.920098332961075e-9 	 5.304558016572829e-10 	 9.649592432135215e-10 	 4.4328442196866584e-11 	 -6.465005439561133e-7 	 1.2714553175736179e-8 	 3.492339909398327e-10 	 7.1225719929409585e-9 	 -1.2389217725732081e-8 	 -1.7899754920254754e-9 	 1.8996731665834556e-9 	 -4.9056725978754975e-9 	 -1.801371444686324e-11 	 8.386120085619614e-9 	 3.491031134802801e-10 	 -4.001427318153884e-9 	 -1.2975185049527483e-9 	 -4.472827106077764e-9 	 3.341542667578843e-9 	 1.137824259311155e-8 	 -7.076836693061267e-10 	 -8.713145581925464e-10 	 
3257.10503429676 	 -1.67438515056195e-8 	 -1.6902842433292348e-9 	 7.911396427938317e-10 	 6.089613060846228e-7 	 1.8498063425450537e-9 	 5.322290606193091e-10 	 9.030750171099524e-10 	 2.9766807235329456e-11 	 -6.401128422426192e-7 	 1.0765820945835311e-8 	 3.4189310319837294e-10 	 6.074306647346423e-9 	 -1.2236724563064394e-8 	 -1.5331560241397974e-9 	 1.8253391621492981e-9 	 -4.789861301584369e-9 	 -1.3922422852107075e-11 	 7.480505577484604e-9 	 3.476106881272348e-10 	 -3.6900277776552357e-9 	 -1.204020362613877e-9 	 -4.479975461365105e-9 	 3.3103786995502436e-9 	 1.1367110044487334e-8 	 -6.997132821890533e-10 	 -8.736116473122733e-10 	 
3314.506487873102 	 -2.1889105232178145e-8 	 -1.5721204252260245e-9 	 7.300268731965863e-10 	 6.0038276892803e-7 	 1.7789714282379532e-9 	 5.336035197579766e-10 	 8.380018590572526e-10 	 1.9086951347369464e-11 	 -6.3405738678594e-7 	 9.157053413414047e-9 	 3.3314523053578167e-10 	 5.200374579468966e-9 	 -1.2038606519294974e-8 	 -1.3149656687420556e-9 	 1.7302455491336376e-9 	 -4.7034595031309035e-9 	 -1.1265717859181316e-11 	 6.683191573106294e-9 	 3.460763529164836e-10 	 -3.396066097815682e-9 	 -1.1148722274500891e-9 	 -4.486963031032424e-9 	 3.280506449669321e-9 	 1.1356177440493895e-8 	 -6.913214828141464e-10 	 -8.713079212382994e-10 	 
3372.919553552214 	 -2.703329978675386e-8 	 -1.4717090420780249e-9 	 6.703900688952431e-10 	 5.91351796321541e-7 	 1.7084218585214457e-9 	 5.345840087763838e-10 	 7.723603818594988e-10 	 1.1649745789670497e-11 	 -6.279562387909216e-7 	 7.818934151013988e-9 	 3.2329230578446594e-10 	 4.4665819937197465e-9 	 -1.1870244883687904e-8 	 -1.129149369481119e-9 	 1.6242460434023868e-9 	 -4.605999049043569e-9 	 -9.765619907426376e-12 	 5.97901786299552e-9 	 3.442827735124484e-10 	 -3.1205253079999656e-9 	 -1.03057983130568e-9 	 -4.493934578340811e-9 	 3.2517033722578203e-9 	 1.134543283238016e-8 	 -6.826056318121701e-10 	 -8.652414026252578e-10 	 
3432.362059437434 	 -3.2700811032576026e-8 	 -1.3715127656739789e-9 	 6.132403488951059e-10 	 5.816302928114583e-7 	 1.63878881405563e-9 	 5.351727373245933e-10 	 7.067279951250487e-10 	 6.694777263131479e-12 	 -6.22055967305447e-7 	 6.699022695767711e-9 	 3.1258195257294826e-10 	 3.846805994925286e-9 	 -1.1705090448891592e-8 	 -9.70580523638933e-10 	 1.5138027358432227e-9 	 -4.502707305979199e-9 	 -9.185453129525352e-12 	 5.355407450556457e-9 	 3.4252120525089723e-10 	 -2.8636147769201808e-9 	 -9.51367646256793e-10 	 -4.500724941086259e-9 	 3.2237804821477094e-9 	 1.1334856480052127e-8 	 -6.736420805807017e-10 	 -8.561142662099325e-10 	 
3492.8521478249413 	 -3.6988528193394314e-8 	 -1.2695671914667584e-9 	 5.592054388477633e-10 	 5.731543168080678e-7 	 1.57054636703295e-9 	 5.353698770166879e-10 	 6.436166805411533e-10 	 3.852809292946365e-12 	 -6.163265403738086e-7 	 5.756222930504188e-9 	 3.01234087796297e-10 	 3.3207268509925413e-9 	 -1.1516113670402053e-8 	 -8.350245441166658e-10 	 1.4031466302162405e-9 	 -4.424751962950702e-9 	 -9.32429561658272e-12 	 4.801831986371188e-9 	 3.405072000933162e-10 	 -2.6250432903589714e-9 	 -8.772739904246723e-10 	 -4.507495163205734e-9 	 3.1965822530336035e-9 	 1.1324451002151379e-8 	 -6.644900616464605e-10 	 -8.445145713551208e-10 	 
3554.408280740901 	 -4.107546294411954e-8 	 -1.186524574540496e-9 	 5.08640716932461e-10 	 5.648021303157227e-7 	 1.504043437075805e-9 	 5.351737444955211e-10 	 5.829329233895564e-10 	 2.5283367909661823e-12 	 -6.10755889532793e-7 	 4.9593578596213065e-9 	 2.894433956539537e-10 	 2.872295751629543e-9 	 -1.1379862415855526e-8 	 -7.189624699612303e-10 	 1.295018861362704e-9 	 -4.295145498795586e-9 	 -1.0012202437741275e-11 	 4.30940560477081e-9 	 3.384800710552606e-10 	 -2.404200526628529e-9 	 -8.082146186917075e-10 	 -4.514135304388627e-9 	 3.1699769568196224e-9 	 1.1314185381859973e-8 	 -6.551950001521262e-10 	 -8.309341570552502e-10 	 
3617.049245576217 	 -4.538072203570695e-8 	 -1.0929094562384987e-9 	 4.6169246833437974e-10 	 5.563895536197602e-7 	 1.4395285781447803e-9 	 5.345813139335431e-10 	 5.253630653785858e-10 	 2.341284939271915e-12 	 -6.055557155686703e-7 	 4.282299247036012e-9 	 2.7736411767939583e-10 	 2.4886755208957064e-9 	 -1.1180698511657088e-8 	 -6.194578399750127e-10 	 1.1911501313027285e-9 	 -4.241643191037007e-9 	 -1.1106151335859377e-11 	 3.870573662609002e-9 	 3.3632049676623954e-10 	 -2.20027961272754e-9 	 -7.440259842896874e-10 	 -4.52067940832418e-9 	 3.1438543029522955e-9 	 1.1304068674301641e-8 	 -6.457893760939635e-10 	 -8.157834193915329e-10 	 
3680.7941608205992 	 -4.7713454148097984e-8 	 -1.012717247580058e-9 	 4.1838247477603006e-10 	 5.496400904247443e-7 	 1.3771701933858386e-9 	 5.335886409217013e-10 	 4.71931158073847e-10 	 3.073439320181761e-12 	 -6.00205711400592e-7 	 3.705477045530084e-9 	 2.6514080287722474e-10 	 2.1594818002463433e-9 	 -1.1045508874442088e-8 	 -5.340458882325606e-10 	 1.092580166008243e-9 	 -4.1352615812706285e-9 	 -1.248636453249388e-11 	 3.4788715932745684e-9 	 3.340155362415059e-10 	 -2.0123606875196276e-9 	 -6.844947787403699e-10 	 -4.5271801464731626e-9 	 3.118122094914203e-9 	 1.129408818031461e-8 	 -6.362970420340407e-10 	 -7.994036873097649e-10 	 
3745.662481897642 	 -4.872323980821224e-8 	 -9.388376499815286e-10 	 3.7862965869447283e-10 	 5.442420406273961e-7 	 1.3170724568694164e-9 	 5.321911689764628e-10 	 4.2168395693211123e-10 	 4.274011838106488e-12 	 -5.950509502318686e-7 	 3.2123289470469337e-9 	 2.528882542069121e-10 	 1.876235500047233e-9 	 -1.0866146030077274e-8 	 -4.606536079987185e-10 	 9.99878070334749e-10 	 -4.0560748728511075e-9 	 -1.4053184023158558e-11 	 3.1287359598341254e-9 	 3.317367608521594e-10 	 -1.8394681817725283e-9 	 -6.293786789114492e-10 	 -4.533516055851789e-9 	 3.092708102145653e-9 	 1.1284245151650614e-8 	 -6.267324636698169e-10 	 -7.820774780313058e-10 	 
3811.6740071027934 	 -5.3003948376803956e-8 	 -8.585573683485265e-10 	 3.422884386012258e-10 	 5.35611223355739e-7 	 1.2592887194759916e-9 	 5.303839914636513e-10 	 3.756949121769766e-10 	 5.900028015694125e-12 	 -5.900574818667081e-7 	 2.789260175314246e-9 	 2.4070145196676956e-10 	 1.6319563979761071e-9 	 -1.0709839973478548e-8 	 -3.9753081799319273e-10 	 9.132874127020892e-10 	 -3.971402968484062e-9 	 -1.572429683137159e-11 	 2.8153546648633454e-9 	 3.2920508548731414e-10 	 -1.68061003197755e-9 	 -5.784205817845257e-10 	 -4.539863555490583e-9 	 3.06754967312594e-9 	 1.127453103156153e-8 	 -6.171045113563869e-10 	 -7.640377428209775e-10 	 
3878.848883645918 	 -5.8431615026523e-8 	 -7.970556733084623e-10 	 3.091824118075603e-10 	 5.258748388155249e-7 	 1.2038313617831779e-9 	 5.281621131053804e-10 	 3.334464505426293e-10 	 7.702256819795295e-12 	 -5.852023328153351e-7 	 2.4256900813782252e-9 	 2.2866791227793737e-10 	 1.4208547476518607e-9 	 -1.056933464642521e-8 	 -3.431941228214188e-10 	 8.328331753606344e-10 	 -3.871214561829783e-9 	 -1.7432453853523257e-11 	 2.534547067174019e-9 	 3.267590183834309e-10 	 -1.53480431731006e-9 	 -5.313585022832303e-10 	 -4.546034252685252e-9 	 3.0425967167281215e-9 	 1.1264925882249883e-8 	 -6.074163907147756e-10 	 -7.454753007438644e-10 	 
3947.2076138003845 	 -6.142362537385461e-8 	 -7.288033070292886e-10 	 2.7909992860835593e-10 	 5.186001260581584e-7 	 1.1506807186900823e-9 	 5.255209883804731e-10 	 2.94666982839797e-10 	 9.51758306807928e-12 	 -5.804833078028379e-7 	 2.1122387010187504e-9 	 2.1684897096712574e-10 	 1.2381008734455529e-9 	 -1.0388470323712242e-8 	 -2.9638687326126313e-10 	 7.583934197742812e-10 	 -3.807303003236806e-9 	 -1.9123135727126585e-11 	 2.2826667017133856e-9 	 3.240891991908035e-10 	 -1.401097021203792e-9 	 -4.87932590507394e-10 	 -4.552192353912435e-9 	 3.0178093884296463e-9 	 1.1255443710302958e-8 	 -5.976669609180108e-10 	 -7.265452260959207e-10 	 
4016.7710611605276 	 -6.262418485679397e-8 	 -6.682790924337417e-10 	 2.5182742901784144e-10 	 5.134245362382637e-7 	 1.0997924204147935e-9 	 5.224566645717688e-10 	 2.5978798060712424e-10 	 1.1363250019244577e-11 	 -5.7610965897953e-7 	 1.8415663878874115e-9 	 2.0530198269369333e-10 	 1.079641313508384e-9 	 -1.0274127484475144e-8 	 -2.5603847163576764e-10 	 6.897490937178157e-10 	 -3.718564644823605e-9 	 -2.0753154010085155e-11 	 2.0565222946808363e-9 	 3.21404669813704e-10 	 -1.2785736106468925e-9 	 -4.478895937873025e-10 	 -4.55825772257673e-9 	 2.9931551275704333e-9 	 1.1246078300245228e-8 	 -5.878529472269903e-10 	 -7.073723086596785e-10 	 
4087.560457009342 	 -4.265664321228078e-8 	 -6.157475639597769e-10 	 2.2714682968197452e-10 	 5.291327399759217e-7 	 1.0511028553466878e-9 	 5.189661262720392e-10 	 2.2801007849885852e-10 	 1.3046831586327006e-11 	 -5.715808114447336e-7 	 1.607418513555536e-9 	 1.940711870344076e-10 	 9.42058122431962e-10 	 -1.0089441604563425e-8 	 -2.2123712533026633e-10 	 6.266227581627154e-10 	 -3.6381422564377307e-9 	 -2.2288552980096037e-11 	 1.853311975429065e-9 	 3.1867482611723375e-10 	 -1.16636605349389e-9 	 -4.1098607428371544e-10 	 -4.564195457354654e-9 	 2.96860453037386e-9 	 1.1236821853453456e-8 	 -5.779675304460331e-10 	 -6.880560125635516e-10 	 
4159.5974067984625 	 -6.945825108626897e-8 	 -5.595887478682822e-10 	 2.0483964688887754e-10 	 4.982276484078169e-7 	 1.0045341577302794e-9 	 5.150474101806264e-10 	 1.9942698511685494e-10 	 1.4580055658532657e-11 	 -5.672295682169198e-7 	 1.4043397910108987e-9 	 1.8318715475392538e-10 	 8.224577543677247e-10 	 -9.96239669994305e-9 	 -1.9120556733098155e-10 	 5.687017499100539e-10 	 -3.547198488529735e-9 	 -2.3703816105500514e-11 	 1.6705694353065199e-9 	 3.1575102908259865e-10 	 -1.063656796031646e-9 	 -3.769903612059403e-10 	 -4.570146391828183e-9 	 2.9441413957830388e-9 	 1.1227657433478193e-8 	 -5.680040595505481e-10 	 -6.686743480402198e-10 	 
4232.903896742278 	 -7.199918398536125e-8 	 -5.129947940044217e-10 	 1.8470285914077e-10 	 4.916363682164127e-7 	 9.599977612830224e-10 	 5.106997882194209e-10 	 1.739643000055139e-10 	 1.5965756841821002e-11 	 -5.629924750715503e-7 	 1.2281065818650986e-9 	 1.7267928972174066e-10 	 7.183794884218441e-10 	 -9.814252941604229e-9 	 -1.6527749130348727e-10 	 5.156567893823661e-10 	 -3.464641048537012e-9 	 -2.4980138409529366e-11 	 1.5061180769978448e-9 	 3.129479699914153e-10 	 -9.696803800098494e-10 	 -3.456835550725262e-10 	 -4.57591026783005e-9 	 2.9197657081448848e-9 	 1.1218600503074205e-8 	 -5.579538898739173e-10 	 -6.492874966685837e-10 	 
4307.502300528305 	 -7.47054449604302e-8 	 -4.694681182984261e-10 	 1.6653823137620019e-10 	 4.84935431351543e-7 	 9.17397950312838e-10 	 5.059241648585134e-10 	 1.5093750313988545e-10 	 1.708031332734766e-11 	 -5.588493264834246e-7 	 1.0748712765256716e-9 	 1.625642769679754e-10 	 6.277249466868905e-10 	 -9.655679841812719e-9 	 -1.4288408080851376e-10 	 4.671555951218804e-10 	 -3.4006045476458202e-9 	 -2.610488934839863e-11 	 1.3580331117342715e-9 	 3.098782382727289e-10 	 -8.837235776924528e-10 	 -3.168602672703388e-10 	 -4.581709551169885e-9 	 2.8954682549266526e-9 	 1.1209660119196184e-8 	 -5.478088256512807e-10 	 -6.299401112977787e-10 	 
4383.41538614581 	 -7.773228395886645e-8 	 -4.23959186200738e-10 	 1.5016115870174264e-10 	 4.783131320761127e-7 	 8.766335513180157e-10 	 5.007231421303349e-10 	 1.306568352218332e-10 	 1.8041708931407645e-11 	 -5.55150668790312e-7 	 9.413795712741971e-10 	 1.5285404124471187e-10 	 5.486989089739258e-10 	 -9.550911933385179e-9 	 -1.2353730757578093e-10 	 4.2286913463093003e-10 	 -3.2838253622101325e-9 	 -2.7070293482979604e-11 	 1.2246088151827616e-9 	 3.068988346348144e-10 	 -8.051243561346522e-10 	 -2.9032862754989073e-10 	 -4.5873706702815255e-9 	 2.871246044145859e-9 	 1.1200835123495706e-8 	 -5.375613313529804e-10 	 -6.106650463795753e-10 	 
4460.666322834745 	 -7.482602008700941e-8 	 -3.904539349073426e-10 	 1.3540392378823055e-10 	 4.7720455337663e-7 	 8.376011236398767e-10 	 4.951011691980444e-10 	 1.1255550213980811e-10 	 1.8766947325046185e-11 	 -5.510537306278334e-7 	 8.251354365212219e-10 	 1.4355868253512694e-10 	 4.797603185510027e-10 	 -9.371499226990548e-9 	 -1.06817501504367e-10 	 3.8247955204443294e-10 	 -3.2470980935786415e-9 	 -2.7873099370110057e-11 	 1.1043311884187204e-9 	 3.038073412074282e-10 	 -7.332701641606411e-10 	 -2.6591012721609834e-10 	 -4.592963372877432e-9 	 2.8471000480907578e-9 	 1.1192129054940574e-8 	 -5.272033877983367e-10 	 -5.914842158027197e-10 	 
4539.278688157207 	 -7.507151447162036e-8 	 -3.513398585644105e-10 	 1.2210553931240024e-10 	 4.731401691644916e-7 	 8.001953942155149e-10 	 4.890643511880098e-10 	 9.649271859160336e-11 	 1.9278116495964394e-11 	 -5.471740583098364e-7 	 7.235855603945718e-10 	 1.346778745858993e-10 	 4.195850829698716e-10 	 -9.266518351039595e-9 	 -9.23658997709002e-11 	 3.456827490915447e-10 	 -3.153832448014857e-9 	 -2.8513472698615786e-11 	 9.958539282892089e-10 	 3.005921249283695e-10 	 -6.67595664089464e-10 	 -2.4343941007163885e-10 	 -4.598551288083202e-9 	 2.8230332686128977e-9 	 1.118352465449703e-8 	 -5.167297889642257e-10 	 -5.724105081515328e-10 	 
4619.276475193451 	 -8.32484768568515e-8 	 -3.2054387198709797e-10 	 1.1012476277025325e-10 	 4.612601688419676e-7 	 7.643103532418734e-10 	 4.826205183883551e-10 	 8.245680281218864e-11 	 1.9637099818082914e-11 	 -5.434531577841057e-7 	 6.349362009120359e-10 	 1.2621349012568126e-10 	 3.6703079521723407e-10 	 -9.116756236168335e-9 	 -7.98722027029424e-11 	 3.121903186776803e-10 	 -3.0845145205001978e-9 	 -2.899495696868132e-11 	 8.979784721172329e-10 	 2.975143905350902e-10 	 -6.075802458800223e-10 	 -2.2276356490728399e-10 	 -4.603954600948911e-9 	 2.799051951257539e-9 	 1.1175010882308656e-8 	 -5.061347464636355e-10 	 -5.534490063681819e-10 	 
4700.684099864773 	 -8.56992812492395e-8 	 -2.9094657623264646e-10 	 9.93293250286322e-11 	 4.5521688803865674e-7 	 7.2984030475425e-10 	 4.757794110013218e-10 	 6.997957398686051e-11 	 1.978054320002858e-11 	 -5.398516999251764e-7 	 5.574275665117904e-10 	 1.1816089272858976e-10 	 3.211114824846901e-10 	 -8.97528778947785e-9 	 -6.907036484968542e-11 	 2.8173199645234486e-10 	 -3.0226340810435544e-9 	 -2.932347003728835e-11 	 8.096359474334152e-10 	 2.9415886097567363e-10 	 -5.527452906716277e-10 	 -2.0374176113900167e-10 	 -4.609422459470356e-9 	 2.7751671762219095e-9 	 1.1166612518667492e-8 	 -4.954149718953096e-10 	 -5.345981973494535e-10 	 
4783.526408385447 	 -8.810030087241138e-8 	 -2.623705449102742e-10 	 8.959956598891955e-11 	 4.4931088327577944e-7 	 6.966793570457313e-10 	 4.68552378788507e-10 	 5.912138471664772e-11 	 1.979017941047635e-11 	 -5.363561821659352e-7 	 4.895580907376022e-10 	 1.1051322399718e-10 	 2.8097401224840883e-10 	 -8.879893854081044e-9 	 -5.97312350162227e-11 	 2.5405469046771875e-10 	 -2.9188586899879494e-9 	 -2.950748472512271e-11 	 7.298723223731886e-10 	 2.9096686277142227e-10 	 -5.026514652115516e-10 	 -1.8624456764362686e-10 	 -4.614728067862958e-9 	 2.7513878423951116e-9 	 1.1158332047051346e-8 	 -4.845684375935876e-10 	 -5.158495932156048e-10 	 
4867.828684845938 	 -8.578780485422271e-8 	 -2.3832678731613533e-10 	 8.082921407267268e-11 	 4.486158501386676e-7 	 6.647210080964287e-10 	 4.609521905601215e-10 	 4.963197526891233e-11 	 1.9657790426541826e-11 	 -5.3338390855345e-7 	 4.3016291929182764e-10 	 1.0326341980501462e-10 	 2.4587875194526074e-10 	 -8.707733731677815e-9 	 -5.1656422244824e-11 	 2.289232263647867e-10 	 -2.8820393050106977e-9 	 -2.955723429054136e-11 	 6.57834761517368e-10 	 2.876431514520969e-10 	 -4.568959378892979e-10 	 -1.7015329415827468e-10 	 -4.6199968602574664e-9 	 2.7277257275683436e-9 	 1.1150169972191573e-8 	 -4.735931193882752e-10 	 -4.971878557679438e-10 	 
4953.616658929837 	 -8.939697755240925e-8 	 -2.1535276842315648e-10 	 7.292009555930545e-11 	 4.414690558653263e-7 	 6.338569501948594e-10 	 4.529923285716104e-10 	 4.1318237890383385e-11 	 1.938574047290152e-11 	 -5.298703489667727e-7 	 3.7809247079888005e-10 	 9.640037075800816e-11 	 2.151843365924636e-10 	 -8.617242741376527e-9 	 -4.4675775098996444e-11 	 2.0611991054220815e-10 	 -2.7916710833547327e-9 	 -2.948496808464381e-11 	 5.927603241790047e-10 	 2.8422989879906975e-10 	 -4.1510973094098574e-10 	 -1.5535955804895277e-10 	 -4.6252638989894175e-9 	 2.7041930915286784e-9 	 1.1142101917336677e-8 	 -4.624899420859481e-10 	 -4.785896577835821e-10 	 
5040.9165137667105 	 -9.430247657381309e-8 	 -1.9346803147631972e-10 	 6.578529878125147e-11 	 4.3324719948893304e-7 	 6.03974813627815e-10 	 4.446865010530384e-10 	 3.416439549460864e-11 	 1.9029362317091656e-11 	 -5.266178333148196e-7 	 3.32405935212404e-10 	 8.991306323756519e-11 	 1.8833301365079964e-10 	 -8.476101247230996e-9 	 -3.8641763435934405e-11 	 1.854432568103485e-10 	 -2.7276194999704527e-9 	 -2.9304479717262034e-11 	 5.339655436920009e-10 	 2.810023016573583e-10 	 -3.769551038408094e-10 	 -1.4176461994793261e-10 	 -4.630336590503466e-9 	 2.680804102427425e-9 	 1.1134121194550947e-8 	 -4.5125800358746353e-10 	 -4.6002219072854585e-10 	 
5129.7548939234275 	 -9.692719659243321e-8 	 -1.75917196587837e-10 	 5.934711634192984e-11 	 4.2743534411433893e-7 	 5.749551340181682e-10 	 4.3604802611044794e-10 	 2.7939552728268096e-11 	 1.856994241661854e-11 	 -5.234874877874183e-7 	 2.923614699874026e-10 	 8.378971755729179e-11 	 1.6483959725171263e-10 	 -8.34123171102227e-9 	 -3.3426829878940495e-11 	 1.6670787325108852e-10 	 -2.6739031410158084e-9 	 -2.9031457849073256e-11 	 4.808377519914203e-10 	 2.774882454932109e-10 	 -3.4212310506641793e-10 	 -1.2927899627456521e-10 	 -4.635496718676303e-9 	 2.6575729930832308e-9 	 1.1126236451430624e-8 	 -4.3989748897215254e-10 	 -4.4144014567186143e-10 	 
5220.1589135362465 	 -9.697591116070821e-8 	 -1.5711684981246213e-10 	 5.353434100781714e-11 	 4.242766583067479e-7 	 5.466661989399739e-10 	 4.2708877511189194e-10 	 2.257647309248991e-11 	 1.8037468946946745e-11 	 -5.204526733811623e-7 	 2.571562380347781e-10 	 7.801633758777055e-11 	 1.4428171214206822e-10 	 -8.262980970505308e-9 	 -2.892138468153935e-11 	 1.4974315524709041e-10 	 -2.559423247850026e-9 	 -2.868337792238727e-11 	 4.328270355827676e-10 	 2.7417654531147594e-10 	 -3.103312130349703e-10 	 -1.1782221295997582e-10 	 -4.640503857880611e-9 	 2.6345134290925936e-9 	 1.1118457278364281e-8 	 -4.2840709255558793e-10 	 -4.2278086755294943e-10 	 
5312.156164586265 	 -1.0127546275626367e-7 	 -1.422009174802008e-10 	 4.8285209003787733e-11 	 4.1694947275340423e-7 	 5.189565506036564e-10 	 4.1781707918192864e-10 	 1.8001442720290923e-11 	 1.7456752248117836e-11 	 -5.175006948363641e-7 	 2.2627611492949785e-10 	 7.258046026960151e-11 	 1.2629081765188668e-10 	 -8.095715627528618e-9 	 -2.502973191418456e-11 	 1.3439227487590946e-10 	 -2.540863827821257e-9 	 -2.8280158119531155e-11 	 3.8943951679597135e-10 	 2.707900846186881e-10 	 -2.8132115439984e-10 	 -1.0732251244453945e-10 	 -4.645447585114516e-9 	 2.6116364116068077e-9 	 1.1110757012485022e-8 	 -4.1678072636945365e-10 	 -4.0395815910275206e-10 	 
5405.774725320715 	 -1.040424386979352e-7 	 -1.2761451319773548e-10 	 4.354299489265331e-11 	 4.118098134464328e-7 	 4.916441510526533e-10 	 4.082355486629545e-10 	 1.4053703717312094e-11 	 1.681499038319247e-11 	 -5.151929490813028e-7 	 1.991338071740476e-10 	 6.746798867940471e-11 	 1.1054554783775245e-10 	 -8.009583757785765e-9 	 -2.1669717070100865e-11 	 1.2051160561763087e-10 	 -2.461194898683056e-9 	 -2.78445915495121e-11 	 3.502310769265447e-10 	 2.67275142224629e-10 	 -2.548568313692358e-10 	 -9.771713893637613e-11 	 -4.650438232572847e-9 	 2.5889360091117447e-9 	 1.1103082406802546e-8 	 -4.050092686416388e-10 	 -3.8484908634193126e-10 	 
5501.043168822617 	 -1.0593905266767115e-7 	 -1.143781499210833e-10 	 3.9257599413141146e-11 	 4.0675102142903993e-7 	 4.6449875057545685e-10 	 3.9833614911201257e-10 	 1.0724169529850334e-11 	 1.6151796338813702e-11 	 -5.121246634892767e-7 	 1.7525891403569913e-10 	 6.266562692570477e-11 	 9.676535426030707e-11 	 -7.893175916033051e-9 	 -1.8769964859899663e-11 	 1.0796937050744311e-10 	 -2.390594138583155e-9 	 -2.7403708681435972e-11 	 3.148021235958081e-10 	 2.6404540653371506e-10 	 -2.3072242000079524e-10 	 -8.895275321289727e-11 	 -4.655206845351743e-9 	 2.5664153386603213e-9 	 1.1095255936297694e-8 	 -3.930718278284617e-10 	 -3.65281418747866e-10 	 
5597.990571731539 	 -1.0802065291667412e-7 	 -1.0289240952651399e-10 	 3.538443294975805e-11 	 4.018299154718257e-7 	 4.372157367131136e-10 	 3.88096170020524e-10 	 7.893271826396635e-12 	 1.545979477567231e-11 	 -5.093780014465427e-7 	 1.5427994721516962e-10 	 5.816082950426927e-11 	 8.470491637301862e-11 	 -7.751469513337366e-9 	 -1.6268436832927506e-11 	 9.664496811610903e-11 	 -2.352168638686603e-9 	 -2.699040733372197e-11 	 2.827926810487118e-10 	 2.605354821216866e-10 	 -2.0872058424316688e-10 	 -8.098655149612762e-11 	 -4.6600664125293086e-9 	 2.544186130951629e-9 	 1.1087579131278666e-8 	 -3.8093341805461185e-10 	 -3.450040628115099e-10 	 
5696.646523117965 	 -1.063282997766001e-7 	 -9.204471167929849e-11 	 3.188308751498855e-11 	 4.008241215714591e-7 	 4.093727739615854e-10 	 3.774688140092521e-10 	 5.507509950116385e-12 	 1.4752863944244185e-11 	 -5.06739206176344e-7 	 1.3581223127720712e-10 	 5.394158020710043e-11 	 7.415004118519137e-11 	 -7.693016056779489e-9 	 -1.4111752708495582e-11 	 8.642813676684204e-11 	 -2.270654600823168e-9 	 -2.664657373462556e-11 	 2.538782556366204e-10 	 2.571845090931176e-10 	 -1.886708386039985e-10 	 -7.37884525136997e-11 	 -4.664832855892087e-9 	 2.522320511646534e-9 	 1.1080032613652748e-8 	 -3.6853577115872094e-10 	 -3.2364648666726723e-10 	 
5797.0411335141225 	 -1.0974676147792819e-7 	 -8.228498687992329e-11 	 2.8717903623674142e-11 	 3.9471766193396507e-7 	 3.803618737106762e-10 	 3.6636702524560965e-10 	 3.5205503195988363e-12 	 1.4044451965243377e-11 	 -5.041819513941167e-7 	 1.1956099836482252e-10 	 4.999828386772703e-11 	 6.491342317486291e-11 	 -7.539487971367911e-9 	 -1.2253287932374556e-11 	 7.721796456871284e-11 	 -2.2182995570888985e-9 	 -2.6427833691893468e-11 	 2.2776599894502956e-10 	 2.5394720827862956e-10 	 -1.7040802554258605e-10 	 -6.734473674972641e-11 	 -4.66944950278516e-9 	 2.500879915090081e-9 	 1.1072616643993776e-8 	 -3.5577871536117384e-10 	 -3.006496415252785e-10 	 
5899.205044103951 	 -1.1164660940376673e-7 	 -7.381079214447233e-11 	 2.5856863626447608e-11 	 3.90250246997573e-7 	 3.4926871936521044e-10 	 3.546379655231601e-10 	 1.862877402540663e-12 	 1.3333674915381024e-11 	 -5.016996695439483e-7 	 1.0527155463114124e-10 	 4.6324503610829516e-11 	 5.683127734324999e-11 	 -7.439835551957964e-9 	 -1.0652681761180849e-11 	 6.892231984439683e-11 	 -2.1614277892866274e-9 	 -2.64118588518706e-11 	 2.04191397210822e-10 	 2.504687291261295e-10 	 -1.5378090992060015e-10 	 -6.166475345694605e-11 	 -4.674187694080588e-9 	 2.4799623581134996e-9 	 1.1065302736721787e-8 	 -3.425001624834936e-10 	 -2.751496408823451e-10 	 
6003.169436074985 	 -1.1331754809112577e-7 	 -6.56431775454564e-11 	 2.3271119453768867e-11 	 3.8642298235228286e-7 	 3.146644120869322e-10 	 3.4201610200438014e-10 	 4.984652708501574e-13 	 1.2630787103987485e-11 	 -4.996368336895641e-7 	 9.268037751982589e-11 	 4.2919337265228217e-11 	 4.9760032258790425e-11 	 -7.3702485371720705e-9 	 -9.275055937603286e-12 	 6.145706157224579e-11 	 -2.0714233291835355e-9 	 -2.67126789735957e-11 	 1.8291522759289222e-10 	 2.4735661521063904e-10 	 -1.3865087038302987e-10 	 -5.6792863032990784e-11 	 -4.678711868571455e-9 	 2.45970715920323e-9 	 1.1058081146000265e-8 	 -3.284260743532398e-10 	 -2.457701412345995e-10 	 
6108.966040135128 	 -1.1826921106363611e-7 	 -5.870216664675351e-11 	 2.0935225303494364e-11 	 3.7904356806344373e-7 	 2.742179726604197e-10 	 3.2803574534884037e-10 	 -6.102613708695533e-13 	 1.1942319561455956e-11 	 -4.973227981450425e-7 	 8.160232577149532e-11 	 3.979257748410907e-11 	 4.3573790421329e-11 	 -7.2155877469702e-9 	 -8.08986768251653e-12 	 5.474537717460432e-11 	 -2.0491557709500173e-9 	 -2.7506992005086546e-11 	 1.637208683019164e-10 	 2.441239275599208e-10 	 -1.2489066336337467e-10 	 -5.2830557271932646e-11 	 -4.683242486632551e-9 	 2.440325023773169e-9 	 1.1050945967743511e-8 	 -3.1308587824448177e-10 	 -2.1023971200382008e-10 	 
