###################################
#   ____       ____  ____  _____  #
#  / ___| __ _|  _ \/ ___|| ____| #
# | |  _ / _` | |_) \___ \|  _|   #
# | |_| | (_| |  __/ ___) | |___  # 
#  \____|\__,_|_|   |____/|_____| #
###################################
# 
#
# This is an integration map on mu of the sum of all the ξ_GNC L=2 multipole GR effects
# concerning the relativistic galaxy number counts.
# In input was set "single = true", so, together with their sum, all the CFs are here reported.
#
# The Cosmology considered had the following paremeters:
# 
# - Matter Power Spectrum input file: "../test/datatest/file_pk.txt"
# - Background data input file: "../data/WideA_ZA_background.dat"
# - F window function input file: "../data/F_REFERENCE_pi2.txt"
# - Integrated F window function input file: "../data/IntegrF_REFERENCE_pi2_z115.txt"
#
# - Basic CosmoParams considered: 
#	 z_min = 1.0 	 z_max = 1.5
#	 θ_max = 1.5707963267948966 [rad] 	 h_0 = 0.7
#	 Ω_b = 0.0489 	 Ω_cdm = 0.25102 	 Ω_M0 = 0.29992
#	 b1 = 1.5 	 f_evo1 = 0.0 	 s_b1 = 0.0
#	 b2 = 1.5 	 f_evo2 = 0.0 	 s_b2 = 0.0
#
# - CosmoParams about the Input Power Spectrum: 
#	 fit_left_min = 1.0e-6 	 fit_right_min = 10.0 	 
#	 fit_left_max = 3.0e-6 	 fit_right_max = 20.0 	 
#
# - CosmoParams about the Input Power Spectrum Tools: 
#	 fit_max = 0.5 	 N = 1024 	 k_min = 1.0e-8 	 
#	 k_max = 10.0 	 con = true 	 fit_min = 0.05 	 
#
# - Computed quantities: 
# 	 effective redshift z_eff = 1.2613556177172358 
# 	 comoving s_min = 2312.577431755554 Mpc/h_0
# 	 comoving s_max = 3054.4830200675656 Mpc/h_0
# 	 comoving s_eff = 2725.87720083235 Mpc/h_0
# 	 comoving s_spline_lim = 9519.354221542957 Mpc/h_0
# 	 Volume of the survey V_survey = 3.3783056930052998e10 Mpc^3/h_0^3
# 	 σ_0 = 15.593462966741178
# 	 σ_1 = 15.074895881392283
# 	 σ_2 = 100.85852368830226
# 	 σ_3 = 3735.122618151795
# 	 σ_4 = 3.4159300153114656e6
# 	 (where σ_i = \int_{k_{min}}^{k_{max}}\frac{dq}{2 π^2} q^{2-i} P(q))
# 
# computational time needed (in s) : 92.6582
# kwards passed: 
# 		L = 2
# 		use_windows = false
# 		alg = quad
# 		obs = noobsvel
# 		enhancer = 1.0e8
# 		N_trap = 200
# 		N_lob = 1000
# 		atol_quad = 0.0
# 		rtol_quad = 0.01
# 		N_χs = 100
# 		N_χs_2 = 50
# 		suit_sampling = true
# 
# 1: s [Mpc/h_0] 	 2: xi_SUM 	 3: xi_auto_newton 	 4: xi_auto_doppler 	 5: xi_auto_lensing 	 6: xi_auto_localgp 	 7: xi_auto_integratedgp 	 8: xi_newton_doppler 	 9: xi_doppler_newton 	 10: xi_newton_lensing 	 11: xi_lensing_newton 	 12: xi_newton_localgp 	 13: xi_localgp_newton 	 14: xi_newton_integratedgp 	 15: xi_integratedgp_newton 	 16: xi_lensing_doppler 	 17: xi_doppler_lensing 	 18: xi_doppler_localgp 	 19: xi_localgp_doppler 	 20: xi_doppler_integratedgp 	 21: xi_integratedgp_doppler 	 22: xi_lensing_localgp 	 23: xi_localgp_lensing 	 24: xi_lensing_integratedgp 	 25: xi_integratedgp_lensing 	 26: xi_localgp_integratedgp 	 27: xi_integratedgp_localgp 	 
1.0 	 -1.0259589535937494 	 -1.0267168447700232 	 -3.6037920157549765e-8 	 0.0007586058523155701 	 4.886856910801818e-16 	 7.62854071606478e-15 	 -5.340652699128713e-7 	 1.7695798021055637e-7 	 -1.4926746574201786e-7 	 -1.4999524038307071e-7 	 -1.1259360724316992e-8 	 -1.1257187323630262e-8 	 1.1632815425278054e-10 	 1.1264701604495997e-10 	 -7.249463183066851e-11 	 -7.07273587583046e-11 	 -4.828208093603237e-13 	 -5.155405875929831e-13 	 -5.044409814358719e-14 	 -4.886222541689023e-14 	 -4.1306959617959384e-13 	 -4.345262388988358e-13 	 8.231025070524645e-11 	 8.230441812536515e-11 	 -4.678261364965408e-15 	 -3.188839386436548e-15 	 
1.0176234579394636 	 -1.020767952182681 	 -1.0215211400833297 	 -3.69030317631794e-8 	 0.0007539228700919098 	 5.06062869665147e-16 	 7.899793418864043e-15 	 -5.464866165999474e-7 	 1.8109727461352757e-7 	 -1.5455847943594733e-7 	 -1.553126847900427e-7 	 -1.1529670236216418e-8 	 -1.152742408168109e-8 	 1.1824823377054372e-10 	 1.1443624719580825e-10 	 -7.506876839408427e-11 	 -7.323874895050153e-11 	 -4.998542022675856e-13 	 -5.337280151850033e-13 	 -5.2232894174331077e-14 	 -5.059666640661042e-14 	 -4.277499454619083e-13 	 -4.499698091217641e-13 	 8.441600276126504e-11 	 8.44099627248962e-11 	 -4.8445957911980035e-15 	 -3.3022119866332743e-15 	 
1.0355575021486711 	 -1.0143613631351949 	 -1.0151098718045657 	 -3.7786871881897784e-8 	 0.000749264696030311 	 5.240581990584303e-16 	 8.18069077451744e-15 	 -5.594037819189582e-7 	 1.853739121183023e-7 	 -1.6003687696308077e-7 	 -1.6081758677822678e-7 	 -1.1805828430553903e-8 	 -1.1803503621657114e-8 	 1.2017254740673167e-10 	 1.1622505900897196e-10 	 -7.77341797885267e-11 	 -7.583919063162802e-11 	 -5.17485138217394e-13 	 -5.525534507608287e-13 	 -5.4084973971635366e-14 	 -5.239259535161356e-14 	 -4.4295179850190046e-13 	 -4.659620254410246e-13 	 8.657271784295428e-11 	 8.65664629634999e-11 	 -5.0168434967412525e-15 	 -3.4196144949039108e-15 	 
1.0538076062316843 	 -1.007754624684156 	 -1.0084984782431685 	 -3.868976578752395e-8 	 0.0007446310926732016 	 5.426933064045514e-16 	 8.471575627388983e-15 	 -5.721325024292443e-7 	 1.8943342521461642e-7 	 -1.657121269287279e-7 	 -1.6651566382677346e-7 	 -1.2087960217569388e-8 	 -1.2085549250725478e-8 	 1.2209943365256493e-10 	 1.1801162609311077e-10 	 -8.049408816615866e-11 	 -7.853182209059284e-11 	 -5.357343871901371e-13 	 -5.720390587009294e-13 	 -5.6002588126879974e-14 	 -5.4252201191484774e-14 	 -4.586936724379486e-13 	 -4.825223745869023e-13 	 8.878151698545888e-11 	 8.877503961331357e-11 	 -5.195214590747455e-15 	 -3.541190063405253e-15 	 
1.072379340256395 	 -1.0003635579547996 	 -1.0011027801826504 	 -3.961204075797752e-8 	 0.0007400217796431578 	 5.619911444543213e-16 	 8.77280304345529e-15 	 -5.855816843346206e-7 	 1.9413212898358982e-7 	 -1.7158163351331838e-7 	 -1.7241777721368067e-7 	 -1.237613741256581e-8 	 -1.2373642861576287e-8 	 1.240271175879215e-10 	 1.197940036932721e-10 	 -8.335183417377934e-11 	 -8.131991230023062e-11 	 -5.546234163662789e-13 	 -5.922077752142097e-13 	 -5.798805867207602e-14 	 -5.617774091137839e-14 	 -4.749947355403572e-13 	 -4.996710292859418e-13 	 9.10435421128808e-11 	 9.103683432648335e-11 	 -5.3799266508391954e-15 	 -3.6670869096866455e-15 	 
1.0912783724545534 	 -0.9943485662634124 	 -0.995083180899078 	 -4.055402666442404e-8 	 0.0007354365024882897 	 5.819753437497077e-16 	 9.084740734688346e-15 	 -5.98643193554445e-7 	 1.9859682697894112e-7 	 -1.7766345817066792e-7 	 -1.7852602109228997e-7 	 -1.2670469166588419e-8 	 -1.2667885649822494e-8 	 1.2595371588799865e-10 	 1.2157013313769837e-10 	 -8.631087401306026e-11 	 -8.420682523453849e-11 	 -5.741744325164777e-13 	 -6.130833149481374e-13 	 -6.004378164170543e-14 	 -5.817154397902424e-14 	 -4.918748316737331e-13 	 -5.174288735068644e-13 	 9.33599561193077e-11 	 9.335300971544224e-11 	 -5.571204990117984e-15 	 -3.797458533183473e-15 	 
1.1105104709517524 	 -0.988000760796035 	 -0.9887307905024932 	 -4.151605543972778e-8 	 0.0007308749634802724 	 6.026700358208181e-16 	 9.407769467895122e-15 	 -6.124047545267758e-7 	 2.031473626594973e-7 	 -1.8395609498997204e-7 	 -1.8485169520087992e-7 	 -1.2971081831571496e-8 	 -1.2968407158794264e-8 	 1.2787723546058062e-10 	 1.233378399262186e-10 	 -8.937479900611223e-11 	 -8.719606362343591e-11 	 -5.944104126370809e-13 	 -6.346901899143692e-13 	 -6.217222503712705e-14 	 -6.023601073934514e-14 	 -5.09354499707293e-13 	 -5.358175229855377e-13 	 9.573194242513238e-11 	 9.572474890921168e-11 	 -5.7692829197319995e-15 	 -3.932463878419945e-15 	 
1.1300815055279045 	 -0.9799806533734045 	 -0.9807061207858017 	 -4.2498460737455586e-8 	 0.0007263368940173149 	 6.241008471130627e-16 	 9.742283551272823e-15 	 -6.266587045972553e-7 	 2.078386955569066e-7 	 -1.9047440373364567e-7 	 -1.9140130532076e-7 	 -1.3278045124796164e-8 	 -1.327528075467569e-8 	 1.2979555405550512e-10 	 1.250948143793096e-10 	 -9.254729772194992e-11 	 -9.029123693521157e-11 	 -6.153551011536112e-13 	 -6.570537655373882e-13 	 -6.437593360497651e-14 	 -6.237361560079701e-14 	 -5.274550001829747e-13 	 -5.548593538809432e-13 	 9.816070553928302e-11 	 9.815325611469028e-11 	 -5.974402098596343e-15 	 -4.072267570931487e-15 	 
1.1499974494087413 	 -0.9747635402912099 	 -0.9754844683531472 	 -4.350157844193888e-8 	 0.0007218220010905813 	 6.462937021667337e-16 	 1.0088691261012083e-14 	 -6.408423782400399e-7 	 2.1271477933296722e-7 	 -1.9721858032816327e-7 	 -1.9817921769456973e-7 	 -1.3591490246779188e-8 	 -1.3588622679037882e-8 	 1.3170643414298411e-10 	 1.2683862122765176e-10 	 -9.583221132330344e-11 	 -9.349607672210603e-11 	 -6.37033057040437e-13 	 -6.802002657309292e-13 	 -6.665752893542098e-14 	 -6.458691699573471e-14 	 -5.461983436430562e-13 	 -5.745775262142038e-13 	 1.0064747060879231e-10 	 1.006397561668848e-10 	 -6.186812742670078e-15 	 -4.217040106557768e-15 	 
1.1702643810888866 	 -0.9678675138963581 	 -0.9685839246267498 	 -4.452574578143967e-8 	 0.0007173300393688245 	 6.692757351101086e-16 	 1.0447415451086961e-14 	 -6.553758870368745e-7 	 2.1754438481319546e-7 	 -2.0420340178237494e-7 	 -2.0519811013886794e-7 	 -1.3911513216176274e-8 	 -1.3908549439458682e-8 	 1.3360749596937893e-10 	 1.2856667386076382e-10 	 -9.92335122401311e-11 	 -9.681446928898829e-11 	 -6.594696891148305e-13 	 -7.041567950443611e-13 	 -6.901973641948445e-14 	 -6.6878584386032e-14 	 -5.656073347970469e-13 	 -5.949960302195634e-13 	 1.0319348497318526e-10 	 1.0318549608186345e-10 	 -6.406774072376109e-15 	 -4.366958041290836e-15 	 
1.190888486187059 	 -0.9613218551296555 	 -0.9620337706313709 	 -4.557130179796829e-8 	 0.0007128606952247766 	 6.930750967582e-16 	 1.0818893962927234e-14 	 -6.702037323632244e-7 	 2.2267595980435724e-7 	 -2.1143388164572228e-7 	 -2.124587847637781e-7 	 -1.4238222610572961e-8 	 -1.4235150445480542e-8 	 1.3549621425719139e-10 	 1.3027623714148007e-10 	 -1.0275529539112149e-10 	 -1.0025041549639013e-10 	 -6.826912427976284e-13 	 -7.289514076676274e-13 	 -7.14653924016595e-14 	 -6.925138056168567e-14 	 -5.85705584246754e-13 	 -6.161397131379531e-13 	 1.0580001697596764e-10 	 1.0579174386860846e-10 	 -6.634554408080362e-15 	 -4.522204143375675e-15 	 
1.2118760593339681 	 -0.9548277633496317 	 -0.9555352050163297 	 -4.6638586589758547e-8 	 0.0007084136958470554 	 7.177208871667063e-16 	 1.1203580176644135e-14 	 -6.853808913238674e-7 	 2.277567887908971e-7 	 -2.1891815159418683e-7 	 -2.1998126268369957e-7 	 -1.457171121105489e-8 	 -1.4568535682657284e-8 	 1.3736991833415145e-10 	 1.319644153540267e-10 	 -1.0640182930120367e-10 	 -1.0380806376695695e-10 	 -7.067248885843369e-13 	 -7.546130783846194e-13 	 -7.39974309105218e-14 	 -7.170818805080081e-14 	 -6.06517553061181e-13 	 -6.380343028350443e-13 	 1.0846835665326183e-10 	 1.0845978921699472e-10 	 -6.870431576433411e-15 	 -4.682967627012147e-15 	 
1.2332335060934831 	 -0.94808499777247 	 -0.9487915518929269 	 -4.772794170900198e-8 	 0.0007075538723594361 	 7.432430854104055e-16 	 1.1601943613881449e-14 	 -7.008673666152715e-7 	 2.3282483070362345e-7 	 -2.266664033085584e-7 	 -2.2776878204351704e-7 	 -1.491210848238268e-8 	 -1.490881858590285e-8 	 1.3922577526335189e-10 	 1.336281475643375e-10 	 -1.1017750689770622e-10 	 -1.0749170782197836e-10 	 -7.315986958109089e-13 	 -7.811717900040732e-13 	 -7.661892414745352e-14 	 -7.42520131868929e-14 	 -6.280685836171362e-13 	 -6.607064607863644e-13 	 1.1123183828897875e-10 	 1.112229660492492e-10 	 -7.114693280074746e-15 	 -4.849444477650344e-15 	 
1.2549673449176588 	 -0.9408163303698133 	 -0.9415184314434171 	 -4.8839709438155124e-8 	 0.0007031291358169285 	 7.696728734907232e-16 	 1.2014470453514114e-14 	 -7.165217723000461e-7 	 2.3805418071499469e-7 	 -2.3468884453179498e-7 	 -2.3582637660559044e-7 	 -1.5259509948697314e-8 	 -1.5256105043057174e-8 	 1.4106078909064125e-10 	 1.352642053037023e-10 	 -1.1408688574267245e-10 	 -1.1130579627470105e-10 	 -7.573416835936208e-13 	 -8.086585450185063e-13 	 -7.933305436635951e-14 	 -7.688595626109684e-14 	 -6.503849071648471e-13 	 -6.841837942794804e-13 	 1.1402863677859809e-10 	 1.1401944889687155e-10 	 -7.367637410160554e-15 	 -5.021837590768463e-15 	 
1.2770842091362153 	 -0.9348674410270909 	 -0.9355651098100071 	 -4.997423293567564e-8 	 0.0006987259778014958 	 7.97042583877694e-16 	 1.2441664133389097e-14 	 -7.325507699815111e-7 	 2.4343652734497483e-7 	 -2.429907995852136e-7 	 -2.4416805014456143e-7 	 -1.5614021446155845e-8 	 -1.561049858458546e-8 	 1.4287180104119558e-10 	 1.3686918903173861e-10 	 -1.1813467647405317e-10 	 -1.1525492278773086e-10 	 -7.839838850513814e-13 	 -8.371053655870791e-13 	 -8.214310099119438e-14 	 -7.961322045058061e-14 	 -6.734936793942325e-13 	 -7.084948794372492e-13 	 1.1689126917355798e-10 	 1.1688175442437832e-10 	 -7.629572486567148e-15 	 -5.200357105494824e-15 	 
1.2995908489810806 	 -0.9278258589073977 	 -0.9285191158827393 	 -5.1131855956062824e-8 	 0.0006943441329426447 	 8.253857569640033e-16 	 1.2884046039218777e-14 	 -7.489277543906453e-7 	 2.489654144158916e-7 	 -2.515869871565485e-7 	 -2.528063406170753e-7 	 -1.5975754423444927e-8 	 -1.5972104352983364e-8 	 1.4465548118993255e-10 	 1.384395207538347e-10 	 -1.223257618158957e-10 	 -1.193438562714544e-10 	 -8.115563106058515e-13 	 -8.665453988101341e-13 	 -8.505245149947883e-14 	 -8.243710526711912e-14 	 -6.974230085085576e-13 	 -7.336693005546846e-13 	 1.198211148355366e-10 	 1.1981126159641865e-10 	 -7.900817980965868e-15 	 -5.3852205578186484e-15 	 
1.3224941336466105 	 -0.9220092701388376 	 -0.9226981356864642 	 -5.231292276161497e-8 	 0.0006899832566068068 	 8.547368957056989e-16 	 1.3342156030271557e-14 	 -7.65413588661932e-7 	 2.546578345054446e-7 	 -2.6048460686582357e-7 	 -2.6174822657021765e-7 	 -1.6344808899829672e-8 	 -1.634103481710781e-8 	 1.4640832806474436e-10 	 1.3997143927545253e-10 	 -1.266651936923413e-10 	 -1.235775158310748e-10 	 -8.400910504264419e-13 	 -8.970128808710037e-13 	 -8.806459167232106e-14 	 -8.53610135237437e-14 	 -7.222019881047981e-13 	 -7.597376762014108e-13 	 1.2281957541179001e-10 	 1.2280937164934168e-10 	 -8.181704667098444e-15 	 -5.576653244743213e-15 	 
1.3458010533861189 	 -0.9149120692926036 	 -0.9155965629598689 	 -5.351777753764367e-8 	 0.0006856430787942196 	 8.85131731798161e-16 	 1.3816553126322351e-14 	 -7.824322194559249e-7 	 2.603931877018203e-7 	 -2.6969360487985624e-7 	 -2.71001129325673e-7 	 -1.6721308997292966e-8 	 -1.6717398621694884e-8 	 1.4812664687331889e-10 	 1.4146097396352532e-10 	 -1.311581937948958e-10 	 -1.279609998454667e-10 	 -8.696212606599391e-13 	 -9.285432232938873e-13 	 -9.118313893941021e-14 	 -8.838850077963479e-14 	 -7.478607629912704e-13 	 -7.867317148516073e-13 	 1.258880747522717e-10 	 1.258775080085517e-10 	 -8.47257508485022e-15 	 -5.774888458542904e-15 	 
1.3695187216453548 	 -0.9085960284414808 	 -0.9092761699242796 	 -5.474676464279568e-8 	 0.0006813232738904035 	 9.166075481958912e-16 	 1.4307816246228454e-14 	 -7.996039508657104e-7 	 2.662941540734625e-7 	 -2.792265732985396e-7 	 -2.8058011709701417e-7 	 -1.7105345497459724e-8 	 -1.7101304207200485e-8 	 1.4980653465300975e-10 	 1.4290394454901546e-10 	 -1.3581017140361417e-10 	 -1.3249958866793144e-10 	 -9.001812251540481e-13 	 -9.611730241356615e-13 	 -9.441186396175194e-14 	 -9.15232480175332e-14 	 -7.744305459092549e-13 	 -8.146842661724274e-13 	 1.290280599565774e-10 	 1.2901711733389832e-10 	 -8.773783958804237e-15 	 -5.980167830932359e-15 	 
1.3936543772335797 	 -0.9019731043471445 	 -0.9026489124843494 	 -5.600022786430728e-8 	 0.0006770235415128078 	 9.492028335555957e-16 	 1.4816544868234692e-14 	 -8.171793461665566e-7 	 2.720719958562018e-7 	 -2.8909314287609673e-7 	 -2.9049232943745666e-7 	 -1.749703096076047e-8 	 -1.749284689654047e-8 	 1.514438895744874e-10 	 1.4429596341228645e-10 	 -1.4062672592145552e-10 	 -1.3719874456723957e-10 	 -9.318063806103282e-13 	 -9.949401182145907e-13 	 -9.775464978878379e-14 	 -9.476905196426078e-14 	 -8.019436444486882e-13 	 -8.436293299224351e-13 	 1.3224100075756696e-10 	 1.322296689036495e-10 	 -9.08569861235442e-15 	 -6.192741444088767e-15 	 
1.4182153865329048 	 -0.8959008077588266 	 -0.8965723013600567 	 -5.7278510885963954e-8 	 0.0006727435432666337 	 9.829572739095128e-16 	 1.5343359779929067e-14 	 -8.351393063386526e-7 	 2.780466581287013e-7 	 -2.9930624562572916e-7 	 -3.0075413879961844e-7 	 -1.7896482064161887e-8 	 -1.7892147402100135e-8 	 1.5303440340332487e-10 	 1.4563242272638277e-10 	 -1.4561364560075952e-10 	 -1.4206411055399215e-10 	 -9.645333662759715e-13 	 -1.029883605771359e-12 	 -1.0121550829467196e-13 	 -9.812984089030419e-14 	 -8.304335080383529e-13 	 -8.736021052008214e-13 	 1.355283898587345e-10 	 1.3551665495102228e-10 	 -9.408699267465792e-15 	 -6.4128681503961004e-15 	 
1.4432092457465677 	 -0.8889335574241677 	 -0.8896007552624241 	 -5.858195631488954e-8 	 0.000668482973012504 	 1.0179121667786007e-15 	 1.5888903828198408e-14 	 -8.532600594088766e-7 	 2.8429335789303993e-7 	 -3.098812282897569e-7 	 -3.11379104882991e-7 	 -1.8303794699995423e-8 	 -1.8299310331828734e-8 	 1.545735431410833e-10 	 1.4690848287489898e-10 	 -1.5077693029062367e-10 	 -1.4710154071043924e-10 	 -9.984000424877875e-13 	 -1.0660439130306259e-12 	 -1.0479859539669345e-13 	 -1.0160966560313067e-13 	 -8.599347575791172e-13 	 -9.046390369193969e-13 	 1.388917430433967e-10 	 1.3887959077240275e-10 	 -9.743179572030414e-15 	 -6.640815960468061e-15 	 
1.4686435831868272 	 -0.8824282722886077 	 -0.8830911923800874 	 -5.991090576537374e-8 	 0.0006642415044168976 	 1.0541102138383884e-15 	 1.6453842709152066e-14 	 -8.717804815137083e-7 	 2.906307059868308e-7 	 -3.2082404546695555e-7 	 -3.2237090470669615e-7 	 -1.8719079220773552e-8 	 -1.8714437416993236e-8 	 1.5605655067993495e-10 	 1.4811906423142673e-10 	 -1.5612277417328179e-10 	 -1.5231708322624548e-10 	 -1.033445540972247e-12 	 -1.1034628259023321e-12 	 -1.0850819292751446e-13 	 -1.0521271812446997e-13 	 -8.90483237063755e-13 	 -9.367778474650424e-13 	 1.423325990512847e-10 	 1.4232001460354306e-10 	 -1.0089547246572294e-14 	 -6.876862496119074e-15 	 
1.4945261616031833 	 -0.8755999073941738 	 -0.8762585672291988 	 -6.126569974789789e-8 	 0.0006600188210388998 	 1.0915957049384416e-15 	 1.7038865799401392e-14 	 -8.907013810200948e-7 	 2.968826974302783e-7 	 -3.321466982846414e-7 	 -3.337495831800561e-7 	 -1.9142440477776006e-8 	 -1.913763857088469e-8 	 1.5747841968540398e-10 	 1.492588238039616e-10 	 -1.6165759990093954e-10 	 -1.5771699852816566e-10 	 -1.0697103139818004e-12 	 -1.1421835245704892e-12 	 -1.1234875648524767e-13 	 -1.0894337362121753e-13 	 -9.221160770800374e-13 	 -9.700576062132705e-13 	 1.458525199523919e-10 	 1.4583948799264947e-10 	 -1.0448224526671269e-14 	 -7.121295281797835e-15 	 
1.520864880551625 	 -0.8694386935394532 	 -0.8700931109275453 	 -6.264667714835994e-8 	 0.000655814577076725 	 1.1304144181822907e-15 	 1.7644686987061674e-14 	 -9.097611345594859e-7 	 3.034834380334578e-7 	 -3.4386757665139615e-7 	 -3.4552691163587554e-7 	 -1.9573985656980994e-8 	 -1.9569012753195522e-8 	 1.5883389263965598e-10 	 1.5032216735654914e-10 	 -1.6738804553092735e-10 	 -1.6330777263268815e-10 	 -1.1072361534172903e-12 	 -1.1822506543070904e-12 	 -1.1632490555246733e-13 	 -1.1280613303521481e-13 	 -9.548717026741648e-13 	 -1.0045187674057044e-12 	 1.4945309120659722e-10 	 1.4943959585901113e-10 	 -1.0819648714743834e-14 	 -7.374412118177353e-15 	 
1.5476677788056337 	 -0.8631265468929276 	 -0.8637767385617 	 -6.405417517599531e-8 	 0.0006516284359503107 	 1.170613568302059e-15 	 1.8272045506084744e-14 	 -9.29318189323616e-7 	 3.1006811500736285e-7 	 -3.559968170382143e-7 	 -3.577142335919103e-7 	 -2.0013824294648543e-8 	 -2.0008679671478547e-8 	 1.601174655728599e-10 	 1.5130324227374814e-10 	 -1.7332098457834455e-10 	 -1.6909609857374441e-10 	 -1.1460662880988237e-12 	 -1.2237103158934532e-12 	 -1.2044138118394443e-13 	 -1.1680561253224475e-13 	 -9.887898689642238e-13 	 -1.0402031902673192e-12 	 1.5313592128171294e-10 	 1.531219461101463e-10 	 -1.120427263801016e-14 	 -7.636521361376047e-15 	 
1.574943036809678 	 -0.8561730250643492 	 -0.8568190073848149 	 -6.548852884329804e-8 	 0.0006474600624871023 	 1.2122425685490157e-15 	 1.8921706887720104e-14 	 -9.493413779053628e-7 	 3.1661705367661287e-7 	 -3.685522967123768e-7 	 -3.703260503707628e-7 	 -2.0462052111593892e-8 	 -2.045672764792471e-8 	 1.613233689192839e-10 	 1.5219591313499592e-10 	 -1.7946352288721102e-10 	 -1.7508891780508406e-10 	 -1.1862453523961426e-12 	 -1.2666101935082663e-12 	 -1.24703054844022e-13 	 -1.2094656904992895e-13 	 -1.0239117226906735e-12 	 -1.0771541917897753e-12 	 1.5690264228333196e-10 	 1.5688817027215584e-10 	 -1.1602565185842018e-14 	 -7.90794231209091e-15 	 
1.6026989791759443 	 -0.849739431538172 	 -0.8503812213502027 	 -6.695007105514037e-8 	 0.0006433091177554539 	 1.255352097828677e-15 	 1.9594463883110257e-14 	 -9.694732471744086e-7 	 3.236102840998639e-7 	 -3.815431791547235e-7 	 -3.833823034747297e-7 	 -2.0918783707135163e-8 	 -2.0913274046079097e-8 	 1.6244556018724765e-10 	 1.5299375140852334e-10 	 -1.8582301086315312e-10 	 -1.8129340238910885e-10 	 -1.2278194863588749e-12 	 -1.3109995474687442e-12 	 -1.2911496115153299e-13 	 -1.2523394736396744e-13 	 -1.0602798765468879e-12 	 -1.1154166161900236e-12 	 1.6075491005460573e-10 	 1.6073992358859535e-10 	 -1.2015011947585919e-14 	 -8.189005702985419e-15 	 
1.6309440772250727 	 -0.8430276088491346 	 -0.8436652219455637 	 -6.843913194868038e-8 	 0.000639175252490354 	 1.299994851489128e-15 	 2.029113737478383e-14 	 -9.898966442309646e-7 	 3.305549632139909e-7 	 -3.949857331972663e-7 	 -3.968882579815141e-7 	 -2.138411721056059e-8 	 -2.1378413350135475e-8 	 1.634776910384872e-10 	 1.5369000511636698e-10 	 -1.9240706692726482e-10 	 -1.87716977292105e-10 	 -1.270836387759905e-12 	 -1.3569292636842617e-12 	 -1.3368234836885762e-13 	 -1.2967291884324882e-13 	 -1.0979384762346834e-12 	 -1.1550369125076786e-12 	 1.6469440335817431e-10 	 1.646788842018898e-10 	 -1.2442115777111517e-14 	 -8.48005374698424e-15 	 
1.6596869515716661 	 -0.8365656347158452 	 -0.8372011419543746 	 -6.995603900352123e-8 	 0.0006371135160067931 	 1.3462253872775775e-15 	 2.101257744496765e-14 	 -1.0108257334305936e-6 	 3.377225908583727e-7 	 -4.0890002265060785e-7 	 -4.1086511672761956e-7 	 -2.1858154918717788e-8 	 -2.1852254082912453e-8 	 1.6441309691673567e-10 	 1.5427759750249238e-10 	 -1.9922355827909576e-10 	 -1.9436732373096178e-10 	 -1.315345304028631e-12 	 -1.404451961186104e-12 	 -1.384106977303512e-13 	 -1.3426885751621764e-13 	 -1.136933240475091e-12 	 -1.1960632001198346e-12 	 1.6874673388326044e-10 	 1.687306631543306e-10 	 -1.2884397133094971e-14 	 -8.7814407678799e-15 	 
1.6889363747553658 	 -0.8303260133219205 	 -0.8309573619303754 	 -7.150111631775332e-8 	 0.0006330003175073763 	 1.3941002269257651e-15 	 2.1759664390053058e-14 	 -1.0320104416040176e-6 	 3.4484895458459645e-7 	 -4.2329362163516235e-7 	 -4.2532960009634226e-7 	 -2.234099934429395e-8 	 -2.2334892819902733e-8 	 1.6524479541775606e-10 	 1.547491315635874e-10 	 -2.0628063042664735e-10 	 -2.0125238996689277e-10 	 -1.3613971564988697e-12 	 -1.453621976528069e-12 	 -1.4330567740916676e-13 	 -1.3902728559445076e-13 	 -1.1773114761545745e-12 	 -1.2385452962096477e-12 	 1.7286647067148665e-10 	 1.728498288304703e-10 	 -1.3342394971083139e-14 	 -9.093533768766982e-15 	 
1.718701273918297 	 -0.8237616377806537 	 -0.8243888426644598 	 -7.307468486115966e-8 	 0.0006289031944753806 	 1.4436777825976855e-15 	 2.2533309831651583e-14 	 -1.053590933802404e-6 	 3.5225311442808517e-7 	 -4.3819024341275965e-7 	 -4.402962634115869e-7 	 -2.2832753485493243e-8 	 -2.282643317855303e-8 	 1.6596549198411025e-10 	 1.5509686575384762e-10 	 -2.1358671292937004e-10 	 -2.0838039622644189e-10 	 -1.4090445378588112e-12 	 -1.50449546957844e-12 	 -1.4837311110571517e-13 	 -1.439539295072789e-13 	 -1.2191221679563879e-12 	 -1.282534750879083e-12 	 1.770786299992988e-10 	 1.7706139681226586e-10 	 -1.3816667470689659e-14 	 -9.41671278120726e-15 	 
1.7489907335296988 	 -0.8173841146846138 	 -0.8180071901632016 	 -7.467706178388027e-8 	 0.0006248217911499731 	 1.4950187099405098e-15 	 2.3334457743273696e-14 	 -1.075521711242881e-6 	 3.5969173947353517e-7 	 -4.536037025339806e-7 	 -4.5578315777324805e-7 	 -2.3333511037543245e-8 	 -2.332697133007912e-8 	 1.6656752705987544e-10 	 1.553126793334414e-10 	 -2.2115051866298253e-10 	 -2.1575984398763737e-10 	 -1.4583418122801617e-12 	 -1.5571304398138975e-12 	 -1.5361908296263049e-13 	 -1.4905476967808085e-13 	 -1.2624160641849792e-12 	 -1.328084973156729e-12 	 1.8138498545260617e-10 	 1.8136713997034536e-10 	 -1.4307792574608234e-14 	 -9.751371409794097e-15 	 
1.7798139981585708 	 -0.8105550062755322 	 -0.8111739664386248 	 -7.630856027707181e-8 	 0.0006207557271373537 	 1.548185648847511e-15 	 2.416408564687167e-14 	 -1.097837666942091e-6 	 3.673778059269236e-7 	 -4.695501986830328e-7 	 -4.7180093533998503e-7 	 -2.3843372406070957e-8 	 -2.3836607745884065e-8 	 1.670428879960184e-10 	 1.5538810149189787e-10 	 -2.2898106329713563e-10 	 -2.23399531074584e-10 	 -1.5093451124042339e-12 	 -1.6115868387116261e-12 	 -1.5904988709736224e-13 	 -1.5433593601288375e-13 	 -1.3072456659676823e-12 	 -1.3752512576745146e-12 	 1.857873344232841e-10 	 1.8576885495569684e-10 	 -1.4816368910097742e-14 	 -1.0097917259033196e-14 	 
1.811180475295187 	 -0.804230505731564 	 -0.8048453639353983 	 -7.796948937881197e-8 	 0.0006167046386278951 	 1.603243715009306e-15 	 2.5023205853236254e-14 	 -1.120567688737495e-6 	 3.750241638944431e-7 	 -4.860510532400979e-7 	 -4.883813766631959e-7 	 -2.436243855537981e-8 	 -2.435543653509882e-8 	 1.673832137232445e-10 	 1.5531429907973404e-10 	 -2.370876766140917e-10 	 -2.3130856053463766e-10 	 -1.5621124352527965e-12 	 -1.6679265985729274e-12 	 -1.6467196501279703e-13 	 -1.5980369481360944e-13 	 -1.3536652787596303e-12 	 -1.4240908069806934e-12 	 1.9028749855678485e-10 	 1.9026836264572467e-10 	 -1.5343016338542624e-14 	 -1.0456772357447796e-14 	 
1.8430997382223293 	 -0.7977267044862686 	 -0.7983374741795632 	 -7.966015357576453e-8 	 0.0006126681437041163 	 1.6602600805271094e-15 	 2.591286655362346e-14 	 -1.1434998020931063e-6 	 3.829089985398181e-7 	 -5.031193677448016e-7 	 -5.055266158020635e-7 	 -2.4890799324943203e-8 	 -2.488355537762885e-8 	 1.6757979084415454e-10 	 1.550820655234375e-10 	 -2.4547999481994154e-10 	 -2.3949633444510177e-10 	 -1.6167037100661696e-12 	 -1.726213677948063e-12 	 -1.7049189792506247e-13 	 -1.65464459872533e-13 	 -1.4017310747646562e-12 	 -1.4746627880335427e-12 	 1.9488732260609432e-10 	 1.9486750699917012e-10 	 -1.5888376723172115e-14 	 -1.0828373797067137e-14 	 
1.8755815289371267 	 -0.7910295811364492 	 -0.7916362748686194 	 -8.138085261476263e-8 	 0.0006086458551577617 	 1.7193046430996616e-15 	 2.6834153217525357e-14 	 -1.16687822564177e-6 	 3.9081967352929816e-7 	 -5.20778367745657e-7 	 -5.232681547489858e-7 	 -2.5428546380845488e-8 	 -2.542105023934596e-8 	 1.6762352395979008e-10 	 1.5468178587703108e-10 	 -2.5416800128175156e-10 	 -2.47972590815575e-10 	 -1.673180835738558e-12 	 -1.786514158403571e-12 	 -1.7651644615646056e-13 	 -1.7132485791548913e-13 	 -1.4515011979751579e-12 	 -1.5270284229432218e-12 	 1.9958867521087775e-10 	 1.9956815583400456e-10 	 -1.645311492881607e-14 	 -1.1213174189173002e-14 	 
1.908635761124385 	 -0.7846664979972835 	 -0.7852691281143859 	 -8.313188140318034e-8 	 0.0006046373818848026 	 1.7804491711514992e-15 	 2.7788189846666978e-14 	 -1.190641961495242e-6 	 3.989153141052468e-7 	 -5.390469154721575e-7 	 -5.416189720455157e-7 	 -2.5975782582762007e-8 	 -2.5968024063257075e-8 	 1.6750491512471654e-10 	 1.5410340693694736e-10 	 -2.6316200537052303e-10 	 -2.5674739318961136e-10 	 -1.7316077653830448e-12 	 -1.8488962809450753e-12 	 -1.8275261349676165e-13 	 -1.773917961300775e-13 	 -1.5030358735662608e-12 	 -1.5812510973342576e-12 	 2.0439344868206532e-10 	 2.0437220061081174e-10 	 -1.703791933094223e-14 	 -1.1611641985709297e-14 	 
1.9422725231823168 	 -0.7779047552038865 	 -0.7785033336531705 	 -8.491352939703603e-8 	 0.000600642336187634 	 1.8437685816996563e-15 	 2.877614034779707e-14 	 -1.2147075534269802e-6 	 4.071432872374673e-7 	 -5.579408537145628e-7 	 -5.606046629935213e-7 	 -2.653258872385237e-8 	 -2.652456326371521e-8 	 1.6721401310961781e-10 	 1.5333641467080384e-10 	 -2.7247268375727886e-10 	 -2.6583114871354675e-10 	 -1.7920505199849057e-12 	 -1.9134305712554396e-12 	 -1.892077147780391e-13 	 -1.8367246883810307e-13 	 -1.5563974796156677e-12 	 -1.6373964777693929e-12 	 2.0930355888246765e-10 	 2.0928155631055655e-10 	 -1.7643502441822002e-14 	 -1.2024262240339923e-14 	 
1.9765020813015959 	 -0.7715068567714898 	 -0.7721013950063462 	 -8.672608063541375e-8 	 0.0005966603240327651 	 1.909340329731002e-15 	 2.979921004897523e-14 	 -1.239174149312317e-6 	 4.155350786862209e-7 	 -5.774841576696889e-7 	 -5.802329091019266e-7 	 -2.709905934280272e-8 	 -2.70907554132566e-8 	 1.6674042993495063e-10 	 1.5236984519905406e-10 	 -2.821110695863105e-10 	 -2.7523462802498954e-10 	 -1.8545773124063747e-12 	 -1.9801898464277823e-12 	 -1.9588932317238238e-13 	 -1.901743138910117e-13 	 -1.6116505833332906e-12 	 -1.6955325489942386e-12 	 2.1432094570533966e-10 	 2.142981619110973e-10 	 -1.8270602140657566e-14 	 -1.2451537380608891e-14 	 
2.011334882598677 	 -0.7647805449808789 	 -0.7653710540159784 	 -8.856981338872374e-8 	 0.0005926909421475771 	 1.9772445181143185e-15 	 3.085864705959507e-14 	 -1.2639730763805408e-6 	 4.2405137512209175e-7 	 -5.977010422720576e-7 	 -6.005438138249628e-7 	 -2.7675278615030266e-8 	 -2.7666686584539662e-8 	 1.6607334002632256e-10 	 1.5119229326103323e-10 	 -2.9208856942649853e-10 	 -2.849689618516216e-10 	 -1.919258618584621e-12 	 -2.0492492893724873e-12 	 -2.0280523958693397e-13 	 -1.9690492363944045e-13 	 -1.6688619571073038e-12 	 -1.7557296670170365e-12 	 2.1944757264849458e-10 	 2.194239799621922e-10 	 -1.8919982486265143e-14 	 -1.2893987592077494e-14 	 
2.0467815583043305 	 -0.7583745836519599 	 -0.7589610739828287 	 -9.044500015831289e-8 	 0.0005887337825107747 	 2.0475640349904013e-15 	 3.195574382802713e-14 	 -1.2892015966014435e-6 	 4.327049533491799e-7 	 -6.186048387248371e-7 	 -6.215501889764568e-7 	 -2.8261336563558074e-8 	 -2.825244562100778e-8 	 1.652014725295281e-10 	 1.4979186155011702e-10 	 -3.0241698271976423e-10 	 -2.9504566146126623e-10 	 -1.9861671724834966e-12 	 -2.1206865926548522e-12 	 -2.0996345136414795e-13 	 -2.0387216189687863e-13 	 -1.7281007196900955e-12 	 -1.8180606093204377e-12 	 2.2468542668655723e-10 	 2.2466099645677584e-10 	 -1.9592434599147168e-14 	 -1.3352151201351248e-14 	 
2.0828529270083767 	 -0.7517011702237537 	 -0.752283651957741 	 -9.235190706980234e-8 	 0.0005847884336796724 	 2.1203850103512776e-15 	 3.309183872507449e-14 	 -1.314751050144774e-6 	 4.414549618521267e-7 	 -6.402262389732704e-7 	 -6.432654198548534e-7 	 -2.8857308954638938e-8 	 -2.8848111406154545e-8 	 1.6411306020680528e-10 	 1.4815615570455522e-10 	 -3.1310850986570495e-10 	 -3.054766282638521e-10 	 -2.0553781311300616e-12 	 -2.1945819472431876e-12 	 -2.173722597492711e-13 	 -2.1108413437165297e-13 	 -1.7894383947325565e-12 	 -1.8826007313335613e-12 	 2.3003651880550536e-10 	 2.300112213645633e-10 	 -2.0288777614063667e-14 	 -1.3826585445464445e-14 	 
2.119559997961597 	 -0.7451094953910379 	 -0.7456879780921659 	 -9.429079412444296e-8 	 0.000580854489168617 	 2.195796298398722e-15 	 3.426831766739635e-14 	 -1.3407301825619862e-6 	 4.5033050184699817e-7 	 -6.625849286727907e-7 	 -6.65726538913762e-7 	 -2.946328484739382e-8 	 -2.9453768314770912e-8 	 1.6279586431535264e-10 	 1.4627227736724536e-10 	 -3.241757607882434e-10 	 -3.1627416752634476e-10 	 -2.1269690691160664e-12 	 -2.2710181965692607e-12 	 -2.2504015560864675e-13 	 -2.185491683398544e-13 	 -1.8529489845020562e-12 	 -1.949427976456197e-12 	 2.3550288355295825e-10 	 2.354766881821968e-10 	 -2.100985973529923e-14 	 -1.4317867619295656e-14 	 
2.156913974435843 	 -0.7383919874259469 	 -0.7389664803565521 	 -9.626191469833245e-8 	 0.0005769315284721984 	 2.273890159776304e-15 	 3.548661582336576e-14 	 -1.3670736805904767e-6 	 4.594211031671333e-7 	 -6.85702165539808e-7 	 -6.889478605025885e-7 	 -3.007933749240948e-8 	 -3.0069492231866376e-8 	 1.6123713015412377e-10 	 1.441267887263109e-10 	 -3.356317786464569e-10 	 -3.274510006648512e-10 	 -2.201020116474675e-12 	 -2.350080859264414e-12 	 -2.329758992836162e-13 	 -2.2627587294321572e-13 	 -1.918709089885062e-12 	 -2.018623018878174e-12 	 2.410865793102923e-10 	 2.4105945420412667e-10 	 -2.1756559525631935e-14 	 -1.4826595580719194e-14 	 
2.1949262571433543 	 -0.73179058690465 	 -0.7323610987098974 	 -9.826551559057705e-8 	 0.0005730191292777361 	 2.354762167755542e-15 	 3.6748219444382444e-14 	 -1.3937828950002545e-6 	 4.685893476864866e-7 	 -7.096005959099392e-7 	 -7.12962369572611e-7 	 -3.070554876662072e-8 	 -3.0695362928925364e-8 	 1.594235892686413e-10 	 1.4170572563028118e-10 	 -3.4749003126639975e-10 	 -3.390202770514339e-10 	 -2.2776139959255344e-12 	 -2.431858251141783e-12 	 -2.411884928099628e-13 	 -2.342730505894286e-13 	 -1.9867979371437917e-12 	 -2.090269334986683e-12 	 2.467896887118393e-10 	 2.4676160094057485e-10 	 -2.2529786642411232e-14 	 -1.5353388299610414e-14 	 
2.2336084477163447 	 -0.7250342987217064 	 -0.7256008376712089 	 -1.0030183678935316e-7 	 0.0005691168657498253 	 2.4385110328206673e-15 	 3.805466757600406e-14 	 -1.420815604879393e-6 	 4.778804103222441e-7 	 -7.343086076444575e-7 	 -7.37778351408927e-7 	 -3.134199183344833e-8 	 -3.133145481236568e-8 	 1.573414187217992e-10 	 1.3899444938225257e-10 	 -3.597644641163722e-10 	 -3.50995591610328e-10 	 -2.3568361293525853e-12 	 -2.5164415459576207e-12 	 -2.4968725415741576e-13 	 -2.425501161934518e-13 	 -2.0572977245494895e-12 	 -2.1644533375247965e-12 	 2.5261431765330135e-10 	 2.525852331237566e-10 	 -2.3330482946115617e-14 	 -1.589888658004579e-14 	 
2.272972352247904 	 -0.7183145976970526 	 -0.7188771714886042 	 -1.0237111139638245e-7 	 0.0005652243114661978 	 2.5252390808971902e-15 	 3.9407554000558953e-14 	 -1.4482929689098018e-6 	 4.873339013453981e-7 	 -7.598515996237359e-7 	 -7.634338177288458e-7 	 -3.1988742491383844e-8 	 -3.1977841584460406e-8 	 1.5497608724855282e-10 	 1.3597763916390449e-10 	 -3.724694893448888e-10 	 -3.633910055874434e-10 	 -2.4387747000887555e-12 	 -2.6039248828765847e-12 	 -2.58482241651814e-13 	 -2.511170529601037e-13 	 -2.130293690037477e-12 	 -2.2412647404049246e-12 	 2.5856259603812326e-10 	 2.585324794510324e-10 	 -2.4159623133734876e-14 	 -1.6463753468864972e-14 	 
2.3130299848953086 	 -0.7116396449095979 	 -0.7121982608079146 	 -1.0447356546069643e-7 	 0.0005613410363548588 	 2.615052658028194e-15 	 4.08085292058491e-14 	 -1.476156468452636e-6 	 4.969424478557235e-7 	 -7.862570892407979e-7 	 -7.899549859811009e-7 	 -3.264586771225339e-8 	 -3.2634591228059266e-8 	 1.52312450115204e-10 	 1.3263938591178358e-10 	 -3.856199974655361e-10 	 -3.7622104980858497e-10 	 -2.523520771481394e-12 	 -2.694405426086899e-12 	 -2.675838962346022e-13 	 -2.599840519840191e-13 	 -2.205873976817152e-12 	 -2.320796436568462e-12 	 2.646366783730825e-10 	 2.646054931809472e-10 	 -2.50182164945878e-14 	 -1.7048675985398275e-14 	 
2.353793571546829 	 -0.7049187882988418 	 -0.7054734530327126 	 -1.0660941813824706e-7 	 0.0005574666029062774 	 2.708061125900052e-15 	 4.225930225587593e-14 	 -1.5043853485511363e-6 	 5.066296167489766e-7 	 -8.135459942025676e-7 	 -8.173632570612239e-7 	 -3.3313439926781714e-8 	 -3.3301774141024226e-8 	 1.4933480351874805e-10 	 1.2896320105967973e-10 	 -3.992313800752001e-10 	 -3.8950074274429094e-10 	 -2.6111682922994735e-12 	 -2.787983535896682e-12 	 -2.770028372273137e-13 	 -2.6916146299682533e-13 	 -2.284129695017956e-12 	 -2.4031444638783482e-12 	 2.708387422454983e-10 	 2.708064506091912e-10 	 -2.5907308282002718e-14 	 -1.7654364891095397e-14 	 
2.395275553553164 	 -0.6981218682880125 	 -0.6986725881857538 	 -1.0877888132104886e-7 	 0.0005536005780534102 	 2.804378625431703e-15 	 4.376164308317332e-14 	 -1.5329729505501277e-6 	 5.164840686534658e-7 	 -8.417460815964255e-7 	 -8.456931855435181e-7 	 -3.399152311609839e-8 	 -3.39794563214295e-8 	 1.460268639378981e-10 	 1.2493198879274913e-10 	 -4.1331953914054864e-10 	 -4.032456016624053e-10 	 -2.7018143180618932e-12 	 -2.884762737905347e-12 	 -2.8674984249299483e-13 	 -2.7865981031216513e-13 	 -2.365155032457711e-12 	 -2.488408104478479e-12 	 2.771709907277797e-10 	 2.7713755347178015e-10 	 -2.6827980397770012e-14 	 -1.8281555891341838e-14 	 
2.437488591524634 	 -0.6913769574577784 	 -0.6919237383259458 	 -1.1098215996230835e-7 	 0.0005497425148061416 	 2.904122681501864e-15 	 4.5317384393950277e-14 	 -1.5619541115046835e-6 	 5.264995791446765e-7 	 -8.708814645732093e-7 	 -8.749539678204122e-7 	 -3.468018548261796e-8 	 -3.4667702341121755e-8 	 1.42371764801279e-10 	 1.205280389484109e-10 	 -4.279009067396089e-10 	 -4.1747165741090163e-10 	 -2.795558967026851e-12 	 -2.9848499526820977e-12 	 -2.968358520621939e-13 	 -2.8848976278472717e-13 	 -2.4490473390592625e-12 	 -2.5766899878704174e-12 	 2.836356500808712e-10 	 2.836010266465161e-10 	 -2.778135321068742e-14 	 -1.8931011104283968e-14 	 
2.4804455691952905 	 -0.6845663202314048 	 -0.6851101065186773 	 -1.1321945192670526e-7 	 0.0005468311189916362 	 3.0074153400949654e-15 	 4.692842407061359e-14 	 -1.5912995415440355e-6 	 5.366616667672922e-7 	 -9.009857629212746e-7 	 -9.051901428259429e-7 	 -3.537948581602876e-8 	 -3.536657390869891e-8 	 1.3835199545347622e-10 	 1.1573290491977417e-10 	 -4.429924583560041e-10 	 -4.3219547514330436e-10 	 -2.892505609783935e-12 	 -3.088355505881518e-12 	 -3.07272064390407e-13 	 -2.986624114403869e-13 	 -2.5359074200301256e-12 	 -2.66809627717135e-12 	 2.902504914956294e-10 	 2.902146398849137e-10 	 -2.8768587102545596e-14 	 -1.9603520349242844e-14 	 
2.5241595973551325 	 -0.6777665727676613 	 -0.6783064243642101 	 -1.1549094798210163e-7 	 0.0005429819904891064 	 3.1143829937185785e-15 	 4.859672731311049e-14 	 -1.621075654005026e-6 	 5.469358493387056e-7 	 -9.320852109320794e-7 	 -9.364325293270002e-7 	 -3.608948473478591e-8 	 -3.6076128343480886e-8 	 1.339493010322812e-10 	 1.1052739580371451e-10 	 -4.5861174388906356e-10 	 -4.474341730191611e-10 	 -2.992760940413175e-12 	 -3.1953932561933073e-12 	 -3.180701755250981e-13 	 -3.0918926745893136e-13 	 -2.625839628905835e-12 	 -2.7627369378341315e-12 	 2.969871811411995e-10 	 2.9695005788827443e-10 	 -2.9790884015223896e-14 	 -2.0299901500320238e-14 	 
2.568644017851614 	 -0.6709009149590341 	 -0.6714368362362629 	 -1.177968320913665e-7 	 0.0005391395373448614 	 3.225156353925396e-15 	 5.032432905199835e-14 	 -1.6511815118618659e-6 	 5.573358582311404e-7 	 -9.64211387947493e-7 	 -9.686906880887375e-7 	 -3.6810240810548294e-8 	 -3.679642526284738e-8 	 1.2914472187810944e-10 	 1.0489157875303689e-10 	 -4.747768831140764e-10 	 -4.6320543278147495e-10 	 -3.096435040420842e-12 	 -3.3060807383951395e-12 	 -3.2924224143193736e-13 	 -3.2008223480595177e-13 	 -2.7189519558382114e-12 	 -2.860725752957538e-12 	 3.0386312217662416e-10 	 3.038246822719337e-10 	 -3.084948832388079e-14 	 -2.1021001010979036e-14 	 
2.6139124076616764 	 -0.6640193888152679 	 -0.6645513836102049 	 -1.2013728140004845e-7 	 0.0005353033075581548 	 3.3398708851328783e-15 	 5.2113336391490517e-14 	 -1.6816834802087976e-6 	 5.679153044313053e-7 	 -9.973849829073026e-7 	 -1.0020131897481287e-6 	 -3.754180892489387e-8 	 -3.752752062582374e-8 	 1.2391853296472633e-10 	 9.880465558847362e-11 	 -4.915066090859366e-10 	 -4.79527529649042e-10 	 -3.203641522489045e-12 	 -3.4205392329347828e-12 	 -3.408008067773416e-13 	 -3.3135393034011697e-13 	 -2.815356344099962e-12 	 -2.962180529108571e-12 	 3.108806410908427e-10 	 3.1084083793001314e-10 	 -3.194568805320319e-14 	 -2.176769504869114e-14 	 
2.659978583035544 	 -0.6571818388340379 	 -0.6577099104587497 	 -1.2251246639125127e-7 	 0.0005314728644240692 	 3.458666951727807e-15 	 5.396593129286531e-14 	 -1.7125707475541014e-6 	 5.78631206061218e-7 	 -1.0316404552423115e-6 	 -1.0364213050355443e-6 	 -3.828424571948659e-8 	 -3.82694668931353e-8 	 1.182501475715725e-10 	 9.224501778010818e-11 	 -5.08820267705028e-10 	 -4.96419334948639e-10 	 -3.314497661559418e-12 	 -3.5388938514271247e-12 	 -3.5275918548072216e-13 	 -3.4301744417375434e-13 	 -2.9151686558248625e-12 	 -3.067223392660412e-12 	 3.180420905596204e-10 	 3.180008758866748e-10 	 -3.308081665542861e-14 	 -2.2540890480260424e-14 	 
2.706856603713545 	 -0.6502489537957749 	 -0.650773105037077 	 -1.2492255112812316e-7 	 0.0005276477556210873 	 3.5816900095797525e-15 	 5.5884373147685464e-14 	 -1.7438374965649638e-6 	 5.894567667255505e-7 	 -1.067009353658632e-6 	 -1.0719350958263107e-6 	 -3.903759906222888e-8 	 -3.902231361567772e-8 	 1.1211823872294247e-10 	 8.519026378211337e-11 	 -5.267378409619993e-10 	 -5.139003474859382e-10 	 -3.4291244098846875e-12 	 -3.661273746737026e-12 	 -3.651309609820075e-13 	 -3.550861519835413e-13 	 -3.0185087000259014e-12 	 -3.175980613693563e-12 	 3.253498489366979e-10 	 3.2530717278858476e-10 	 -3.4256254579090317e-14 	 -2.3341525789422058e-14 	 
2.75456077721725 	 -0.6433438147688261 	 -0.6438640479518944 	 -1.2736769348250745e-7 	 0.0005238275455242446 	 3.709090452275188e-15 	 5.787100157222946e-14 	 -1.7755116844783625e-6 	 6.004523147662071e-7 	 -1.1035134802637988e-6 	 -1.1085908041125787e-6 	 -3.9801920588323015e-8 	 -3.978610995726001e-8 	 1.0550062649867798e-10 	 7.761706171143246e-11 	 -5.452799687063958e-10 	 -5.319907083682196e-10 	 -3.5476465883713114e-12 	 -3.787812148834946e-12 	 -3.7793024506405095e-13 	 -3.6757404379139657e-13 	 -3.1255005875671647e-12 	 -3.288582934892759e-12 	 3.328063209099996e-10 	 3.3276213155909227e-10 	 -3.5473431260202305e-14 	 -2.417057277770418e-14 	 
2.803105663216234 	 -0.636416361172697 	 -0.6369326781073081 	 -1.2984804555383974e-7 	 0.0005200117815868962 	 3.841023868966787e-15 	 5.992823932904345e-14 	 -1.8075537942139846e-6 	 6.116009774532007e-7 	 -1.14119285434939e-6 	 -1.1464335676131276e-6 	 -4.0577261067187746e-8 	 -4.056090910869244e-8 	 9.837427049331992e-11 	 6.950127733325928e-11 	 -5.644679580223677e-10 	 -5.50711203194858e-10 	 -3.6701929965673316e-12 	 -3.918646494451839e-12 	 -3.9117160603452385e-13 	 -3.804952832253683e-13 	 -3.2362725676962636e-12 	 -3.405165670536392e-12 	 3.40413938472568e-10 	 3.403681823635196e-10 	 -3.6733827454837884e-14 	 -2.502903820311708e-14 	 
2.8525060779717974 	 -0.629438376260647 	 -0.6299507781873351 	 -1.323637534891647e-7 	 0.0005162000282407744 	 3.977652081599281e-15 	 6.205859515995283e-14 	 -1.8400104493410314e-6 	 6.228478617360028e-7 	 -1.180065872244079e-6 	 -1.185476833486049e-6 	 -4.136366051338939e-8 	 -4.1346750090646084e-8 	 9.071533824281275e-11 	 6.081787839580244e-11 	 -5.843238167052345e-10 	 -5.70083303420299e-10 	 -3.7968964696542816e-12 	 -4.053918606333126e-12 	 -4.048697946762436e-13 	 -3.9386449130207613e-13 	 -3.35095731621049e-12 	 -3.525868652603792e-12 	 3.481751605994088e-10 	 3.481277822803941e-10 	 -3.803897668908096e-14 	 -2.5917964805999283e-14 	 
2.9027770988589974 	 -0.6224715428838348 	 -0.6229800307394848 	 -1.3491495853302936e-7 	 0.0005123918453729376 	 4.1191419208885806e-15 	 6.426466695907962e-14 	 -1.8727828260806124e-6 	 6.343060430132338e-7 	 -1.2201802039259968e-6 	 -1.2257480366426409e-6 	 -4.2161169494751786e-8 	 -4.214368122849549e-8 	 8.2499114665886e-11 	 5.154096415923348e-11 	 -6.048702521981931e-10 	 -5.901291746082471e-10 	 -3.927894079896535e-12 	 -4.193774747229817e-12 	 -4.1904006454263067e-13 	 -4.0769661871331576e-13 	 -3.4696920028781663e-12 	 -3.650836563401094e-12 	 3.5609247493972875e-10 	 3.560434169898441e-10 	 -3.939046744061425e-14 	 -2.6838432893305787e-14 	 
2.953934068968377 	 -0.6154500577080878 	 -0.6159546317095037 	 -1.3750179675065355e-7 	 0.0005085868032785268 	 4.265666881386743e-15 	 6.654914488229968e-14 	 -1.906004238486784e-6 	 6.45855482713266e-7 	 -1.2615439265033286e-6 	 -1.2672758132112061e-6 	 -4.2969828022921775e-8 	 -4.295174180227832e-8 	 7.370004878211489e-11 	 4.164374013052807e-11 	 -6.261307163505414e-10 	 -6.108716926129798e-10 	 -4.0633271950726166e-12 	 -4.338365807950786e-12 	 -4.3369787533609205e-13 	 -4.2200688250004783e-13 	 -3.5926184180584687e-12 	 -3.78021892684488e-12 	 3.641683979292676e-10 	 3.6411760088753465e-10 	 -4.078994400247282e-14 	 -2.779155910903608e-14 	 
3.00599260178879 	 -0.6084520189333268 	 -0.608952678918689 	 -1.4012439994718875e-7 	 0.0005047844682157825 	 4.41740593742912e-15 	 6.891481450416181e-14 	 -1.939593859818524e-6 	 6.575601012310995e-7 	 -1.3041969656877364e-6 	 -1.3101095510050119e-6 	 -4.3789679001861544e-8 	 -4.377097567122831e-8 	 6.429172038387776e-11 	 3.109845222070362e-11 	 -6.481294021235407e-10 	 -6.323344602931869e-10 	 -4.2033416073672396e-12 	 -4.487847446289078e-12 	 -4.4885895316815195e-13 	 -4.368109402785869e-13 	 -3.719883243053223e-12 	 -3.914170317092236e-12 	 3.7240547516452784e-10 	 3.7235287746096634e-10 	 -4.223910638256889e-14 	 -2.877849850146941e-14 	 
3.0589685859727536 	 -0.601386141540304 	 -0.6018828868731542 	 -1.427828957423661e-7 	 0.0005009844171405284 	 4.574545061919455e-15 	 7.136456029704918e-14 	 -1.9735573180739375e-6 	 6.694143458463239e-7 	 -1.3481663858102757e-6 	 -1.3542622933823759e-6 	 -4.462076168816225e-8 	 -4.460142011302054e-8 	 5.4246664086772254e-11 	 1.987614130506188e-11 	 -6.708912990838733e-10 	 -6.545418544804704e-10 	 -4.348087732153061e-12 	 -4.642380149361899e-12 	 -4.64539781415696e-13 	 -4.521254228923022e-13 	 -3.851638568861948e-12 	 -4.0528508605189304e-12 	 3.808062832502079e-10 	 3.807518211368688e-10 	 -4.3739715392954184e-14 	 -2.98004477261582e-14 	 
3.1128781901857843 	 -0.5943233421221068 	 -0.5948161716280783 	 -1.4547740843328427e-7 	 0.0004971862299637291 	 4.737276306510107e-15 	 7.390136903179245e-14 	 -2.0079267091276484e-6 	 6.814090249796948e-7 	 -1.3934974623043872e-6 	 -1.3997649850796557e-6 	 -4.546311696728594e-8 	 -4.544311699474264e-8 	 4.353622969389903e-11 	 7.94678597547005e-12 	 -6.94442181980186e-10 	 -6.775190324133718e-10 	 -4.497720685258458e-12 	 -4.802129437952649e-12 	 -4.80757875242488e-13 	 -4.679674349011842e-13 	 -3.988041714601543e-12 	 -4.19642658372632e-12 	 3.8937342995161826e-10 	 3.893170374299126e-10 	 -4.529359437677183e-14 	 -3.085864495544488e-14 	 
3.167737868041197 	 -0.5872677094266044 	 -0.587756621539531 	 -1.4820805907340967e-7 	 0.0004933894970983993 	 4.905799002585809e-15 	 7.652833341753596e-14 	 -2.042688705288695e-6 	 6.935513624172935e-7 	 -1.4401766599753795e-6 	 -1.4466336220210395e-6 	 -4.631678296934041e-8 	 -4.629610213539081e-8 	 3.213084423627777e-11 	 -4.7205739534739164e-12 	 -7.188086521617176e-10 	 -7.01291944513871e-10 	 -4.652400381434246e-12 	 -4.967266040065976e-12 	 -4.975308456944827e-13 	 -4.843540787830002e-13 	 -4.129255084228678e-12 	 -4.345068973789501e-12 	 3.9810955556612625e-10 	 3.980511643085194e-10 	 -4.690263102569148e-14 	 -3.195437201120033e-14 	 
3.223564363121867 	 -0.5801701864806997 	 -0.5806551791348714 	 -1.5097496632081828e-7 	 0.0004895938163743577 	 5.0803195331128315e-15 	 7.924865585290375e-14 	 -2.077823482541481e-6 	 7.05835219667195e-7 	 -1.4882708970593484e-6 	 -1.4949120390563309e-6 	 -4.718179725684365e-8 	 -4.7160412464890273e-8 	 1.999987644534684e-11 	 -1.8158281536386766e-11 	 -7.440181539820756e-10 	 -7.2588736053941e-10 	 -4.812291735176652e-12 	 -5.1379659878755815e-12 	 -5.148767615986705e-13 	 -5.013038003420789e-13 	 -4.275447187020165e-12 	 -4.4989553808569285e-12 	 4.0701733415457574e-10 	 4.069568734237539e-10 	 -4.856878029591005e-14 	 -3.3088957240301477e-14 	 
3.2803747140904993 	 -0.5730711692823333 	 -0.5735522399980032 	 -1.537782468808831e-7 	 0.0004857987928422079 	 5.2610513168183105e-15 	 8.206565214857742e-14 	 -2.1133417592943115e-6 	 7.182775389501056e-7 	 -1.5377871426076268e-6 	 -1.5446182690116847e-6 	 -4.805819716113575e-8 	 -4.8036086029356966e-8 	 7.111286120302651e-12 	 -3.239996005364176e-11 	 -7.700990035961208e-10 	 -7.513329152683124e-10 	 -4.977564846608759e-12 	 -5.314410715944809e-12 	 -5.328151397065995e-13 	 -5.188359974034329e-13 	 -4.426792567346349e-12 	 -4.658269843923479e-12 	 4.160994742961277e-10 	 4.1603687086555487e-10 	 -5.029406712764306e-14 	 -3.426377547077753e-14 	 
3.3381862598899525 	 -0.5659577514566951 	 -0.5664348972618183 	 -1.5661801607855223e-7 	 0.00048200404220521346 	 5.448215774361831e-15 	 8.498275564899904e-14 	 -2.1492669632549883e-6 	 7.308469574037248e-7 	 -1.5887513821474682e-6 	 -1.5957792293157616e-6 	 -4.8946020181311664e-8 	 -4.892315779684879e-8 	 -6.5680505518450615e-12 	 -4.748023605689156e-11 	 -7.970804019476763e-10 	 -7.776571079396177e-10 	 -5.1483949883275596e-12 	 -5.4967873877461575e-12 	 -5.513659030531581e-13 	 -5.369700759721985e-13 	 -4.583471392453908e-12 	 -4.823202617149913e-12 	 4.2535872113358853e-10 	 4.25293899206185e-10 	 -5.208058642347524e-14 	 -3.548024877453315e-14 	 
3.3970166450352193 	 -0.5588454656323244 	 -0.5593186831879162 	 -1.5949438841023864e-7 	 0.0004782091938912059 	 5.6420421459812965e-15 	 8.800352132909417e-14 	 -2.185581828967129e-6 	 7.435780881052698e-7 	 -1.6411875944930422e-6 	 -1.6484188773660401e-6 	 -4.984530140744397e-8 	 -4.982166360146408e-8 	 -2.107219577851538e-11 	 -6.343468576924138e-11 	 -8.249924444963064e-10 	 -8.048893034156723e-10 	 -5.3249629301146965e-12 	 -5.6852888678742e-12 	 -5.705488584623053e-13 	 -5.557251298038412e-13 	 -4.745669434195743e-12 	 -4.993950047959272e-12 	 4.3479785707443595e-10 	 4.3473073819657147e-10 	 -5.393050570123847e-14 	 -3.67398493983373e-14 	 
3.4568838249986547 	 -0.551706640187778 	 -0.5521759257358225 	 -1.624074781350987e-7 	 0.0004744138881300735 	 5.842767636099477e-15 	 9.113163023877214e-14 	 -2.222278135436866e-6 	 7.564405006659128e-7 	 -1.6951176276929102e-6 	 -1.7025521012296309e-6 	 -5.0756078331630194e-8 	 -5.073163902922943e-8 	 -3.6436146409588585e-11 	 -8.029995529575728e-11 	 -8.538661531452263e-10 	 -8.330597752679747e-10 	 -5.507454979629955e-12 	 -5.880114012046314e-12 	 -5.903835350373754e-13 	 -5.751202459014503e-13 	 -4.913578429541765e-12 	 -5.1707146730697875e-12 	 4.444197037058739e-10 	 4.4435020667773275e-10 	 -5.5846069386689125e-14 	 -3.804410181551532e-14 	 
3.51780607169013 	 -0.5445730829259469 	 -0.5450384323402503 	 -1.6535739993631325e-7 	 0.00047061778170977324 	 6.050638226562377e-15 	 9.437089404484844e-14 	 -2.2593827299442235e-6 	 7.694565003778583e-7 	 -1.750554768587595e-6 	 -1.7581857190875963e-6 	 -5.167838640684011e-8 	 -5.165311999506173e-8 	 -5.2696070314119934e-11 	 -9.811407339768152e-11 	 -8.837335099254684e-10 	 -8.621997236823554e-10 	 -5.6960631929325875e-12 	 -6.0814677677163006e-12 	 -6.10889880598986e-13 	 -5.95175430774253e-13 	 -5.0873968609599364e-12 	 -5.353705828784749e-12 	 4.542271237554196e-10 	 4.5415516454096137e-10 	 -5.782960231071055e-14 	 -3.9394584652741036e-14 	 
3.579801979033751 	 -0.5374420008783914 	 -0.5379034096563167 	 -1.6834426928884936e-7 	 0.0004668205421367989 	 6.2659084124061516e-15 	 9.772525952356225e-14 	 -2.296868735848526e-6 	 7.826174480550742e-7 	 -1.8075267862211235e-6 	 -1.815353822709029e-6 	 -5.261226372931929e-8 	 -5.2586142639488856e-8 	 -6.988953014628763e-11 	 -1.169165543968731e-10 	 -9.146274752266592e-10 	 -8.923413118788481e-10 	 -5.890985514794764e-12 	 -6.289561375443509e-12 	 -6.320888210747944e-13 	 -6.159116289711219e-13 	 -5.267330268874382e-12 	 -5.543140280299675e-12 	 4.6422302225892943e-10 	 4.6414851388947296e-10 	 -5.988351249874846e-14 	 -4.079293105918591e-14 	 
3.6428904686428605 	 -0.5303041003077067 	 -0.5307615635995899 	 -1.7136820316640296e-7 	 0.0004630218585796424 	 6.488841840512904e-15 	 1.0119881342557369e-13 	 -2.334777725154412e-6 	 7.959297579303945e-7 	 -1.866030740301698e-6 	 -1.8740600559483858e-6 	 -5.355774797245346e-8 	 -5.35307435631691e-8 	 -8.805559592811818e-11 	 -1.3674846464819978e-10 	 -9.465820395913482e-10 	 -9.23517691737219e-10 	 -6.092425936044324e-12 	 -6.504612537433993e-12 	 -6.540023002243877e-13 	 -6.373507846629822e-13 	 -5.453591492451671e-12 	 -5.739242546003165e-12 	 4.74410348985499e-10 	 4.743332014521106e-10 	 -6.201029203012353e-14 	 -4.2240830923634396e-14 	 
3.7070907955950605 	 -0.5231743285047807 	 -0.5236278411419372 	 -1.7442932033780394e-7 	 0.00045922143550060064 	 6.7197117778472484e-15 	 1.0479578731154015e-13 	 -2.3730693578825477e-6 	 8.093925463299837e-7 	 -1.9260955442972688e-6 	 -1.9343381051832593e-6 	 -5.4514875801360744e-8 	 -5.448696008302875e-8 	 -1.072348751560348e-10 	 -1.576525574577836e-10 	 -9.796322199674546e-10 	 -9.557630334935575e-10 	 -6.300594684003832e-12 	 -6.726845586335142e-12 	 -6.766533164448419e-13 	 -6.59516052594622e-13 	 -5.646401051081218e-12 	 -5.942245120256207e-12 	 4.847921001364197e-10 	 4.847122202823639e-10 	 -6.421251893928836e-14 	 -4.374003324980613e-14 	 
3.7724225543090033 	 -0.5160426222908073 	 -0.5164921788667243 	 -1.7752774205219368e-7 	 0.0004554189996028368 	 6.958800957135303e-15 	 1.0852056261723142e-13 	 -2.4117655984337735e-6 	 8.229952655247882e-7 	 -1.987701787285572e-6 	 -1.996139046717687e-6 	 -5.548368800021336e-8 	 -5.545482983198752e-8 	 -1.2746961281303371e-10 	 -1.7967312176352834e-10 	 -1.0138140998482292e-9 	 -9.891125391988798e-10 	 -6.51570835904787e-12 	 -6.956491688931282e-12 	 -7.000659940115117e-13 	 -6.824314201325787e-13 	 -5.845987084368565e-12 	 -6.152388822674992e-12 	 4.953713210133648e-10 	 4.952886124374967e-10 	 -6.64928618820948e-14 	 -4.529234917172165e-14 	 
3.838905684524751 	 -0.5089128584644196 	 -0.5093584532811121 	 -1.8066359222777294e-7 	 0.0004516142941179876 	 7.206402558856962e-15 	 1.1237767577360058e-13 	 -2.4508487014058214e-6 	 8.36759833575145e-7 	 -2.050866605651049e-6 	 -2.0595197570777334e-6 	 -5.646422127182035e-8 	 -5.6434390717858775e-8 	 -1.4880345647886982e-10 	 -2.0285586855388616e-10 	 -1.0491648227139993e-9 	 -1.023602457715622e-9 	 -6.737990143719369e-12 	 -7.193789010913471e-12 	 -7.242649812039259e-13 	 -7.061214711373554e-13 	 -6.052585326746795e-12 	 -6.369922519630644e-12 	 5.061511078153869e-10 	 5.060654707760248e-10 	 -6.885408452173004e-14 	 -4.689965172610666e-14 	 
3.9065604773895406 	 -0.5018065211789207 	 -0.502248148278977 	 -1.8383699780586582e-7 	 0.00044780709152836425 	 7.462819949788368e-15 	 1.1637182378815282e-13 	 -2.4903479525680186e-6 	 8.506690248230442e-7 	 -2.115602370314172e-6 	 -2.1244528894513185e-6 	 -5.745651818034389e-8 	 -5.7425683155977937e-8 	 -1.7128132881797597e-10 	 -2.272477014462737e-10 	 -1.0857226396976748e-9 	 -1.059270106992649e-9 	 -6.967669982847758e-12 	 -7.43898289311165e-12 	 -7.492751586435364e-13 	 -7.306103139065323e-13 	 -6.266438738431746e-12 	 -6.5951031857477975e-12 	 5.171346103664653e-10 	 5.170459416793882e-10 	 -7.129904648794927e-14 	 -4.856387948781738e-14 	 
3.9754075816507863 	 -0.4947130882520997 	 -0.4951507415996092 	 -1.8704808920782255e-7 	 0.00044399718172783277 	 7.728367032999728e-15 	 1.2050786996148367e-13 	 -2.5302520411426507e-6 	 8.647365783801573e-7 	 -2.1818376555007057e-6 	 -2.190902931020981e-6 	 -5.846062124394223e-8 	 -5.842874947479544e-8 	 -1.9494941217747197e-10 	 -2.528971066320729e-10 	 -1.1235268950026446e-9 	 -1.0961538899973e-9 	 -7.20498473362606e-12 	 -7.692326090030233e-12 	 -7.751211899925669e-13 	 -7.559225728853703e-13 	 -6.487798415451551e-12 	 -6.828195944735549e-12 	 5.28325034527648e-10 	 5.282332274466395e-10 	 -7.383070755262455e-14 	 -5.028703982834504e-14 	 
4.045468009958233 	 -0.4876338731700234 	 -0.4880675464681436 	 -1.902969999720821e-7 	 0.00044018438770865694 	 8.003369871834032e-15 	 1.2479084999350577e-13 	 -2.5705623428422684e-6 	 8.789577384244163e-7 	 -2.249642156871055e-6 	 -2.2588775932302282e-6 	 -5.947657072523356e-8 	 -5.944362822702231e-8 	 -2.1985547816637308e-10 	 -2.79854014635994e-10 	 -1.1626180869880898e-9 	 -1.1342933233689312e-9 	 -7.450178347849778e-12 	 -7.954078960608554e-12 	 -8.01828336037258e-13 	 -7.820828172910854e-13 	 -6.716923470246328e-12 	 -7.069474883919236e-12 	 5.397256452507682e-10 	 5.396305893312281e-10 	 -7.645213140783369e-14 	 -5.207121275330184e-14 	 
4.1167631452771785 	 -0.48057545238779587 	 -0.4810051392603297 	 -1.9358386725948422e-7 	 0.00043636855140583925 	 8.288165375958113e-15 	 1.2922597806108714e-13 	 -2.611292385245062e-6 	 8.933199777400331e-7 	 -2.3189126443187525e-6 	 -2.3283749356801614e-6 	 -6.05044128804542e-8 	 -6.047036412970414e-8 	 -2.460486668271145e-10 	 -3.081702320868196e-10 	 -1.2030378891387184e-9 	 -1.1737290639523045e-9 	 -7.70350212173504e-12 	 -8.224509620841577e-12 	 -8.294217753607169e-13 	 -8.091167106555331e-13 	 -6.954081996650152e-12 	 -7.319222863357567e-12 	 5.513397690770994e-10 	 5.512413500432212e-10 	 -7.916649386374708e-14 	 -5.3918553781229226e-14 	 
4.189314747414704 	 -0.47354463988694195 	 -0.4739703339075239 	 -1.9690883144311486e-7 	 0.000432549553121509 	 8.583102672488075e-15 	 1.338186530244756e-13 	 -2.652426573867494e-6 	 9.078330280577395e-7 	 -2.38967884060006e-6 	 -2.399320618845612e-6 	 -6.154419134924069e-8 	 -6.150900150960922e-8 	 -2.735804671045372e-10 	 -3.3790019805397975e-10 	 -1.244829200034383e-9 	 -1.21450295028124e-9 	 -7.965214826203896e-12 	 -8.503894202665508e-12 	 -8.579291842425452e-13 	 -8.370528851686654e-13 	 -7.1995527195506395e-12 	 -7.57773352158736e-12 	 5.631707971510602e-10 	 5.630688967754338e-10 	 -8.197708387447378e-14 	 -5.5831289958452326e-14 	 
4.263144959660941 	 -0.4665396748631315 	 -0.46696136964512563 	 -2.0027203593784293e-7 	 0.00042872729576805664 	 8.888543575058527e-15 	 1.3857446499704328e-13 	 -2.693967215673136e-6 	 9.225268843080174e-7 	 -2.4618645394814915e-6 	 -2.471681295268379e-6 	 -6.259595232410532e-8 	 -6.255958376376526e-8 	 -3.025046608058268e-10 	 -3.6910012189824924e-10 	 -1.288036141670279e-9 	 -1.256658042559069e-9 	 -8.235582927710108e-12 	 -8.792517050534714e-12 	 -8.873802169029332e-13 	 -8.659201739202871e-13 	 -7.453623387744801e-12 	 -7.845311358010698e-12 	 5.752221885428499e-10 	 5.751166845301548e-10 	 -8.488730216971163e-14 	 -5.781172279006875e-14 	 
4.338276315547362 	 -0.4595690304137451 	 -0.4599867194609023 	 -2.0367362669228868e-7 	 0.00042490172039116457 	 9.204862848610773e-15 	 1.4349920194139942e-13 	 -2.7359445877204566e-6 	 9.373464216659503e-7 	 -2.5354437183659473e-6 	 -2.5454478093329423e-6 	 -6.36597423910672e-8 	 -6.362215692994112e-8 	 -3.328765373942666e-10 	 -4.0182778789981554e-10 	 -1.3327040309237948e-9 	 -1.3002385862316679e-9 	 -8.514880814019868e-12 	 -9.09067090321146e-12 	 -9.178041165319729e-13 	 -8.957469337123048e-13 	 -7.716590592732885e-12 	 -8.122270351932637e-12 	 5.874974735783045e-10 	 5.873882394443398e-10 	 -8.790066701513944e-14 	 -5.986223553522407e-14 	 
4.414731745724182 	 -0.45263739614525467 	 -0.45305107316922233 	 -2.0711375168135334e-7 	 0.00042107279742825086 	 9.532448206339694e-15 	 1.4859885651447024e-13 	 -2.7783222361345032e-6 	 9.523375439396872e-7 	 -2.6103628367581062e-6 	 -2.6205181534310223e-6 	 -6.473560965815154e-8 	 -6.469676807802899e-8 	 -3.6475309624327323e-10 	 -4.361431703634544e-10 	 -1.3788794785609149e-9 	 -1.3452900319786387e-9 	 -8.803390945527206e-12 	 -9.398657169457924e-12 	 -9.492301008384718e-13 	 -9.265630522281576e-13 	 -7.988761290768364e-12 	 -8.408934520004186e-12 	 6.000002563602891e-10 	 5.998871612882973e-10 	 -9.102082102363518e-14 	 -6.198529755363502e-14 	 
4.492534584958967 	 -0.4457376756269001 	 -0.4461473344354205 	 -2.105925600064792e-7 	 0.00041724053635891424 	 9.871701837915747e-15 	 1.538796333511172e-13 	 -2.8211344328628495e-6 	 9.67471279737398e-7 	 -2.6864973370162126e-6 	 -2.696866576382002e-6 	 -6.582360063494463e-8 	 -6.578346272224053e-8 	 -3.981934662495057e-10 	 -4.721079533085338e-10 	 -1.426610333174958e-9 	 -1.3918591064451392e-9 	 -9.101404110450489e-12 	 -9.716786102339156e-12 	 -9.816888305402838e-13 	 -9.583981526128937e-13 	 -8.270451980259553e-12 	 -8.705639132688681e-12 	 6.127342192654161e-10 	 6.126171279543336e-10 	 -9.42515368901331e-14 	 -6.418346320868906e-14 	 
4.571708579258576 	 -0.43888680589002127 	 -0.4392924405971709 	 -2.1411020088702345e-7 	 0.000413404980945335 	 1.0223039823842317e-14 	 1.593479563710698e-13 	 -2.864354574231308e-6 	 9.82778025295808e-7 	 -2.7638154719913716e-6 	 -2.774318793504077e-6 	 -6.69237642192536e-8 	 -6.688228838552988e-8 	 -4.332581161690463e-10 	 -5.097850762579092e-10 	 -1.475945715302096e-9 	 -1.439993757390985e-9 	 -9.409219602069391e-12 	 -1.0045377060152253e-11 	 -1.0152096851018256e-12 	 -9.912797130290364e-13 	 -8.56198782396761e-12 	 -9.012729326647872e-12 	 6.257031256745505e-10 	 6.255818981873152e-10 	 -9.759671801390369e-14 	 -6.645937504767829e-14 	 
4.652277893116625 	 -0.4320892579259908 	 -0.43249086276318693 	 -2.1766682245749025e-7 	 0.0004095662137055093 	 1.058689352045894e-14 	 1.6501047681388714e-13 	 -2.9080017642209036e-6 	 9.982324649736536e-7 	 -2.842247610529074e-6 	 -2.852864730577665e-6 	 -6.803614799649552e-8 	 -6.799329056280612e-8 	 -4.70009112750116e-10 	 -5.492403435985871e-10 	 -1.5269360628030348e-9 	 -1.4897431857064535e-9 	 -9.727145482146538e-12 	 -1.0384758690873131e-11 	 -1.049820873354479e-12 	 -1.0252375000568969e-12 	 -8.863706064833332e-12 	 -9.330560629189078e-12 	 6.389108240522035e-10 	 6.387853156409973e-10 	 -1.0106040566115749e-13 	 -6.881576980755089e-14 	 
4.734267116888661 	 -0.4253398846290448 	 -0.4257374543142504 	 -2.2126257024687746e-7 	 0.0004057243586260439 	 1.0963709620170903e-14 	 1.7087408151927886e-13 	 -2.9520710358371393e-6 	 1.0138439113276064e-6 	 -2.92162472742152e-6 	 -2.932324666966484e-6 	 -6.916079749983538e-8 	 -6.911651442297227e-8 	 -5.085119553347362e-10 	 -5.905427459997626e-10 	 -1.5796332115980948e-9 	 -1.541157954932899e-9 	 -1.0055498731861776e-11 	 -1.073526923140486e-11 	 -1.0855546232285685e-12 	 -1.0603046174884057e-12 	 -9.17595689523737e-12 	 -9.659502891785077e-12 	 6.523612514255995e-10 	 6.522313123468271e-10 	 -1.0464678443622421e-13 	 -7.125547856201564e-14 	 
4.817701274297335 	 -0.4186490285340262 	 -0.41904255819271996 	 -2.2489758552781297e-7 	 0.00040187957676388405 	 1.1353950478132369e-14 	 1.769459013262198e-13 	 -2.9965676778923075e-6 	 1.0296073650622042e-6 	 -3.0018257106619326e-6 	 -3.0125624959223737e-6 	 -7.029775969466896e-8 	 -7.025200559659993e-8 	 -5.488347095763047e-10 	 -6.33763684622064e-10 	 -1.6340903229551795e-9 	 -1.5942899425742763e-9 	 -1.0394605557755356e-11 	 -1.1097256668785582e-11 	 -1.1224449024038741e-12 	 -1.0965152274189372e-12 	 -9.499102069664422e-12 	 -9.999938765616888e-12 	 6.66058437533037e-10 	 6.65923912888049e-10 	 -1.0836018361715106e-13 	 -7.378142950376087e-14 	 
4.902605830069813 	 -0.4120188369179725 	 -0.41240856384757424 	 -2.285720031825501e-7 	 0.00039827378252283737 	 1.1758095591063445e-14 	 1.8323331957753598e-13 	 -3.041485251099794e-6 	 1.0455344221114455e-6 	 -3.082639078583653e-6 	 -3.0935497486667053e-6 	 -7.144707705181418e-8 	 -7.139980488300324e-8 	 -5.910478363746741e-10 	 -6.789766022464683e-10 	 -1.6903619021708937e-9 	 -1.6491923670465613e-9 	 -1.074480153404958e-11 	 -1.1471079059479223e-11 	 -1.1605266448599938e-12 	 -1.1339025960943604e-12 	 -9.833514179193593e-12 	 -1.0352263610893253e-11 	 6.8001397748096e-10 	 6.79874707060053e-10 	 -1.1220508677911578e-13 	 -7.639665747127821e-14 	 
4.989006697709819 	 -0.40545019923701725 	 -0.40583587649887254 	 -2.3228594971266532e-7 	 0.0003944223472614278 	 1.2176641275840616e-14 	 1.8974398080934263e-13 	 -3.086829977781786e-6 	 1.0616243023648762e-6 	 -3.1639994592569677e-6 	 -3.1749517407502378e-6 	 -7.260879037364334e-8 	 -7.255995172247821e-8 	 -6.352234161164461e-10 	 -7.262567736172265e-10 	 -1.7485037805343318e-9 	 -1.705919732197696e-9 	 -1.1106431906206804e-11 	 -1.1857104712607938e-11 	 -1.1998327918189e-12 	 -1.1724988471212283e-12 	 -1.0179576684869463e-11 	 -1.0716884047803633e-11 	 6.942173654425021e-10 	 6.940731836150027e-10 	 -1.1618613662112143e-13 	 -7.910429606683422e-14 	 
5.076930247406609 	 -0.3989530362210413 	 -0.3993346606528993 	 -2.3603954068483163e-7 	 0.0003905687418778858 	 1.26101015568425e-14 	 1.9648579959286038e-13 	 -3.132595146598943e-6 	 1.077866442052922e-6 	 -3.245702270451276e-6 	 -3.25666326164519e-6 	 -7.378293815395154e-8 	 -7.373248307408744e-8 	 -6.814356873275962e-10 	 -7.756823994985496e-10 	 -1.808573177146089e-9 	 -1.7645278658391383e-9 	 -1.1479851779512481e-11 	 -1.2255712473940306e-11 	 -1.240396196619531e-12 	 -1.2123380985995525e-12 	 -1.0537686358766952e-11 	 -1.1094219366033497e-11 	 7.086801996265191e-10 	 7.085309351137515e-10 	 -1.2030813035246446e-13 	 -8.190758110315776e-14 	 
5.166403314083369 	 -0.3925264654674179 	 -0.3929040346333644 	 -2.3983287785295943e-7 	 0.00038671329907725624 	 1.305900896836354e-14 	 2.0346696962408871e-13 	 -3.178777367313394e-6 	 1.0942667444364762e-6 	 -3.3275110129205245e-6 	 -3.3385360387684376e-6 	 -7.496955311056098e-8 	 -7.491743060272257e-8 	 -7.297620759843504e-10 	 -8.273348467945674e-10 	 -1.8706287145417377e-9 	 -1.825073977568925e-9 	 -1.1865426391071548e-11 	 -1.266729195848755e-11 	 -1.2822521711225444e-12 	 -1.2534555180271357e-12 	 -1.09082535025809e-11 	 -1.1484703958847264e-11 	 7.234069177262458e-10 	 7.232523933924683e-10 	 -1.245760290091713e-13 	 -8.480986717129824e-14 	 
5.2574532055874235 	 -0.3861747265998206 	 -0.38654823910086206 	 -2.4366604643334e-7 	 0.0003828564041503399 	 1.3523915509128237e-14 	 2.1069597380962702e-13 	 -3.225374666957881e-6 	 1.1108301480365684e-6 	 -3.409180675134656e-6 	 -3.420169949812532e-6 	 -7.616866333319308e-8 	 -7.611482039827365e-8 	 -7.802830999466614e-10 	 -8.812986802409739e-10 	 -1.934730404597982e-9 	 -1.8876166413009976e-9 	 -1.2263531291180837e-11 	 -1.3092243856643662e-11 	 -1.3254369840470793e-12 	 -1.295886959722381e-12 	 -1.1291702253135027e-11 	 -1.1888787064045226e-11 	 7.384020698974369e-10 	 7.382421025278152e-10 	 -1.289949748140007e-13 	 -8.781463441132065e-14 	 
5.350107711024791 	 -0.37989952063430643 	 -0.38026897579599717 	 -2.47539111841825e-7 	 0.0003789984795927849 	 1.4005392292015806e-14 	 2.181815944976573e-13 	 -3.2723881115104843e-6 	 1.1275441747472043e-6 	 -3.4905519726342527e-6 	 -3.501408290877282e-6 	 -7.738029085302514e-8 	 -7.732467315842882e-8 	 -8.330821260238253e-10 	 -9.376607139476257e-10 	 -2.000939607724783e-9 	 -1.9522157761370805e-9 	 -1.2674552688895363e-11 	 -1.3530980108430526e-11 	 -1.3699865095023745e-12 	 -1.3396663459258606e-12 	 -1.1688468906137784e-11 	 -1.2306932379490544e-11 	 7.536703212405982e-10 	 7.535047213410984e-10 	 -1.335702932936389e-13 	 -9.092546960243197e-14 	 
5.444395109241635 	 -0.37370613667394437 	 -0.3740715348664005 	 -2.5145211622893653e-7 	 0.00037514000184900114 	 1.450403154135138e-14 	 2.259329249637565e-13 	 -3.319813628545573e-6 	 1.1444121731698452e-6 	 -3.571254865122782e-6 	 -3.582060044805993e-6 	 -7.860445032906682e-8 	 -7.854700171296457e-8 	 -8.882446331058524e-10 	 -9.96510217347044e-10 	 -2.069319041517055e-9 	 -2.0189326184077318e-9 	 -1.309888759071405e-11 	 -1.3983924265402459e-11 	 -1.4159350187958886e-12 	 -1.3848271060540317e-12 	 -1.2099002455755736e-11 	 -1.2739616943243104e-11 	 7.692164567904802e-10 	 7.690450284014982e-10 	 -1.3830748499032986e-13 	 -9.414608188540452e-14 	 
5.540344177455178 	 -0.36759920051155487 	 -0.3679605435010972 	 -2.5540507511251616e-7 	 0.0003712814843247796 	 1.502044615492304e-14 	 2.3395938046844033e-13 	 -3.367634773223191e-6 	 1.1614405055361086e-6 	 -3.6509694671107366e-6 	 -3.661584779259123e-6 	 -7.984114884679287e-8 	 -7.978181131690547e-8 	 -9.45858559281998e-10 	 -1.0579394678146059e-9 	 -2.1399327750094254e-9 	 -2.087829718175538e-9 	 -1.3536944151191498e-11 	 -1.445151167924416e-11 	 -1.4633163273830574e-12 	 -1.4314029669104667e-12 	 -1.2523766131481984e-11 	 -1.3187331979322703e-11 	 7.850453847406147e-10 	 7.848679252545577e-10 	 -1.432122495825805e-13 	 -9.748031883027864e-14 	 
5.63798420003671 	 -0.3615747556814204 	 -0.3619320467669859 	 -2.593979734979212e-7 	 0.0003674234908217722 	 1.555527156416048e-14 	 2.4227070912485884e-13 	 -3.415854263626942e-6 	 1.1786192092486852e-6 	 -3.7291572926518506e-6 	 -3.7395391989196487e-6 	 -8.109038252280413e-8 	 -8.102909729246563e-8 	 -1.0060153538662142e-9 	 -1.1220449167467627e-9 	 -2.2128462992298915e-9 	 -2.1589709642401987e-9 	 -1.3989141843446171e-11 	 -1.493418984278641e-11 	 -1.5121654132438377e-12 	 -1.4794306019827453e-12 	 -1.2963239734807564e-11 	 -1.3650585280712834e-11 	 8.011621402026181e-10 	 8.009784401292253e-10 	 -1.482904858568501e-13 	 -1.0093215675077704e-13 	 
5.737344977449417 	 -0.3556392587636543 	 -0.3559925018074427 	 -2.6343076222932663e-7 	 0.0003635666252856329 	 1.6109165771882595e-14 	 2.508770028733509e-13 	 -3.4644660635707616e-6 	 1.1959476065712667e-6 	 -3.8057911583116128e-6 	 -3.815996285621172e-6 	 -8.23521381111425e-8 	 -8.228884393156705e-8 	 -1.0688108784702876e-9 	 -1.1889278568141926e-9 	 -2.2881265054217613e-9 	 -2.232421620552589e-9 	 -1.445591180484547e-11 	 -1.5432418602271472e-11 	 -1.562521259602101e-12 	 -1.5289509617699703e-12 	 -1.3417921166977708e-11 	 -1.4129903385985132e-11 	 8.175718888078487e-10 	 8.173817315204435e-10 	 -1.5354829157376847e-13 	 -1.0450570097464418e-13 	 
5.83845683534369 	 -0.34979357709061054 	 -0.3501427778696984 	 -2.6750335407711104e-7 	 0.0003597115392954643 	 1.6682810370094447e-14 	 2.59788708781572e-13 	 -3.513454638774786e-6 	 1.2134260967305391e-6 	 -3.880337896406227e-6 	 -3.890241652319656e-6 	 -8.362639031363926e-8 	 -8.356102431506826e-8 	 -1.1343452877978244e-9 	 -1.258692276005089e-9 	 -2.3658415964539614e-9 	 -2.308248298744777e-9 	 -1.4937697036725427e-11 	 -1.5946670481677834e-11 	 -1.6144252252198177e-12 	 -1.580003131589347e-12 	 -1.3888322645294604e-11 	 -1.4625831444006755e-11 	 8.342799304131265e-10 	 8.340830919399033e-10 	 -1.5899197084667805e-13 	 -1.0820519572352083e-13 	 
5.941350633812743 	 -0.34403586992539825 	 -0.34438103547659726 	 -2.7161561995662835e-7 	 0.00035585892167424584 	 1.727691146646837e-14 	 2.690166413762962e-13 	 -3.5628156128323173e-6 	 1.2310481313974098e-6 	 -3.95258974515613e-6 	 -3.9619098494468156e-6 	 -8.491310021394042e-8 	 -8.484559775123757e-8 	 -1.2027202483987053e-9 	 -1.3314436619605097e-9 	 -2.4460609915470765e-9 	 -2.3865188054243003e-9 	 -1.5434952684288614e-11 	 -1.6477430977221082e-11 	 -1.6679134081826197e-12 	 -1.6326200577460038e-12 	 -1.437496825607787e-11 	 -1.513892809394818e-11 	 8.512917020220057e-10 	 8.510879508838442e-10 	 -1.6462804667216612e-13 	 -1.120350367517231e-13 	 
6.046057776811348 	 -0.3383704789758314 	 -0.33871161840697167 	 -2.7576738511575185e-7 	 0.00035200950455885647 	 1.789220066134023e-14 	 2.7857199583453117e-13 	 -3.612534491432796e-6 	 1.2488161870849178e-6 	 -4.021529743120487e-6 	 -4.0306958640629215e-6 	 -8.621221517201377e-8 	 -8.6142509710362e-8 	 -1.2740400823105525e-9 	 -1.4072927262228418e-9 	 -2.5288554362937443e-9 	 -2.4673021483085834e-9 	 -1.594814633680032e-11 	 -1.7025198797202823e-11 	 -1.7230190685513235e-12 	 -1.6868391483293444e-12 	 -1.487840169669602e-11 	 -1.5669767901880237e-11 	 8.686127813344546e-10 	 8.684018783772051e-10 	 -1.7046327568659425e-13 	 -1.1599978312015758e-13 	 
6.152610221740549 	 -0.3327945159648618 	 -0.3331316401249787 	 -2.799584255715517e-7 	 0.0003481640561721871 	 1.852943563640519e-14 	 2.884663618707428e-13 	 -3.6626011395013722e-6 	 1.2667256600442962e-6 	 -4.087008372176781e-6 	 -4.095781765999063e-6 	 -8.75236670482414e-8 	 -8.745169038139664e-8 	 -1.348415067390345e-9 	 -1.4863549095352725e-9 	 -2.614296961451261e-9 	 -2.5506686603386176e-9 	 -1.6477758284465793e-11 	 -1.7590486194107372e-11 	 -1.7797826761462022e-12 	 -1.7427008083459316e-12 	 -1.539918504578963e-11 	 -1.6218948326797712e-11 	 8.862488894615339e-10 	 8.860305876537744e-10 	 -1.7650465571894537e-13 	 -1.201041485221488e-13 	 
6.2610404892013065 	 -0.3273102809982749 	 -0.32764340240702833 	 -2.841884646356597e-7 	 0.0003443233819093052 	 1.9189401447017308e-14 	 2.987117387462379e-13 	 -3.712996581679448e-6 	 1.2847731072143804e-6 	 -4.148822882663687e-6 	 -4.156520688120806e-6 	 -8.884737160259191e-8 	 -8.877305325527458e-8 	 -1.4259588238780196e-9 	 -1.5687487735215377e-9 	 -2.702458733841695e-9 	 -2.6366898176538812e-9 	 -1.7024281790997063e-11 	 -1.8173819249353364e-11 	 -1.8382438369124455e-12 	 -1.8002430469404863e-12 	 -1.593789572568144e-11 	 -1.6787084380798234e-11 	 9.04205893677208e-10 	 9.039799378221413e-10 	 -1.8275942458123584e-13 	 -1.243530010386351e-13 	 
6.371381672920025 	 -0.3219153544726481 	 -0.3222444868336657 	 -2.884571699090239e-7 	 0.000340488320360678 	 1.9872911319052112e-14 	 3.093205491633277e-13 	 -3.7637110520967815e-6 	 1.302951468385589e-6 	 -4.20584251547251e-6 	 -4.213700879335551e-6 	 -9.018322698651474e-8 	 -9.010649452562973e-8 	 -1.506788413200777e-9 	 -1.654596483860562e-9 	 -2.793415046703318e-9 	 -2.7254381821163422e-9 	 -1.7588223386589828e-11 	 -1.8775738192351385e-11 	 -1.898440658778533e-12 	 -1.8595021364331554e-12 	 -1.6495127695503876e-11 	 -1.7374808918430296e-11 	 9.224898103819834e-10 	 9.222559367711769e-10 	 -1.8923507183132848e-13 	 -1.2875136810808209e-13 	 
6.4836674498489995 	 -0.316608044163094 	 -0.3169332045543575 	 -2.927641504132568e-7 	 0.00033665974099667526 	 2.0580807973125114e-14 	 3.2030565332324955e-13 	 -3.814729542721396e-6 	 1.3212603585454451e-6 	 -4.258932802996647e-6 	 -4.263966791907687e-6 	 -9.153111285552683e-8 	 -9.145189181696111e-8 	 -1.5910251275594512e-9 	 -1.7440262710755405e-9 	 -2.8872413343824823e-9 	 -2.8169873927126155e-9 	 -1.8170103142741077e-11 	 -1.939679768936907e-11 	 -1.960410693501169e-12 	 -1.9205167870273153e-12 	 -1.707149612902359e-11 	 -1.7982774560214022e-11 	 9.411068076834405e-10 	 9.408647437786223e-10 	 -1.9593934249051427e-13 	 -1.3330445058468143e-13 	 
6.597932090444882 	 -0.3113867096075359 	 -0.3117079180175691 	 -2.971089544004981e-7 	 0.00033283853900257897 	 2.1313964185531997e-14 	 3.316803632061327e-13 	 -3.866030149171544e-6 	 1.339694777742913e-6 	 -4.305472500666825e-6 	 -4.307941550686764e-6 	 -9.289089007943772e-8 	 -9.280910400399932e-8 	 -1.6787958392415626e-9 	 -1.8371692560693732e-9 	 -2.984013990578225e-9 	 -2.911412112184708e-9 	 -1.8770455025292344e-11 	 -2.003756711086775e-11 	 -2.0241924778502397e-12 	 -1.983320585642878e-12 	 -1.7667632114304055e-11 	 -1.8611656280138056e-11 	 9.6006320777537e-10 	 9.598126719129674e-10 	 -2.0288024507819635e-13 	 -1.3801762549003892e-13 	 
6.714210469128275 	 -0.3062503594063769 	 -0.30656762217560607 	 -3.014910676728157e-7 	 0.00032902563455367066 	 2.207328404946196e-14 	 3.4345845815075826e-13 	 -3.91759985288259e-6 	 1.3582472968117346e-6 	 -4.350107078919531e-6 	 -4.355553977619369e-6 	 -9.426240061996652e-8 	 -9.417797078659305e-8 	 -1.7702283693018118e-9 	 -1.9341580770540645e-9 	 -3.0838102527726097e-9 	 -3.008787805600459e-9 	 -1.938982705515735e-11 	 -2.069863095349775e-11 	 -2.0898146049957987e-12 	 -2.047940568299933e-12 	 -1.8284180778443683e-11 	 -1.926214304989321e-11 	 9.793654898166925e-10 	 9.791061909212217e-10 	 -2.100660556675349e-13 	 -1.428964507621533e-13 	 
6.832538074927663 	 -0.30119508841298365 	 -0.30150845438660034 	 -3.059099123236476e-7 	 0.00032522196697228794 	 2.2859704859046203e-14 	 3.5565420203692575e-13 	 -3.969417798201286e-6 	 1.3769155300288892e-6 	 -4.3738036490182505e-6 	 -4.3842905113502885e-6 	 -9.56454656619556e-8 	 -9.555831105755289e-8 	 -1.865453791419451e-9 	 -2.035132636063608e-9 	 -3.186708315622724e-9 	 -3.10919075393997e-9 	 -2.0028781773971035e-11 	 -2.1380589013835354e-11 	 -2.1573046159018004e-12 	 -2.1144112484511314e-12 	 -1.8921811966541856e-11 	 -1.9934943537727456e-11 	 9.990202923882042e-10 	 9.98751929714805e-10 	 -2.1750534367481755e-13 	 -1.4794669585649346e-13 	 
6.952951022310933 	 -0.2962180482273787 	 -0.29652755168456885 	 -3.1036484656215135e-7 	 0.0003214284918719403 	 2.3674196925060896e-14 	 3.682823605793972e-13 	 -4.021468202455239e-6 	 1.3956936235302313e-6 	 -4.391572979613507e-6 	 -4.394672534652055e-6 	 -9.703988706208605e-8 	 -9.694992473878983e-8 	 -1.964613164027309e-9 	 -2.1402427018157335e-9 	 -3.2927873980994084e-9 	 -3.212698223640791e-9 	 -2.0687896367497378e-11 	 -2.2084056858561394e-11 	 -2.2267041981438586e-12 	 -2.182781462506389e-12 	 -1.9581226127616813e-11 	 -2.063079861440581e-11 	 1.0190344150924834e-9 	 1.0187566779770308e-9 	 -2.2520699775541165e-13 	 -1.531743177068945e-13 	 
7.075486062207781 	 -0.2913148512593226 	 -0.2916204752717059 	 -3.1485516495457334e-7 	 0.0003176461747014364 	 2.451776605016942e-14 	 3.8135821920332046e-13 	 -4.073726440317049e-6 	 1.4145743916624345e-6 	 -4.401102949724252e-6 	 -4.441203323504954e-6 	 -9.8445446550258e-8 	 -9.835259112554851e-8 	 -2.0678533794679945e-9 	 -2.2496390577328283e-9 	 -3.4021271898706296e-9 	 -3.319388203396967e-9 	 -2.1367763141942262e-11 	 -2.2809666002369318e-11 	 -2.2980585863480173e-12 	 -2.2530893936123507e-12 	 -2.026313693906212e-11 	 -2.1350474223027495e-11 	 1.0394148217922262e-9 	 1.0391273894025498e-9 	 -2.331801931471089e-13 	 -1.585854432178957e-13 	 
7.20018059322636 	 -0.2864839127784096 	 -0.2867856443396824 	 -3.1938009974440123e-7 	 0.0003138759895577955 	 2.539145399438336e-14 	 3.9489760059963076e-13 	 -4.126173240334608e-6 	 1.4335567951836226e-6 	 -4.462189929224992e-6 	 -4.46115755993145e-6 	 -9.986190732176482e-8 	 -9.976607071105193e-8 	 -2.175321015194118e-9 	 -2.3634727581601565e-9 	 -3.5148077131770085e-9 	 -3.429339000220173e-9 	 -2.2068989710138167e-11 	 -2.355806433048918e-11 	 -2.371398978551764e-12 	 -2.3253578445719957e-12 	 -2.0968269145190123e-11 	 -2.2094749455144057e-11 	 1.0601686413757517e-9 	 1.05987118248132e-9 	 -2.4143440871871037e-13 	 -1.6418642586668587e-13 	 
7.327072673067628 	 -0.28171962205161366 	 -0.28201749553646527 	 -3.2393882295484117e-7 	 0.0003101189097844093 	 2.6296340240594686e-14 	 4.0891688291133653e-13 	 -4.1787914002251564e-6 	 1.452628646962892e-6 	 -4.4907709343678385e-6 	 -4.49219647863266e-6 	 -1.0128901234110842e-7 	 -1.0119010445619835e-7 	 -2.287166224059547e-9 	 -2.481905112781142e-9 	 -3.6309095737533248e-9 	 -3.542629260632042e-9 	 -2.2792199326568743e-11 	 -2.432991642546872e-11 	 -2.4467496126329148e-12 	 -2.399618137148285e-12 	 -2.169737795239435e-11 	 -2.2864423623725204e-11 	 1.0813031708768506e-9 	 1.0809953435584109e-9 	 -2.499794633914476e-13 	 -1.6998384519961718e-13 	 
7.456201030140828 	 -0.2770181831332218 	 -0.27731221644602844 	 -3.285304493057376e-7 	 0.000306375909402329 	 2.7233543371529834e-14 	 4.2343301906971886e-13 	 -4.231559305682738e-6 	 1.4717895774715513e-6 	 -4.516458821166599e-6 	 -4.522173762017333e-6 	 -1.0272648783143054e-7 	 -1.0262441603354574e-7 	 -2.403550158447878e-9 	 -2.6051028175751335e-9 	 -3.750513681534846e-9 	 -3.6593381172350092e-9 	 -2.3538031259058496e-11 	 -2.5125903819042394e-11 	 -2.524146143673689e-12 	 -2.4759004376129213e-12 	 -2.2451240216997682e-11 	 -2.3660330845743094e-11 	 1.1028258775367439e-9 	 1.1025073288163778e-9 	 -2.588255089375213e-13 	 -1.7598449828459818e-13 	 
7.587605075383698 	 -0.2723749649989727 	 -0.272665172002974 	 -3.331540402323628e-7 	 0.00030264795031928357 	 2.82042223120893e-14 	 4.384635565288231e-13 	 -4.2844548176951745e-6 	 1.4910297629752252e-6 	 -4.545348247275209e-6 	 -4.550011156599242e-6 	 -1.0417404292654296e-7 	 -1.0406871176701032e-7 	 -2.5246351196927643e-9 	 -2.7332336496667864e-9 	 -3.8737008708390076e-9 	 -3.779544664960692e-9 	 -2.4307141028730647e-11 	 -2.5946725421314917e-11 	 -2.603613386455983e-12 	 -2.554226645237745e-12 	 -2.323064760359095e-11 	 -2.4483321043929362e-11 	 1.1247444006837216e-9 	 1.1244147660459137e-9 	 -2.6798304460617927e-13 	 -1.8219539909380967e-13 	 
7.721324914290984 	 -0.2677864717879701 	 -0.2680728621568625 	 -3.3780860860017283e-7 	 0.0002989359858191579 	 2.920957750035535e-14 	 4.5402665826005386e-13 	 -4.337464615853436e-6 	 1.5103453956775522e-6 	 -4.576666841554295e-6 	 -4.581634486563406e-6 	 -1.0563137195753711e-7 	 -1.0552268375381218e-7 	 -2.650586534049619e-9 	 -2.8664729675790034e-9 	 -4.000552048160469e-9 	 -3.903327864693811e-9 	 -2.5100200763608847e-11 	 -2.6793097797349827e-11 	 -2.685172210058484e-12 	 -2.634622040350032e-12 	 -2.403641885715152e-11 	 -2.5334265358971097e-11 	 1.1470665558032955e-9 	 1.1467254587717113e-9 	 -2.774629334123535e-13 	 -1.886238067633217e-13 	 
7.857401359154923 	 -0.26324759691390875 	 -0.2635301815037396 	 -3.4249312426950026e-7 	 0.00029524094726033354 	 3.025085325902843e-14 	 4.701411243002163e-13 	 -4.390565622269338e-6 	 1.5297315497281465e-6 	 -4.610685111197674e-6 	 -4.616541570707632e-6 	 -1.0709815577499682e-7 	 -1.0698600994482078e-7 	 -2.781578926620618e-9 	 -3.005003999608871e-9 	 -4.131147952364928e-9 	 -4.030766631626941e-9 	 -2.591789951537894e-11 	 -2.7665755526602234e-11 	 -2.7688490763794203e-12 	 -2.7171146734750184e-12 	 -2.486940110397434e-11 	 -2.6214067837800336e-11 	 1.1698003374118128e-9 	 1.1694473892755441e-9 	 -2.872764093225788e-13 	 -1.9527722098733323e-13 	 
7.995875941521473 	 -0.2587547514725744 	 -0.2590335419118356 	 -3.472065203947311e-7 	 0.0002915637484374571 	 3.132933858868148e-14 	 4.868264140947542e-13 	 -4.443741719422077e-6 	 1.5491805988819316e-6 	 -4.647733889438714e-6 	 -4.6545526379767394e-6 	 -1.0857406360190865e-7 	 -1.0845835700857904e-7 	 -2.9177913733748363e-9 	 -3.1490120421724832e-9 	 -4.2655687364850796e-9 	 -4.1619394112049605e-9 	 -2.6760943568268636e-11 	 -2.8565451529141834e-11 	 -2.854665432284187e-12 	 -2.8017217675052607e-12 	 -2.573045894001258e-11 	 -2.7123657287044245e-11 	 1.192953922242852e-9 	 1.1925887218898358e-9 	 -2.974350824708205e-13 	 -2.0216338068368423e-13 	 
8.136790924866046 	 -0.2543043134009034 	 -0.25457932275880063 	 -3.5194770026866635e-7 	 0.0002879052708429478 	 3.2446369364336205e-14 	 5.0410266950629e-13 	 -4.496976991553176e-6 	 1.5686877296085641e-6 	 -4.687610052179816e-6 	 -4.695323954263909e-6 	 -1.1005875549793473e-7 	 -1.0993938219957045e-7 	 -3.0594061119573725e-9 	 -3.2986894858517425e-9 	 -4.403893967315202e-9 	 -4.296923916339921e-9 	 -2.763005676918992e-11 	 -2.949295740667553e-11 	 -2.9426356502182396e-12 	 -2.88846116559105e-12 	 -2.662048341311174e-11 	 -2.806398551118139e-11 	 1.2165356741049793e-9 	 1.2161578077627277e-9 	 -3.079509557324389e-13 	 -2.0929029125760223e-13 	 
8.280189317492631 	 -0.2498927250790435 	 -0.25016396569229277 	 -3.567155446808131e-7 	 0.00028426636983745296 	 3.3603329546438853e-14 	 5.219907373132937e-13 	 -4.550255526224398e-6 	 1.5882481189098192e-6 	 -4.731227612801077e-6 	 -4.739541732131537e-6 	 -1.1155188484199811e-7 	 -1.1142873595740668e-7 	 -3.206613257720061e-9 	 -3.4542337742601957e-9 	 -4.546202238420003e-9 	 -4.435797104442622e-9 	 -2.8525980798828758e-11 	 -3.044906381368749e-11 	 -3.032778211543019e-12 	 -2.977347802634589e-12 	 -2.7540388164273844e-11 	 -2.9036035710469922e-11 	 1.2405541471810277e-9 	 1.2401631881148712e-9 	 -3.1883646003372234e-13 	 -2.166662191582791e-13 	 
8.426114885660258 	 -0.24551728923987556 	 -0.24578477510554791 	 -3.6150891937113115e-7 	 0.00028064786176082673 	 3.480165339520003e-14 	 5.405121923843236e-13 	 -4.603565804830751e-6 	 1.607857831283275e-6 	 -4.777897697911035e-6 	 -4.787059715294415e-6 	 -1.1305309992060046e-7 	 -1.129260639229679e-7 	 -3.359607111302214e-9 	 -3.6158488136347168e-9 	 -4.69257099527681e-9 	 -4.5786347332892685e-9 	 -2.944947559952227e-11 	 -3.14345806853393e-11 	 -3.125106632397845e-12 	 -3.0683942571074764e-12 	 -2.8491112545565024e-11 	 -3.004081515812024e-11 	 1.2650180914607745e-9 	 1.26461359959527e-9 	 -3.3010442321124157e-13 	 -2.2429969047998988e-13 	 
8.574612166940781 	 -0.24117525135753928 	 -0.24143899625038423 	 -3.6632668251579034e-7 	 0.0002770505272701845 	 3.6042827252780183e-14 	 5.596893633888489e-13 	 -4.656892850767242e-6 	 1.6275100905035938e-6 	 -4.828275369852938e-6 	 -4.838235325638961e-6 	 -1.1456204698639567e-7 	 -1.1443100924275143e-7 	 -3.518588752273892e-9 	 -3.783744979068331e-9 	 -4.843076177993737e-9 	 -4.725511167094884e-9 	 -3.040131953511847e-11 	 -3.245033772298615e-11 	 -3.2196310794446736e-12 	 -3.1616063161060694e-12 	 -2.947362090038985e-11 	 -3.107936079118717e-11 	 1.2899364584822325e-9 	 1.289517979854864e-9 	 -3.4176812410025014e-13 	 -2.3219952748065876e-13 	 
8.725726483812073 	 -0.23686493352453375 	 -0.237124952852389 	 -3.7116769202569755e-7 	 0.000273475103444969 	 3.732839128661736e-14 	 5.795453585899502e-13 	 -4.7102278340854455e-6 	 1.6472022894543366e-6 	 -4.881909358119068e-6 	 -4.892631351301529e-6 	 -1.1607837206760508e-7 	 -1.1594321484687953e-7 	 -3.683764142150032e-9 	 -3.958133981245186e-9 	 -4.997791728805296e-9 	 -4.876498993622409e-9 	 -3.138230983742517e-11 	 -3.34971845798128e-11 	 -3.3163527175383846e-12 	 -3.2569719198138893e-12 	 -3.048889311972419e-11 	 -3.215273559526277e-11 	 1.3153184076277613e-9 	 1.3148854738487836e-9 	 -3.5384129443927215e-13 	 -2.4037483453476226e-13 	 
8.879503957490801 	 -0.23258583171555086 	 -0.23284214093913094 	 -3.760308121774294e-7 	 0.0002699222851200465 	 3.865994112978166e-14 	 6.001040933584222e-13 	 -4.763560790149159e-6 	 1.6669300790112999e-6 	 -4.939058170052282e-6 	 -4.950638144367514e-6 	 -1.1760172380501913e-7 	 -1.1746232642580225e-7 	 -3.855340571785639e-9 	 -4.139236613654944e-9 	 -5.156789656935947e-9 	 -5.031668532211313e-9 	 -3.239326284516939e-11 	 -3.457599126444395e-11 	 -3.4152554390837196e-12 	 -3.354487791256133e-12 	 -3.1537943146021376e-11 	 -3.32620212094345e-11 	 1.3411733135848669e-9 	 1.3407254415038139e-9 	 -3.6633809870567635e-13 	 -2.488350093093894e-13 	 
9.035991522008938 	 -0.22833678683573327 	 -0.22858940210011008 	 -3.8091491938671966e-7 	 0.00026639272035409935 	 4.0039130823066316e-14 	 6.213903166493728e-13 	 -4.816881637019562e-6 	 1.686689878192018e-6 	 -4.999785970716587e-6 	 -5.012162991842294e-6 	 -1.191317539256157e-7 	 -1.1898799258874647e-7 	 -4.033537795391844e-9 	 -4.327283929905494e-9 	 -5.3201397056709605e-9 	 -5.191088048393908e-9 	 -3.3435014299176836e-11 	 -3.568764844789539e-11 	 -3.5163399924914574e-12 	 -3.4541577633351307e-12 	 -3.2621819601759694e-11 	 -3.440834306403712e-11 	 1.3675107756990102e-9 	 1.3670474671133047e-9 	 -3.792731769663993e-13 	 -2.57589782058365e-13 	 
9.195236938538413 	 -0.22411853305105797 	 -0.22436747133406862 	 -3.8581890684500165e-7 	 0.0002628870112048086 	 4.146767469154211e-14 	 6.434296408452944e-13 	 -4.870184327302429e-6 	 1.7064784356829742e-6 	 -5.063963428839098e-6 	 -5.077108539369272e-6 	 -1.206681195868856e-7 	 -1.2051986718823755e-7 	 -4.2185806209330676e-9 	 -4.522504796265352e-9 	 -5.487908322448005e-9 	 -5.354823025523041e-9 	 -3.450841966348213e-11 	 -3.6833067777929106e-11 	 -3.619600698941405e-12 	 -3.5559577108817964e-12 	 -3.374158083546019e-11 	 -3.5592855186458714e-11 	 1.3943406247572287e-9 	 1.3938613662208832e-9 	 -3.926616931354543e-13 	 -2.666492099590023e-13 	 
9.357288809968146 	 -0.21993207564411463 	 -0.2201773545468737 	 -3.9074168780173833e-7 	 0.0002594057122687008 	 4.2947348548871836e-14 	 6.662485708780474e-13 	 -4.923464085078145e-6 	 1.726291354386976e-6 	 -5.13153646448075e-6 	 -5.145461759823112e-6 	 -1.2221048478434297e-7 	 -1.2205761114169774e-7 	 -4.410690740233871e-9 	 -4.725135550264756e-9 	 -5.660158725911923e-9 	 -5.522935310965691e-9 	 -3.561435441765313e-11 	 -3.8013182147626085e-11 	 -3.725000568643999e-12 	 -3.659858855591946e-12 	 -3.489831479467381e-11 	 -3.681672239134598e-11 	 1.4216729342774626e-9 	 1.4211771969473207e-9 	 -4.065193262686728e-13 	 -2.7602364095213883e-13 	 
9.522196595738032 	 -0.21577921265797698 	 -0.21602085057435752 	 -3.956821968862721e-7 	 0.00025594933115620917 	 4.4479993525081695e-14 	 6.898745329930734e-13 	 -4.976712036855001e-6 	 1.746126199936656e-6 	 -5.2023795154226464e-6 	 -5.217070647501309e-6 	 -1.2375851988369305e-7 	 -1.2360089122264512e-7 	 -4.61010503719713e-9 	 -4.935424428825037e-9 	 -5.8369506020335925e-9 	 -5.6954835220073455e-9 	 -3.6753714342963455e-11 	 -3.922894603536509e-11 	 -3.832515313961226e-12 	 -3.765837381171089e-12 	 -3.6093146119435815e-11 	 -3.808115826086339e-11 	 1.4495180303501742e-9 	 1.4490052694338563e-9 	 -4.208622777968074e-13 	 -2.8572375237456706e-13 	 
9.690010626934324 	 -0.21166225690180415 	 -0.21190027285655336 	 -4.006393896457024e-7 	 0.00025251833087855255 	 4.606751753233329e-14 	 7.14335907813779e-13 	 -5.029920888031431e-6 	 1.7659811741106274e-6 	 -5.276412602551037e-6 	 -5.291853931601223e-6 	 -1.2531190153989016e-7 	 -1.251493810884061e-7 	 -4.817063091408276e-9 	 -5.153617156057724e-9 	 -6.0183390224197365e-9 	 -5.87252201924426e-9 	 -3.7927415751004974e-11 	 -4.0481335793510207e-11 	 -3.942110693543333e-12 	 -3.8738455387116176e-12 	 -3.7327208405157354e-11 	 -3.938740034410776e-11 	 1.4778865012790333e-9 	 1.4773561553440872e-9 	 -4.357072637339865e-13 	 -2.95760572456838e-13 	 
9.860782121651058 	 -0.20758419712570783 	 -0.20781861089851958 	 -4.05612239950148e-7 	 0.00024911312799354374 	 4.7711897716573584e-14 	 7.396620613964178e-13 	 -5.083086087915758e-6 	 1.7858505351165047e-6 	 -5.35348770048065e-6 	 -5.36962113356302e-6 	 -1.2687031297226427e-7 	 -1.267027601562448e-7 	 -5.0318083495537105e-9 	 -5.379974728277812e-9 	 -6.204374761309657e-9 	 -6.054100435021068e-9 	 -3.913639584069942e-11 	 -4.177134989995196e-11 	 -4.053739040070781e-12 	 -3.983848114078592e-12 	 -3.8601681034389493e-11 	 -4.073671096051529e-11 	 1.5067892132977434e-9 	 1.5062407038647007e-9 	 -4.5107157190527046e-13 	 -3.0614547371632386e-13 	 
10.03456320062219 	 -0.20354857541379806 	 -0.20377940750544046 	 -4.1059973509596034e-7 	 0.00024573410125173427 	 4.9415183423773265e-14 	 7.658833773027673e-13 	 -5.1361976154212434e-6 	 1.8057327826858869e-6 	 -5.433426612286616e-6 	 -5.450217703729302e-6 	 -1.2843344111501168e-7 	 -1.2826071197188399e-7 	 -5.2545950081416316e-9 	 -5.614756912953922e-9 	 -6.3951029298874484e-9 	 -6.2402635113161596e-9 	 -4.038161286662095e-11 	 -4.31000092657801e-11 	 -4.167354428123993e-12 	 -4.095783479459158e-12 	 -3.991775662657848e-11 	 -4.213039334844043e-11 	 1.5362373202898727e-9 	 1.5356700516937182e-9 	 -4.669730333822786e-13 	 -3.168902279737651e-13 	 
10.211406903129243 	 -0.19955891536504688 	 -0.19978618706648946 	 -4.156008687202268e-7 	 0.0002423815862040541 	 5.117949899657859e-14 	 7.930312940984674e-13 	 -5.1892462070483645e-6 	 1.8256232712880342e-6 	 -5.516013657195126e-6 	 -5.5334103377751605e-6 	 -1.300009748484173e-7 	 -1.298229217332485e-7 	 -5.485677662615345e-9 	 -5.8582341465524655e-9 	 -6.590562972541623e-9 	 -6.431050040441146e-9 	 -4.1664046459719065e-11 	 -4.446835750237875e-11 	 -4.282885269109582e-12 	 -4.2095878224424064e-12 	 -4.1276663596107597e-11 	 -4.356977148469693e-11 	 1.5662422788683993e-9 	 1.5656556381818332e-9 	 -4.834300937245351e-13 	 -3.2800700792257053e-13 	 
10.391367203189287 	 -0.19561913078039495 	 -0.1958428641422914 	 -4.206146317244415e-7 	 0.00023905588838630227 	 5.300704582794635e-14 	 8.211383406511729e-13 	 -5.2422208795315915e-6 	 1.8455177362421825e-6 	 -5.601030810332595e-6 	 -5.618970686370993e-6 	 -1.3157260256090807e-7 	 -1.3138907434325715e-7 	 -5.7253192342791694e-9 	 -6.11067771994298e-9 	 -6.790787497421098e-9 	 -6.626492604663969e-9 	 -4.298469784781156e-11 	 -4.587746113904209e-11 	 -4.40025937056332e-12 	 -4.325179435948901e-12 	 -4.267964507865679e-11 	 -4.505620553004075e-11 	 1.5968158612446715e-9 	 1.5962092181375276e-9 	 -5.004618291415408e-13 	 -3.3950832855678124e-13 	 
10.574499026028219 	 -0.19173300279202563 	 -0.19195322070236906 	 -4.2564000120006484e-7 	 0.0002357572776858704 	 5.49001060640153e-14 	 8.502381739974863e-13 	 -5.295106776822854e-6 	 1.8654118559349102e-6 	 -5.6881986153410466e-6 	 -5.7066223583558755e-6 	 -1.331480081181803e-7 	 -1.3295884994680364e-7 	 -5.97379004648225e-9 	 -6.372374269878201e-9 	 -6.995802212326243e-9 	 -6.8266167874952095e-9 	 -4.434459009430847e-11 	 -4.732840995088736e-11 	 -4.519397408930814e-12 	 -4.442477856643201e-12 	 -4.4127985501043466e-11 	 -4.6591087678724555e-11 	 1.6279701690425164e-9 	 1.62734287541626e-9 	 -5.180879381166958e-13 	 -3.5140708710634796e-13 	 
10.760858264844325 	 -0.18790426736613788 	 -0.18812099356107087 	 -4.306759279977214e-7 	 0.000232486001086211 	 5.686104491170463e-14 	 8.80365615082146e-13 	 -5.347886934739828e-6 	 1.885299863681738e-6 	 -5.77724093888281e-6 	 -5.796052651102573e-6 	 -1.3472686761711613e-7 	 -1.3453192078317543e-7 	 -6.231365207460229e-9 	 -6.643602340847554e-9 	 -7.205624327272524e-9 	 -7.031440403704803e-9 	 -4.574476836706462e-11 	 -4.882231709937485e-11 	 -4.640199884938801e-12 	 -4.561361564427435e-12 	 -4.5622969520563715e-11 	 -4.8175835905351625e-11 	 1.6597176462154727e-9 	 1.6590690355473957e-9 	 -5.363287568560527e-13 	 -3.637166083375609e-13 	 
10.950501797867338 	 -0.18413613559656075 	 -0.18434939475477916 	 -4.357213232149276e-7 	 0.00022924228074169172 	 5.889231435074471e-14 	 9.115566873271753e-13 	 -5.400541248082308e-6 	 1.9051749583348942e-6 	 -5.86779739268401e-6 	 -5.8869160513175995e-6 	 -1.3630884432390473e-7 	 -1.3610794634261978e-7 	 -6.498320057670774e-9 	 -6.924661691267833e-9 	 -7.420263009092505e-9 	 -7.240972570808477e-9 	 -4.71863001412174e-11 	 -5.0360319472936565e-11 	 -4.762541957686328e-12 	 -4.681728583847966e-12 	 -4.7165938012885824e-11 	 -4.981188878027565e-11 	 1.6920710951414187e-9 	 1.6914004820123551e-9 	 -5.552052982071842e-13 	 -3.764506380898869e-13 	 
11.14348750571807 	 -0.18043127021784672 	 -0.1806410879823186 	 -4.4077504439982547e-7 	 0.00022602632259816324 	 6.099645607021698e-14 	 9.43848659401836e-13 	 -5.453045427063124e-6 	 1.925031246207308e-6 	 -5.959510592444114e-6 	 -5.9788312953695935e-6 	 -1.378935851616515e-7 	 -1.3768656963032513e-7 	 -6.774947788897041e-9 	 -7.215851123548766e-9 	 -7.639717626410461e-9 	 -7.455213784915316e-9 	 -4.867027538421331e-11 	 -5.194357789632974e-11 	 -4.886315659061169e-12 	 -4.803451238120648e-12 	 -4.875824495048919e-11 	 -5.1500739764236966e-11 	 1.7250436891767063e-9 	 1.7243503693233331e-9 	 -5.747392781474403e-13 	 -3.8962333521463943e-13 	 
11.33987428907403 	 -0.17679168919707194 	 -0.17699809223469443 	 -4.4583588215064425e-7 	 0.00022283831865590046 	 6.317610463435486e-14 	 9.772800863608322e-13 	 -5.50537339113811e-6 	 1.9448597802337472e-6 	 -6.051979638193462e-6 	 -6.071385901641322e-6 	 -1.394807159973567e-7 	 -1.392674125964234e-7 	 -7.06153729933936e-9 	 -7.517472977887056e-9 	 -7.863977039335533e-9 	 -7.674154066000591e-9 	 -5.0197806899078265e-11 	 -5.357327730953772e-11 	 -5.0113732502843346e-12 	 -4.9263710366992394e-12 	 -5.04012619172986e-11 	 -5.324389336032076e-11 	 1.7586489871102184e-9 	 1.7579322373771956e-9 	 -5.949530504384404e-13 	 -4.0324932810364975e-13 	 
11.539722086646336 	 -0.17321860910165346 	 -0.17342162522790305 	 -4.5090254778216655e-7 	 0.00021967845184957244 	 6.543399134473215e-14 	 1.0118908487610766e-12 	 -5.557495115321087e-6 	 1.964652377779691e-6 	 -6.144746346838789e-6 	 -6.164095801297884e-6 	 -1.4106983825651924e-7 	 -1.4085007247944817e-7 	 -7.358385511612226e-9 	 -7.829836080257398e-9 	 -8.093018921622238e-9 	 -7.897772576724895e-9 	 -5.177003042143601e-11 	 -5.525062707052358e-11 	 -5.137548786078305e-12 	 -5.0503128092177495e-12 	 -5.209638516601334e-11 	 -5.504288597040052e-11 	 1.7929009459831534e-9 	 1.7921600238285019e-9 	 -6.158697559272009e-13 	 -4.1734372723423174e-13 	 
11.743091893473444 	 -0.16971218332922064 	 -0.16991184209527843 	 -4.559736631237763e-7 	 0.0002165468999748709 	 6.777294738385953e-14 	 1.0477222032781452e-12 	 -5.609377689337323e-6 	 1.9843992605994116e-6 	 -6.237060341664005e-6 	 -6.256178301101446e-6 	 -1.4266052513431249e-7 	 -1.4243411869033338e-7 	 -7.665793651744757e-9 	 -8.153258396571684e-9 	 -8.326808943265415e-9 	 -8.126036632780984e-9 	 -5.338810492656311e-11 	 -5.6976861164360346e-11 	 -5.264658349924401e-12 	 -5.1750967677915986e-12 	 -5.38450421352285e-11 	 -5.6899281636550724e-11 	 1.8278139332677057e-9 	 1.8270480760254593e-9 	 -6.375133447816816e-13 	 -4.3192206247044674e-13 	 
11.950045779537328 	 -0.16627174964828173 	 -0.16646808108262603 	 -4.6104775302143636e-7 	 0.00021344383810469527 	 7.019590843704292e-14 	 1.0848168284105509e-12 	 -5.6609864166330796e-6 	 2.0040909673398054e-6 	 -6.328763214849994e-6 	 -6.347516697173126e-6 	 -1.4425231989057137e-7 	 -1.4401909001316882e-7 	 -7.984070956935465e-9 	 -8.488063598900872e-9 	 -8.565299714654663e-9 	 -8.358901018243267e-9 	 -5.505321280479501e-11 	 -5.875323838881272e-11 	 -5.392516946610137e-12 	 -5.300527085488893e-12 	 -5.564868371674886e-11 	 -5.881467941231705e-11 	 1.8634027417204457e-9 	 1.8626111664633172e-9 	 -6.599084884512107e-13 	 -4.4700029438793365e-13 	 
12.160646908707667 	 -0.1628955559406238 	 -0.16308859178449242 	 -4.6612324147758486e-7 	 0.00021036944190785652 	 7.270591766833645e-14 	 1.1232188694293432e-12 	 -5.712285582911575e-6 	 2.023716099596738e-6 	 -6.419118942889267e-6 	 -6.437336292384498e-6 	 -1.4584473402313534e-7 	 -1.4560449389227785e-7 	 -8.313538076375319e-9 	 -8.834579481372966e-9 	 -8.808429661426382e-9 	 -8.596307039231909e-9 	 -5.676656007467855e-11 	 -6.058104262383034e-11 	 -5.52092391382486e-12 	 -5.42637508702315e-12 	 -5.7508780401615e-11 	 -6.07907173540817e-11 	 1.899682598526651e-9 	 1.8988645021248686e-9 	 -6.830806357760455e-13 	 -4.625948608893982e-13 	 
12.374959558019944 	 -0.1595810461413559 	 -0.15977081969161858 	 -4.711984519058747e-7 	 0.00020732388919645443 	 7.530613036821344e-14 	 1.1629739843960208e-12 	 -5.763238002601686e-6 	 2.043263978044434e-6 	 -6.507456428219728e-6 	 -6.524959136092913e-6 	 -1.4743724790576565e-7 	 -1.471898063851212e-7 	 -8.654502901534151e-9 	 -9.193130260920732e-9 	 -9.056121604026402e-9 	 -8.838180598858773e-9 	 -5.852937659223206e-11 	 -6.246158299188051e-11 	 -5.649614374117485e-12 	 -5.552363887659783e-12 	 -5.942680582412013e-11 	 -6.282902636752518e-11 	 1.9366691763168697e-9 	 1.935823734948112e-9 	 -7.070560524807812e-13 	 -4.787227733282773e-13 	 
12.59304913729327 	 -0.1563248541087749 	 -0.1565114001572679 	 -4.7627161201729465e-7 	 0.00020430736033075474 	 7.799981766920538e-14 	 1.2041293928610752e-12 	 -5.813808338043582e-6 	 2.0627239867735356e-6 	 -6.593148640879948e-6 	 -6.6097247992413615e-6 	 -1.4902931199897522e-7 	 -1.4877447357820102e-7 	 -9.007287772720983e-9 	 -9.564053157088086e-9 	 -9.308282808427606e-9 	 -9.08443224495338e-9 	 -6.034291625858474e-11 	 -6.439619410253699e-11 	 -5.778316843401687e-12 	 -5.678228739781632e-12 	 -6.14042760797806e-11 	 -6.493128076099225e-11 	 1.9743786072568525e-9 	 1.9735049758755887e-9 	 -7.318618536972243e-13 	 -4.954015448904725e-13 	 
12.814982209093962 	 -0.15312305251558692 	 -0.1533064082319624 	 -4.813408632149396e-7 	 0.00020132003964311554 	 8.079037143948753e-14 	 1.2467339276200917e-12 	 -5.863960286630209e-6 	 2.0820857531052653e-6 	 -6.675131801581151e-6 	 -6.6905321031767764e-6 	 -1.5062034992628696e-7 	 -1.5035791467272517e-7 	 -9.372218543874293e-9 	 -9.947686546880465e-9 	 -9.564803245930378e-9 	 -9.334955832236335e-9 	 -6.22084571854526e-11 	 -6.638623622669641e-11 	 -5.906744808395481e-12 	 -5.803672649737912e-12 	 -6.344272271082446e-11 	 -6.709918275243116e-11 	 2.012827489088518e-9 	 2.0119248016836046e-9 	 -7.575260119574434e-13 	 -5.126492096180213e-13 	 
13.040826509050902 	 -0.14997133706387047 	 -0.15015154005684736 	 -4.864042745882083e-7 	 0.0001983621132168229 	 8.368130861413636e-14 	 1.2908380893009163e-12 	 -5.913663706738143e-6 	 2.1013383667316655e-6 	 -6.753280931459504e-6 	 -6.767275022825436e-6 	 -1.5220976259537352e-7 	 -1.519395260862673e-7 	 -9.749619658764424e-9 	 -1.0344372511897237e-8 	 -9.825554530778807e-9 	 -9.58962725708024e-9 	 -6.412730191805514e-11 	 -6.843309547176518e-11 	 -6.034577560303233e-12 	 -5.928367246812449e-12 	 -6.55436949339086e-11 	 -6.933445496353663e-11 	 2.05203289914746e-9 	 2.0511002691085167e-9 	 -7.840774098144543e-13 	 -5.304843350784072e-13 	 
13.270650966529 	 -0.1468652439755362 	 -0.1470423343942958 	 -4.914598606587361e-7 	 0.0001954337696599021 	 8.667627576980364e-14 	 1.336494101346064e-12 	 -5.962888252626513e-6 	 2.1204723752212388e-6 	 -6.826474477755432e-6 	 -6.8387470180716085e-6 	 -1.5379693409759697e-7 	 -1.5351868742719987e-7 	 -1.0139824240608828e-8 	 -1.0754451833549865e-8 	 -1.009038898509731e-8 	 -9.848303845327493e-9 	 -6.610077754138653e-11 	 -7.053818395500594e-11 	 -6.161477177688557e-12 	 -6.0519644336687326e-12 	 -6.770875595381504e-11 	 -7.163885450969964e-11 	 2.0920123994277606e-9 	 2.0910489194318194e-9 	 -8.115458652152574e-13 	 -5.489260209712298e-13 	 
13.504525725666925 	 -0.14380066353664436 	 -0.14397468300744307 	 -4.965056020952731e-7 	 0.00019253519551352402 	 8.977905457008273e-14 	 1.3837559643037344e-12 	 -6.011609323452804e-6 	 2.1394792912811675e-6 	 -6.893729402223302e-6 	 -6.904659672979308e-6 	 -1.5538123793063504e-7 	 -1.550947675106795e-7 	 -1.0543157529049853e-8 	 -1.1178271165358283e-8 	 -1.0359138848165346e-8 	 -1.011082281971075e-8 	 -6.813023584960269e-11 	 -7.270293994726139e-11 	 -6.287076206895614e-12 	 -6.174091561552686e-12 	 -6.993949549181144e-11 	 -7.401414666756368e-11 	 2.13278405093539e-9 	 2.131788793179008e-9 	 -8.399621560006842e-13 	 -5.679939184666249e-13 	 
13.742522166785617 	 -0.1407738190809318 	 -0.14094481140100057 	 -5.015394679717464e-7 	 0.00018966657626182044 	 9.299356636377487e-14 	 1.432679522031799e-12 	 -6.059806561376318e-6 	 2.1583510897538927e-6 	 -6.955098153080753e-6 	 -6.962990413483583e-6 	 -1.5696204396359235e-7 	 -1.5666713148465675e-7 	 -1.0959951809669715e-8 	 -1.1616167033111803e-8 	 -1.0631614363517965e-8 	 -1.0377000860191777e-8 	 -7.021705343267243e-11 	 -7.492882796547771e-11 	 -6.4109852922056286e-12 	 -6.294300199986003e-12 	 -7.223748904467448e-11 	 -7.646213672755558e-11 	 2.174366419854499e-9 	 2.1733384368794172e-9 	 -8.693580031604586e-13 	 -5.877082050104176e-13 	 
13.984712928174115 	 -0.1377817583889191 	 -0.13794976990736407 	 -5.065594380269027e-7 	 0.0001868280902216812 	 9.632387744790139e-14 	 1.4833225101376635e-12 	 -6.10746413162555e-6 	 2.1770804185560947e-6 	 -7.007989668537313e-6 	 -7.013968303237585e-6 	 -1.5853872552251914e-7 	 -1.5823514807592774e-7 	 -1.1390528336164731e-8 	 -1.2068470105648625e-8 	 -1.0907603164211794e-8 	 -1.0646632152881618e-8 	 -7.236263181736092e-11 	 -7.721733882265915e-11 	 -6.532743259689555e-12 	 -6.4120952519081124e-12 	 -7.460430949931457e-11 	 -7.898462279613438e-11 	 2.2167785910666726e-9 	 2.2157169149509137e-9 	 -8.997660662313222e-13 	 -6.080896738430708e-13 	 
14.231171928259263 	 -0.13482247087920013 	 -0.1349875635179708 	 -5.115635230270927e-7 	 0.00018401990921666366 	 9.977420501489087e-14 	 1.5357446167540977e-12 	 -6.154569633863101e-6 	 2.19566230817871e-6 	 -7.047104031234047e-6 	 -7.0475027290915125e-6 	 -1.601106655928015e-7 	 -1.597981954380208e-7 	 -1.1835210428480974e-8 	 -1.2535523745322479e-8 	 -1.1186870619950876e-8 	 -1.0919487994987289e-8 	 -7.456839741972913e-11 	 -7.956998972362524e-11 	 -6.651859032586471e-12 	 -6.527013726287944e-12 	 -7.704158719492288e-11 	 -8.158341848855638e-11 	 2.2600401815973693e-9 	 2.258943822916457e-9 	 -9.31220046961334e-13 	 -6.291597818591787e-13 	 
14.481974388166215 	 -0.13189517925430058 	 -0.1320573628065915 	 -5.165497814226647e-7 	 0.0001812421933136911 	 1.0334892263402784e-13 	 1.5900075525041025e-12 	 -6.201114407773384e-6 	 2.2140909244781215e-6 	 -7.0908540005066605e-6 	 -7.0974756352485864e-6 	 -1.6167726226400802e-7 	 -1.6135566673810018e-7 	 -1.2294312208003787e-8 	 -1.3017655169727114e-8 	 -1.1469157356822527e-8 	 -1.1195316130135735e-8 	 -7.68358016330057e-11 	 -8.198832421127455e-11 	 -6.7678144306893e-12 	 -6.638527487001222e-12 	 -7.955094125870171e-11 	 -8.426035647481011e-11 	 2.304171348723365e-9 	 2.303039297675302e-9 	 -9.63754770426095e-13 	 -6.509405438093197e-13 	 
14.73719685467645 	 -0.12900015695093892 	 -0.12915945325362505 	 -5.215163304716503e-7 	 0.00017849509097754256 	 1.0705256664605978e-13 	 1.646175110983361e-12 	 -6.247092005139309e-6 	 2.2323621113245236e-6 	 -7.143160448475767e-6 	 -7.148076242523806e-6 	 -1.6323793171274332e-7 	 -1.6290697335066126e-7 	 -1.2768147344386503e-8 	 -1.3515186495713322e-8 	 -1.1754178647583506e-8 	 -1.1473840130429177e-8 	 -7.916632073152977e-11 	 -8.44739121551117e-11 	 -6.880071302606816e-12 	 -6.746058594805926e-12 	 -8.213398961842644e-11 	 -8.701730487007897e-11 	 2.3491928071745828e-9 	 2.3480240353011837e-9 	 -9.974060339174028e-13 	 -6.73454585634059e-13 	 
14.996917223590433 	 -0.1261388731311218 	 -0.12629532230493476 	 -5.264613504387018e-7 	 0.0001757787361877585 	 1.1088984124163481e-13 	 1.7043132358957047e-12 	 -6.292496895169227e-6 	 2.2504713938435806e-6 	 -7.189711119359949e-6 	 -7.195470978641513e-6 	 -1.6479211014987783e-7 	 -1.6445154652998424e-7 	 -1.3257017398968411e-8 	 -1.4028425526551445e-8 	 -1.2041623789407954e-8 	 -1.1754757765527692e-8 	 -8.156145585515772e-11 	 -8.702834963046663e-11 	 -6.988040920427596e-12 	 -6.8489901025509115e-12 	 -8.479234601481533e-11 	 -8.985612583199604e-11 	 2.395125846376751e-9 	 2.3939193058727604e-9 	 -1.0322108501459315e-12 	 -6.96725163774059e-13 	 
15.261214763501995 	 -0.12331385895555041 	 -0.12346748851163629 	 -5.313830807376873e-7 	 0.00017309324439701562 	 1.1486562626367158e-13 	 1.7644900866606305e-12 	 -6.337321766720018e-6 	 2.2684149172150104e-6 	 -7.237933291421873e-6 	 -7.244964025203477e-6 	 -1.663392521018615e-7 	 -1.6598883576670217e-7 	 -1.3761211676123377e-8 	 -1.4557677719829609e-8 	 -1.233115605946848e-8 	 -1.2037740524811582e-8 	 -8.402273287886897e-11 	 -8.965325879892988e-11 	 -7.091081589952752e-12 	 -6.94667345173483e-12 	 -8.752764790518258e-11 	 -9.277868391246391e-11 	 2.4419923296804357e-9 	 2.4407469531534252e-9 	 -1.0682073339751686e-12 	 -7.207762094940673e-13 	 
15.530170139991698 	 -0.12052834410385806 	 -0.12067917830500584 	 -5.362798079701183e-7 	 0.00017043872787075496 	 1.1898498217310927e-13 	 1.8267761128629156e-12 	 -6.381557494707445e-6 	 2.286186979689356e-6 	 -7.28994452519177e-6 	 -7.297804851694798e-6 	 -1.6787882693067117e-7 	 -1.6751830543867797e-7 	 -1.4281006356311181e-8 	 -1.510322158766126e-8 	 -1.26224110739384e-8 	 -1.2322433366470679e-8 	 -8.655170226713693e-11 	 -9.235028776687908e-11 	 -7.1885087810569235e-12 	 -7.038378561911029e-12 	 -9.034149598041163e-11 	 -9.578686030368766e-11 	 2.4898147376398595e-9 	 2.4885294402715364e-9 	 -1.105434695452545e-12 	 -7.456322678567329e-13 	 
15.803865440246554 	 -0.11778600072752098 	 -0.11793406431289928 	 -5.411498462689668e-7 	 0.00016781527202710462 	 1.2325315745242981e-13 	 1.8912441197235783e-12 	 -6.425189921421384e-6 	 2.3037825250627214e-6 	 -7.345068461643293e-6 	 -7.354290970662552e-6 	 -1.6941031257344165e-7 	 -1.690394283873904e-7 	 -1.481666193297654e-8 	 -1.5665332308204024e-8 	 -1.2914997756505011e-8 	 -1.2608454120369937e-8 	 -8.914993892469087e-11 	 -9.512111037790268e-11 	 -7.279598913915164e-12 	 -7.123369815194569e-12 	 -9.323551363753208e-11 	 -9.888253401726831e-11 	 2.538616155225606e-9 	 2.5372898359370933e-9 	 -1.1439333199142477e-12 	 -7.713185808055911e-13 	 
16.08238419811368 	 -0.1150905427795397 	 -0.11523585937878654 	 -5.459915114712882e-7 	 0.00016522294409232802 	 1.2767559532333993e-13 	 1.9579693420551657e-12 	 -6.468199481031395e-6 	 2.3211941497928455e-6 	 -7.404082689994097e-6 	 -7.414836827932138e-6 	 -1.7093318752393316e-7 	 -1.7055167800277885e-7 	 -1.5368421962884698e-8 	 -1.624425301122139e-8 	 -1.320849730189213e-8 	 -1.289539347816512e-8 	 -9.181904199647581e-11 	 -9.796742601534181e-11 	 -7.363579687330591e-12 	 -7.200831829767273e-12 	 -9.621129638022252e-11 	 -1.0206758620883771e-10 	 2.5884203069764e-9 	 2.5870518487278726e-9 	 -1.1837448237783654e-12 	 -7.978610835435163e-13 	 
16.365811419595428 	 -0.11244527112729057 	 -0.11258786532513343 	 -5.508030915732988e-7 	 0.00016266182049853132 	 1.3225793860371925e-13 	 2.027029522723156e-12 	 -6.510560476339124e-6 	 2.338413309456735e-6 	 -7.467040980529973e-6 	 -7.478530402604182e-6 	 -1.7244692165127134e-7 	 -1.7205451899587203e-7 	 -1.593650538254625e-8 	 -1.6840214184357815e-8 	 -1.350246371922399e-8 	 -1.318281518452527e-8 	 -9.456063470835587e-11 	 -1.0089095936910854e-10 	 -7.43962151568467e-12 	 -7.269915745340416e-12 	 -9.92704416786e-11 	 -1.0534389657103682e-10 	 2.639251564020406e-9 	 2.6378398345285437e-9 	 -1.2249121247642768e-12 	 -8.252864226587775e-13 	 
16.65423360879386 	 -0.10985269564933077 	 -0.10999259270421063 	 -5.555828164369721e-7 	 0.0001601319525032781 	 1.3700604013316964e-13 	 2.098504987494143e-12 	 -6.552240933472051e-6 	 2.3554299401578096e-6 	 -7.5330880780269535e-6 	 -7.545629856997968e-6 	 -1.7395096661556423e-7 	 -1.735473978405008e-7 	 -1.6521115455441658e-8 	 -1.7453412305241862e-8 	 -1.379642405452488e-8 	 -1.3470256256038677e-8 	 -9.737636413922251e-11 	 -1.0389346020512003e-10 	 -7.506873211472476e-12 	 -7.329711964186857e-12 	 -1.0241451930650542e-10 	 -1.0871335362625995e-10 	 2.6911349608164547e-9 	 2.689678813132952e-9 	 -1.2674794416089874e-12 	 -8.536218649013438e-13 	 
16.947738794312446 	 -0.1073142020142622 	 -0.10745142743965479 	 -5.60328830532022e-7 	 0.00015763339219456154 	 1.419259700152775e-13 	 2.1724787287144555e-12 	 -6.5932022854360834e-6 	 2.3722329072418812e-6 	 -7.6023496064910764e-6 	 -7.615837767876892e-6 	 -1.7544474749697514e-7 	 -1.7502973439008727e-7 	 -1.7122413991402218e-8 	 -1.8084016199781754e-8 	 -1.4089879383514905e-8 	 -1.3757226996054613e-8 	 -1.0026790104516216e-10 	 -1.0697670317678134e-10 	 -7.564386937321531e-12 	 -7.379249169209846e-12 	 -1.0564509009317408e-10 	 -1.121778085850117e-10 	 2.7440962120157365e-9 	 2.74259448580203e-9 	 -1.3114923743040574e-12 	 -8.828954482348328e-13 	 
17.246416556123023 	 -0.10482981623710994 	 -0.10496439642364806 	 -5.650391722568494e-7 	 0.00015516618490048247 	 1.4702402299116014e-13 	 2.24903648395669e-12 	 -6.633402253781139e-6 	 2.3888093229755757e-6 	 -7.674465389806468e-6 	 -7.688715874896376e-6 	 -1.7692765621131855e-7 	 -1.765009152502711e-7 	 -1.7740534709762292e-8 	 -1.8732158519880642e-8 	 -1.4382306833374097e-8 	 -1.4043213029250472e-8 	 -1.0323693965856209e-10 	 -1.1014248753728633e-10 	 -7.611162682929496e-12 	 -7.417538482595853e-12 	 -1.089636994880086e-10 	 -1.157391113470163e-10 	 2.798161713110696e-9 	 2.7966132367398313e-9 	 -1.356997692550377e-12 	 -9.131359990965926e-13 	 
17.550358052906326 	 -0.102398142774709 	 -0.10253010513258634 	 -5.697117632953351e-7 	 0.00015273037706091546 	 1.5230672808869138e-13 	 2.32826682041859e-12 	 -6.672796356831599e-6 	 2.405146013909056e-6 	 -7.748976431644233e-6 	 -7.76378566523745e-6 	 -1.7839904819712685e-7 	 -1.7796029058629215e-7 	 -1.837557674881294e-8 	 -1.939794016526381e-8 	 -1.4673161782363238e-8 	 -1.4327677273617763e-8 	 -1.0628519750224254e-10 	 -1.133926370069957e-10 	 -7.646199689675393e-12 	 -7.443549605260501e-12 	 -1.1237189081185151e-10 	 -1.1939911320393514e-10 	 2.853358565670936e-9 	 2.851762158191433e-9 	 -1.4040435997075828e-12 	 -9.443730648361904e-13 	 
17.859656049874243 	 -0.10001648865031028 	 -0.10014586174182388 	 -5.743444103536446e-7 	 0.0001503260142863554 	 1.577808555944249e-13 	 2.4102612167883896e-12 	 -6.711340711587098e-6 	 2.4212297758622655e-6 	 -7.82534872379902e-6 	 -7.840509972870485e-6 	 -1.798582430871767e-7 	 -1.7940717468845378e-7 	 -1.9027595348731978e-8 	 -2.008139895112066e-8 	 -1.4961879289440442e-8 	 -1.461006223248682e-8 	 -1.0941441518451035e-10 	 -1.1672899943317473e-10 	 -7.668424333965307e-12 	 -7.456123371631373e-12 	 -1.158711347389349e-10 	 -1.231596577877317e-10 	 2.9097145694276437e-9 	 2.908069043231891e-9 	 -1.4526797280028925e-12 	 -9.766369429992094e-13 	 
18.174404947082486 	 -0.09768112230074016 	 -0.0978079359535247 	 -5.789348203181036e-7 	 0.00014795314413745586 	 1.634534290045897e-13 	 2.4951141515325292e-12 	 -6.7489945449645696e-6 	 2.437047705816831e-6 	 -7.903019329451751e-6 	 -7.918266751220433e-6 	 -1.813045292682891e-7 	 -1.808408505565035e-7 	 -1.9696593161935868e-8 	 -2.078253733604381e-8 	 -1.5247879453866256e-8 	 -1.4889793229565207e-8 	 -1.1262635622250363e-10 	 -1.201534466416692e-10 	 -7.676702270684177e-12 	 -7.454120147755149e-12 	 -1.1946290989768766e-10 	 -1.2702255983458282e-10 	 2.9672582425119833e-9 	 2.9655624049389707e-9 	 -1.5029572477553987e-12 	 -1.009958482868223e-12 	 
18.49470080824217 	 -0.09538772151368033 	 -0.09551200691569288 	 -5.834806281177942e-7 	 0.00014561181615218105 	 1.6933173459299232e-13 	 2.5829231891050243e-12 	 -6.785723308064466e-6 	 2.4525885663660053e-6 	 -7.981350753006162e-6 	 -7.996411210139796e-6 	 -1.8273717269598918e-7 	 -1.8226057870042666e-7 	 -2.0382522617709852e-8 	 -2.150128627664529e-8 	 -1.5530571838876027e-8 	 -1.516628261414355e-8 	 -1.1592280668508793e-10 	 -1.236678740872324e-10 	 -7.669870915386068e-12 	 -7.436333786041139e-12 	 -1.2314866210468152e-10 	 -1.3098961910873258e-10 	 3.0260188108999044e-9 	 3.024271465838719e-9 	 -1.5549287924349064e-12 	 -1.0443693795469944e-12 	 
18.8206413900392 	 -0.09313190425936434 	 -0.09325369408354264 	 -5.879794345933862e-7 	 0.00014330208034078135 	 1.754233284376183e-13 	 2.6737890781142194e-12 	 -6.821500215726798e-6 	 2.4678422039344575e-6 	 -8.05966526998788e-6 	 -8.074208151826288e-6 	 -1.8415542872536406e-7 	 -1.8366560907023754e-7 	 -2.10852535810716e-8 	 -2.223750015173069e-8 	 -1.580936042481479e-8 	 -1.5438935089763098e-8 	 -1.1930557505307326e-10 	 -1.2727420052476636e-10 	 -7.6466781931539e-12 	 -7.401472759595018e-12 	 -1.2692978170576603e-10 	 -1.3506260242943212e-10 	 3.086026216579887e-9 	 3.0842261691150387e-9 	 -1.608648470061702e-12 	 -1.0799022180651984e-12 	 
19.15232617197028 	 -0.09090980861685205 	 -0.09102913714126704 	 -5.924288497397727e-7 	 0.00014102398718160984 	 1.8173604986099211e-13 	 2.7678158329139114e-12 	 -6.856307408664967e-6 	 2.4828009460269136e-6 	 -8.13720898786224e-6 	 -8.150872868974296e-6 	 -1.8555855542370608e-7 	 -1.85055194264702e-7 	 -2.180460269605941e-8 	 -2.299097753016758e-8 	 -1.6083293890726255e-8 	 -1.5707154697235666e-8 	 -1.2277649167109544e-10 	 -1.3097436754991787e-10 	 -7.605890071890609e-12 	 -7.348291603511692e-12 	 -1.308076726469598e-10 	 -1.3924328663480146e-10 	 3.1473111214204507e-9 	 3.145457179969422e-9 	 -1.6641720344967581e-12 	 -1.116590277938645e-12 	 
19.489856386704883 	 -0.0887186287665347 	 -0.08883553245866774 	 -5.968265354901925e-7 	 0.0001387775846985986 	 1.8827803214604977e-13 	 2.865110842207308e-12 	 -6.890135606678671e-6 	 2.4974590726610952e-6 	 -8.213132308743598e-6 	 -8.225122564017268e-6 	 -1.8694582723217138e-7 	 -1.8642860324659268e-7 	 -2.2540295038404424e-8 	 -2.3761397947638353e-8 	 -1.635238915233356e-8 	 -1.596994238567697e-8 	 -1.2633740840529263e-10 	 -1.347703391711752e-10 	 -7.546219903561413e-12 	 -7.275410647401559e-12 	 -1.347836660604562e-10 	 -1.4353340443158918e-10 	 3.2099048946962095e-9 	 3.2079958733409652e-9 	 -1.721556756715259e-12 	 -1.1544676911262597e-12 	 
19.83333505098216 	 -0.08655699110236152 	 -0.08667150807965827 	 -6.011702412419657e-7 	 0.0001365629171878558 	 1.9505771538752548e-13 	 2.9657849487002565e-12 	 -6.922982548911039e-6 	 2.5118122410760704e-6 	 -8.286069680339835e-6 	 -8.296720269657185e-6 	 -1.8831654578374711e-7 	 -1.8778513216174815e-7 	 -2.3291940615255022e-8 	 -2.4548344629435162e-8 	 -1.6615820641910714e-8 	 -1.6227412838930428e-8 	 -1.299901979929774e-10 	 -1.3866410103980305e-10 	 -7.466271899217448e-12 	 -7.181442443328634e-12 	 -1.3885906852892648e-10 	 -1.4793464918344657e-10 	 3.2738396271216573e-9 	 3.271874349484918e-9 	 -1.7808614502096143e-12 	 -1.1935694320591717e-12 	 
20.182866997052432 	 -0.08442514509872727 	 -0.08453731496168292 	 -6.054578259903457e-7 	 0.00013438002254347948 	 2.0208385753006653e-13 	 3.069952575144308e-12 	 -6.95484941859213e-6 	 2.525857088176061e-6 	 -8.355879842466654e-6 	 -8.36436345350207e-6 	 -1.89670046973618e-7 	 -1.8912411145297342e-7 	 -2.4059060469057716e-8 	 -2.5351297986132372e-8 	 -1.6873063764427292e-8 	 -1.647871622567785e-8 	 -1.3373675347843907e-10 	 -1.4265765986106356e-10 	 -7.364715657636744e-12 	 -7.065038032920689e-12 	 -1.4303518433622097e-10 	 -1.5244872856446434e-10 	 3.3391481230588216e-9 	 3.337125427369596e-9 	 -1.8421466737367222e-12 	 -1.2339313219761338e-12 	 
20.53855890467278 	 -0.08232487598156285 	 -0.08243474108601764 	 -6.096872622147822e-7 	 0.00013222893161977375 	 2.0936554647271731e-13 	 3.1777317909340018e-12 	 -6.985737601627677e-6 	 2.53959101124709e-6 	 -8.421152569104053e-6 	 -8.426739472209647e-6 	 -1.9100570205627392e-7 	 -1.9044490689014056e-7 	 -2.484104850421966e-8 	 -2.6169584431826554e-8 	 -1.7123644292653057e-8 	 -1.6723349866187802e-8 	 -1.375789873384152e-10 	 -1.46753042450136e-10 	 -7.240187737747039e-12 	 -6.924739775300282e-12 	 -1.47313242072305e-10 	 -1.5707733152401675e-10 	 3.405863878084334e-9 	 3.4037826196687647e-9 	 -1.9054746660113197e-12 	 -1.275590004718441e-12 	 
20.900519333666473 	 -0.08025916849119269 	 -0.08036677264787823 	 -6.138566196846286e-7 	 0.0001301096657548426 	 2.1691221107900117e-13 	 3.2892444282184297e-12 	 -7.0156441768996095e-6 	 2.5530099180194357e-6 	 -8.480853959626305e-6 	 -8.483453110273197e-6 	 -1.9232291267101401e-7 	 -1.9174691468109317e-7 	 -2.5637145348518615e-8 	 -2.7002403297656644e-8 	 -1.7367155411179603e-8 	 -1.6960869217380355e-8 	 -1.41518830818375e-10 	 -1.5095229493826898e-10 	 -7.091248280680084e-12 	 -6.759191622799921e-12 	 -1.5169450558302738e-10 	 -1.6182208226597966e-10 	 3.4740211166481227e-9 	 3.4718801727261316e-9 	 -1.9709095243020113e-12 	 -1.3185829119710668e-12 	 
21.26885875705629 	 -0.07823160905570954 	 -0.07833700135039609 	 -6.179640303883873e-7 	 0.00012802223833505632 	 2.2473363714470285e-13 	 3.4046161849649038e-12 	 -7.044558273647608e-6 	 2.56610849389254e-6 	 -8.533389499626347e-6 	 -8.53084843098352e-6 	 -1.9362109982600686e-7 	 -1.9302955036218008e-7 	 -2.644646062519299e-8 	 -2.7848782665003684e-8 	 -1.7603279146948664e-8 	 -1.7190906643354476e-8 	 -1.455582329703594e-10 	 -1.552574817772806e-10 	 -6.916570498829988e-12 	 -6.5669916120464354e-12 	 -1.5618017884851676e-10 	 -1.666846568957206e-10 	 3.5436547505001892e-9 	 3.541453023092549e-9 	 -2.038517011775931e-12 	 -1.3629485043842316e-12 	 
21.64368959478166 	 -0.07624567837633427 	 -0.07634891910148205 	 -6.220076400404548e-7 	 0.00012596665332725168 	 2.328399804651937e-13 	 3.5239767452471816e-12 	 -7.072458630256805e-6 	 2.57887893561831e-6 	 -8.573826665783647e-6 	 -8.56267448826084e-6 	 -1.9489968872406307e-7 	 -1.9429223375149078e-7 	 -2.726791544344482e-8 	 -2.870756490176392e-8 	 -1.783180477956203e-8 	 -1.741319058081427e-8 	 -1.4969915991216915e-10 	 -1.596706848989027e-10 	 -6.714773569881371e-12 	 -6.346751245563387e-12 	 -1.6077144035873681e-10 	 -1.716666801815614e-10 	 3.614800382500203e-9 	 3.612536806644e-9 	 -2.1083648988506896e-12 	 -1.4087258046074913e-12 	 
22.025126248010096 	 -0.07430402331906774 	 -0.0744051608264083 	 -6.259855545541689e-7 	 0.00012394290814116488 	 2.412417792654886e-13 	 3.647459860837698e-12 	 -7.0993129666081745e-6 	 2.5913111290279573e-6 	 -8.599925611515384e-6 	 -8.593137424465568e-6 	 -1.961580921853802e-7 	 -1.9553437225265596e-7 	 -2.8100252188782688e-8 	 -2.9577393128535493e-8 	 -1.8052651139354937e-8 	 -1.7627567348282883e-8 	 -1.5394359390978363e-10 	 -1.641940026366495e-10 	 -6.484574364057361e-12 	 -6.097145977115858e-12 	 -1.6546945550139607e-10 	 -1.7676980929668018e-10 	 3.687494296519498e-9 	 3.6851678468772908e-9 	 -2.1805229307181317e-12 	 -1.455954861793729e-12 	 
22.413285134053275 	 -0.07240788776409157 	 -0.0725069184164441 	 -6.29895792373202e-7 	 0.00012195099399582827 	 2.4994997148919395e-13 	 3.775203457284382e-12 	 -7.125080111729379e-6 	 2.603392610221091e-6 	 -8.643364063874779e-6 	 -8.642574631917133e-6 	 -1.9739569556590894e-7 	 -1.9675534586201153e-7 	 -2.8941995289520656e-8 	 -3.0456695140469547e-8 	 -1.8265886584960864e-8 	 -1.7834021416489048e-8 	 -1.5829353263974373e-10 	 -1.6882954901671173e-10 	 -6.224672582909596e-12 	 -5.816969357597124e-12 	 -1.7027542588154281e-10 	 -1.819956486882754e-10 	 3.7617734563636284e-9 	 3.7593831541828535e-9 	 -2.255062494896931e-12 	 -1.5046767518833715e-12 	 
22.808284721898477 	 -0.07055661604725284 	 -0.0706535734042895 	 -6.337362532364222e-7 	 0.0001199908978269163 	 2.5897591082374437e-13 	 3.907349773593083e-12 	 -7.149713641651659e-6 	 2.615109761113623e-6 	 -8.691161119205939e-6 	 -8.686796538006316e-6 	 -1.9861184715199385e-7 	 -1.97954497472427e-7 	 -2.9791441176774436e-8 	 -3.134363948439512e-8 	 -1.8471748422316655e-8 	 -1.8032694811863347e-8 	 -1.6275098840475316e-10 	 -1.7357945281833625e-10 	 -5.933917101936803e-12 	 -5.505115531985738e-12 	 -1.751905252934416e-10 	 -1.8734585617528527e-10 	 3.837675439415982e-9 	 3.835220357637046e-9 	 -2.332057173126123e-12 	 -1.5549332599629207e-12 	 
23.21024556836616 	 -0.06874782516493283 	 -0.06884275008190924 	 -6.375047121354015e-7 	 0.00011806260457154636 	 2.683313831583489e-13 	 4.044045448667599e-12 	 -7.173167541837036e-6 	 2.6264487940820497e-6 	 -8.733260927195223e-6 	 -8.72858819426683e-6 	 -1.998058562258663e-7 	 -1.991311310254352e-7 	 -3.064661807487015e-8 	 -3.223610923978757e-8 	 -1.8670072473600216e-8 	 -1.8223903230917285e-8 	 -1.6731798751348483e-10 	 -1.784458568581694e-10 	 -5.6112801719576665e-12 	 -5.16058357840965e-12 	 -1.802159336400505e-10 	 -1.928220998159408e-10 	 3.915238476710732e-9 	 3.912717748730135e-9 	 -2.411582717153915e-12 	 -1.6067671672426176e-12 	 
23.619290354904884 	 -0.06697776125421705 	 -0.06707068257432788 	 -6.411988420266126e-7 	 0.0001161660954665466 	 2.780286237885621e-13 	 4.185441651189392e-12 	 -7.195402104463784e-6 	 2.6373970539330645e-6 	 -8.776447282545458e-6 	 -8.77319246828444e-6 	 -2.0097700010900069e-7 	 -2.0028451850930608e-7 	 -3.150525800041735e-8 	 -3.313166958663345e-8 	 -1.886306460628383e-8 	 -1.840768171051689e-8 	 -1.719965694659495e-10 	 -1.8343091715820368e-10 	 -5.255877039896384e-12 	 -4.782574772442816e-12 	 -1.8535287097027037e-10 	 -1.9842607076388075e-10 	 3.9945013665421666e-9 	 3.991914192718409e-9 	 -2.4937168269428823e-12 	 -1.6602224930817312e-12 	 
24.035543925034524 	 -0.0652420665491781 	 -0.06533301027238339 	 -6.448162633006226e-7 	 0.00011430135224999678 	 2.880803351329453e-13 	 4.331694168596689e-12 	 -7.216389194192679e-6 	 2.647944505171364e-6 	 -8.823251896053036e-6 	 -8.82092733273397e-6 	 -2.0212453968105492e-7 	 -2.0141391549599575e-7 	 -3.2364745866760246e-8 	 -3.402749640610427e-8 	 -1.9051198232731127e-8 	 -1.8586321290399778e-8 	 -1.767887862526924e-10 	 -1.885368020949714e-10 	 -4.867015219980897e-12 	 -4.370433361220727e-12 	 -1.9060256307498245e-10 	 -2.041595114531411e-10 	 4.0755034653803615e-9 	 4.072849122841351e-9 	 -2.578539263519142e-12 	 -1.715344220313275e-12 	 
24.459133322449496 	 -0.06353664863083977 	 -0.06362564194375968 	 -6.483546104254571e-7 	 0.00011246835049228874 	 2.9849970518913695e-13 	 4.482963536199813e-12 	 -7.236114944370316e-6 	 2.6580842003374146e-6 	 -8.87279418671233e-6 	 -8.871477278100163e-6 	 -2.0324774016120202e-7 	 -2.0251858195104206e-7 	 -3.3222065936572604e-8 	 -3.4920360658314966e-8 	 -1.9235942579635024e-8 	 -1.876043075502319e-8 	 -1.8169670140003675e-10 	 -1.937656913452321e-10 	 -4.444241280575703e-12 	 -3.9240556720167994e-12 	 -1.9596643655805547e-10 	 -2.1002424503562295e-10 	 4.158284635271401e-9 	 4.1555624860581905e-9 	 -2.6661322012000445e-12 	 -1.7721782509588779e-12 	 
24.89018782979343 	 -0.06185863512659649 	 -0.06194570563803599 	 -6.518116016094004e-7 	 0.0001106670652031779 	 3.093004275717126e-13 	 4.639415169235272e-12 	 -7.2545793295043055e-6 	 2.6678123971183213e-6 	 -8.92504585821938e-6 	 -8.924427253393336e-6 	 -2.043458927688212e-7 	 -2.0359780388101514e-7 	 -3.407376959721532e-8 	 -3.5806538758294205e-8 	 -1.941910032855267e-8 	 -1.8931612566380593e-8 	 -1.8672238890512117e-10 	 -1.9911977472429247e-10 	 -3.987533840698887e-12 	 -3.4433416573255437e-12 	 -2.0144607537483594e-10 	 -2.160222908545803e-10 	 4.24288518317165e-9 	 4.2400946883521495e-9 	 -2.756580287457955e-12 	 -1.8307714632720405e-12 	 
25.32883900811714 	 -0.06020696492485718 	 -0.06029214146717659 	 -6.551850939188214e-7 	 0.00010889746111992543 	 3.2049672043427127e-13 	 4.801219419622582e-12 	 -7.271792368987968e-6 	 2.6771278953363613e-6 	 -8.979429781813582e-6 	 -8.97909202645599e-6 	 -2.054183320776481e-7 	 -2.0465091070663362e-7 	 -3.4915900046775106e-8 	 -3.668180342493395e-8 	 -1.960280813880285e-8 	 -1.9101788971190947e-8 	 -1.9186793192074772e-10 	 -2.0460125074687224e-10 	 -3.497033025578328e-12 	 -2.928762970122248e-12 	 -2.070434297189469e-10 	 -2.221559496563724e-10 	 4.329345873361245e-9 	 4.326486605350129e-9 	 -2.849970464676721e-12 	 -1.891171978750106e-12 	 
25.775220737032132 	 -0.058582623909139195 	 -0.0586659368449663 	 -6.584731088277455e-7 	 0.00010715949878970314 	 3.321033485526037e-13 	 4.968551758511297e-12 	 -7.287766903419461e-6 	 2.686030290550643e-6 	 -9.035187780774109e-6 	 -9.034649184869642e-6 	 -2.064644438065004e-7 	 -2.0567728310997809e-7 	 -3.5744008231385276e-8 	 -3.75465755562092e-8 	 -1.9789720596634375e-8 	 -1.927324168010041e-8 	 -1.9713542130830486e-10 	 -2.1021232502387216e-10 	 -2.9728422434482927e-12 	 -2.380613965291545e-12 	 -2.127610209154196e-10 	 -2.2842801538222628e-10 	 4.4177077414166724e-9 	 4.414779393012624e-9 	 -2.946392374417739e-12 	 -1.9534289782463522e-12 	 
26.229469255571605 	 -0.05698825868765219 	 -0.05706974009614579 	 -6.616738187914553e-7 	 0.0001054531249572822 	 3.441356445360588e-13 	 5.141592821785446e-12 	 -7.302510729905648e-6 	 2.6945183249792097e-6 	 -9.091468879776537e-6 	 -9.090212782883855e-6 	 -2.0748366075015156e-7 	 -2.066763489246648e-7 	 -3.655934645955452e-8 	 -3.838816204580409e-8 	 -1.9966467084136903e-8 	 -1.943189604261433e-8 	 -2.0252695404071118e-10 	 -2.1595520848872007e-10 	 -2.4171693204133593e-12 	 -1.8015813842220396e-12 	 -2.186020899674848e-10 	 -2.348419594326445e-10 	 4.5080121886586965e-9 	 4.5050145864037946e-9 	 -3.045938226080569e-12 	 -2.0175931246207977e-12 	 
26.69172320377162 	 -0.0554273857388218 	 -0.05550706953145682 	 -6.647854961114847e-7 	 0.00010377827960569567 	 3.566095315460371e-13 	 5.320528599355723e-12 	 -7.316019322940683e-6 	 2.7025881520496323e-6 	 -9.147363107805736e-6 	 -9.144793372073076e-6 	 -2.0847544674134737e-7 	 -2.076475671199006e-7 	 -3.7347224007508393e-8 	 -3.920412572670989e-8 	 -2.0153746919326556e-8 	 -1.9584818072409066e-8 	 -2.0804463155571418e-10 	 -2.2183211563221118e-10 	 -1.831514249552302e-12 	 -1.193470556206666e-12 	 -2.2457078054531953e-10 	 -2.414021205937017e-10 	 4.600300792001217e-9 	 4.597233908161993e-9 	 -3.1487029603605165e-12 	 -2.083716297474059e-12 	 
27.162123664985092 	 -0.05390323997941865 	 -0.05398116190988487 	 -6.678064360889226e-7 	 0.00010213488780645737 	 3.69541547474983e-13 	 5.505550480351673e-12 	 -7.328271666893257e-6 	 2.710232414830917e-6 	 -9.201878262401292e-6 	 -9.197356229950808e-6 	 -2.0943927267682285e-7 	 -2.0859040383229568e-7 	 -3.810597376511165e-8 	 -3.9989217902805456e-8 	 -2.0409185231177563e-8 	 -1.98075695238771e-8 	 -2.1369055820673956e-10 	 -2.2784526273697092e-10 	 -1.2187958564065933e-12 	 -5.595082014140523e-13 	 -2.3067195672371754e-10 	 -2.481137383354121e-10 	 4.694615291581101e-9 	 4.691479258880067e-9 	 -3.2547843727831484e-12 	 -2.1518517044255558e-12 	 
27.640814208941478 	 -0.052417704579910955 	 -0.05249390274198922 	 -6.707348763248171e-7 	 0.00010052286772077692 	 3.8294886934547856e-13 	 5.696855453397043e-12 	 -7.339231462828487e-6 	 2.7174401707907733e-6 	 -9.253933934358786e-6 	 -9.246672801187063e-6 	 -2.1037459126795157e-7 	 -2.0950430709816032e-7 	 -3.883071015512195e-8 	 -4.073939320695952e-8 	 -2.0695671163792756e-8 	 -2.0061508466460184e-8 	 -2.1946683980600304e-10 	 -2.3399686632370964e-10 	 -5.811594341302573e-13 	 9.759379721946404e-14 	 -2.3691084195478607e-10 	 -2.54982695849767e-10 	 4.790997489282902e-9 	 4.787792618373046e-9 	 -3.3642835879521547e-12 	 -2.2220542460749115e-12 	 
28.12794093556528 	 -0.050970571311726706 	 -0.05104508657099921 	 -6.735689375287194e-7 	 9.894212431888451e-5 	 3.968493393258221e-13 	 5.894646159990413e-12 	 -7.348853148571139e-6 	 2.724198283178238e-6 	 -9.302158373647572e-6 	 -9.291295718784863e-6 	 -2.112808186655515e-7 	 -2.1038868844543586e-7 	 -3.9518210543942064e-8 	 -4.145283653827963e-8 	 -2.1008362055202042e-8 	 -2.0344337580018167e-8 	 -2.253755823445084e-10 	 -2.40289141746301e-10 	 7.6960526218528e-14 	 7.730786598114658e-13 	 -2.432924036219841e-10 	 -2.6201502121007775e-10 	 4.889489154436011e-9 	 4.886215950166321e-9 	 -3.4773047666381007e-12 	 -2.2943804257713475e-12 	 
28.623652519566928 	 -0.04955945088429646 	 -0.0496323261841703 	 -6.763066075549543e-7 	 9.739255614515072e-5 	 4.1126149116305076e-13 	 6.0991309794469765e-12 	 -7.357091783101255e-6 	 2.730493550583138e-6 	 -9.34547686820287e-6 	 -9.330167834714236e-6 	 -2.1215732936457853e-7 	 -2.1124291786483297e-7 	 -4.016776631182627e-8 	 -4.2130433782400035e-8 	 -2.13408063456226e-8 	 -2.064997795145752e-8 	 -2.3141889090714456e-10 	 -2.4672430185727026e-10 	 7.510538166143749e-13 	 1.4623275470437846e-12 	 -2.4982112451923386e-10 	 -2.6921636285375667e-10 	 4.990131937323956e-9 	 4.986791117118377e-9 	 -3.593955450718056e-12 	 -2.3688881934808004e-12 	 
29.128100255819334 	 -0.048180391132553756 	 -0.04825167640712347 	 -6.789457782708903e-7 	 9.587405030339698e-5 	 4.262045787453705e-13 	 6.310524181471489e-12 	 -7.363914004097554e-6 	 2.7363151121655095e-6 	 -9.381839551912862e-6 	 -9.3583651743493e-6 	 -2.1300346781420885e-7 	 -2.1206633534528577e-7 	 -4.078127677043707e-8 	 -4.2768421525494676e-8 	 -2.1639532670670785e-8 	 -2.0930008284363488e-8 	 -2.3759886845536285e-10 	 -2.5330455581612345e-10 	 1.436690561974277e-12 	 2.160898879186579e-12 	 -2.5650089427694395e-10 	 -2.765918241070006e-10 	 5.092967246809179e-9 	 5.089559760737092e-9 	 -3.7143464828703895e-12 	 -2.445637405635304e-12 	 
29.64143810553424 	 -0.04682906549677236 	 -0.04689880683888493 	 -6.814843276071015e-7 	 9.438648586968242e-5 	 4.416986050678751e-13 	 6.529046018130536e-12 	 -7.369305737213397e-6 	 2.7416564284119395e-6 	 -9.41132132593349e-6 	 -9.379399491931348e-6 	 -2.138185739375338e-7 	 -2.1285827646688872e-7 	 -4.135676438467851e-8 	 -4.338751495947371e-8 	 -2.1978278452280673e-8 	 -2.1236664236864636e-8 	 -2.439176146186304e-10 	 -2.6003210759895785e-10 	 2.1295394070020014e-12 	 2.8646726681193223e-12 	 -2.6333543112197765e-10 	 -2.841461136011758e-10 	 5.198036074552377e-9 	 5.194563122543863e-9 	 -3.838592282391917e-12 	 -2.524689326652285e-12 	 
30.16382274325235 	 -0.04550214267082705 	 -0.0455703952883751 	 -6.839202220791634e-7 	 9.292972947883902e-5 	 4.577643523284714e-13 	 6.7549228661570314e-12 	 -7.373274021627508e-6 	 2.7465157463644173e-6 	 -9.422714762476584e-6 	 -9.395185618087575e-6 	 -2.1460201520658388e-7 	 -2.1361810448509387e-7 	 -4.1912638527020316e-8 	 -4.39825340148173e-8 	 -2.2363516816886547e-8 	 -2.1589001874207964e-8 	 -2.503772241035064e-10 	 -2.6690915430466073e-10 	 2.8256767553632572e-12 	 3.5702655425778882e-12 	 -2.70328452143519e-10 	 -2.918837503599195e-10 	 5.305378936651252e-9 	 5.3018419894753156e-9 	 -3.966811065183595e-12 	 -2.6061073041339088e-12 	 
30.69541360466149 	 -0.04419840926880128 	 -0.04426517508140043 	 -6.862516040235314e-7 	 9.150363448046359e-5 	 4.744234147557868e-13 	 6.988387315619848e-12 	 -7.375841247965214e-6 	 2.750894999559752e-6 	 -9.449181659945211e-6 	 -9.425728193537147e-6 	 -2.153532137819377e-7 	 -2.143452374864887e-7 	 -4.244504295554557e-8 	 -4.455823194176216e-8 	 -2.2772934009895618e-8 	 -2.196624627801518e-8 	 -2.5697978475339373e-10 	 -2.739378840273522e-10 	 3.5218522744763503e-12 	 4.274282145566369e-12 	 -2.7748387028365045e-10 	 -2.9980952955456634e-10 	 5.4150357257679895e-9 	 5.411436549304916e-9 	 -4.099124557089828e-12 	 -2.6899561123105984e-12 	 
31.236372935257677 	 -0.042918991597736066 	 -0.04298431289465368 	 -6.884768300456186e-7 	 9.010804113445828e-5 	 4.916982297623052e-13 	 7.229678228479197e-12 	 -7.3770330168886995e-6 	 2.75479716910355e-6 	 -9.473203555782e-6 	 -9.447991516873906e-6 	 -2.1607165855668727e-7 	 -2.1503916048259156e-7 	 -4.2958699468551e-8 	 -4.51193118942949e-8 	 -2.3204176016784137e-8 	 -2.236620773288031e-8 	 -2.6372737535293446e-10 	 -2.8112047336998415e-10 	 4.214940874641068e-12 	 4.973967190521275e-12 	 -2.8480573666010646e-10 	 -3.07928425094145e-10 	 5.5270454051852e-9 	 5.523386085297202e-9 	 -4.2356580554214765e-12 	 -2.776301915427548e-12 	 
31.786865839863584 	 -0.0416668786129851 	 -0.04173078092773357 	 -6.905944416961912e-7 	 8.874276779740921e-5 	 5.096121152783905e-13 	 7.479040923812908e-12 	 -7.376864260042704e-6 	 2.758223201661561e-6 	 -9.499950692553376e-6 	 -9.473363287951717e-6 	 -2.1675689591945257e-7 	 -2.1569941615309404e-7 	 -4.34582156104819e-8 	 -4.567028892156074e-8 	 -2.3655017289978478e-8 	 -2.27866010078949e-8 	 -2.7062206312988654e-10 	 -2.884590847857081e-10 	 4.902384635593407e-12 	 5.667053401544192e-12 	 -2.922982051205067e-10 	 -3.16245633843055e-10 	 5.641446119596929e-9 	 5.637729085342151e-9 	 -4.376540836684151e-12 	 -2.8652128776540665e-12 	 
32.34706033301979 	 -0.04044554002888134 	 -0.04050805247058997 	 -6.926030760953309e-7 	 8.740761633279535e-5 	 5.281893024527973e-13 	 7.736727085244088e-12 	 -7.3753288109735005e-6 	 2.7611695040428872e-6 	 -9.526504806323185e-6 	 -9.50098839235701e-6 	 -2.174085019278344e-7 	 -2.163255770286243e-7 	 -4.3947950763249876e-8 	 -4.6215406228882825e-8 	 -2.412342103509186e-8 	 -2.3225329528487738e-8 	 -2.776659014539462e-10 	 -2.9595586401256174e-10 	 5.582075895447791e-12 	 6.351697100099515e-12 	 -2.99965299284676e-10 	 -3.2476635842199507e-10 	 5.7582747100333535e-9 	 5.7545027607421376e-9 	 -4.5219059776396846e-12 	 -2.9567586260337286e-12 	 
32.91712739026405 	 -0.039257291525985644 	 -0.039318440325501386 	 -6.945013494644345e-7 	 8.610237024494967e-5 	 5.474549760209335e-13 	 8.002995054397777e-12 	 -7.372397596775306e-6 	 2.7636273999055118e-6 	 -9.555821333924213e-6 	 -9.530591611819889e-6 	 -2.1802604590028197e-7 	 -2.169172090738303e-7 	 -4.4432035474404544e-8 	 -4.675866991683048e-8 	 -2.4607456409391163e-8 	 -2.3680455746698206e-8 	 -2.848609276992459e-10 	 -3.036129376602595e-10 	 6.25238783356831e-12 	 7.0264988806263005e-12 	 -3.0781096607220227e-10 	 -3.334958617705436e-10 	 5.877566659893687e-9 	 5.873742992152273e-9 	 -4.6718901182069e-12 	 -3.051010411821431e-12 	 
33.49724100031435 	 -0.038102142696142725 	 -0.03816195580548849 	 -6.96287763650152e-7 	 8.482679047138325e-5 	 5.67435311348563e-13 	 8.278109820439861e-12 	 -7.368027195867237e-6 	 2.7655848402206266e-6 	 -9.58672516871015e-6 	 -9.561418818053057e-6 	 -2.186090612655032e-7 	 -2.1747384248697543e-7 	 -4.491432469541892e-8 	 -4.730385234486634e-8 	 -2.510421653036581e-8 	 -2.4150116329637726e-8 	 -2.922091615699625e-10 	 -3.114324114671742e-10 	 6.912065110292117e-12 	 7.690531011184803e-12 	 -3.1583895331225714e-10 	 -3.424391096513224e-10 	 5.999356011731498e-9 	 5.995484249923098e-9 	 -4.826633924525092e-12 	 -3.148040500079996e-12 	 
34.08757821817146 	 -0.03697754372419306 	 -0.03703605015109079 	 -6.979606797344825e-7 	 8.358062012051753e-5 	 5.881575170968434e-13 	 8.56234313614812e-12 	 -7.362176220693556e-6 	 2.7670300031740907e-6 	 -9.6187309275393e-6 	 -9.592670450931124e-6 	 -2.1915703732663714e-7 	 -2.179949634676987e-7 	 -4.539848063513984e-8 	 -4.7854501526692734e-8 	 -2.5613941644869808e-8 	 -2.463149395557793e-8 	 -2.9971260363678207e-10 	 -3.194163685088286e-10 	 7.5603709330338e-12 	 8.34325391037019e-12 	 -3.240527229329121e-10 	 -3.5160100446799123e-10 	 6.1236750180994055e-9 	 6.119759245145167e-9 	 -4.986281876080412e-12 	 -3.247923059412905e-12 	 
34.68831921915758 	 -0.03587940049617254 	 -0.03593663103023607 	 -6.995183778986114e-7 	 8.236358006063143e-5 	 6.096498757296454e-13 	 8.855973572662045e-12 	 -7.35482213105878e-6 	 2.767955057669702e-6 	 -9.650902754593455e-6 	 -9.62323492697161e-6 	 -2.1966943796382183e-7 	 -2.1848003295212037e-7 	 -4.588793410157175e-8 	 -4.8413960069010626e-8 	 -2.6133601395437443e-8 	 -2.5124813698638597e-8 	 -3.073732340578375e-10 	 -3.2756686786268834e-10 	 8.196931975011993e-12 	 8.98473494287101e-12 	 -3.324554288394599e-10 	 -3.6098614059635326e-10 	 6.250553619976893e-9 	 6.246598409319897e-9 	 -5.150982380917601e-12 	 -3.3507333127191783e-12 	 
35.29964735390708 	 -0.034803771179209436 	 -0.03485975874134806 	 -7.009591814737709e-7 	 8.117537058056846e-5 	 6.319417895619961e-13 	 9.159286561595259e-12 	 -7.34597082625347e-6 	 2.7683586248335955e-6 	 -9.682127530533446e-6 	 -9.6517885641874e-6 	 -2.2014574032830722e-7 	 -2.189285253067314e-7 	 -4.638591731242618e-8 	 -4.898534585981786e-8 	 -2.666115345248337e-8 	 -2.5627055865590095e-8 	 -3.151930107353818e-10 	 -3.358859425079601e-10 	 8.8219167891556e-12 	 9.615626849184822e-12 	 -3.4104995196023696e-10 	 -3.705989257068715e-10 	 6.380019930992482e-9 	 6.376030379557322e-9 	 -5.320887775595029e-12 	 -3.4565476203513024e-12 	 
35.92174920432655 	 -0.03374866768648497 	 -0.03380344789354216 	 -7.022815898489253e-7 	 8.001566680871602e-5 	 6.550638269570141e-13 	 9.472574484506446e-12 	 -7.3356526409321895e-6 	 2.768244943352731e-6 	 -9.711013843817625e-6 	 -9.676676454278592e-6 	 -2.2058547628181074e-7 	 -2.1933996984000146e-7 	 -4.689544030573983e-8 	 -4.9571553825131834e-8 	 -2.7194573976475492e-8 	 -2.6136238407555944e-8 	 -3.231738672967558e-10 	 -3.4437559702967553e-10 	 9.436196728962453e-12 	 1.0236268479939525e-11 	 -3.4983891310818663e-10 	 -3.804434965817957e-10 	 6.5120991247582925e-9 	 6.508080885586316e-9 	 -5.496154758227733e-12 	 -3.5654440188287452e-12 	 
36.554814640540975 	 -0.03271482678298423 	 -0.032768437395866004 	 -7.034843522507884e-7 	 7.88841182190109e-5 	 6.790477691473451e-13 	 9.796136705341185e-12 	 -7.323905781796998e-6 	 2.767620461553163e-6 	 -9.736038779445172e-6 	 -9.69689580193153e-6 	 -2.2098825544231446e-7 	 -2.1971397386778633e-7 	 -4.7419274734188754e-8 	 -5.017522785973446e-8 	 -2.7731846470974178e-8 	 -2.665039732708988e-8 	 -3.313177099699702e-10 	 -3.530378042812335e-10 	 1.0040134140472668e-11 	 1.0848359660645124e-11 	 -3.5882455048973307e-10 	 -3.9052368423687226e-10 	 6.646813778378995e-9 	 6.642773095781309e-9 	 -5.676943484168584e-12 	 -3.677501783171944e-12 	 
37.19903687884344 	 -0.03170518158458818 	 -0.03175766268615001 	 -7.045664399700267e-7 	 7.778034470630517e-5 	 7.039266645994525e-13 	 1.0130279693950639e-11 	 -7.310754376867851e-6 	 2.766488844106631e-6 	 -9.755874056815843e-6 	 -9.711054851570537e-6 	 -2.2135375643932875e-7 	 -2.20050214002841e-7 	 -4.795995264403503e-8 	 -5.079875954990994e-8 	 -2.8269232788050593e-8 	 -2.71675727123678e-8 	 -3.396264147390379e-10 	 -3.6187450215665455e-10 	 1.063558427467859e-11 	 1.1453718767662214e-11 	 -3.6800876806994176e-10 	 -4.0084304026876906e-10 	 6.784183236471652e-9 	 6.780126981333159e-9 	 -5.863417996743725e-12 	 -3.792801013707825e-12 	 
37.85461254066628 	 -0.030722986286937835 	 -0.03077438634795215 	 -7.055269242857029e-7 	 7.670393606354649e-5 	 7.297348796694858e-13 	 1.0475316966878367e-11 	 -7.296193414452748e-6 	 2.764847458328351e-6 	 -9.769553814207908e-6 	 -9.711322194307522e-6 	 -2.2168168885115905e-7 	 -2.203483980573548e-7 	 -4.851977433909267e-8 	 -5.144429510081577e-8 	 -2.8808817084107997e-8 	 -2.7684298626037794e-8 	 -3.4810182408549794e-10 	 -3.7088759001090986e-10 	 1.1224324476343806e-11 	 1.2054545779819347e-11 	 -3.773932167410374e-10 	 -4.114048895545988e-10 	 6.924223409446442e-9 	 6.920159116393827e-9 	 -6.055746457206968e-12 	 -3.911422713058776e-12 	 
38.5217417125914 	 -0.029769814041788092 	 -0.02982018723125067 	 -7.063648241760393e-7 	 7.565444980833338e-5 	 7.565081545471419e-13 	 1.0831569222651272e-11 	 -7.2801896454493245e-6 	 2.7626873615069632e-6 	 -9.766372674696403e-6 	 -9.702287231875496e-6 	 -2.2197174568749474e-7 	 -2.206082174783326e-7 	 -4.910076598287079e-8 	 -5.211371891194425e-8 	 -2.934619526506697e-8 	 -2.8202263470990478e-8 	 -3.5674574491206424e-10 	 -3.800789263994983e-10 	 1.1808763492460184e-11 	 1.2653524325749732e-11 	 -3.8697913102669874e-10 	 -4.222121286213321e-10 	 7.0669464769681055e-9 	 7.0628823789801485e-9 	 -6.25410128418269e-12 	 -4.0334492082005905e-12 	 
39.20062800741813 	 -0.02884436916903069 	 -0.028893720491293202 	 -7.070790110478842e-7 	 7.463141143216407e-5 	 7.842836577065526e-13 	 1.119936430873908e-11 	 -7.262700401054191e-6 	 2.759997253348621e-6 	 -9.763410805078309e-6 	 -9.715595978568287e-6 	 -2.222235736727999e-7 	 -2.2082931760182375e-7 	 -4.9704722343488925e-8 	 -5.280866253018061e-8 	 -2.9879297306003905e-8 	 -2.8717286468589215e-8 	 -3.655599467324348e-10 	 -3.894503269260066e-10 	 1.2391704997457564e-11 	 1.3253722280979763e-11 	 -3.9676742207369387e-10 	 -4.332673564341716e-10 	 7.212360602123358e-9 	 7.2083056716591236e-9 	 -6.45865906146903e-12 	 -4.158963571092578e-12 	 
39.89147862630742 	 -0.02794298514595449 	 -0.027991335259064623 	 -7.076682348085103e-7 	 7.363431276849479e-5 	 8.131000484942752e-13 	 1.1579037240420365e-11 	 -7.243699809299504e-6 	 2.756769377504688e-6 	 -9.777045592484796e-6 	 -9.718730389697173e-6 	 -2.2243678142197474e-7 	 -2.2101130582206714e-7 	 -5.0333198900774655e-8 	 -5.353050130836555e-8 	 -3.040613402412845e-8 	 -2.922737842088789e-8 	 -3.7454616053347873e-10 	 -3.9900356296930936e-10 	 1.2976150153072297e-11 	 1.3858613223787786e-11 	 -4.0675863646726653e-10 	 -4.445729795054665e-10 	 7.360469205578104e-9 	 7.356433195531596e-9 	 -6.669600195874925e-12 	 -4.288049018142393e-12 	 
40.594504422021174 	 -0.02706162910411141 	 -0.027109011367857 	 -7.08131263736814e-7 	 7.266261112257652e-5 	 8.429975395499168e-13 	 1.1970930130180412e-11 	 -7.2231973320871315e-6 	 2.753003819154897e-6 	 -9.781038974700076e-6 	 -9.724678190925082e-6 	 -2.226109830345905e-7 	 -2.2115379523147446e-7 	 -5.09874697348838e-8 	 -5.428031104895882e-8 	 -3.0924791661227095e-8 	 -2.9730633503260955e-8 	 -3.8370607693511584e-10 	 -4.087403595798324e-10 	 1.3565655295085244e-11 	 1.4472097218465318e-11 	 -4.169529659842269e-10 	 -4.5613099271015757e-10 	 7.511271334067007e-9 	 7.507264810798455e-9 	 -6.887109088690724e-12 	 -4.420789697235361e-12 	 
41.30991996327603 	 -0.026198334423339697 	 -0.026244771464279202 	 -7.08467058089673e-7 	 7.171572728319915e-5 	 8.740179630623012e-13 	 1.2375392357313885e-11 	 -7.20123431793413e-6 	 2.748708046794317e-6 	 -9.787899353868136e-6 	 -9.73105622443237e-6 	 -2.2274585225511104e-7 	 -2.212564588645963e-7 	 -5.166854904943628e-8 	 -5.505887135972535e-8 	 -3.143188847415035e-8 	 -3.022521786239955e-8 	 -3.9304134396015023e-10 	 -4.1866239299514234e-10 	 1.4164065508781576e-11 	 1.509840607323565e-11 	 -4.273502624040923e-10 	 -4.679430891362829e-10 	 7.664760590847957e-9 	 7.660794969187536e-9 	 -7.111374052816699e-12 	 -4.557270367833155e-12 	 
42.03794360023143 	 -0.025354142277756425 	 -0.025399656663989398 	 -7.086748625611412e-7 	 7.07930419499704e-5 	 9.062048368072007e-13 	 1.2792780481977185e-11 	 -7.177859687756168e-6 	 2.743891650508052e-6 	 -9.795735916186077e-6 	 -9.739157743380354e-6 	 -2.2284115128461757e-7 	 -2.2131905854310942e-7 	 -5.2377130096722283e-8 	 -5.586663207114722e-8 	 -3.192816925275816e-8 	 -3.070784506779443e-8 	 -4.025535634590501e-10 	 -4.287712867307571e-10 	 1.477563757840472e-11 	 1.5742123778128004e-11 	 -4.379500007194528e-10 	 -4.800106295060629e-10 	 7.820925003426687e-9 	 7.817012583931299e-9 	 -7.34258762712714e-12 	 -4.697575897102402e-12 	 
42.778797531131644 	 -0.024532225002038735 	 -0.024576839979971704 	 -7.087541501924303e-7 	 6.98938951367174e-5 	 9.396034346934034e-13 	 1.32234581775853e-11 	 -7.153098340549787e-6 	 2.7385592978332517e-6 	 -9.8052586763035e-6 	 -9.746916610271647e-6 	 -2.2289671323731325e-7 	 -2.2134142735775925e-7 	 -5.311358507146067e-8 	 -5.6703650273588966e-8 	 -3.241093483840923e-8 	 -3.11792155777008e-8 	 -4.1224428753049767e-10 	 -4.3906860754658383e-10 	 1.5404914886256727e-11 	 1.6408096786154623e-11 	 -4.4875132753317335e-10 	 -4.923346713216606e-10 	 7.979746826992336e-9 	 7.975900828868605e-9 	 -7.580946975900282e-12 	 -4.841791720655575e-12 	 
43.532707870122366 	 -0.023735255093535676 	 -0.02377899663305004 	 -7.087044459249759e-7 	 6.901758160103252e-5 	 9.742608632365424e-13 	 1.3667796301548851e-11 	 -7.126936174301645e-6 	 2.7327070816356176e-6 	 -9.814356629762715e-6 	 -9.753030462611728e-6 	 -2.2291238713775364e-7 	 -2.2132341459624756e-7 	 -5.3877932341561535e-8 	 -5.756958968576113e-8 	 -3.287869718821656e-8 	 -3.163671690936232e-8 	 -4.2211501526402164e-10 	 -4.495558617857047e-10 	 1.6056630725738708e-11 	 1.7101356902779475e-11 	 -4.597530392472413e-10 	 -5.049159763390443e-10 	 8.141202030534052e-9 	 8.137436627862833e-9 	 -7.826653366361236e-12 	 -4.990004206880116e-12 	 
44.29990471626244 	 -0.022963249037447127 	 -0.02300614404209753 	 -7.085251547864798e-7 	 6.816335162791371e-5 	 1.0102261347669228e-12 	 1.4126172904793954e-11 	 -7.099333284907115e-6 	 2.726325195069935e-6 	 -9.821784566389137e-6 	 -9.757096054574229e-6 	 -2.2288798433715207e-7 	 -2.212648320874259e-7 	 -5.466977852951427e-8 	 -5.8463659838053704e-8 	 -3.3330163059020684e-8 	 -3.207891103830431e-8 	 -4.3216719070611204e-10 	 -4.6023449314916336e-10 	 1.673582192853518e-11 	 1.7827118298653355e-11 	 -4.709535336131307e-10 	 -5.177549443983087e-10 	 8.305259821095676e-9 	 8.301590174210367e-9 	 -8.079911333138678e-12 	 -5.142298267501455e-12 	 
45.08062222375173 	 -0.022213137685322893 	 -0.02225521536567525 	 -7.082155248041877e-7 	 6.733040470796169e-5 	 1.0475502541570926e-12 	 1.459897322864112e-11 	 -7.070259728374301e-6 	 2.7194057864313123e-6 	 -9.827114770886865e-6 	 -9.756461300796369e-6 	 -2.2282326698308742e-7 	 -2.211654426270514e-7 	 -5.5488291171234126e-8 	 -5.9384556443297554e-8 	 -3.3764251243904885e-8 	 -3.250455105844079e-8 	 -4.4240220188544315e-10 	 -4.711058814712134e-10 	 1.7447765839001538e-11 	 1.8590894046577878e-11 	 -4.823506769821614e-10 	 -5.308514920384119e-10 	 8.471882412108988e-9 	 8.46832469924244e-9 	 -8.34093026613414e-12 	 -5.298759866839697e-12 	 
45.87509867339686 	 -0.02148096167482317 	 -0.02152225379171255 	 -7.077747869850557e-7 	 6.65178884511176e-5 	 1.0862862962635055e-12 	 1.5086589587558485e-11 	 -7.0397258665399955e-6 	 2.7119499001519425e-6 	 -9.827739155340646e-6 	 -9.750329734894648e-6 	 -2.2271799168224157e-7 	 -2.210250036995823e-7 	 -5.63321548456753e-8 	 -6.033044776795704e-8 	 -3.417889830382135e-8 	 -3.291260159170514e-8 	 -4.528213795454169e-10 	 -4.821713412302592e-10 	 1.8197642353587896e-11 	 1.9397997311952908e-11 	 -4.939420733318228e-10 	 -5.442053104349878e-10 	 8.641024659150283e-9 	 8.63759610331667e-9 	 -8.609923717055601e-12 	 -5.459475907521049e-12 	 
46.68357654533621 	 -0.020764645597953546 	 -0.020805194949550146 	 -7.072023688611493e-7 	 6.572488676111316e-5 	 1.1264895022825016e-12 	 1.5589421591056808e-11 	 -7.007782894444989e-6 	 2.7039679290661883e-6 	 -9.822936934301909e-6 	 -9.727433133663952e-6 	 -2.225719760593799e-7 	 -2.2084333414106368e-7 	 -5.719951693339399e-8 	 -6.129885289985268e-8 	 -3.457608008971234e-8 	 -3.330103847506988e-8 	 -4.6342599503082914e-10 	 -4.934321191088278e-10 	 1.899070139324499e-11 	 2.0253721754830976e-11 	 -5.057248700821853e-10 	 -5.578156442953483e-10 	 8.812633663615288e-9 	 8.809352558924664e-9 	 -8.887109246721314e-12 	 -5.624531147600531e-12 	 
47.50630259304667 	 -0.020065530540364657 	 -0.020105377628878488 	 -7.064980108674798e-7 	 6.495041211010805e-5 	 1.16821732852046e-12 	 1.6107875832781783e-11 	 -6.974488522817863e-6 	 2.6954722339802965e-6 	 -9.801179694549862e-6 	 -9.7005678708503e-6 	 -2.2238513501515228e-7 	 -2.206203504746957e-7 	 -5.808790924104055e-8 	 -6.228657103282828e-8 	 -3.4954975843728896e-8 	 -3.367179296176029e-8 	 -4.742172562983142e-10 	 -5.048893896150821e-10 	 1.9832162774771068e-11 	 2.1163098401392742e-11 	 -5.176958812775951e-10 	 -5.716813077825936e-10 	 8.986648431907081e-9 	 8.983534164365708e-9 	 -9.172708907847494e-12 	 -5.794010629660562e-12 	 
48.34352791865465 	 -0.019386821523071758 	 -0.01942596566514706 	 -7.056616756608263e-7 	 6.419338498189796e-5 	 1.2115295274128801e-12 	 1.664236623275084e-11 	 -6.939865817450991e-6 	 2.686467851436969e-6 	 -9.775423497344613e-6 	 -9.69687315319885e-6 	 -2.221574524184438e-7 	 -2.2035603859267816e-7 	 -5.899416069349187e-8 	 -6.32895587783489e-8 	 -3.531629924376995e-8 	 -3.402406012970063e-8 	 -4.85196304088674e-10 	 -5.1654425075949e-10 	 2.0726996691982636e-11 	 2.2130646432609867e-11 	 -5.298517892312907e-10 	 -5.858008347079985e-10 	 9.162999500997494e-9 	 9.160072560632404e-9 	 -9.466948723903523e-12 	 -5.9679999508460704e-12 	 
49.195508049574364 	 -0.01873043800589546 	 -0.018768883052022206 	 -7.046933210897018e-7 	 6.345262437472308e-5 	 1.256488264569644e-12 	 1.7193313792762122e-11 	 -6.9038910350662505e-6 	 2.676949458771052e-6 	 -9.773657799358494e-6 	 -9.682670138691719e-6 	 -2.218889103509938e-7 	 -2.2005038288172556e-7 	 -5.99143082879275e-8 	 -6.4302763732134e-8 	 -3.5661268520293426e-8 	 -3.435852756668307e-8 	 -4.963642086282635e-10 	 -5.283977203869951e-10 	 2.167958592438235e-11 	 2.3160495179547768e-11 	 -5.421891674498339e-10 	 -6.001726380596642e-10 	 9.34160866236322e-9 	 9.33889063237305e-9 	 -9.770059788062336e-12 	 -6.146583772581593e-12 	 
50.06250301649657 	 -0.01809484677678377 	 -0.0181326220410584 	 -7.035927352155204e-7 	 6.272853868835793e-5 	 1.3031581063416286e-12 	 1.776114685416913e-11 	 -6.866525832832675e-6 	 2.6669082137561445e-6 	 -9.76093682762592e-6 	 -9.667887415668416e-6 	 -2.2157943771765652e-7 	 -2.197033147286217e-7 	 -6.084340730413012e-8 	 -6.532002193706857e-8 	 -3.599147786928462e-8 	 -3.467637731682438e-8 	 -5.077219687865756e-10 	 -5.404507350843274e-10 	 2.2693950224504376e-11 	 2.4255650374799266e-11 	 -5.547051856584204e-10 	 -6.147950028941931e-10 	 9.522389172030712e-9 	 9.519902678728216e-9 	 -1.0082277462320489e-11 	 -6.329846343225976e-12 	 
50.94477743275206 	 -0.01747626944223316 	 -0.017513389402344936 	 -7.023595976992283e-7 	 6.20184492881455e-5 	 1.3516061969953696e-12 	 1.8346301282969324e-11 	 -6.8277664174298715e-6 	 2.656342751365611e-6 	 -9.747689635727068e-6 	 -9.65425851943979e-6 	 -2.2122892941316892e-7 	 -2.193147316957836e-7 	 -6.177545145299938e-8 	 -6.634176244745484e-8 	 -3.630890419750386e-8 	 -3.4979163932822146e-8 	 -5.192705115749302e-10 	 -5.527041493797751e-10 	 2.3773058657487467e-11 	 2.541800143200046e-11 	 -5.673982012290218e-10 	 -6.296668404599168e-10 	 9.705244782737239e-9 	 9.70301337256159e-9 	 -1.0403842432672449e-11 	 -6.5178727765885515e-12 	 
51.8426005750735 	 -0.016871941711740453 	 -0.01690841915323875 	 -7.009937199710757e-7 	 6.132146858943951e-5 	 1.4019024188915984e-12 	 1.894922043945424e-11 	 -6.78766224070245e-6 	 2.6452637136029357e-6 	 -9.735707179795763e-6 	 -9.640771982817848e-6 	 -2.2083732117466696e-7 	 -2.1888457249584546e-7 	 -6.271018494571396e-8 	 -6.734935669625797e-8 	 -3.66169264110489e-8 	 -3.526875525059972e-8 	 -5.310106910009052e-10 	 -5.651587344212434e-10 	 2.491883925899885e-11 	 2.6647584946429827e-11 	 -5.802688312166313e-10 	 -6.447881519893173e-10 	 9.890071094117529e-9 	 9.888119021127601e-9 	 -1.0735000367136372e-11 	 -6.710747377957072e-12 	 
52.75624646578071 	 -0.016282578841449 	 -0.016318427350987763 	 -6.994952335501852e-7 	 6.063618212278703e-5 	 1.4541195167805387e-12 	 1.9570355884727107e-11 	 -6.746281670282177e-6 	 2.6336864478821843e-6 	 -9.724032225276388e-6 	 -9.626177839072711e-6 	 -2.2040464821966843e-7 	 -2.184128757773045e-7 	 -6.363050822016436e-8 	 -6.833698262232519e-8 	 -3.6873711489295736e-8 	 -3.554807366385316e-8 	 -5.42943284536457e-10 	 -5.778151739432419e-10 	 2.613148549968858e-11 	 2.794243863693757e-11 	 -5.933208094952899e-10 	 -6.601613610781679e-10 	 1.0076755586823097e-8 	 1.007510746443915e-8 	 -1.1076001912853073e-11 	 -6.908554703623504e-12 	 
53.68599395641439 	 -0.01571124373979527 	 -0.015746478378762835 	 -6.978645249394215e-7 	 5.9961019536358355e-5 	 1.5083332026602503e-12 	 2.0210166918722128e-11 	 -6.703655775560458e-6 	 2.6216184593178006e-6 	 -9.711479353155621e-6 	 -9.608517498988632e-6 	 -2.1993102494231472e-7 	 -2.1789975980023484e-7 	 -6.45302833891629e-8 	 -6.92940359177106e-8 	 -3.721509200206312e-8 	 -3.577250862500792e-8 	 -5.550689887349504e-10 	 -5.906740593894272e-10 	 2.7409261459154234e-11 	 2.929823814178945e-11 	 -6.065611283880163e-10 	 -6.757921140524034e-10 	 1.0265178825953556e-8 	 1.0263859159435706e-8 	 -1.1427103398369276e-11 	 -7.111380103979048e-12 	 
54.63212681284355 	 -0.015159639617436028 	 -0.015194276847824756 	 -6.96101971342311e-7 	 5.929429254562581e-5 	 1.5646221773726875e-12 	 2.0869121943786206e-11 	 -6.659760425578907e-6 	 2.609055013117835e-6 	 -9.696315564216176e-6 	 -9.58638366568352e-6 	 -2.1941656256306252e-7 	 -2.1734533992964812e-7 	 -6.539899661455226e-8 	 -7.021054608663691e-8 	 -3.7597271598658806e-8 	 -3.6076261785517165e-8 	 -5.673884164866883e-10 	 -6.037358867566487e-10 	 2.874816874637143e-11 	 3.070827198152659e-11 	 -6.199988792135058e-10 	 -6.916898585361017e-10 	 1.0455216705450926e-8 	 1.0454249405379704e-8 	 -1.1788568412129941e-11 	 -7.319309951951958e-12 	 
55.59493380187314 	 -0.014625871645891584 	 -0.014659935762807287 	 -6.942077597053366e-7 	 5.8634272025587895e-5 	 1.623068230954261e-12 	 2.154769838003917e-11 	 -6.614560292940791e-6 	 2.5959885877114437e-6 	 -9.676849585695954e-6 	 -9.551951443879473e-6 	 -2.1886131282263896e-7 	 -2.1674967217579285e-7 	 -6.622646135061878e-8 	 -7.1079764834283e-8 	 -3.8064517220175374e-8 	 -3.64131503995536e-8 	 -5.79902096502719e-10 	 -6.170010558243563e-10 	 3.014188588429223e-11 	 3.2163826157798894e-11 	 -6.336428662476645e-10 	 -7.078667008597428e-10 	 1.0646742364185844e-8 	 1.0646150409261953e-8 	 -1.2160667495063615e-11 	 -7.532431359295045e-12 	 
56.5747087793777 	 -0.01410615088313141 	 -0.014139675258871708 	 -6.921819995045328e-7 	 5.7979315792177064e-5 	 1.6837565051638913e-12 	 2.22463833725009e-11 	 -6.568069817680245e-6 	 2.5824225571819147e-6 	 -9.647822176171043e-6 	 -9.499761168102238e-6 	 -2.1826530316282373e-7 	 -2.161127884111395e-7 	 -6.700523431200612e-8 	 -7.19004962007645e-8 	 -3.855356790141645e-8 	 -3.68430788625971e-8 	 -5.926104745884265e-10 	 -6.304698712763313e-10 	 3.158177581041088e-11 	 3.365492068177933e-11 	 -6.474990873425193e-10 	 -7.243352026744301e-10 	 1.0839629064602047e-8 	 1.0839434491909184e-8 	 -1.2543678582456197e-11 	 -7.750832922381879e-12 	 
57.57175077998846 	 -0.013599001750735772 	 -0.013631994013025672 	 -6.900250157713569e-7 	 5.7339968555514445e-5 	 1.7467756299274772e-12 	 2.296567515665676e-11 	 -6.520358338118836e-6 	 2.5683727955445324e-6 	 -9.597114484317371e-6 	 -9.478252349628523e-6 	 -2.1762862797257426e-7 	 -2.154347878255229e-7 	 -6.773313092002596e-8 	 -7.267735114909679e-8 	 -3.904509040547796e-8 	 -3.729731097417217e-8 	 -6.055139116732735e-10 	 -6.441425403408412e-10 	 3.305825889026726e-11 	 3.517131071127833e-11 	 -6.615697741010676e-10 	 -7.411050612316611e-10 	 1.1033751720038465e-8 	 1.1033975966459461e-8 	 -1.2937886821217659e-11 	 -7.9746064681252e-12 	 
58.58636410836086 	 -0.013106509942619207 	 -0.013138945585977438 	 -6.877374690064178e-7 	 5.669501464366088e-5 	 1.8122178803106626e-12 	 2.3706083720207437e-11 	 -6.471487953667527e-6 	 2.55385412439818e-6 	 -9.572011405186953e-6 	 -9.451027081629208e-6 	 -2.169514859001449e-7 	 -2.147158743489725e-7 	 -6.841387447737157e-8 	 -7.341877278990326e-8 	 -3.95291036492344e-8 	 -3.775559929944547e-8 	 -6.186126808488454e-10 	 -6.580191693791715e-10 	 3.456119276565028e-11 	 3.6704022461726546e-11 	 -6.758540926460876e-10 	 -7.581820491750571e-10 	 1.12289888105281e-8 	 1.1229653223701658e-8 	 -1.3343586293542154e-11 	 -8.203842928711791e-12 	 
59.618858432050686 	 -0.012631408579647509 	 -0.012663293319339361 	 -6.853201445503977e-7 	 5.605220513028067e-5 	 1.880179331719689e-12 	 2.4468131168011444e-11 	 -6.421456970541519e-6 	 2.5388674412657438e-6 	 -9.549952939979548e-6 	 -9.418170611640543e-6 	 -2.16234114240961e-7 	 -2.1395629091449031e-7 	 -6.905544330111547e-8 	 -7.413460892133316e-8 	 -4.000554192282672e-8 	 -3.8206334638149195e-8 	 -6.319069624142199e-10 	 -6.720997583362786e-10 	 3.60811785000642e-11 	 3.824574799988767e-11 	 -6.903501886752658e-10 	 -7.755686367539441e-10 	 1.1425222365722654e-8 	 1.1426348611447254e-8 	 -1.3761079097662222e-11 	 -8.438634255737432e-12 	 
60.66954887602675 	 -0.012172963516048515 	 -0.012204327753622948 	 -6.827736544932434e-7 	 5.5431436498969414e-5 	 1.9507600172036233e-12 	 2.525235338628362e-11 	 -6.370224212647116e-6 	 2.5234046223254155e-6 	 -9.519224949387984e-6 	 -9.386619481419246e-6 	 -2.1547669619146012e-7 	 -2.1315622643663728e-7 	 -6.966757074464957e-8 	 -7.48311771513889e-8 	 -4.0479102010691595e-8 	 -3.864839690495056e-8 	 -6.453968450892949e-10 	 -6.86384201742634e-10 	 3.761077274741287e-11 	 3.979131485177312e-11 	 -7.05056427274492e-10 	 -7.932656610959496e-10 	 1.1622338987264724e-8 	 1.1623949221265049e-8 	 -1.4190676311025551e-11 	 -8.679073503766177e-12 	 
61.738756118849636 	 -0.01172780131708266 	 -0.011758631602256023 	 -6.800984509421764e-7 	 5.479661677861315e-5 	 2.0240641085067514e-12 	 2.6059300661820938e-11 	 -6.3177887862615685e-6 	 2.5074662006118364e-6 	 -9.48941236751941e-6 	 -9.354512382953453e-6 	 -2.1467936503972866e-7 	 -2.123158199590005e-7 	 -7.025998004208616e-8 	 -7.552652005841853e-8 	 -4.0954075775833354e-8 	 -3.9086439491646405e-8 	 -6.590823266572127e-10 	 -7.008722891361105e-10 	 3.9144347886044816e-11 	 4.133802296087119e-11 	 -7.199716403930212e-10 	 -8.112743991789398e-10 	 1.182022910433727e-8 	 1.1822345945864655e-8 	 -1.4632697306172782e-11 	 -8.925252822156171e-12 	 
62.826806490544975 	 -0.011293847423723238 	 -0.01132414794141073 	 -6.772951331665891e-7 	 5.416325424126462e-5 	 2.1002000552194922e-12 	 2.688953886831491e-11 	 -6.264216945304861e-6 	 2.4910678160466663e-6 	 -9.459608293433767e-6 	 -9.320562603082962e-6 	 -2.1384229981313545e-7 	 -2.1143525652936154e-7 	 -7.084053364893995e-8 	 -7.622122304820736e-8 	 -4.1432017237323616e-8 	 -3.9525358017929054e-8 	 -6.729633166651827e-10 	 -7.155637076714619e-10 	 4.0678646950185196e-11 	 4.288522861716715e-11 	 -7.350949705373838e-10 	 -8.295968336768567e-10 	 1.2018788484863922e-8 	 1.2021434927365479e-8 	 -1.508746827519336e-11 	 -9.177264500124239e-12 	 
63.93403207220191 	 -0.010873122918212979 	 -0.010902927014698353 	 -6.743646332118432e-7 	 5.3557892132295334e-5 	 2.1792807189841e-12 	 2.7743648839234636e-11 	 -6.209573338350555e-6 	 2.474225295928075e-6 	 -9.428756092086723e-6 	 -9.283138463791006e-6 	 -2.1296578298863052e-7 	 -2.1051482510967894e-7 	 -7.142089638120864e-8 	 -7.692222055857897e-8 	 -4.191167052509643e-8 	 -3.996747551838499e-8 	 -6.870396313251065e-10 	 -7.304580362985466e-10 	 4.2212654086728475e-11 	 4.443442678172593e-11 	 -7.504251945666129e-10 	 -8.482354313927729e-10 	 1.2217917565991092e-8 	 1.2221116911688117e-8 	 -1.5555322828414986e-11 	 -9.43519934606507e-12 	 
65.0607707973267 	 -0.010468130421451284 	 -0.010497425727767422 	 -6.713079769880223e-7 	 5.2930811638091734e-5 	 2.261423561364384e-12 	 2.8622228580970078e-11 	 -6.153847434176005e-6 	 2.4569379706717878e-6 	 -9.394899046236585e-6 	 -9.24019607575997e-6 	 -2.1205012615152575e-7 	 -2.09554844020117e-7 	 -7.200432066682127e-8 	 -7.763531307268979e-8 	 -4.238959462142514e-8 	 -4.041224806812389e-8 	 -7.013109929557853e-10 	 -7.455547448465466e-10 	 4.374723224645605e-11 	 4.59890044450767e-11 	 -7.659603018455274e-10 	 -8.671926738050686e-10 	 1.2417522914838665e-8 	 1.2421298800277443e-8 	 -1.603660279000163e-11 	 -9.699147449737655e-12 	 
66.20736655498246 	 -0.010077871285502004 	 -0.010106683859316732 	 -6.681259604791052e-7 	 5.230446112836013e-5 	 2.346750916626672e-12 	 2.952589287385787e-11 	 -6.0969906604157075e-6 	 2.4391963805074687e-6 	 -9.355268897396323e-6 	 -9.178560253431566e-6 	 -2.110955693236557e-7 	 -2.085555599202427e-7 	 -7.259685286930179e-8 	 -7.836518888520354e-8 	 -4.286070275334216e-8 	 -4.08568726515729e-8 	 -7.157770294366463e-10 	 -7.608531931216919e-10 	 4.5285068207644444e-11 	 4.755386635076353e-11 	 -7.816972326727186e-10 	 -8.864704564223244e-10 	 1.2617517329866998e-8 	 1.2621893835522234e-8 	 -1.653165421892533e-11 	 -9.969193936070208e-12 	 
67.37416929474684 	 -0.009698815830565824 	 -0.009727173696506355 	 -6.648192061280195e-7 	 5.171462478353918e-5 	 2.435390193622766e-12 	 3.045527399545861e-11 	 -6.0390098795274864e-6 	 2.421003053331804e-6 	 -9.306579964913256e-6 	 -9.135330640479175e-6 	 -2.1010229862956264e-7 	 -2.0751716543036273e-7 	 -7.320345785130886e-8 	 -7.91153807535668e-8 	 -4.3318798526778976e-8 	 -4.129682667131194e-8 	 -7.304372819902564e-10 	 -7.763526387579704e-10 	 4.683059502389619e-11 	 4.9135429818141786e-11 	 -7.976315091833899e-10 	 -9.060695990073053e-10 	 1.28178206691385e-8 	 1.2822822493272535e-8 	 -1.704083064241413e-11 	 -1.0245421468094151e-11 	 
68.5615351335191 	 -0.00933047548420023 	 -0.009358359236810675 	 -6.61388524299456e-7 	 5.1093399910567376e-5 	 2.527474108730832e-12 	 3.141102204992252e-11 	 -5.979974140039639e-6 	 2.4023745911529732e-6 	 -9.250893239797296e-6 	 -9.087925813373374e-6 	 -2.090705587393682e-7 	 -2.0643991191397034e-7 	 -7.382800687682148e-8 	 -7.988819296770759e-8 	 -4.375738930655805e-8 	 -4.172637309114365e-8 	 -7.452912049520369e-10 	 -7.920522366626866e-10 	 4.8389505557526744e-11 	 5.0741243140109414e-11 	 -8.137570817464493e-10 	 -9.259897347842991e-10 	 1.3018359933005157e-8 	 1.3024012608923041e-8 	 -1.756449191368692e-11 	 -1.052790951519167e-11 	 
69.76982646420971 	 -0.008975488231718027 	 -0.009002880898089715 	 -6.578349539305798e-7 	 5.047232422523243e-5 	 2.6231409132163043e-12 	 3.239380504356043e-11 	 -5.9199077898782665e-6 	 2.383318071473337e-6 	 -9.21316726733044e-6 	 -9.040447169608953e-6 	 -2.0800066551956695e-7 	 -2.0532412217084335e-7 	 -7.44732099500129e-8 	 -8.068464998378513e-8 	 -4.4205152535630774e-8 	 -4.2139275267006155e-8 	 -7.603381670463398e-10 	 -8.079510401058859e-10 	 4.996888773113606e-11 	 5.2379890079491397e-11 	 -8.300663086619947e-10 	 -9.46228845113624e-10 	 1.3219069691483542e-8 	 1.3225399837686856e-8 	 -1.8103003284668517e-11 	 -1.0816733066185135e-11 	 
70.99941206634539 	 -0.00863499379530896 	 -0.008661905483536113 	 -6.541593858353644e-7 	 4.985118789791802e-5 	 2.7225346318493495e-12 	 3.340430917249004e-11 	 -5.858752709432854e-6 	 2.3638220729389375e-6 	 -9.166350930960366e-6 	 -8.992732624227514e-6 	 -2.0689288895461359e-7 	 -2.041700729147746e-7 	 -7.514056825750402e-8 	 -8.150443523542979e-8 	 -4.461277893177461e-8 	 -4.2551205388757945e-8 	 -7.755774511018826e-10 	 -8.240480000683004e-10 	 5.15770374993918e-11 	 5.4060810120245e-11 	 -8.465499618104124e-10 	 -9.667831625341169e-10 	 1.3419891715263958e-8 	 1.342692730443077e-8 	 -1.865673517846833e-11 	 -1.1111963727136187e-11 	 
72.25066721862329 	 -0.008305974084861417 	 -0.00833242352361383 	 -6.503623565093509e-7 	 4.924869672237206e-5 	 2.8258053198484954e-12 	 3.444323906013763e-11 	 -5.7964630327043766e-6 	 2.3438773119262226e-6 	 -9.12071295862862e-6 	 -8.944644829335067e-6 	 -2.057473892292613e-7 	 -2.0297793047904734e-7 	 -7.583036936016017e-8 	 -8.234580278396109e-8 	 -4.499932244636283e-8 	 -4.293406170226128e-8 	 -7.910082654158857e-10 	 -8.403419769668686e-10 	 5.3222697609182633e-11 	 5.579375728807956e-11 	 -8.631975707281095e-10 	 -9.876474932777968e-10 	 1.3620775099870604e-8 	 1.3628545731282308e-8 	 -1.9226063188569343e-11 	 -1.1413667654743277e-11 	 
73.52397381344888 	 -0.007986482241135762 	 -0.008012454697919225 	 -6.464443767164146e-7 	 4.862881004137884e-5 	 2.933109314161575e-12 	 3.551131730876705e-11 	 -5.7330803411595666e-6 	 2.3234938240532215e-6 	 -9.075371033436788e-6 	 -8.894460399985055e-6 	 -2.0456431899159632e-7 	 -2.0174785335540818e-7 	 -7.654161867668679e-8 	 -8.320534387745752e-8 	 -4.535746716903599e-8 	 -4.329335744172603e-8 	 -8.066297508392031e-10 	 -8.56831747694155e-10 	 5.491524270656023e-11 	 5.758809675966314e-11 	 -8.799979992639742e-10 	 -1.0088151235583831e-9 	 1.3821675900114103e-8 	 1.3830213066812851e-8 	 -1.9811367801885195e-11 	 -1.1721903515635178e-11 	 
74.81972047349241 	 -0.007678419847804441 	 -0.007703921234654052 	 -6.424061630533033e-7 	 4.800866676052759e-5 	 3.0446095232955495e-12 	 3.6609284551872846e-11 	 -5.668635211448297e-6 	 2.3026795433960336e-6 	 -9.028959485522122e-6 	 -8.840018248428712e-6 	 -2.0334389536764392e-7 	 -2.0048006443378257e-7 	 -7.727187030153322e-8 	 -8.40830943851744e-8 	 -4.5689215364212764e-8 	 -4.362680267970039e-8 	 -8.224409865905864e-10 	 -8.735160113498217e-10 	 5.6664371930840726e-11 	 5.945291268956154e-11 	 -8.969400873770625e-10 	 -1.0302780135958264e-9 	 1.4022556497988801e-8 	 1.4031893857066633e-8 	 -2.041303576093112e-11 	 -1.2036726599438663e-11 	 
76.13830267029941 	 -0.007383428816709283 	 -0.007408477557206143 	 -6.382483228451012e-7 	 4.738906286186e-5 	 3.1604756910061373e-12 	 3.77378995031144e-11 	 -5.603066887304582e-6 	 2.281422006047102e-6 	 -8.979443124067486e-6 	 -8.771699538651399e-6 	 -2.020863021472268e-7 	 -1.9917475273479937e-7 	 -7.801952131787078e-8 	 -8.496681345264925e-8 	 -4.5994121789842974e-8 	 -4.393443791793474e-8 	 -8.384409944485461e-10 	 -8.903933934354169e-10 	 5.847922344857425e-11 	 6.139560250990772e-11 	 -9.140144946302214e-10 	 -1.0520277340172657e-9 	 1.4223385293931093e-8 	 1.4233558946927531e-8 	 -2.1031457206406868e-11 	 -1.2358186378375046e-11 	 
77.48012284499157 	 -0.00709871641200316 	 -0.0071233188289437695 	 -6.33971063754656e-7 	 4.6769445718264196e-5 	 3.2808847278792408e-12 	 3.8897938157903824e-11 	 -5.536313016919687e-6 	 2.2597077470532796e-6 	 -8.92457330542771e-6 	 -8.703363315745877e-6 	 -2.0079159980550117e-7 	 -1.978319828639385e-7 	 -7.877760414870477e-8 	 -8.584941164303174e-8 	 -4.627279606343057e-8 	 -4.4215999731633635e-8 	 -8.546287540613219e-10 	 -9.074624618013033e-10 	 6.036816620129948e-11 	 6.342124716031072e-11 	 -9.312159887366287e-10 	 -1.0740564112514298e-9 	 1.442413568716446e-8 	 1.4435184444035024e-8 	 -2.1667026816794556e-11 	 -1.2686326482836407e-11 	 
78.84559053109479 	 -0.006821669141779128 	 -0.006845853981654704 	 -6.295745498377743e-7 	 4.617236210362519e-5 	 3.4060208762379252e-12 	 4.009019391207763e-11 	 -5.468422373835455e-6 	 2.237547833127598e-6 	 -8.849013700984899e-6 	 -8.65044200165011e-6 	 -1.9945983630007312e-7 	 -1.9645180611092844e-7 	 -7.95391975910259e-8 	 -8.671943580740811e-8 	 -4.653267873643964e-8 	 -4.447118332814854e-8 	 -8.710032185475687e-10 	 -9.247217428225128e-10 	 6.233774666027758e-11 	 6.553169543626558e-11 	 -9.487754628522769e-10 	 -1.0963590039194868e-9 	 1.4624786224530018e-8 	 1.4636751884086459e-8 	 -2.232014802062643e-11 	 -1.3021185658720347e-11 	 
80.2351224795317 	 -0.006553469293684486 	 -0.006577202303007609 	 -6.250592764988265e-7 	 4.555472203036754e-5 	 3.5360759528479947e-12 	 4.131547657708318e-11 	 -5.399461226733672e-6 	 2.2149577427872767e-6 	 -8.797150304534519e-6 	 -8.58846111991636e-6 	 -1.9809116356244756e-7 	 -1.9503437740257993e-7 	 -8.029480345745251e-8 	 -8.756340609165155e-8 	 -4.67425320493194e-8 	 -4.470147654931845e-8 	 -8.875633228753882e-10 	 -9.42169729884975e-10 	 6.439178942156342e-11 	 6.772425349075573e-11 	 -9.662729736695905e-10 	 -1.1189358474090943e-9 	 1.4825318714118072e-8 	 1.483824635644215e-8 	 -2.2991227363404755e-11 	 -1.3362799509749057e-11 	 
81.64914278581742 	 -0.0062940296816677765 	 -0.0063173164082862485 	 -6.204259030761007e-7 	 4.493650668291399e-5 	 3.671249715766489e-12 	 4.2574612149654526e-11 	 -5.3294480282589095e-6 	 2.1919426379369863e-6 	 -8.739339157561704e-6 	 -8.527129555613026e-6 	 -1.9668578556582074e-7 	 -1.935799030913187e-7 	 -8.103251595268606e-8 	 -8.836774505879439e-8 	 -4.7095792493897176e-8 	 -4.483925420315243e-8 	 -9.043079909232962e-10 	 -9.59804890405951e-10 	 6.653069930886656e-11 	 6.999177208042606e-11 	 -9.839050067621567e-10 	 -1.1417948179545962e-9 	 1.5025718229048096e-8 	 1.5039656521051494e-8 	 -2.368067902455584e-11 	 -1.3711201583373467e-11 	 
83.08808301949652 	 -0.006038531266973155 	 -0.006061375264827257 	 -6.156752990528093e-7 	 4.4320314506109364e-5 	 3.811749865141046e-12 	 4.3868441884454544e-11 	 -5.258499785544873e-6 	 2.1685298407864e-6 	 -8.681060866027161e-6 	 -8.465359869970933e-6 	 -1.952439727349347e-7 	 -1.9208865537463302e-7 	 -8.173878566312933e-8 	 -8.912249433554715e-8 	 -4.750710026246604e-8 	 -4.5101408878720594e-8 	 -9.212361453708713e-10 	 -9.776256758848547e-10 	 6.875040756571971e-11 	 7.232262029652825e-11 	 -1.0016851196527434e-9 	 -1.1649520229192423e-9 	 1.5225972318717476e-8 	 1.524097382411268e-8 	 -2.4388927944956062e-11 	 -1.4066418931822921e-11 	 
84.55238235586127 	 -0.005782716942697579 	 -0.005805122352130431 	 -6.108094430870693e-7 	 4.3704466814306205e-5 	 3.957792451822484e-12 	 4.519782157311636e-11 	 -5.186970065350249e-6 	 2.1448008483827567e-6 	 -8.621886765232304e-6 	 -8.401154647394232e-6 	 -1.9376634071579147e-7 	 -1.9056125259295805e-7 	 -8.240075597288837e-8 	 -8.982523839069775e-8 	 -4.793627931619314e-8 	 -4.542870162561643e-8 	 -9.383467080414e-10 	 -9.956305216596625e-10 	 7.104213498948242e-11 	 7.470293218039603e-11 	 -1.0196205184697358e-9 	 -1.1887581823748969e-9 	 1.5426069250813732e-8 	 1.544219072516927e-8 	 -2.5116407933091778e-11 	 -1.4428478159609903e-11 	 
86.04248770999126 	 -0.0055245737358694995 	 -0.00554654762740302 	 -6.058323765860031e-7 	 4.309023340591105e-5 	 4.109602559831394e-12 	 4.6563620821763466e-11 	 -5.1153752944002406e-6 	 2.120876564869396e-6 	 -8.562059657121139e-6 	 -8.332263488658513e-6 	 -1.9225414547238865e-7 	 -1.8899895641893668e-7 	 -8.301021426142222e-8 	 -9.048231517379993e-8 	 -4.8346097065958663e-8 	 -4.580597664369224e-8 	 -9.556385691372941e-10 	 -1.0138178133043383e-9 	 7.339370382955845e-11 	 7.711841572985435e-11 	 -1.0377072938724496e-9 	 -1.2125755692312587e-9 	 1.562599835086322e-8 	 1.5643301060840934e-8 	 -2.5863561566658588e-11 	 -1.4797404299550787e-11 	 
87.5588538731551 	 -0.005258261771031153 	 -0.005279829436457081 	 -6.007509405723604e-7 	 4.247784666730221e-5 	 4.267414814183024e-12 	 4.796672166692606e-11 	 -5.0444599603828565e-6 	 2.09693293336373e-6 	 -8.499236084172317e-6 	 -8.242499288468388e-6 	 -1.9070951056671384e-7 	 -1.8740390134518097e-7 	 -8.356710798844224e-8 	 -9.110617964108858e-8 	 -4.872983148069345e-8 	 -4.6189235236514194e-8 	 -9.731105304934025e-10 	 -1.0321858252352448e-9 	 7.579044638607757e-11 	 7.955685052299155e-11 	 -1.0559353638045827e-9 	 -1.2367269103631054e-9 	 1.582574815912875e-8 	 1.584429821770782e-8 	 -2.6630843460158095e-11 	 -1.517321856457865e-11 	 
89.10194365161628 	 -0.004975360375472186 	 -0.004996502492602038 	 -5.955763592438498e-7 	 4.186661771236264e-5 	 4.431473712282752e-12 	 4.9408017602601825e-11 	 -4.975439590911542e-6 	 2.073257296524582e-6 	 -8.431257488376347e-6 	 -8.176995056363052e-6 	 -1.891359160679373e-7 	 -1.8577958797483672e-7 	 -8.407972385971971e-8 	 -9.171131500697478e-8 	 -4.909950946564724e-8 	 -4.6547904510257336e-8 	 -9.90761201314373e-10 	 -1.0507326088038201e-9 	 7.821822242476739e-11 	 8.200983788793913e-11 	 -1.0742952205326275e-9 	 -1.2612108817337243e-9 	 1.6025305530996432e-8 	 1.604517423823206e-8 	 -2.7418722419929043e-11 	 -1.5555941623408564e-11 	 
90.67222800788498 	 -0.00467236314083818 	 -0.00469310437412123 	 -5.903265046777909e-7 	 4.125840372684387e-5 	 4.602033747240774e-12 	 5.088841266222388e-11 	 -4.910008597622009e-6 	 2.050253810866902e-6 	 -8.341280356612451e-6 	 -8.109107346913928e-6 	 -1.8753889707150688e-7 	 -1.8413158834800667e-7 	 -8.456142400427197e-8 	 -9.231123403806401e-8 	 -4.946582593421601e-8 	 -4.6882665724773707e-8 	 -1.0085888166031465e-9 	 -1.069455797530789e-9 	 8.066540546083078e-11 	 8.44737066350798e-11 	 -1.092779976870953e-9 	 -1.2860213178637452e-9 	 1.622465585091284e-8 	 1.62459200460281e-8 	 -2.8227679291592533e-11 	 -1.594558296272641e-11 	 
92.27018620445939 	 -0.00435023387279884 	 -0.004370542850912803 	 -5.850273450952912e-7 	 4.065130419150514e-5 	 4.779359398808525e-12 	 5.2408819620793356e-11 	 -4.850109199024115e-6 	 2.028394639880011e-6 	 -8.283123149470088e-6 	 -8.037598454970366e-6 	 -1.8592648746543369e-7 	 -1.824679964150167e-7 	 -8.502670552932587e-8 	 -9.291716426040443e-8 	 -4.9831166660415354e-8 	 -4.720773194887489e-8 	 -1.0265909558687442e-9 	 -1.0883523054340772e-9 	 8.312435633389736e-11 	 8.69495051559388e-11 	 -1.1113836884453035e-9 	 -1.3111542301148821e-9 	 1.6423780237156518e-8 	 1.6446522667158468e-8 	 -2.9058203376151615e-11 	 -1.6342144837405704e-11 	 
93.89630595010014 	 -0.004012285254424829 	 -0.00403216616051201 	 -5.797134287971542e-7 	 4.004784147587614e-5 	 4.9637262407467576e-12 	 5.397015932389893e-11 	 -4.797808179346747e-6 	 2.008193449812391e-6 	 -8.217166168295252e-6 	 -7.967420216551995e-6 	 -1.8430936364404762e-7 	 -1.8079957767266606e-7 	 -8.548865873300317e-8 	 -9.353780026692511e-8 	 -5.0190694623003834e-8 	 -4.7532795010908154e-8 	 -1.0447641824311662e-9 	 -1.107417941486888e-9 	 8.559177299903908e-11 	 8.944235125640354e-11 	 -1.1300993785010265e-9 	 -1.336608859758462e-9 	 1.662265674670709e-8 	 1.6646966457679274e-8 	 -2.991079344724146e-11 	 -1.6745625511555563e-11 	 
95.55108354868277 	 -0.003671188246569519 	 -0.003690635964369921 	 -5.744274525371739e-7 	 3.9445801328576796e-5 	 5.155421391646598e-12 	 5.5573358477523647e-11 	 -4.754970815904554e-6 	 1.9901325205789708e-6 	 -8.150079615233277e-6 	 -7.897526465632911e-6 	 -1.8270070382603232e-7 	 -1.7913963328779087e-7 	 -8.595800689577755e-8 	 -9.417921346625814e-8 	 -5.0535487224369534e-8 	 -4.785890759618267e-8 	 -1.0631036099181099e-9 	 -1.1266469459917837e-9 	 8.806907151111986e-11 	 9.196086408272076e-11 	 -1.1489172388033746e-9 	 -1.362385101285659e-9 	 1.6821258128231648e-8 	 1.6847230865473016e-8 	 -3.078595664451067e-11 	 -1.7156005505594707e-11 	 
97.23502405067315 	 -0.0033479989631051026 	 -0.0033670080170869654 	 -5.692172718372107e-7 	 3.884753015280005e-5 	 5.354744121797983e-12 	 5.721934963895392e-11 	 -4.722596605066833e-6 	 1.9745108276841806e-6 	 -8.085323671653942e-6 	 -7.826387793803292e-6 	 -1.811152557581589e-7 	 -1.7750306710455934e-7 	 -8.64429840620735e-8 	 -9.484479303717095e-8 	 -5.085616539444461e-8 	 -4.818068764660394e-8 	 -1.0816024481462781e-9 	 -1.1460315049062722e-9 	 9.056152870823231e-11 	 9.451615107711364e-11 	 -1.1678240206620228e-9 	 -1.38848144440227e-9 	 1.7019551637569007e-8 	 1.7047290212451706e-8 	 -3.168420659672599e-11 	 -1.7573254758555536e-11 	 
98.9486414072729 	 -0.003062249635699754 	 -0.0030808198768314194 	 -5.641302772641479e-7 	 3.825123318687429e-5 	 5.562006280045717e-12 	 5.89090679010995e-11 	 -4.700443238811197e-6 	 1.9613516639192112e-6 	 -8.022208431430722e-6 	 -7.747773407787851e-6 	 -1.795675916996589e-7 	 -1.759046323569219e-7 	 -8.694935233051056e-8 	 -9.553518883289051e-8 	 -5.114495017118399e-8 	 -4.848950725790691e-8 	 -1.1002516307619231e-9 	 -1.1655613516276473e-9 	 9.307749019716649e-11 	 9.71203102538759e-11 	 -1.186803050951311e-9 	 -1.4148931854095116e-9 	 1.7219189800186067e-8 	 1.7247112743835692e-8 	 -3.2606058177903075e-11 	 -1.7997326712100302e-11 	 
100.69245862728103 	 -0.002830545097898079 	 -0.0028486632717840826 	 -5.592072313509069e-7 	 3.765839849749261e-5 	 5.777532806484631e-12 	 6.064345161805596e-11 	 -4.686992801117883e-6 	 1.9503851453303397e-6 	 -7.959155294363441e-6 	 -7.679048780722497e-6 	 -1.7807020084049625e-7 	 -1.7435701124406724e-7 	 -8.748035601802034e-8 	 -9.624804467812329e-8 	 -5.1396763613793526e-8 	 -4.877646794876549e-8 	 -1.1190396118623616e-9 	 -1.1852235488927659e-9 	 9.562790519989817e-11 	 9.978574827484487e-11 	 -1.2058344594714738e-9 	 -1.441611708762218e-9 	 1.741673341630805e-8 	 1.7448316548616973e-8 	 -3.3552031860358264e-11 	 -1.842816216487131e-11 	 
102.46700793672014 	 -0.0026643554962118596 	 -0.002682019849549 	 -5.544762924409952e-7 	 3.706836000699034e-5 	 6.00166230483562e-12 	 6.242343897395003e-11 	 -4.679451073441915e-6 	 1.9410383559103622e-6 	 -7.891371976309829e-6 	 -7.61492267036265e-6 	 -1.7663164470150257e-7 	 -1.7286895383800935e-7 	 -8.803668494672351e-8 	 -9.69774997919045e-8 	 -5.1714904651042175e-8 	 -4.9034018058559914e-8 	 -1.1379523870980425e-9 	 -1.2050025113051486e-9 	 9.822493004883081e-11 	 1.0252335472301255e-10 	 -1.2248968526694818e-9 	 -1.468624212139845e-9 	 1.7613850146648416e-8 	 1.7647533550165485e-8 	 -3.4522650430253154e-11 	 -1.88656853933461e-11 	 
104.27283094127554 	 -0.0025620076249199732 	 -0.0025792126846346437 	 -5.499482261610328e-7 	 3.6481122201805985e-5 	 6.234747480807212e-12 	 6.424996903377805e-11 	 -4.674191132021417e-6 	 1.9325257779481055e-6 	 -7.826993896479336e-6 	 -7.554052802665523e-6 	 -1.7525508510425671e-7 	 -1.7144378810788588e-7 	 -8.861631242933736e-8 	 -9.771375003545275e-8 	 -5.1813734643451905e-8 	 -4.9316560491431055e-8 	 -1.1569737674934455e-9 	 -1.2248802983139105e-9 	 1.0088107980281203e-10 	 1.0534080967653625e-10 	 -1.2439708085291667e-9 	 -1.4959144754831027e-9 	 1.7810486608043972e-8 	 1.7846397429637045e-8 	 -3.551843612985939e-11 	 -1.9309802286656686e-11 	 
106.11047879159794 	 -0.0025129688918668664 	 -0.002529704617041435 	 -5.456151374382749e-7 	 3.589769005584366e-5 	 6.47715544193489e-12 	 6.612397906995664e-11 	 -4.66752539303241e-6 	 1.9240181480494975e-6 	 -7.773519852927453e-6 	 -7.49715040037373e-6 	 -1.7393790442089673e-7 	 -1.7007902750235945e-7 	 -8.921401486057595e-8 	 -9.844303706755763e-8 	 -5.2035125192541785e-8 	 -4.953529081346495e-8 	 -1.176085884305902e-9 	 -1.2448371535045626e-9 	 1.0360789953752559e-10 	 1.0824070925927964e-10 	 -1.2630449418950335e-9 	 -1.5234636646420824e-9 	 1.800658257675585e-8 	 1.804485394960382e-8 	 -3.6539912493772644e-11 	 -1.976040751346386e-11 	 
107.98051235151794 	 -0.0025041088390301055 	 -0.0025203781145574267 	 -5.4145217552112e-7 	 3.531656693573435e-5 	 6.729268049361081e-12 	 6.804640539419982e-11 	 -4.656085510659157e-6 	 1.914729335637126e-6 	 -7.721376678009642e-6 	 -7.442036580395649e-6 	 -1.7267224588502805e-7 	 -1.6876690487710104e-7 	 -8.982084205816807e-8 	 -9.914887726681881e-8 	 -5.2324288193016883e-8 	 -4.9722660801573694e-8 	 -1.195269801577186e-9 	 -1.2648521588344245e-9 	 1.0641414740416577e-10 	 1.112193981054227e-10 	 -1.2821212402117618e-9 	 -1.5512535723883746e-9 	 1.8202071578171414e-8 	 1.8242840576063705e-8 	 -3.758760774604797e-11 	 -2.0217375895664746e-11 	 
109.8835023692267 	 -0.002517103714636719 	 -0.002532915927540861 	 -5.374208366130224e-7 	 3.473969193071933e-5 	 6.991482734968469e-12 	 7.001818340798494e-11 	 -4.637243675966489e-6 	 1.9040149755827895e-6 	 -7.672891152004575e-6 	 -7.383982591627803e-6 	 -1.7144604688239617e-7 	 -1.6749540384710077e-7 	 -9.042387402341154e-8 	 -9.981583237805011e-8 	 -5.269819954168275e-8 	 -4.977490324041069e-8 	 -1.2145061872492847e-9 	 -1.2849039512678751e-9 	 1.0930438871558146e-10 	 1.1426663279216875e-10 	 -1.3012122966058916e-9 	 -1.5792728828361662e-9 	 1.8396883562611077e-8 	 1.844028765407447e-8 	 -3.866204942628348e-11 	 -2.068057183812255e-11 	 
111.82002965147176 	 -0.002536696903425905 	 -0.002552070191289754 	 -5.334742593098208e-7 	 3.416578768634807e-5 	 7.264213121496721e-12 	 7.204024711843892e-11 	 -4.609423479297828e-6 	 1.8914498877766403e-6 	 -7.625821866966708e-6 	 -7.316190523424769e-6 	 -1.7024468489824474e-7 	 -1.6624991017312166e-7 	 -9.100684859791012e-8 	 -1.0043509888467881e-7 	 -5.31160462583696e-8 	 -4.999649671529062e-8 	 -1.2337759190626454e-9 	 -1.3049713695083331e-9 	 1.1227731621106796e-10 	 1.1736776717026943e-10 	 -1.3203257169015767e-9 	 -1.607524964584085e-9 	 1.859094659016602e-8 	 1.8637119708515292e-8 	 -3.976377124171815e-11 	 -2.1149850631055346e-11 	 
113.79068524082398 	 -0.002552856506332301 	 -0.002567780001533635 	 -5.295622992734591e-7 	 3.3594876066546466e-5 	 7.547889535561014e-12 	 7.411353244223706e-11 	 -4.571870876050363e-6 	 1.8767856237539627e-6 	 -7.578035103223768e-6 	 -7.270574994170975e-6 	 -1.6905255147781053e-7 	 -1.6501479351782921e-7 	 -9.155290194558304e-8 	 -1.0100817839053772e-7 	 -5.351129990396675e-8 	 -5.0302341676414944e-8 	 -1.2530605872384951e-9 	 -1.325033990307134e-9 	 1.1532521302677179e-10 	 1.2050680909630796e-10 	 -1.339448774305999e-9 	 -1.6360296137585928e-9 	 1.8784188912679015e-8 	 1.8833259643364905e-8 	 -4.0893316112087796e-11 	 -2.162505422263983e-11 	 
115.79607059606842 	 -0.0025563849689843286 	 -0.002570887503516354 	 -5.256354269616385e-7 	 3.3029153110505555e-5 	 7.842958943435063e-12 	 7.623897822485875e-11 	 -4.5245962854038135e-6 	 1.8599439795704396e-6 	 -7.5225238436377e-6 	 -7.216688773116734e-6 	 -1.6785425916926516e-7 	 -1.6377462188443384e-7 	 -9.204974682940436e-8 	 -1.015454031112594e-7 	 -5.3850030404560504e-8 	 -5.067059447900575e-8 	 -1.2723428455823072e-9 	 -1.3450725025197464e-9 	 1.1843502648129666e-10 	 1.2367020977156805e-10 	 -1.3585500143039713e-9 	 -1.664809103516821e-9 	 1.8976538898556582e-8 	 1.9028632586739494e-8 	 -4.205123318963333e-11 	 -2.210601278357316e-11 	 
117.83679777577332 	 -0.0025443252885766067 	 -0.0025584131176162443 	 -5.216483308991025e-7 	 3.246461496345275e-5 	 8.149886072954804e-12 	 7.841752795789193e-11 	 -4.468247851375531e-6 	 1.8409947907857537e-6 	 -7.468667559668637e-6 	 -7.1632675088722194e-6 	 -1.6663575415166227e-7 	 -1.625152835857831e-7 	 -9.249450381999647e-8 	 -1.0206076555706797e-7 	 -5.413965612265484e-8 	 -5.1035633861449005e-8 	 -1.291606658057074e-9 	 -1.365068968837252e-9 	 1.2159077452651934e-10 	 1.2685046610533822e-10 	 -1.3775932945504676e-9 	 -1.6938664644203972e-9 	 1.9167923635612798e-8 	 1.9223167043406766e-8 	 -4.323808781587224e-11 	 -2.2592545585688463e-11 	 
119.91348962509578 	 -0.0025161718640083082 	 -0.002529851232348227 	 -5.175616877414248e-7 	 3.1906578417531925e-5 	 8.469154280920099e-12 	 8.065013265734667e-11 	 -4.403686987175583e-6 	 1.8200648499652862e-6 	 -7.422093145403425e-6 	 -7.109352404548397e-6 	 -1.6538486063552442e-7 	 -1.6122453788350714e-7 	 -9.289428822115767e-8 	 -1.0256702489838954e-7 	 -5.439779420511277e-8 	 -5.1348097442343626e-8 	 -1.3108373802135955e-9 	 -1.385006911662061e-9 	 1.2477745477385005e-10 	 1.3004742085697353e-10 	 -1.3965463232574177e-9 	 -1.7231792998408263e-9 	 1.9358270103782497e-8 	 1.9416795139558087e-8 	 -4.445445751683374e-11 	 -2.3084457608489872e-11 	 
122.026779965878 	 -0.0024710540731669684 	 -0.002484351640111013 	 -5.133430315986724e-7 	 3.1362439731789226e-5 	 8.8012668854337e-12 	 8.29377542806184e-11 	 -4.332086576209385e-6 	 1.7973610503680922e-6 	 -7.372054169839065e-6 	 -7.0517331582018725e-6 	 -1.6409154615521564e-7 	 -1.5989228487677586e-7 	 -9.326205552643511e-8 	 -1.030732220240586e-7 	 -5.46302308762069e-8 	 -5.1605236499892694e-8 	 -1.3300218096410395e-9 	 -1.4048713654523416e-9 	 1.2798465783810498e-10 	 1.3326765075757308e-10 	 -1.4153802410536198e-9 	 -1.7527140167919148e-9 	 1.954750386319297e-8 	 1.960944840017254e-8 	 -4.570093117292007e-11 	 -2.3581534913611478e-11 	 
124.17731379009476 	 -0.0024133570091784406 	 -0.0024262798046178267 	 -5.089673954631306e-7 	 3.0809319952531696e-5 	 9.146748180959563e-12 	 8.528136717008583e-11 	 -4.254597905762782e-6 	 1.7730977001992147e-6 	 -7.321111142186039e-6 	 -6.983670987059582e-6 	 -1.6274811498425648e-7 	 -1.585107641623857e-7 	 -9.361143097964081e-8 	 -1.0358386963982457e-7 	 -5.4830995993870124e-8 	 -5.182700946402594e-8 	 -1.3491481079953513e-9 	 -1.4246487923456419e-9 	 1.3120813170148126e-10 	 1.365234895341899e-10 	 -1.434065344297801e-9 	 -1.7824408316746376e-9 	 1.9735550270128373e-8 	 1.980105707004729e-8 	 -4.697810848364792e-11 	 -2.4083541297894584e-11 	 
126.36574745671011 	 -0.0023432473098857014 	 -0.002355812080508511 	 -5.044163698716961e-7 	 3.026927519517882e-5 	 9.506143380037802e-12 	 8.768195742477419e-11 	 -4.17233031824548e-6 	 1.7474904861923542e-6 	 -7.268264869558279e-6 	 -6.9176250685311154e-6 	 -1.613489142240657e-7 	 -1.5707426088620725e-7 	 -9.395354252328601e-8 	 -1.0409886350250435e-7 	 -5.499153554528771e-8 	 -5.202635106246194e-8 	 -1.3682057419637994e-9 	 -1.4443270184362974e-9 	 1.3445034559429137e-10 	 1.3982977987998413e-10 	 -1.4525690910066939e-9 	 -1.8123365756537946e-9 	 1.9922333324228153e-8 	 1.9991549090616345e-8 	 -4.828660235231874e-11 	 -2.4590223534070034e-11 	 
128.59274889200225 	 -0.002265012042520091 	 -0.0022772186238810693 	 -4.99678062279102e-7 	 2.972611285125764e-5 	 9.88001895381091e-12 	 9.014052644864823e-11 	 -4.086388678126292e-6 	 1.7207646967243906e-6 	 -7.210943177758628e-6 	 -6.856024639114085e-6 	 -1.5989031659746535e-7 	 -1.5557909203272666e-7 	 -9.429582471897739e-8 	 -1.046134337708005e-7 	 -5.511150675547185e-8 	 -5.220197788449608e-8 	 -1.3871853504595263e-9 	 -1.4638950906334641e-9 	 1.377202103903652e-10 	 1.4320143234115568e-10 	 -1.4708574362219522e-9 	 -1.842379508756843e-9 	 2.0107775036458437e-8 	 2.018085052168058e-8 	 -4.962702673625585e-11 	 -2.510129989816312e-11 	 
130.8589977934205 	 -0.0021799961754475927 	 -0.0021918803732591022 	 -4.947458728535088e-7 	 2.919172465265915e-5 	 1.0268963946838682e-11 	 9.265808841511209e-11 	 -3.997650415829207e-6 	 1.693103882349237e-6 	 -7.133603614730717e-6 	 -6.7896448270280235e-6 	 -1.583703397434141e-7 	 -1.5402322456086537e-7 	 -9.464188224718146e-8 	 -1.051177595676846e-7 	 -5.521211174420644e-8 	 -5.234448157801958e-8 	 -1.4060786471845383e-9 	 -1.483343171215783e-9 	 1.4103035325509606e-10 	 1.4665015720022823e-10 	 -1.4889007104901878e-9 	 -1.8725455066489054e-9 	 2.029179613945151e-8 	 2.03688871875852e-8 	 -5.100000357766532e-11 	 -2.5616467264118483e-11 	 
133.16518583703325 	 -0.0020907812951915694 	 -0.0021023338948255982 	 -4.896179250740931e-7 	 2.8667991160876415e-5 	 1.0673591939223125e-11 	 9.523567168326003e-11 	 -3.907008298128305e-6 	 1.6647026627683119e-6 	 -7.0799668660466875e-6 	 -6.7209478881908615e-6 	 -1.5678846700738196e-7 	 -1.524060973429232e-7 	 -9.499131456695259e-8 	 -1.0559719909723033e-7 	 -5.534091511940116e-8 	 -5.2444032734123945e-8 	 -1.4248782801626236e-9 	 -1.5026623855228104e-9 	 1.4439588221074163e-10 	 1.5018141547411267e-10 	 -1.5066836240293918e-9 	 -1.9028056368858527e-9 	 2.0474314802161998e-8 	 2.0555583822760525e-8 	 -5.24061574274487e-11 	 -2.6135410144794702e-11 	 
135.51201688863299 	 -0.0019994348476780693 	 -0.002010667168140271 	 -4.842961559339241e-7 	 2.8139923108979236e-5 	 1.109454189631709e-11 	 9.787431571806004e-11 	 -3.815099362817876e-6 	 1.6357052519322565e-6 	 -7.015660962768775e-6 	 -6.648257046841609e-6 	 -1.5514536434715333e-7 	 -1.5072833735289918e-7 	 -9.53393093127446e-8 	 -1.0603431135715642e-7 	 -5.55488183704711e-8 	 -5.2501664626716595e-8 	 -1.4435777378794308e-9 	 -1.5218447197085505e-9 	 1.4783137816895164e-10 	 1.5379269116189088e-10 	 -1.5242123153563522e-9 	 -1.9331289949077872e-9 	 2.065524613187435e-8 	 2.0740863643812117e-8 	 -5.384612119600174e-11 	 -2.6657794119170907e-11 	 
137.90020721856175 	 -0.0019067914793202277 	 -0.0019177294192040107 	 -4.787854739573893e-7 	 2.762556983025184e-5 	 1.153247974628957e-11 	 1.0057507009719635e-10 	 -3.7225628723521105e-6 	 1.6062611820421973e-6 	 -6.949341304677621e-6 	 -6.565887201558428e-6 	 -1.5344261855543918e-7 	 -1.4899149710553828e-7 	 -9.567608966451894e-8 	 -1.0641392291352663e-7 	 -5.5838530516853036e-8 	 -5.254114142929423e-8 	 -1.4621712235737308e-9 	 -1.5408828854041529e-9 	 1.5134783373706607e-10 	 1.5747319101451608e-10 	 -1.5415052956600604e-9 	 -1.963491033610886e-9 	 2.0834501916762232e-8 	 2.092464796262182e-8 	 -5.5320532201481034e-11 	 -2.718326432515683e-11 	 
140.3304857203213 	 -0.0018148238979839354 	 -0.0018254804666391576 	 -4.7309331362161663e-7 	 2.7119224744148905e-5 	 1.1988098229562816e-11 	 1.0333899228257143e-10 	 -3.629864221968916e-6 	 1.5764856055106514e-6 	 -6.88139988041742e-6 	 -6.480308041132402e-6 	 -1.5168259776975714e-7 	 -1.47197915466025e-7 	 -9.59869345645714e-8 	 -1.067299161645994e-7 	 -5.614046894509154e-8 	 -5.2611311955135875e-8 	 -1.4806535861330056e-9 	 -1.5597702452104145e-9 	 1.5495004278847368e-10 	 1.6120661312581276e-10 	 -1.5585679911486508e-9 	 -1.9938858304639216e-9 	 2.1011988782567582e-8 	 2.1106854188022347e-8 	 -5.683003254211505e-11 	 -2.7711463386386192e-11 	 
142.80359413303793 	 -0.0017237698329632544 	 -0.001734132972429689 	 -4.6722883262516175e-7 	 2.660927052443037e-5 	 1.2462118968343262e-11 	 1.061671453722246e-10 	 -3.5374301750602512e-6 	 1.546487921369426e-6 	 -6.809507487926556e-6 	 -6.4070102682302526e-6 	 -1.498682028440781e-7 	 -1.4535046756086248e-7 	 -9.625427003334121e-8 	 -1.0698830666675663e-7 	 -5.637144613510513e-8 	 -5.276291995845033e-8 	 -1.4990202095783777e-9 	 -1.5785006911823532e-9 	 1.5863485919066944e-10 	 1.6497682763793874e-10 	 -1.5753733898240038e-9 	 -2.0243353536039e-9 	 2.1187608073719605e-8 	 2.128739559464749e-8 	 -5.837528220223098e-11 	 -2.824201669961779e-11 	 
145.32028726784566 	 -0.0016350031354856816 	 -0.0016451066060772124 	 -4.61202647921958e-7 	 2.611477315644916e-5 	 1.2955292991747025e-11 	 1.0906059401475515e-10 	 -3.445582790132393e-6 	 1.5163567228971973e-6 	 -6.727867010169562e-6 	 -6.324818656840428e-6 	 -1.4800278448854961e-7 	 -1.4345248226637477e-7 	 -9.646292986116045e-8 	 -1.0720387703265873e-7 	 -5.6501444323349474e-8 	 -5.299546287754566e-8 	 -1.5172669682882798e-9 	 -1.5970685960020892e-9 	 1.6239098087413696e-10 	 1.6877234250085638e-10 	 -1.5918716601672555e-9 	 -2.0548772267313124e-9 	 2.1361254726918295e-8 	 2.1466180108120212e-8 	 -5.995695773548415e-11 	 -2.8774537824339253e-11 	 
147.88133323826136 	 -0.0015484468205648743 	 -0.0015582952608371782 	 -4.550262117475592e-7 	 2.562816468450979e-5 	 1.3468399253272478e-11 	 1.120204032079708e-10 	 -3.354592017428164e-6 	 1.48617042468377e-6 	 -6.650136869297375e-6 	 -6.241464932682345e-6 	 -1.4608995043052076e-7 	 -1.4150754792519534e-7 	 -9.660687457480277e-8 	 -1.0739318601550287e-7 	 -5.6545435529752336e-8 	 -5.3236731301301934e-8 	 -1.535390137248845e-9 	 -1.615468717196242e-9 	 1.6620222307509702e-10 	 1.725905316163334e-10 	 -1.6080107477006256e-9 	 -2.0855313101151503e-9 	 2.1532815398853576e-8 	 2.1643108381512532e-8 	 -6.157575308827323e-11 	 -2.9308628774860065e-11 	 
150.48751369461772 	 -0.0014649211707382943 	 -0.0014745124316062593 	 -4.4871169883486994e-7 	 2.5137485163381244e-5 	 1.4002247286198366e-11 	 1.1504763447279242e-10 	 -3.264687253111394e-6 	 1.4559996363902078e-6 	 -6.572553652383927e-6 	 -6.1553996838828525e-6 	 -1.441335295612176e-7 	 -1.3951947698365761e-7 	 -9.669230127094941e-8 	 -1.075690315769975e-7 	 -5.652713917697442e-8 	 -5.340576383855928e-8 	 -1.5533863660969761e-9 	 -1.6336961680815444e-9 	 1.7005145488010466e-10 	 1.764374726800916e-10 	 -1.6237468192569135e-9 	 -2.116276454924136e-9 	 2.1702168350918837e-8 	 2.1818073730938976e-8 	 -6.323238994651647e-11 	 -2.9843877287401564e-11 	 
153.13962406262917 	 -0.001384457175663597 	 -0.001393815385477364 	 -4.422715935838616e-7 	 2.4661751395672977e-5 	 1.455767745028702e-11 	 1.1814334214399896e-10 	 -3.1760307726471437e-6 	 1.4259006128051737e-6 	 -6.4925234668512405e-6 	 -6.0618169687820925e-6 	 -1.4213744442571057e-7 	 -1.374921774846563e-7 	 -9.673422797968365e-8 	 -1.0773787175771957e-7 	 -5.646297124019383e-8 	 -5.347738492943181e-8 	 -1.5712526051067791e-9 	 -1.6517463366143808e-9 	 1.739264419948977e-10 	 1.8032605722311024e-10 	 -1.6390432463398203e-9 	 -2.147063324751916e-9 	 2.186918289475104e-8 	 2.1990961533717223e-8 	 -6.492761812398218e-11 	 -3.037984595721133e-11 	 
155.83847378616224 	 -0.0013073204884914056 	 -0.0013164663663480796 	 -4.3571852244986796e-7 	 2.420865145731558e-5 	 1.5135564195784824e-11 	 1.2130857266302447e-10 	 -3.088760926197839e-6 	 1.3959245413679338e-6 	 -6.4118466230640615e-6 	 -5.969852250393529e-6 	 -1.401056592027325e-7 	 -1.3542960081099045e-7 	 -9.674988375343537e-8 	 -1.0789879232417537e-7 	 -5.6371062313098174e-8 	 -5.3470834389196316e-8 	 -1.5889860913952577e-9 	 -1.669614867727539e-9 	 1.778230835477107e-10 	 1.8427146164163688e-10 	 -1.6538703185246034e-9 	 -2.177841569004027e-9 	 2.2033717898414257e-8 	 2.2161647432580315e-8 	 -6.66622024217034e-11 	 -3.0916074628103976e-11 	 
158.58488657428276 	 -0.0012335021280842884 	 -0.0012424185800018874 	 -4.290650646773358e-7 	 2.373857729693219e-5 	 1.5736818423112975e-11 	 1.245443603041599e-10 	 -3.0029833923117265e-6 	 1.3661152991632627e-6 	 -6.329310434130731e-6 	 -5.87876844067239e-6 	 -1.3804212110738435e-7 	 -1.333356827506788e-7 	 -9.675345795011818e-8 	 -1.0804337474733331e-7 	 -5.6294551985568046e-8 	 -5.3409536987431594e-8 	 -1.606584297218116e-9 	 -1.6872976045369492e-9 	 1.8174607317967774e-10 	 1.882861761412058e-10 	 -1.6682117244039766e-9 	 -2.208571285303805e-9 	 2.2195622498768328e-8 	 2.2329996813903018e-8 	 -6.843692460202555e-11 	 -3.145208057981852e-11 	 
161.37970065265932 	 -0.0011630875885794165 	 -0.0011717880475024286 	 -4.223236733636677e-7 	 2.327879381985032e-5 	 1.6362387880413666e-11 	 1.278517271522947e-10 	 -2.918787395324757e-6 	 1.3365129135753518e-6 	 -6.243049606162953e-6 	 -5.787031072011007e-6 	 -1.3595073577149157e-7 	 -1.3121431886303627e-7 	 -9.675361093532771e-8 	 -1.0815714198675441e-7 	 -5.629593714595132e-8 	 -5.330485090147772e-8 	 -1.6240449178176516e-9 	 -1.704790575935094e-9 	 1.857074170525519e-10 	 1.9237591593987747e-10 	 -1.6820764525676771e-9 	 -2.2392203948926827e-9 	 2.2354740415362756e-8 	 2.2495866474705562e-8 	 -7.025258644326737e-11 	 -3.198735815360509e-11 	 
164.22376901939475 	 -0.001096046936158293 	 -0.0011045578484153774 	 -4.155065323470238e-7 	 2.2834507674434845e-5 	 1.7013257864132713e-11 	 1.3123168268901836e-10 	 -2.8362283887781456e-6 	 1.307149498261324e-6 	 -6.145328261675481e-6 	 -5.694502270108666e-6 	 -1.3383532310727245e-7 	 -1.2906931995951844e-7 	 -9.675237571440779e-8 	 -1.0822392981841087e-7 	 -5.6406344588077776e-8 	 -5.316334525796871e-8 	 -1.6413658338433466e-9 	 -1.7220899555781193e-9 	 1.8972290876386634e-10 	 1.9653673780089141e-10 	 -1.6954976125623362e-9 	 -2.2697599356138607e-9 	 2.2510912644833177e-8 	 2.2659103240903943e-8 	 -7.211000089655417e-11 	 -3.2521390904962644e-11 	 
167.11795970536812 	 -0.0010323039213123678 	 -0.0010406091806196634 	 -4.0862547269985564e-7 	 2.2388531694179966e-5 	 1.7690451559725372e-11 	 1.3468522223518187e-10 	 -2.7553534854640653e-6 	 1.2780547449824016e-6 	 -6.063272226959831e-6 	 -5.59946442282479e-6 	 -1.316995916061693e-7 	 -1.2690438612696008e-7 	 -9.674446638219316e-8 	 -1.0823352200383752e-7 	 -5.653642451034714e-8 	 -5.301012890149106e-8 	 -1.6585451013969915e-9 	 -1.7391920494726098e-9 	 1.9380821248462243e-10 	 2.0075700938407936e-10 	 -1.7085045701196311e-9 	 -2.3001690127998296e-9 	 2.2663982904300323e-8 	 2.2819546176325832e-8 	 -7.400998974707972e-11 	 -3.305363996078392e-11 	 
170.06315603916474 	 -0.0009717675266725552 	 -0.000979884246508505 	 -4.0169195927902415e-7 	 2.194241922027071e-5 	 1.8395032674785594e-11 	 1.3821333275151033e-10 	 -2.6762024445071172e-6 	 1.2492561201160125e-6 	 -5.975360754867638e-6 	 -5.491803903217523e-6 	 -1.2954713395648416e-7 	 -1.2472310250141664e-7 	 -9.671758789344771e-8 	 -1.081879159902558e-7 	 -5.65782484333352e-8 	 -5.2900142895801904e-8 	 -1.675580930062108e-9 	 -1.7560932698566864e-9 	 1.9797273197743825e-10 	 2.050218439656898e-10 	 -1.7210869152543652e-9 	 -2.330451665338128e-9 	 2.2813802783690687e-8 	 2.2977033117035573e-8 	 -7.595339085998575e-11 	 -3.358356567626841e-11 	 
173.06025691667327 	 -0.0009144305635471123 	 -0.0009223566455116577 	 -3.9471703852156353e-7 	 2.1515095939972993e-5 	 1.9128108517968146e-11 	 1.418169943834588e-10 	 -2.598793075165135e-6 	 1.2207755503601174e-6 	 -5.8875173427617735e-6 	 -5.403676381933152e-6 	 -1.2738141096970166e-7 	 -1.2252892303772463e-7 	 -9.665475237579645e-8 	 -1.081004438385279e-7 	 -5.6520984282892026e-8 	 -5.289213732977619e-8 	 -1.692471665651818e-9 	 -1.7727901147167542e-9 	 2.022180260387757e-10 	 2.0931943554524657e-10 	 -1.7331905287684467e-9 	 -2.3606496618407356e-9 	 2.2960229593459846e-8 	 2.3131405913690656e-8 	 -7.794106022082692e-11 	 -3.411061223414169e-11 	 
176.1101770754371 	 -0.0008601000260274859 	 -0.0008678470657650438 	 -3.8771126295199266e-7 	 2.109156992472543e-5 	 1.9890832197319852e-11 	 1.454971817210779e-10 	 -2.5231329088051696e-6 	 1.1926318832127621e-6 	 -5.798833124620711e-6 	 -5.307256687197106e-6 	 -1.2520572860807255e-7 	 -1.2032514709254435e-7 	 -9.654036887849241e-8 	 -1.0798836752620086e-7 	 -5.640663600093859e-8 	 -5.298436697005515e-8 	 -1.7092157815420022e-9 	 -1.7892791563201338e-9 	 2.0653573312065577e-10 	 2.1364640434063442e-10 	 -1.744745830565413e-9 	 -2.390827312414406e-9 	 2.3103120387530653e-8 	 2.328251390068372e-8 	 -7.997388167380881e-11 	 -3.4634205797297593e-11 	 
179.2138473738376 	 -0.00080853068398809 	 -0.0008160979013151507 	 -3.8068474207057165e-7 	 2.0666716766293228e-5 	 2.0684401620630622e-11 	 1.4925487435251737e-10 	 -2.449248122019864e-6 	 1.1648473689200173e-6 	 -5.707501367614971e-6 	 -5.211723034296208e-6 	 -1.2302325331760521e-7 	 -1.1811493518971729e-7 	 -9.63681957345999e-8 	 -1.0786508642350796e-7 	 -5.624292219282731e-8 	 -5.3021268905913094e-8 	 -1.7258118618542278e-9 	 -1.805557019322891e-9 	 2.10910984531798e-10 	 2.1800852256601166e-10 	 -1.7556946763043007e-9 	 -2.42102245166196e-9 	 2.3242333306750425e-8 	 2.3430220052686468e-8 	 -8.205276688731444e-11 	 -3.5153753269523966e-11 	 
182.3722150751998 	 -0.0007597128898759909 	 -0.0007671163052506449 	 -3.7364723854386964e-7 	 2.024682801421064e-5 	 2.1510063556264835e-11 	 1.5309105584534548e-10 	 -2.3771648372904236e-6 	 1.1374436786038743e-6 	 -5.6039814905682655e-6 	 -5.116183751325108e-6 	 -1.2083704096248483e-7 	 -1.1590133879617272e-7 	 -9.61453432564105e-8 	 -1.0773551445835599e-7 	 -5.596012237173395e-8 	 -5.2963185415337006e-8 	 -1.7422585891223463e-9 	 -1.8216203669465661e-9 	 2.1532820682168108e-10 	 2.22417414569841e-10 	 -1.7660001676419935e-9 	 -2.4512101012864783e-9 	 2.3377732046004043e-8 	 2.3574402576801944e-8 	 -8.417866106991078e-11 	 -3.5668649664352125e-11 	 
185.58624413690444 	 -0.000713452435384724 	 -0.0007206923720030878 	 -3.666081060559016e-7 	 1.9844478166138536e-5 	 2.2369116711480617e-11 	 1.5700672345705351e-10 	 -2.306893272625746e-6 	 1.1104382964639392e-6 	 -5.520106767689691e-6 	 -5.01688448262515e-6 	 -1.1865001772783327e-7 	 -1.1368728102655563e-7 	 -9.588846780366606e-8 	 -1.0759485115403949e-7 	 -5.571232077008733e-8 	 -5.282856779351482e-8 	 -1.7585547070599122e-9 	 -1.8374658556591865e-9 	 2.1977690217917401e-10 	 2.2688554062028355e-10 	 -1.7760125396497218e-9 	 -2.48131962475986e-9 	 2.350918718676237e-8 	 2.371494909711598e-8 	 -8.635254734126852e-11 	 -3.617825903658001e-11 	 
188.85691550459407 	 -0.0006695998626037042 	 -0.0006766855175925176 	 -3.595763578720969e-7 	 1.944152304601483e-5 	 2.3262912033909232e-11 	 1.61002881511412e-10 	 -2.2384698071972288e-6 	 1.0838539374148674e-6 	 -5.429460977738578e-6 	 -4.913041744252537e-6 	 -1.1646500062319076e-7 	 -1.1147557783869675e-7 	 -9.5615828971243e-8 	 -1.0746204006401974e-7 	 -5.557286186433998e-8 	 -5.2660649159336785e-8 	 -1.7746990081227215e-9 	 -1.8530901214344042e-9 	 2.2425585246376278e-10 	 2.314198127936312e-10 	 -1.7850877866202103e-9 	 -2.511277170882604e-9 	 2.3636572905023607e-8 	 2.3851748045830395e-8 	 -8.857543545216395e-11 	 -3.6681921956757125e-11 	 
192.1852274115662 	 -0.0006282808090374325 	 -0.0006351988487094701 	 -3.525606929841749e-7 	 1.9039269016583158e-5 	 2.4192853653132453e-11 	 1.6508055478907435e-10 	 -2.171900362510193e-6 	 1.0577060627649131e-6 	 -5.3394772671573365e-6 	 -4.821113512097191e-6 	 -1.1428470489514392e-7 	 -1.0926894605926971e-7 	 -9.53406676779965e-8 	 -1.0726523507048074e-7 	 -5.55609679244072e-8 	 -5.243978058501095e-8 	 -1.790690280389311e-9 	 -1.8684897177119134e-9 	 2.2877347379552936e-10 	 2.3601868031487896e-10 	 -1.7935617012654125e-9 	 -2.5410277929209933e-9 	 2.3759769735178526e-8 	 2.398469117107859e-8 	 -9.084836009864538e-11 	 -3.7178965758901116e-11 	 
195.57219568344027 	 -0.0005895741888370407 	 -0.0005963319592900134 	 -3.4556928162268767e-7 	 1.8642313465772218e-5 	 2.516040159884214e-11 	 1.6924077804395227e-10 	 -2.1071367424927345e-6 	 1.03199729917863e-6 	 -5.249583428545704e-6 	 -4.725774826120463e-6 	 -1.1211167933014236e-7 	 -1.0706993698595719e-7 	 -9.506752166071898e-8 	 -1.0701020256147381e-7 	 -5.557456156237393e-8 	 -5.210984620359772e-8 	 -1.8065272918620848e-9 	 -1.8836610910810537e-9 	 2.3334415673408716e-10 	 2.406731693549996e-10 	 -1.8014771691489539e-9 	 -2.57053830611677e-9 	 2.3878664841005322e-8 	 2.4113676696751663e-8 	 -9.31723793047079e-11 	 -3.766869821902496e-11 	 
199.01885404819578 	 -0.0005533630957504336 	 -0.0005599784716869096 	 -3.386095352811853e-7 	 1.8262452423706662e-5 	 2.6167073551999487e-11 	 1.7348459918786252e-10 	 -2.044089179197599e-6 	 1.0067198435549543e-6 	 -5.1567113647887455e-6 	 -4.63142463087307e-6 	 -1.0994823749977781e-7 	 -1.0488086535502163e-7 	 -9.480795251878711e-8 	 -1.0670457554540035e-7 	 -5.546459780629711e-8 	 -5.1807025001916233e-8 	 -1.8222087812014906e-9 	 -1.898600577343847e-9 	 2.379824927268986e-10 	 2.45371756047022e-10 	 -1.8088129330191942e-9 	 -2.5998054282003557e-9 	 2.399314682687418e-8 	 2.4238607043818086e-8 	 -9.554857014142159e-11 	 -3.815041996985236e-11 	 
202.5262544516745 	 -0.0005196714003192864 	 -0.0005261444496991571 	 -3.316880357023422e-7 	 1.7880350121541726e-5 	 2.7214447342209512e-11 	 1.7781307377661316e-10 	 -1.9826528021435875e-6 	 9.818612052782072e-7 	 -5.060947696710003e-6 	 -4.536466753689808e-6 	 -1.0779643746962443e-7 	 -1.0270378759994049e-7 	 -9.452565580695721e-8 	 -1.0637138382591873e-7 	 -5.5234554124219554e-8 	 -5.160314691220001e-8 	 -1.8377334988686623e-9 	 -1.913304443908898e-9 	 2.4269712366206174e-10 	 2.5010692257373764e-10 	 -1.8155026593118695e-9 	 -2.62887054978584e-9 	 2.410310170737855e-8 	 2.435938637380331e-8 	 -9.797803864158406e-11 	 -3.862342259910445e-11 	 
206.09546737864056 	 -0.0004883766874480428 	 -0.0004947136107608706 	 -3.248103908215531e-7 	 1.7503012683296072e-5 	 2.830416525904961e-11 	 1.8222726220210818e-10 	 -1.922671866599711e-6 	 9.573960618659243e-7 	 -4.971949586381071e-6 	 -4.432147053043904e-6 	 -1.056580400242444e-7 	 -1.005404576256517e-7 	 -9.420521082793954e-8 	 -1.0603193036088784e-7 	 -5.4934590959787164e-8 	 -5.153381604253324e-8 	 -1.8531002553110809e-9 	 -1.9277689386661838e-9 	 2.4748703011031104e-10 	 2.5487936407680545e-10 	 -1.8214918208623543e-9 	 -2.6578172401189526e-9 	 2.4208415898254446e-8 	 2.4475923772129353e-8 	 -1.0046191173127772e-10 	 -3.9086972320142576e-11 	 
209.7275821795022 	 -0.00045899108646773424 	 -0.0004651741572216006 	 -3.1798125254109125e-7 	 1.7124263684847026e-5 	 2.9437933987986055e-11 	 1.8672822592519928e-10 	 -1.86404548907952e-6 	 9.333096789011623e-7 	 -4.882294494472908e-6 	 -4.343836563826463e-6 	 -1.0353451591468119e-7 	 -9.839233269540403e-8 	 -9.382828156948279e-8 	 -1.056959316586487e-7 	 -5.4541442597419267e-8 	 -5.151131623013156e-8 	 -1.8683080133015634e-9 	 -1.9419903853328994e-9 	 2.5234220197002747e-10 	 2.5969673402629207e-10 	 -1.8267456496523116e-9 	 -2.686720843716931e-9 	 2.4308978296728875e-8 	 2.4588133881748253e-8 	 -1.0300135661151899e-10 	 -3.9540321814397484e-11 	 
213.42370740278793 	 -0.00043125754429005497 	 -0.0004373090846980115 	 -3.1120475298294427e-7 	 1.676574476169675e-5 	 3.061752799182499e-11 	 1.913170196198402e-10 	 -1.8067435734898612e-6 	 9.096021381205121e-7 	 -4.794098891561699e-6 	 -4.251047809999816e-6 	 -1.0142717776440687e-7 	 -9.626070850133856e-8 	 -9.339734053758169e-8 	 -1.053586749621757e-7 	 -5.4194273727499055e-8 	 -5.138592494595242e-8 	 -1.8833559605083676e-9 	 -1.9559652514739787e-9 	 2.5724825868124913e-10 	 2.645690069028439e-10 	 -1.8312441027669235e-9 	 -2.7155819318140906e-9 	 2.4404679638491986e-8 	 2.4695932703250907e-8 	 -1.0559758970882182e-10 	 -3.998270609551935e-11 	 
217.18497113348542 	 -0.0004050520816693927 	 -0.0004109669974378171 	 -3.0448471435684094e-7 	 1.640489278743338e-5 	 3.1844794721864466e-11 	 1.9599469360893128e-10 	 -1.7507504629502963e-6 	 8.862762120090552e-7 	 -4.706129055519848e-6 	 -4.159798786840539e-6 	 -9.933724326312788e-8 	 -9.414678409532694e-8 	 -9.293405559348836e-8 	 -1.0500218351373785e-7 	 -5.3985944693541855e-8 	 -5.1141753085747765e-8 	 -1.8982435262431848e-9 	 -1.9696901632129018e-9 	 2.6219449946483285e-10 	 2.695016710420989e-10 	 -1.8350059201305546e-9 	 -2.744821125445156e-9 	 2.449541223030778e-8 	 2.479923094344867e-8 	 -1.0825186691363065e-10 	 -4.0413336252736466e-11 	 
221.0125213373401 	 -0.00038002324411887524 	 -0.0003858147385888797 	 -2.978247947745753e-7 	 1.6056877422329627e-5 	 3.312165691402385e-11 	 2.007622906990028e-10 	 -1.6961030556158767e-6 	 8.633460293236557e-7 	 -4.616177052747302e-6 	 -4.069087084519414e-6 	 -9.726587880762192e-8 	 -9.205170692267754e-8 	 -9.246304481761106e-8 	 -1.0460442460722564e-7 	 -5.3916632851403976e-8 	 -5.0830560667711816e-8 	 -1.912970405918145e-9 	 -1.9831619327809094e-9 	 2.6717899084697406e-10 	 2.7449245310448065e-10 	 -1.8380951321409743e-9 	 -2.773294495640165e-9 	 2.4581080764258548e-8 	 2.4897937385246786e-8 	 -1.1096548365756242e-10 	 -4.0831408301863494e-11 	 
224.90752621122337 	 -0.0003562305940474438 	 -0.0003618962918908238 	 -2.912288076685903e-7 	 1.5701991161704385e-5 	 3.4450111275926567e-11 	 2.056208428690018e-10 	 -1.6428811241922387e-6 	 8.408354481840436e-7 	 -4.525294582630132e-6 	 -3.97386248271302e-6 	 -9.521429374310042e-8 	 -8.9976671237526e-8 	 -9.200021346685912e-8 	 -1.041579284734911e-7 	 -5.380005396736367e-8 	 -5.043704616214306e-8 	 -1.9275365033354837e-9 	 -1.9963774902172402e-9 	 2.722097239516494e-10 	 2.7953376037100406e-10 	 -1.8405431880045203e-9 	 -2.8015205785137944e-9 	 2.4661611901501958e-8 	 2.4991965054987607e-8 	 -1.1373978060276458e-10 	 -4.123610821061885e-11 	 
228.87117453967576 	 -0.0003337471458938858 	 -0.00033928355062307834 	 -2.847006288110463e-7 	 1.5354782512084517e-5 	 3.583223521004597e-11 	 2.105713780454224e-10 	 -1.5911039330933658e-6 	 8.18755039977215e-7 	 -4.438239150299881e-6 	 -3.88507906546132e-6 	 -9.318371166752513e-8 	 -8.792288919347477e-8 	 -9.15488923285191e-8 	 -1.0367814453298766e-7 	 -5.352625997564521e-8 	 -4.999541634670436e-8 	 -1.9419418885069824e-9 	 -2.009333836039517e-9 	 2.7730040997904574e-10 	 2.846178918561454e-10 	 -1.8422907097674319e-9 	 -2.8294703634528207e-9 	 2.4736952039331826e-8 	 2.5081234425969825e-8 	 -1.1657612596696843e-10 	 -4.162661539176438e-11 	 
232.90467605773122 	 -0.0003123704878132682 	 -0.0003177883404315719 	 -2.7824404195098197e-7 	 1.5020704432343474e-5 	 3.7270185030677804e-11 	 2.1561492294161544e-10 	 -1.540807608795417e-6 	 7.971189510705615e-7 	 -4.352620401615886e-6 	 -3.796128157515189e-6 	 -9.117532367910742e-8 	 -8.589154308554848e-8 	 -9.109857752286234e-8 	 -1.0318883291429477e-7 	 -5.312163842246521e-8 	 -4.9652376753669595e-8 	 -1.9561867152108657e-9 	 -2.022027943261315e-9 	 2.8246236510747285e-10 	 2.8974306091635845e-10 	 -1.8432501087433562e-9 	 -2.8571321296083774e-9 	 2.4807051461690394e-8 	 2.5165670049111883e-8 	 -1.1947591496026034e-10 	 -4.200208808071204e-11 	 
237.00926182013913 	 -0.0002922481467518962 	 -0.0002975375273227946 	 -2.7186286089842514e-7 	 1.468174125509804e-5 	 3.876620161321259e-11 	 2.207525014052636e-10 	 -1.4920237840990823e-6 	 7.759403764717214e-7 	 -4.268497508130366e-6 	 -3.7094421152056384e-6 	 -8.9190323813145e-8 	 -8.388382281244032e-8 	 -9.062697851189039e-8 	 -1.027042173593224e-7 	 -5.2663006482949885e-8 	 -4.9468174454621766e-8 	 -1.9702712035384913e-9 	 -2.034456737753229e-9 	 2.8769901587626185e-10 	 2.9491395470467e-10 	 -1.8433662206691105e-9 	 -2.8845620843707086e-9 	 2.4871854498598757e-8 	 2.5245203435814996e-8 	 -1.2244058983533423e-10 	 -4.236167548298031e-11 	 
241.18618457708976 	 -0.00027341430528696534 	 -0.00027858463622451585 	 -2.655606819058051e-7 	 1.4354626967541833e-5 	 4.032261046029606e-11 	 2.2598514428661315e-10 	 -1.4447112365260176e-6 	 7.552160428587375e-7 	 -4.18452409333675e-6 	 -3.6238065969388692e-6 	 -8.722983496348227e-8 	 -8.190084947522234e-8 	 -9.011137349386158e-8 	 -1.0222159451748276e-7 	 -5.222069317703959e-8 	 -4.9382161432037056e-8 	 -1.984195532942629e-9 	 -2.0466169802367295e-9 	 2.9300422158063974e-10 	 3.001371962694349e-10 	 -1.842628848390474e-9 	 -2.9118766784184867e-9 	 2.4931303749070137e-8 	 2.5319784188868196e-8 	 -1.2547163994158006e-10 	 -4.270451415702536e-11 	 
245.43671915656367 	 -0.0002556297701945341 	 -0.00026068324080141505 	 -2.593407247381774e-7 	 1.4023760385695934e-5 	 4.194182043508243e-11 	 2.3131389171088202e-10 	 -1.3988497072802426e-6 	 7.349466995948636e-7 	 -4.094551969441766e-6 	 -3.5370312462718517e-6 	 -8.529486237875598e-8 	 -7.994362649190383e-8 	 -8.954763453419547e-8 	 -1.0172301140666219e-7 	 -5.1975262926666457e-8 	 -4.922193352142052e-8 	 -1.997959881316166e-9 	 -2.05850529541067e-9 	 2.9836622680193326e-10 	 3.0541564496580467e-10 	 -1.841089157717013e-9 	 -2.9391192563319694e-9 	 2.498534909748586e-8 	 2.5389387816892644e-8 	 -1.2857060581516587e-10 	 -4.302971988859206e-11 	 
249.7621628534194 	 -0.00023903482000032613 	 -0.00024397402202268136 	 -2.532060392957743e-7 	 1.3701682952350634e-5 	 4.362634089423001e-11 	 2.36739795262427e-10 	 -1.3544269399703801e-6 	 7.151345856954234e-7 	 -4.014013941380319e-6 	 -3.4459976818628014e-6 	 -8.338635419657887e-8 	 -7.801310319525588e-8 	 -8.895488088065828e-8 	 -1.0118865456013768e-7 	 -5.184231636569653e-8 	 -4.890666124062018e-8 	 -2.0115643484443994e-9 	 -2.070118099063997e-9 	 3.0377576258613287e-10 	 3.1074681268757815e-10 	 -1.8388344858420053e-9 	 -2.96620089540514e-9 	 2.503395114099825e-8 	 2.5454010710883258e-8 	 -1.3173908333339478e-10 	 -4.333639377956833e-11 	 
254.16383582533592 	 -0.0002235427806380421 	 -0.00022837325716479286 	 -2.471592438122508e-7 	 1.3392270333471293e-5 	 4.537878735080131e-11 	 2.422639167116211e-10 	 -1.3113558905852963e-6 	 6.957647029590189e-7 	 -3.93182155430186e-6 	 -3.3629083525662214e-6 	 -8.150512499716775e-8 	 -7.611009438524804e-8 	 -8.835904724163666e-8 	 -1.006172513693593e-7 	 -5.1627104915546236e-8 	 -4.84846163354654e-8 	 -2.025008984469259e-9 	 -2.0814516170037846e-9 	 3.092316730213987e-10 	 3.1612486356081104e-10 	 -1.8358762190262012e-9 	 -2.993013518461425e-9 	 2.5077072658829115e-8 	 2.551365163250333e-8 	 -1.3497872564274316e-10 	 -4.362363684338622e-11 	 
258.64308149573657 	 -0.0002089344453908305 	 -0.00021364596816168788 	 -2.412025652553794e-7 	 1.307702506023548e-5 	 4.720187749284621e-11 	 2.478873354058017e-10 	 -1.2696279106871187e-6 	 6.76838750639008e-7 	 -3.851976675608589e-6 	 -3.281060281238825e-6 	 -7.96518682214585e-8 	 -7.423529291879913e-8 	 -8.77766398960866e-8 	 -1.0002835902275273e-7 	 -5.121867518124426e-8 	 -4.8012530407110653e-8 	 -2.0382937685453293e-9 	 -2.0925018598961135e-9 	 3.1474102592821184e-10 	 3.2154693247121585e-10 	 -1.832120543640487e-9 	 -3.0194962716535083e-9 	 2.5114673306238864e-8 	 2.556830216086974e-8 	 -1.3829122832316298e-10 	 -4.389054611055154e-11 	 
263.20126696381004 	 -0.00019538528436225376 	 -0.00019998490891253787 	 -2.3533807029353697e-7 	 1.277236784981632e-5 	 4.90984381700893e-11 	 2.536111428667975e-10 	 -1.2291975417627802e-6 	 6.583500266867738e-7 	 -3.7736152414883207e-6 	 -3.2004181927778213e-6 	 -7.782722403250773e-8 	 -7.238934073509342e-8 	 -8.720790920800232e-8 	 -9.944227282019714e-8 	 -5.069228916395556e-8 	 -4.746635115479248e-8 	 -2.0514186313196197e-9 	 -2.1032646520277574e-9 	 3.2031472596009774e-10 	 3.270141448936181e-10 	 -1.8274704014443244e-9 	 -3.0456271768705328e-9 	 2.514671269670977e-8 	 2.5617951463905608e-8 	 -1.4167833433003486e-10 	 -4.413619855790862e-11 	 
267.8397834217601 	 -0.00018266649745770914 	 -0.00018715700837373654 	 -2.295673448443372e-7 	 1.2472944002485719e-5 	 5.107140785358011e-11 	 2.594364380781e-10 	 -1.1899897809541388e-6 	 6.402845188888429e-7 	 -3.695166389706057e-6 	 -3.1211071929803613e-6 	 -7.603168629385456e-8 	 -7.057273059957973e-8 	 -8.663630816122454e-8 	 -9.886277794122112e-8 	 -5.0186289302782534e-8 	 -4.714088593171825e-8 	 -2.064383419085484e-9 	 -2.1137355793709965e-9 	 3.2596084517440226e-10 	 3.3252954013172325e-10 	 -1.8218914847329597e-9 	 -3.0714503518720192e-9 	 2.5173154458207362e-8 	 2.5662591015008588e-8 	 -1.4514184067903223e-10 	 -4.435966057372953e-11 	 
272.56004657940866 	 -0.00017070769292487924 	 -0.0001750867182366198 	 -2.2389175708705005e-7 	 1.2166724712675796e-5 	 5.312383941140503e-11 	 2.6536433169754595e-10 	 -1.152009422881723e-6 	 6.226455005109677e-7 	 -3.6097201721486736e-6 	 -3.0431029211836575e-6 	 -7.426567999400795e-8 	 -6.878588698201525e-8 	 -8.60367349298893e-8 	 -9.827487199618665e-8 	 -4.984823043301365e-8 	 -4.69868009673192e-8 	 -2.077187954776705e-9 	 -2.12391004129134e-9 	 3.3167863472010897e-10 	 3.380946296020454e-10 	 -1.815434104000042e-9 	 -3.097105958219284e-9 	 2.5193977132477647e-8 	 2.570222024408314e-8 	 -1.486835954341814e-10 	 -4.456000087393275e-11 	 
277.36349709627893 	 -0.00015962682423500862 	 -0.00016391462112673298 	 -2.1831250225225922e-7 	 1.1890747807351168e-5 	 5.525890385391058e-11 	 2.7139594028911195e-10 	 -1.115190295342935e-6 	 6.054202750505363e-7 	 -3.531973764828734e-6 	 -2.966382980566503e-6 	 -7.252957415838528e-8 	 -6.70291798203344e-8 	 -8.539573365485658e-8 	 -9.76587642387285e-8 	 -4.966886828354248e-8 	 -4.6831803297754586e-8 	 -2.0898319828737426e-9 	 -2.1337831921345648e-9 	 3.3746072214355356e-10 	 3.4370776044358594e-10 	 -1.8081973752228104e-9 	 -3.122710047529036e-9 	 2.520917690350768e-8 	 2.5736839919430288e-8 	 -1.5230550339839e-10 	 -4.473628185393708e-11 	 
282.25160102129786 	 -0.00014918127963625287 	 -0.00015335541082563852 	 -2.128303374652629e-7 	 1.1596679503098014e-5 	 5.74798893932918e-11 	 2.7753238228129193e-10 	 -1.079481420069138e-6 	 5.885987961693623e-7 	 -3.4566603027772494e-6 	 -2.8910001135645604e-6 	 -7.082360604967581e-8 	 -6.530284344567792e-8 	 -8.472582547628406e-8 	 -9.701269557006412e-8 	 -4.940973552272322e-8 	 -4.6518162468574165e-8 	 -2.1023152078860984e-9 	 -2.1433499753247636e-9 	 3.432978708584214e-10 	 3.493667427624719e-10 	 -1.8001980801769602e-9 	 -3.148201403583193e-9 	 2.5218768594570874e-8 	 2.576644880983917e-8 	 -1.5600954763129948e-10 	 -4.488754764168657e-11 	 
287.22585024024306 	 -0.00013941316795943663 	 -0.00014348051576584917 	 -2.0744596590992948e-7 	 1.1312522599683007e-5 	 5.979020996953688e-11 	 2.8377479030905735e-10 	 -1.0448943039404706e-6 	 5.721847377655094e-7 	 -3.3824948126322623e-6 	 -2.816998527315517e-6 	 -6.914799249257739e-8 	 -6.360709435333726e-8 	 -8.40535473677226e-8 	 -9.635558049006203e-8 	 -4.893861461555499e-8 	 -4.604792725196026e-8 	 -2.11463730944828e-9 	 -2.152605142873553e-9 	 3.491862013301594e-10 	 3.5507009539743785e-10 	 -1.7913301230683787e-9 	 -3.1734272938139036e-9 	 2.5222779916615105e-8 	 2.579104461369177e-8 	 -1.597977633620734e-10 	 -4.501286134092675e-11 	 
292.2877629310785 	 -0.00013035778613442668 	 -0.00013432913516798337 	 -2.021598583885725e-7 	 1.1042264961601806e-5 	 6.219342131700168e-11 	 2.9012430208291115e-10 	 -1.0113402615456413e-6 	 5.561592533142849e-7 	 -3.309456284225164e-6 	 -2.7443302522343026e-6 	 -6.750287848712539e-8 	 -6.194207659604798e-8 	 -8.339749623544094e-8 	 -9.570455686607815e-8 	 -4.8360551404065994e-8 	 -4.550421073795812e-8 	 -2.126797892252912e-9 	 -2.161543160215527e-9 	 3.5513019186731496e-10 	 3.608184227588665e-10 	 -1.7814878290082887e-9 	 -3.1982792003453475e-9 	 2.5221242478637254e-8 	 2.5810628167202414e-8 	 -1.6367226562851222e-10 	 -4.511127534907844e-11 	 
297.4388840273143 	 -0.00012175564117588623 	 -0.0001256284479720074 	 -1.9697214633412816e-7 	 1.0773020594061206e-5 	 6.46932105507908e-11 	 2.9658206618618234e-10 	 -9.788088008098143e-7 	 5.405202286484169e-7 	 -3.237674033587329e-6 	 -2.6730155936890513e-6 	 -6.588830772377814e-8 	 -6.030782929692973e-8 	 -8.275696363895538e-8 	 -9.505749043676488e-8 	 -4.787661765133793e-8 	 -4.4989491763916404e-8 	 -2.1387965633159488e-9 	 -2.170158298073599e-9 	 3.6113897037114707e-10 	 3.66611976219495e-10 	 -1.7706656360545076e-9 	 -3.222728933929924e-9 	 2.5214182734627323e-8 	 2.5825205880286214e-8 	 -1.676352289821259e-10 	 -4.5181834341352925e-11 	 
302.6807856895305 	 -0.0001138005040146152 	 -0.00011756154469025002 	 -1.9188302540726182e-7 	 1.049425464439187e-5 	 6.729340134375234e-11 	 3.031492393124066e-10 	 -9.472942414680523e-7 	 5.252667126781695e-7 	 -3.1670385943637273e-6 	 -2.6030972210847263e-6 	 -6.430433784135847e-8 	 -5.8704410027013534e-8 	 -8.211259711318008e-8 	 -9.439651522979249e-8 	 -4.760578695581243e-8 	 -4.4641804282866276e-8 	 -2.1506328801636437e-9 	 -2.178444596215159e-9 	 3.6721993173568e-10 	 3.724498999182102e-10 	 -1.7589654163579228e-9 	 -3.246870221700865e-9 	 2.5204767790137127e-8 	 2.5834797678690857e-8 	 -1.7168888323277008e-10 	 -4.522360488620203e-11 	 
308.0150677852139 	 -0.0001063517000391381 	 -0.00011002413172875955 	 -1.86892390418891e-7 	 1.0242076501792803e-5 	 6.9997973754998e-11 	 3.098269900785855e-10 	 -9.167126605990739e-7 	 5.10379979791701e-7 	 -3.0976309986163806e-6 	 -2.534482981773107e-6 	 -6.275093672944103e-8 	 -5.7131783387049705e-8 	 -8.14401985671422e-8 	 -9.371006940159827e-8 	 -4.737258570668745e-8 	 -4.447079137789112e-8 	 -2.1623063686304564e-9 	 -2.1863958781162716e-9 	 3.73372293737424e-10 	 3.783311754821442e-10 	 -1.7464727069492513e-9 	 -3.2708946775267865e-9 	 2.5186776497404068e-8 	 2.5839440488696432e-8 	 -1.7583553178997015e-10 	 -4.523564191976248e-11 	 
313.44335837704745 	 -9.930496924366823e-5 	 -0.00010287411968480463 	 -1.8199996695298912e-7 	 9.98128376680351e-6 	 7.28110808064758e-11 	 3.1661649657817953e-10 	 -8.87081284335066e-7 	 4.958633792586293e-7 	 -3.029416868693331e-6 	 -2.470301037371763e-6 	 -6.122802071627617e-8 	 -5.558986135619007e-8 	 -8.07341972116598e-8 	 -9.300886744492457e-8 	 -4.693205156856992e-8 	 -4.424240209720033e-8 	 -2.173816534659056e-9 	 -2.1940057557697802e-9 	 3.795882863811331e-10 	 3.8425549847332567e-10 	 -1.733121780441868e-9 	 -3.2948746202704605e-9 	 2.5163300807649354e-8 	 2.5842393915423685e-8 	 -1.800775525701076e-10 	 -4.5217019352500334e-11 	 
318.9673142198097 	 -9.281117025199402e-5 	 -9.628329850718654e-5 	 -1.772055289516746e-7 	 9.726503609478316e-6 	 7.573702636703067e-11 	 3.2351893889898483e-10 	 -8.583625820294317e-7 	 4.817082374992113e-7 	 -2.9623628666956398e-6 	 -2.4043697212999144e-6 	 -5.97355160344849e-8 	 -5.4078569590344e-8 	 -8.001433972709825e-8 	 -9.231139535032751e-8 	 -4.633310552692132e-8 	 -4.3803668617452846e-8 	 -2.185162861686338e-9 	 -2.2012676019985245e-9 	 3.8585983710557935e-10 	 3.9022250934080295e-10 	 -1.7187852428247396e-9 	 -3.3186547858306887e-9 	 2.5134355447511626e-8 	 2.5837462990164628e-8 	 -1.8441740444748943e-10 	 -4.516681434567515e-11 	 
324.5886212660263 	 -8.668338918989142e-5 	 -9.005852394060184e-5 	 -1.725085274678831e-7 	 9.478569881684665e-6 	 7.878027290874001e-11 	 3.305355206801919e-10 	 -8.304987363687286e-7 	 4.6790087963451695e-7 	 -2.9000540172939127e-6 	 -2.339874505157688e-6 	 -5.82732545269517e-8 	 -5.259773443571646e-8 	 -7.930531228644947e-8 	 -9.162078681704365e-8 	 -4.5815978215442656e-8 	 -4.3228680808313926e-8 	 -2.1963447853447006e-9 	 -2.2081744713968732e-9 	 3.921866106056651e-10 	 3.962314584552498e-10 	 -1.7034406834774402e-9 	 -3.3420438180713674e-9 	 2.509996610790571e-8 	 2.5827768323650773e-8 	 -1.8885763786833043e-10 	 -4.50841287057685e-11 	 
330.30899518053633 	 -8.092481680603659e-5 	 -8.42083298728304e-5 	 -1.6790841212050463e-7 	 9.235928918600996e-6 	 8.194545598436075e-11 	 3.376674541741806e-10 	 -8.035137319824483e-7 	 4.5444569635690834e-7 	 -2.835430909531315e-6 	 -2.27667758340234e-6 	 -5.684106469966565e-8 	 -5.114718089883068e-8 	 -7.861556880107984e-8 	 -9.09224164418082e-8 	 -4.551957950013059e-8 	 -4.2666479872589874e-8 	 -2.207361751193182e-9 	 -2.2147191869027983e-9 	 3.9857608222958143e-10 	 4.022808243407558e-10 	 -1.687195228835607e-9 	 -3.364975162975753e-9 	 2.5060168308429907e-8 	 2.5813361234202205e-8 	 -1.9340088201187767e-10 	 -4.496806078088333e-11 	 
336.13018186412717 	 -7.560558625155074e-5 	 -7.879778921471708e-5 	 -1.6340459104643956e-7 	 8.996937285236922e-6 	 8.52373655901545e-11 	 3.4491597473641667e-10 	 -7.773469524277718e-7 	 4.4132832279119706e-7 	 -2.771993904841304e-6 	 -2.214804477675029e-6 	 -5.5438760119073186e-8 	 -4.972672043933267e-8 	 -7.793112747583294e-8 	 -9.02048926608891e-8 	 -4.524445280910829e-8 	 -4.2279522224182085e-8 	 -2.218213159651287e-9 	 -2.2208942899303452e-9 	 4.0503704365412617e-10 	 4.083699253472278e-10 	 -1.6705848737802113e-9 	 -3.3875539853823355e-9 	 2.5015019583277845e-8 	 2.5794290865107207e-8 	 -1.980498434658312e-10 	 -4.4817748343288774e-11 	 
342.05395798639364 	 -7.057381624462281e-5 	 -7.366702472760282e-5 	 -1.5899623174839003e-7 	 8.753371837713375e-6 	 8.866099320026521e-11 	 3.5228234489804585e-10 	 -7.51978758516197e-7 	 4.285430576954498e-7 	 -2.709774951617999e-6 	 -2.154244327818357e-6 	 -5.406608458171316e-8 	 -4.833609063611372e-8 	 -7.722735971706047e-8 	 -8.94774308439427e-8 	 -4.475072574805219e-8 	 -4.20910505945311e-8 	 -2.2288983733398683e-9 	 -2.226691999095886e-9 	 4.115708264598214e-10 	 4.1449908845878126e-10 	 -1.6526093903088658e-9 	 -3.4100130530794206e-9 	 2.4964609418457427e-8 	 2.5770629187957703e-8 	 -2.0280730924214563e-10 	 -4.4632340841093686e-11 	 
348.082131527994 	 -6.588784465037793e-5 	 -6.890604353004156e-5 	 -1.5468255906761726e-7 	 8.536756676835567e-6 	 9.222154024612877e-11 	 3.5976785443293967e-10 	 -7.274025394381681e-7 	 4.1608716722463505e-7 	 -2.6487063418197794e-6 	 -2.0950613458585394e-6 	 -5.2722795344248185e-8 	 -4.697504566845131e-8 	 -7.6495000773412e-8 	 -8.875570154445534e-8 	 -4.414556779740993e-8 	 -4.185070514726238e-8 	 -2.2394167885618134e-9 	 -2.23210431179039e-9 	 4.1817035035517287e-10 	 4.2066726445330467e-10 	 -1.6336089378831298e-9 	 -3.4324552144395626e-9 	 2.4909027463068356e-8 	 2.574245601477654e-8 	 -2.0767616528035992e-10 	 -4.441100659355546e-11 	 
354.2165423324566 	 -6.150152265568325e-5 	 -6.442620406862838e-5 	 -1.5046264372348143e-7 	 8.304547131075206e-6 	 9.592443200816703e-11 	 3.673738182991196e-10 	 -7.035699213332869e-7 	 4.0394844688561343e-7 	 -2.58881394539526e-6 	 -2.0371168495457717e-6 	 -5.1408604217051154e-8 	 -4.564329222423025e-8 	 -7.575164031759734e-8 	 -8.803884321689758e-8 	 -4.369523208363864e-8 	 -4.137436034894231e-8 	 -2.2497676919174754e-9 	 -2.237122856651414e-9 	 4.2482773293589544e-10 	 4.268728264072541e-10 	 -1.613590808697678e-9 	 -3.454701902417696e-9 	 2.4848332180841784e-8 	 2.5709831990773236e-8 	 -2.1265937516409317e-10 	 -4.4152955965617305e-11 	 
360.45906266771465 	 -5.739593872335271e-5 	 -6.023510612794658e-5 	 -1.4633553487382645e-7 	 8.08342889231239e-6 	 9.97752819882311e-11 	 3.751015863802151e-10 	 -6.80490456080846e-7 	 3.9212744685590155e-7 	 -2.5301009099989643e-6 	 -1.9804267918731038e-6 	 -5.0123215293844766e-8 	 -4.434052975440238e-8 	 -7.502161188336002e-8 	 -8.733442077606704e-8 	 -4.341960095862617e-8 	 -4.0758276631367263e-8 	 -2.2599504695852893e-9 	 -2.24173911522943e-9 	 4.3154295638023395e-10 	 4.331148561770695e-10 	 -1.5926801036779824e-9 	 -3.476529718684834e-9 	 2.47825746688516e-8 	 2.5672821065783206e-8 	 -2.1776002285172847e-10 	 -4.385743554507104e-11 	 
366.81159779753773 	 -5.357138809759382e-5 	 -5.633123258927746e-5 	 -1.4230021603152422e-7 	 7.871401605844083e-6 	 1.037798805295917e-10 	 3.829525243083401e-10 	 -6.581064179996082e-7 	 3.806097571608834e-7 	 -2.472541269926228e-6 	 -1.924978000276058e-6 	 -4.886631173469741e-8 	 -4.306643710649567e-8 	 -7.431102028303676e-8 	 -8.658518366041743e-8 	 -4.3063866268818636e-8 	 -4.020471803232005e-8 	 -2.2699643224610167e-9 	 -2.2459440949562375e-9 	 4.383239043841691e-10 	 4.3943119885642743e-10 	 -1.570905858422166e-9 	 -3.49789539539044e-9 	 2.4711807504369475e-8 	 2.563148966003683e-8 	 -2.229812961931793e-10 	 -4.352370718362419e-11 	 
373.2760865630298 	 -4.995394702113475e-5 	 -5.262723746090217e-5 	 -1.383555834136171e-7 	 7.655126110141548e-6 	 1.0794420706535912e-10 	 3.909280112058383e-10 	 -6.364380487226428e-7 	 3.693980396301336e-7 	 -2.4161265676295796e-6 	 -1.8708203177373634e-6 	 -4.76375519304327e-8 	 -4.182066611118982e-8 	 -7.360205511074761e-8 	 -8.584131616532138e-8 	 -4.245174265061803e-8 	 -3.98835025859965e-8 	 -2.2798086347715886e-9 	 -2.249728703109645e-9 	 4.45177997596084e-10 	 4.4574602832647e-10 	 -1.5481264574101284e-9 	 -3.518982477546263e-9 	 2.46360728362999e-8 	 2.5585896820425305e-8 	 -2.283264766575288e-10 	 -4.3151098200570614e-11 	 
379.8545019743811 	 -4.6651671771651934e-5 	 -4.9250748163889366e-5 	 -1.3450058916700974e-7 	 7.454333105593303e-6 	 1.122745050806137e-10 	 3.99029444978658e-10 	 -6.154247489561259e-7 	 3.5847719934185585e-7 	 -2.3608630037682905e-6 	 -1.8179019399432378e-6 	 -4.643660611006186e-8 	 -4.0602884760189405e-8 	 -7.287268201541349e-8 	 -8.51128413398159e-8 	 -4.193169970127443e-8 	 -3.971049536032464e-8 	 -2.2894825069702575e-9 	 -2.253083203677467e-9 	 4.52103628899089e-10 	 4.520946712761282e-10 	 -1.5242799828066628e-9 	 -3.5400514301272625e-9 	 2.4555404670197393e-8 	 2.5536106541108792e-8 	 -2.337989488066533e-10 	 -4.2738965127844805e-11 	 
386.5488518130427 	 -4.344995159334571e-5 	 -4.5964400155688616e-5 	 -1.30733927310379e-7 	 7.245959036480326e-6 	 1.167772929434474e-10 	 4.072582318026907e-10 	 -5.9506886233967e-7 	 3.478456220314938e-7 	 -2.3067218821646135e-6 	 -1.7662045582898281e-6 	 -4.526307504073868e-8 	 -3.941268269784587e-8 	 -7.212437747746003e-8 	 -8.437712290515821e-8 	 -4.161319268446303e-8 	 -3.9332849753267975e-8 	 -2.2989853229609654e-9 	 -2.2559977697543628e-9 	 4.5909286478380053e-10 	 4.5847722201813176e-10 	 -1.4994745344183973e-9 	 -3.5610978468265817e-9 	 2.4469858526423457e-8 	 2.5482214767278196e-8 	 -2.394022031143217e-10 	 -4.228673366774405e-11 	 
393.36117924451753 	 -4.057575171256977e-5 	 -4.301533067574341e-5 	 -1.270545959045454e-7 	 7.05002443283583e-6 	 1.2145933672718933e-10 	 4.156158091078521e-10 	 -5.75375926131917e-7 	 3.375028803735078e-7 	 -2.2537069384200734e-6 	 -1.715716408133228e-6 	 -4.411663724083489e-8 	 -3.824974025495591e-8 	 -7.13801045951798e-8 	 -8.362078631758878e-8 	 -4.129219242907883e-8 	 -3.879766911851446e-8 	 -2.3083160996846243e-9 	 -2.258461805459406e-9 	 4.661412089351172e-10 	 4.6488978801721233e-10 	 -1.4737979186930365e-9 	 -3.581844732186617e-9 	 2.4379540176007623e-8 	 2.542435645872118e-8 	 -2.451398459338633e-10 	 -4.1793865329691206e-11 	 
400.2935634419512 	 -3.781751402720059e-5 	 -4.0183240296676584e-5 	 -1.234611858560558e-7 	 6.857528564955183e-6 	 1.2632763416551952e-10 	 4.2410364729546846e-10 	 -5.562412349457843e-7 	 3.2742357333390414e-7 	 -2.2017993205085534e-6 	 -1.6664435033518448e-6 	 -4.299686320422792e-8 	 -3.711361492270324e-8 	 -7.065506074325725e-8 	 -8.286641520492152e-8 	 -4.069992649616535e-8 	 -3.8171540991395305e-8 	 -2.3174741688600223e-9 	 -2.2604647335993483e-9 	 4.732529961909806e-10 	 4.71329590940892e-10 	 -1.4471199359133247e-9 	 -3.6020937870195562e-9 	 2.4284567483855004e-8 	 2.5362644197793505e-8 	 -2.510156119188173e-10 	 -4.125990111433275e-11 	 
407.3481202207082 	 -3.5222152798513394e-5 	 -3.75097831712153e-5 	 -1.1995249653972073e-7 	 6.6658093970338515e-6 	 1.3138939692599743e-10 	 4.32723255152542e-10 	 -5.37779110861289e-7 	 3.1763095521710343e-7 	 -2.1509745609239586e-6 	 -1.6202574696478889e-6 	 -4.190337584283657e-8 	 -3.600392627371058e-8 	 -6.996072966012401e-8 	 -8.212679512727655e-8 	 -4.017163683844414e-8 	 -3.7756951472133544e-8 	 -2.326458491711109e-9 	 -2.2619952586718133e-9 	 4.804360335161894e-10 	 4.77796568821955e-10 	 -1.4193522984342976e-9 	 -3.6219478682333384e-9 	 2.4185039494890868e-8 	 2.529716059954104e-8 	 -2.570333543176229e-10 	 -4.0684439138563014e-11 	 
414.5270026841376 	 -3.291488588424616e-5 	 -3.513059974856286e-5 	 -1.1652735805389023e-7 	 6.4813548128621655e-6 	 1.3665213524286401e-10 	 4.4147619810937287e-10 	 -5.198392083434146e-7 	 3.0808994080648876e-7 	 -2.101225554744386e-6 	 -1.573270777813534e-6 	 -4.0835805876227324e-8 	 -3.492030250513896e-8 	 -6.923383126177723e-8 	 -8.1381646280717e-8 	 -3.984320063527878e-8 	 -3.757769377164413e-8 	 -2.335268357575832e-9 	 -2.2630420398355003e-9 	 4.87691514676887e-10 	 4.842898098839312e-10 	 -1.3906102149465946e-9 	 -3.6424822720578876e-9 	 2.4081045803187332e-8 	 2.5228001576554462e-8 	 -2.631970611996237e-10 	 -4.006715796918581e-11 	 
421.8324018807136 	 -3.058341534555366e-5 	 -3.272667455612845e-5 	 -1.1318419151767399e-7 	 6.298743213808257e-6 	 1.4212366450116448e-10 	 4.5036408509070427e-10 	 -5.024824142894511e-7 	 2.988113891367121e-7 	 -2.0525073383580565e-6 	 -1.5273717294575289e-6 	 -3.979367517176276e-8 	 -3.386224913559752e-8 	 -6.847873984516878e-8 	 -8.062009291384289e-8 	 -3.9485360698172196e-8 	 -3.7276203890163016e-8 	 -2.3439025961250697e-9 	 -2.2635929196381654e-9 	 4.950134946946044e-10 	 4.908063094204068e-10 	 -1.3609785552731392e-9 	 -3.6622392324146035e-9 	 2.3972661440103483e-8 	 2.5155265839079038e-8 	 -2.6951081389453127e-10 	 -3.9407808323045356e-11 	 
429.266547472761 	 -2.8566965232939272e-5 	 -3.0641444697861726e-5 	 -1.0992200103654731e-7 	 6.121920977684528e-6 	 1.478120986570955e-10 	 4.5938856600687414e-10 	 -4.857058216330594e-7 	 2.897930145022713e-7 	 -2.0047777693258138e-6 	 -1.4826123460302347e-6 	 -3.877665742377673e-8 	 -3.282944534016751e-8 	 -6.77279321560922e-8 	 -7.986412645966765e-8 	 -3.886675304154995e-8 	 -3.6754869115421e-8 	 -2.3523605407386395e-9 	 -2.2636358714589885e-9 	 5.023971579482992e-10 	 4.973445907963455e-10 	 -1.3303171253210732e-9 	 -3.681729849908783e-9 	 2.385994275723596e-8 	 2.5079037618309257e-8 	 -2.7597885985771785e-10 	 -3.8706243672824714e-11 	 
436.8317084169661 	 -2.6594128856040543e-5 	 -2.859850659040968e-5 	 -1.0673920771013695e-7 	 5.9487208820534245e-6 	 1.5372586984467391e-10 	 4.685513296963129e-10 	 -4.6939704505463985e-7 	 2.810074619489538e-7 	 -1.9604331560793546e-6 	 -1.4389996852263127e-6 	 -3.778427262121615e-8 	 -3.1821395815207154e-8 	 -6.700547937136904e-8 	 -7.912044457303828e-8 	 -3.836604278655595e-8 	 -3.611852201903034e-8 	 -2.3606408155615632e-9 	 -2.2631575366383774e-9 	 5.098457060617123e-10 	 5.039026935456375e-10 	 -1.2985775322973728e-9 	 -3.700758651518072e-9 	 2.3742937822479705e-8 	 2.4999380714214697e-8 	 -2.8260557099563877e-10 	 -3.796240521562799e-11 	 
444.53019365687624 	 -2.47593010965652e-5 	 -2.6700871314786477e-5 	 -1.0363453335171267e-7 	 5.783704082505986e-6 	 1.5987366103778571e-10 	 4.77854092921744e-10 	 -4.536687882130549e-7 	 2.7247748788564135e-7 	 -1.9149220496202173e-6 	 -1.3965109506666429e-6 	 -3.681612064983125e-8 	 -3.083769464385052e-8 	 -6.629856252083004e-8 	 -7.836786246384053e-8 	 -3.81034232201181e-8 	 -3.5712247762563935e-8 	 -2.3687427703725878e-9 	 -2.26214487276023e-9 	 5.173647038633533e-10 	 5.104785529347775e-10 	 -1.2659069019568952e-9 	 -3.7193810244575816e-9 	 2.3621712497853927e-8 	 2.4916347134396085e-8 	 -2.893954604627325e-10 	 -3.717867069487568e-11 	 
452.36435282761 	 -2.308835923087186e-5 	 -2.4958204225630124e-5 	 -1.0060667692850883e-7 	 5.612068623096316e-6 	 1.6626446987327904e-10 	 4.872986129306589e-10 	 -4.3839807380033216e-7 	 2.6417384837751305e-7 	 -1.870394670783818e-6 	 -1.3549810000939646e-6 	 -3.5871791025654743e-8 	 -2.987792850931568e-8 	 -6.557247816976398e-8 	 -7.760650673018708e-8 	 -3.762176953167818e-8 	 -3.555205384394128e-8 	 -2.3766649357362686e-9 	 -2.2605835497133513e-9 	 5.249541086077636e-10 	 5.170701228832613e-10 	 -1.2323081474135e-9 	 -3.737926968357634e-9 	 2.350004709496259e-8 	 2.4830025734791777e-8 	 -2.963531982775386e-10 	 -3.6350642948749995e-11 	 
460.3365769729802 	 -2.1475255354226656e-5 	 -2.3290167324376504e-5 	 -9.765418266680225e-8 	 5.459264976580107e-6 	 1.7290764685988113e-10 	 4.9688668861806e-10 	 -4.236394651293992e-7 	 2.561061949522993e-7 	 -1.826786649932624e-6 	 -1.3144905069499838e-6 	 -3.495083744647752e-8 	 -2.8941637863473303e-8 	 -6.482298318502597e-8 	 -7.68571538935379e-8 	 -3.7009280030764495e-8 	 -3.520809489696132e-8 	 -2.3844065296644084e-9 	 -2.2584594539473624e-9 	 5.326097465372295e-10 	 5.236756071105335e-10 	 -1.1976401785255836e-9 	 -3.75647180062622e-9 	 2.3370884311423668e-8 	 2.4740568957082324e-8 	 -3.034835863734558e-10 	 -3.548079600034379e-11 	 
468.4492992752599 	 -2.0011039671224065e-5 	 -2.176011051479446e-5 	 -9.477573451973354e-8 	 5.2980348993075776e-6 	 1.7981295156226734e-10 	 5.066201624901024e-10 	 -4.0932971477765994e-7 	 2.482584320298738e-7 	 -1.7841985123872926e-6 	 -1.2750344185672406e-6 	 -3.405284503762643e-8 	 -2.80284041905147e-8 	 -6.408399473985615e-8 	 -7.611230738525461e-8 	 -3.666464909693517e-8 	 -3.4655232040275314e-8 	 -2.391966035062692e-9 	 -2.2557572825312413e-9 	 5.403304697670633e-10 	 5.302917439313899e-10 	 -1.1619653191490536e-9 	 -3.77467282590945e-9 	 2.3237877817252185e-8 	 2.4648114417271955e-8 	 -3.107915815091689e-10 	 -3.4569542779072373e-11 	 
476.7049957978088 	 -1.8606421768170066e-5 	 -2.0297311548464865e-5 	 -9.196993852148885e-8 	 5.146776127231767e-6 	 1.8699046006373093e-10 	 5.165009390746155e-10 	 -3.95510947887132e-7 	 2.4063756313714153e-7 	 -1.7425525893016394e-6 	 -1.2365890872011172e-6 	 -3.3177382352464295e-8 	 -2.713778557501632e-8 	 -6.337377045537007e-8 	 -7.535636560169528e-8 	 -3.631138736766843e-8 	 -3.406557237165054e-8 	 -2.399342550633961e-9 	 -2.2524618858302957e-9 	 5.48118632786059e-10 	 5.369163064782902e-10 	 -1.1253916603433936e-9 	 -3.79236550347924e-9 	 2.3101080039432072e-8 	 2.455277153026043e-8 	 -3.182823140299923e-10 	 -3.3617432649519426e-11 	 
485.10618624078336 	 -1.7353488856263427e-5 	 -1.8986131873849982e-5 	 -8.92354647414716e-8 	 4.997667569103638e-6 	 1.9445055305593955e-10 	 5.265309893356129e-10 	 -3.820932575572836e-7 	 2.3322160178881087e-7 	 -1.7017782003801343e-6 	 -1.1991286365031865e-6 	 -3.2324030356953986e-8 	 -2.626935842262575e-8 	 -6.267005115526433e-8 	 -7.460508747536705e-8 	 -3.570397585043623e-8 	 -3.3762579069411906e-8 	 -2.4065344497543027e-9 	 -2.2485566699366576e-9 	 5.559756597165258e-10 	 5.435473978814453e-10 	 -1.087802584762352e-9 	 -3.809747945130001e-9 	 2.2960562530754602e-8 	 2.445464895560208e-8 	 -3.259610719285139e-10 	 -3.262515859309555e-11 	 
493.65543471017156 	 -1.609303860402021e-5 	 -1.7667141888248586e-5 	 -8.65708167247255e-8 	 4.850833937310216e-6 	 2.0220404235327837e-10 	 5.367123454857942e-10 	 -3.691468099542918e-7 	 2.260235639977634e-7 	 -1.6619259837160326e-6 	 -1.1626574828177462e-6 	 -3.149233319286479e-8 	 -2.5422650064141292e-8 	 -6.194244282202156e-8 	 -7.386433338670808e-8 	 -3.52678535100392e-8 	 -3.358741017688618e-8 	 -2.4135407138342878e-9 	 -2.24402507499549e-9 	 5.638995791136709e-10 	 5.501817761391718e-10 	 -1.049172601210444e-9 	 -3.827178625227454e-9 	 2.281640576014565e-8 	 2.4353839685757324e-8 	 -3.3383330354473273e-10 	 -3.1593584334431085e-11 	 
502.3553505003736 	 -1.5036247719906174e-5 	 -1.6557102522098617e-5 	 -8.397485619125569e-8 	 4.711337396688602e-6 	 2.1026214118618713e-10 	 5.470471102462271e-10 	 -3.565992590164543e-7 	 2.1902563905682292e-7 	 -1.6230396946712441e-6 	 -1.1271336111577982e-6 	 -3.068191744864583e-8 	 -2.4597292727078043e-8 	 -6.12052034372809e-8 	 -7.311631874765861e-8 	 -3.496255994821278e-8 	 -3.311691536772523e-8 	 -2.420359644311666e-9 	 -2.238849256337238e-9 	 5.718905706127864e-10 	 5.568161637255283e-10 	 -1.0096291807915277e-9 	 -3.844488875517431e-9 	 2.2668711758543574e-8 	 2.4250422741994705e-8 	 -3.4190463056967823e-10 	 -3.0523738405520004e-11 	 
511.2085888905816 	 -1.3926346917667196e-5 	 -1.5392033939957426e-5 	 -8.144592020330255e-8 	 4.571630543489054e-6 	 2.1863646424123555e-10 	 5.575374434818964e-10 	 -3.444421989756805e-7 	 2.1222327486608756e-7 	 -1.5850526630893368e-6 	 -1.092466752852651e-6 	 -2.9892288556763134e-8 	 -2.3792764750415844e-8 	 -6.049155976264741e-8 	 -7.236833218833837e-8 	 -3.43964072461495e-8 	 -3.252953804577e-8 	 -2.426989989479299e-9 	 -2.2330113139052774e-9 	 5.799501872274931e-10 	 5.63448312278085e-10 	 -9.691088042403508e-10 	 -3.861314315740717e-9 	 2.2517609691516306e-8 	 2.414446963845534e-8 	 -3.501808609273466e-10 	 -2.941684676344619e-11 	 
520.2178519551875 	 -1.2989455187042173e-5 	 -1.440313095940718e-5 	 -7.898294837722514e-8 	 4.437418361123088e-6 	 2.2733903351811162e-10 	 5.681855785715051e-10 	 -3.327292132834109e-7 	 2.0562651400226412e-7 	 -1.5478378137867904e-6 	 -1.0587275994689005e-6 	 -2.9123091627436917e-8 	 -2.300872059351965e-8 	 -5.979897030328674e-8 	 -7.163131729947338e-8 	 -3.3924807729969125e-8 	 -3.2105472152466784e-8 	 -2.4334300703930097e-9 	 -2.2264923595332166e-9 	 5.880770045101205e-10 	 5.700745522355537e-10 	 -9.275487060405998e-10 	 -3.877681908206727e-9 	 2.2363220058847952e-8 	 2.4036050951640888e-8 	 -3.586679582642227e-10 	 -2.827431475310706e-11 	 
529.3858893884775 	 -1.2070283885561188e-5 	 -1.3432308913591878e-5 	 -7.658439051723846e-8 	 4.307274410713301e-6 	 2.363823352145875e-10 	 5.789938033245934e-10 	 -3.2132478323364393e-7 	 1.9920300246173965e-7 	 -1.5115480235701668e-6 	 -1.0271276594703802e-6 	 -2.8373859340522817e-8 	 -2.2244671508802152e-8 	 -5.9093895267996185e-8 	 -7.089007028194792e-8 	 -3.362273794125246e-8 	 -3.193281457364494e-8 	 -2.439678318431858e-9 	 -2.219272788087051e-9 	 5.962684992859746e-10 	 5.766917171361185e-10 	 -8.850640509382141e-10 	 -3.894017408104084e-9 	 2.2205613977646407e-8 	 2.3929072652058548e-8 	 -3.673720903509625e-10 	 -2.7097767505574883e-11 	 
538.7154993438611 	 -1.119880806073455e-5 	 -1.2514274970332874e-5 	 -7.42489477343983e-8 	 4.182693751864059e-6 	 2.457792390245639e-10 	 5.899644797432612e-10 	 -3.103588487966463e-7 	 1.929792102717186e-7 	 -1.476211273936771e-6 	 -9.951357381762958e-7 	 -2.7644183097460386e-8 	 -2.1500201629787044e-8 	 -5.837163424399289e-8 	 -7.014817405264847e-8 	 -3.3077782684652354e-8 	 -3.158228378966806e-8 	 -2.4457330521853303e-9 	 -2.211332008010696e-9 	 6.045268886732608e-10 	 5.832959202024121e-10 	 -8.41761593560775e-10 	 -3.91041348105708e-9 	 2.2044837774810006e-8 	 2.3816040145457437e-8 	 -3.762996362987625e-10 	 -2.5889071926360683e-11 	 
548.2095292878844 	 -1.04431375166236e-5 	 -1.1706056104882751e-5 	 -7.197539511233017e-8 	 4.053851018846376e-6 	 2.5554313650792057e-10 	 6.011000391711191e-10 	 -2.997091007469623e-7 	 1.869262117031165e-7 	 -1.4416150913064632e-6 	 -9.64030216222449e-7 	 -2.6933670657541237e-8 	 -2.0774915892530626e-8 	 -5.7665030297959897e-8 	 -6.941589824701355e-8 	 -3.262133269053495e-8 	 -3.09712610013326e-8 	 -2.451592470231367e-9 	 -2.2026485487444424e-9 	 6.128555825613799e-10 	 5.898834309034997e-10 	 -7.972861162421577e-10 	 -3.9264130546888866e-9 	 2.188100205295108e-8 	 2.3700933265035772e-8 	 -3.8545712417318634e-10 	 -2.4650308272625224e-11 	 
557.8708768693028 	 -9.673205291311034e-6 	 -1.0893917088492248e-5 	 -6.976223530663802e-8 	 3.937631863149787e-6 	 2.656878633795279e-10 	 6.124029998364389e-10 	 -2.8941351617146773e-7 	 1.8104992521104815e-7 	 -1.4077678410245146e-6 	 -9.338483289177622e-7 	 -2.6241870613312303e-8 	 -2.006834031636493e-8 	 -5.6982863679755654e-8 	 -6.868033053277479e-8 	 -3.230496234121828e-8 	 -3.0531167448792785e-8 	 -2.4572547248347833e-9 	 -2.1932004044222854e-9 	 6.212512410610554e-10 	 5.964511405884432e-10 	 -7.519148594271737e-10 	 -3.941866557248914e-9 	 2.1714234327098813e-8 	 2.358390926663031e-8 	 -3.948512915416891e-10 	 -2.338382814041827e-11 	 
567.7024908034608 	 -9.002556940795743e-6 	 -1.0174122837423623e-5 	 -6.760831037983197e-8 	 3.816265383329067e-6 	 2.762276790904547e-10 	 6.238759700239322e-10 	 -2.79474018382067e-7 	 1.7534886720649473e-7 	 -1.374741917498327e-6 	 -9.043670562515115e-7 	 -2.556840713071498e-8 	 -1.938009869177176e-8 	 -5.629596137710335e-8 	 -6.794626831414501e-8 	 -3.175548287135823e-8 	 -3.031819316466363e-8 	 -2.4627178771130474e-9 	 -2.182964755715689e-9 	 6.297093293955134e-10 	 6.029933254488368e-10 	 -7.055956958650341e-10 	 -3.957218891407278e-9 	 2.1544617155881855e-8 	 2.3465015271686983e-8 	 -4.044891151874691e-10 	 -2.2092242427683984e-11 	 
577.707371772264 	 -8.359554785261688e-6 	 -9.49009040210778e-6 	 -6.551226364373564e-8 	 3.7048660797116095e-6 	 2.8717738131949747e-10 	 6.355216619583698e-10 	 -2.6983371030095095e-7 	 1.6980831028435438e-7 	 -1.3425095823509002e-6 	 -8.756364034107514e-7 	 -2.491286181766463e-8 	 -1.8709756880692268e-8 	 -5.559264390443224e-8 	 -6.721970404961218e-8 	 -3.135102233844706e-8 	 -3.004177872144737e-8 	 -2.46797987600784e-9 	 -2.171917644598786e-9 	 6.382334538193215e-10 	 6.095065639790842e-10 	 -6.582850364278398e-10 	 -3.9727333389040285e-9 	 2.1372264347227362e-8 	 2.3344322989154306e-8 	 -4.14377766736545e-10 	 -2.0778466020082224e-11 	 
587.8885733400108 	 -7.757462834515097e-6 	 -8.844076334634918e-6 	 -6.347278610509721e-8 	 3.5937198178644376e-6 	 2.985523805507423e-10 	 6.473428718099522e-10 	 -2.605281788845124e-7 	 1.644339386220571e-7 	 -1.3125759342929371e-6 	 -8.477683221177515e-7 	 -2.4274828140881685e-8 	 -1.80568946589913e-8 	 -5.490189622972777e-8 	 -6.649038470950918e-8 	 -3.099079050375948e-8 	 -2.9433097550737326e-8 	 -2.4730385569588024e-9 	 -2.1600340872836822e-9 	 6.468275885955191e-10 	 6.159869952580961e-10 	 -6.101100365118132e-10 	 -3.987904308706245e-9 	 2.1197279332268097e-8 	 2.322192495861346e-8 	 -4.2452460564922525e-10 	 -1.9445704752365512e-11 	 
598.2492028853594 	 -7.204835665011335e-6 	 -8.25135604836533e-6 	 -6.148867106266167e-8 	 3.486663824677404e-6 	 3.1036854076698316e-10 	 6.593424995968228e-10 	 -2.5152229079649903e-7 	 1.5921604969759104e-7 	 -1.2818831730534095e-6 	 -8.206752453135482e-7 	 -2.365392245242413e-8 	 -1.742112126002342e-8 	 -5.4234182714751606e-8 	 -6.576602004033105e-8 	 -3.044261336472231e-8 	 -2.8995818893620863e-8 	 -2.4778917418645605e-9 	 -2.1472881388875636e-9 	 6.554877351047647e-10 	 6.224269078322964e-10 	 -5.609841310941595e-10 	 -4.002477002750631e-9 	 2.101972225661532e-8 	 2.3097895737107773e-8 	 -4.3493722113303656e-10 	 -1.809751030102488e-11 	 
608.7924225497273 	 -6.689080277648645e-6 	 -7.694010401341065e-6 	 -5.9558628998093344e-8 	 3.3802918961307902e-6 	 3.2264221273388125e-10 	 6.71523537531758e-10 	 -2.428166821879595e-7 	 1.541526753232403e-7 	 -1.251932140793609e-6 	 -7.943411830334236e-7 	 -2.304974457270881e-8 	 -1.680202235404302e-8 	 -5.3563001780674915e-8 	 -6.504574835065807e-8 	 -3.010581599411827e-8 	 -2.879220503623306e-8 	 -2.4825369813809174e-9 	 -2.133652813202368e-9 	 6.642096321748315e-10 	 6.28824361878819e-10 	 -5.109414852524152e-10 	 -4.016962413929942e-9 	 2.0839658596008493e-8 	 2.2972321894719498e-8 	 -4.456234520448232e-10 	 -1.673774932564709e-11 	 
619.5214502023969 	 -6.204991405070275e-6 	 -7.171876322112852e-6 	 -5.768141390201469e-8 	 3.2789192148558913e-6 	 3.353903732032343e-10 	 6.838890744248155e-10 	 -2.343858213553121e-7 	 1.4923616840756414e-7 	 -1.222742089197209e-6 	 -7.686897732644522e-7 	 -2.2461905734566142e-8 	 -1.6199196079119565e-8 	 -5.287891115044247e-8 	 -6.432540756613702e-8 	 -2.9655155683082973e-8 	 -2.851103812754355e-8 	 -2.4869718878800847e-9 	 -2.119099936877207e-9 	 6.729969401699162e-10 	 6.351721324118991e-10 	 -4.6004985753344143e-10 	 -4.0316402999724595e-9 	 2.065719472153229e-8 	 2.2845326579651405e-8 	 -4.5659133116940085e-10 	 -1.5370668959041877e-11 	 
630.4395604226339 	 -5.751741263236718e-6 	 -6.681365820461435e-6 	 -5.585583296448966e-8 	 3.179530109286621e-6 	 3.48630629136574e-10 	 6.964422978304335e-10 	 -2.2626343070922804e-7 	 1.4447197971488358e-7 	 -1.1941663742263513e-6 	 -7.437179763952784e-7 	 -2.189002872598635e-8 	 -1.5612255452299874e-8 	 -5.220910780749888e-8 	 -6.361149584489512e-8 	 -2.918764773021639e-8 	 -2.7890497513225822e-8 	 -2.491193838700442e-9 	 -2.103600239502924e-9 	 6.818520702091735e-10 	 6.414633915868198e-10 	 -4.0823118956638554e-10 	 -4.045912411558731e-9 	 2.047245868095684e-8 	 2.2717056245034124e-8 	 -4.678491238525801e-10 	 -1.4000918890584302e-11 	 
641.5500854991163 	 -5.349917737586458e-6 	 -6.2439209042072114e-6 	 -5.4080689722090654e-8 	 3.0837053845474305e-6 	 3.6238105114336396e-10 	 7.091865210431181e-10 	 -2.1836632083072704e-7 	 1.3983988316068944e-7 	 -1.1662507895944124e-6 	 -7.194595760041135e-7 	 -2.1333737013244995e-8 	 -1.504081214664365e-8 	 -5.1558875377078e-8 	 -6.289891482837475e-8 	 -2.8844245554232374e-8 	 -2.750184471355894e-8 	 -2.495200074326848e-9 	 -2.0871234630084106e-9 	 6.907708672434071e-10 	 6.476955090268678e-10 	 -3.555855681744384e-10 	 -4.059588132791265e-9 	 2.0285555983546313e-8 	 2.2587650871836105e-8 	 -4.794053485298688e-10 	 -1.2633519898819223e-11 	 
652.8564164469689 	 -4.931398595505596e-6 	 -5.790397624897782e-6 	 -5.235469613806544e-8 	 2.990279664286715e-6 	 3.76660309408493e-10 	 7.221251708449583e-10 	 -2.1077703336974547e-7 	 1.3535589985756735e-7 	 -1.1390449611881988e-6 	 -6.95930612123681e-7 	 -2.079263984778822e-8 	 -1.4484451375656668e-8 	 -5.090194940102981e-8 	 -6.219056239631108e-8 	 -2.8360203602775643e-8 	 -2.735901007137458e-8 	 -2.498987859121353e-9 	 -2.0696380429906664e-9 	 6.997520717282218e-10 	 6.538575429801109e-10 	 -3.020811195523514e-10 	 -4.073301755735261e-9 	 2.0096540504389337e-8 	 2.245720065549408e-8 	 -4.912687582189984e-10 	 -1.127395669586556e-11 	 
664.3620040427313 	 -4.607935279845227e-6 	 -5.434946931440979e-6 	 -5.067689488879087e-8 	 2.9012486110434686e-6 	 3.9148784066430906e-10 	 7.352618092225333e-10 	 -2.034085247814168e-7 	 1.3099933786941304e-7 	 -1.1125218075373257e-6 	 -6.73070514880423e-7 	 -2.0266408051112686e-8 	 -1.3942850156322726e-8 	 -5.02378060043421e-8 	 -6.148627854537783e-8 	 -2.7963879989743655e-8 	 -2.6986090447319105e-8 	 -2.5025540427470217e-9 	 -2.0511102253931197e-9 	 7.087978388337218e-10 	 6.599463626156804e-10 	 -2.4773772492170623e-10 	 -4.08712871341728e-9 	 1.990544000907013e-8 	 2.2325731293099854e-8 	 -5.034483308333488e-10 	 -9.928151147466923e-12 	 
676.0703598775564 	 -4.229590547594259e-6 	 -5.023772920208149e-6 	 -4.9045826579844476e-8 	 2.8125960923794917e-6 	 4.0688368995338035e-10 	 7.486001276254844e-10 	 -1.962888172043611e-7 	 1.2677398705661965e-7 	 -1.0866495588183165e-6 	 -6.507925097973782e-7 	 -1.9754625162760306e-8 	 -1.3415545044076871e-8 	 -4.9592266697169086e-8 	 -6.078478248801606e-8 	 -2.7547283546801817e-8 	 -2.640644975060299e-8 	 -2.5058956773597085e-9 	 -2.031505690049966e-9 	 7.179065991978065e-10 	 6.659529921671916e-10 	 -1.9266261232915842e-10 	 -4.100391682279699e-9 	 1.971234867385847e-8 	 2.2193277670251432e-8 	 -5.159533163250213e-10 	 -8.602507603039932e-12 	 
687.985057428976 	 -3.952330253243318e-6 	 -4.7158483869100715e-6 	 -4.746069115565324e-8 	 2.7278428183143022e-6 	 4.228684496147189e-10 	 7.621439483723313e-10 	 -1.8943439413342463e-7 	 1.2268211916078673e-7 	 -1.0614094805149878e-6 	 -6.291271875694804e-7 	 -1.9256992489300307e-8 	 -1.2902256696372607e-8 	 -4.895949081255625e-8 	 -6.008827024220711e-8 	 -2.7132549004979883e-8 	 -2.6090013930669177e-8 	 -2.509009293177328e-9 	 -2.0107889578108952e-9 	 7.270778093708954e-10 	 6.718693992586383e-10 	 -1.367036066075883e-10 	 -4.11319892067995e-9 	 1.951747282348967e-8 	 2.2058888224961105e-8 	 -5.287931757943692e-10 	 -7.303959700677293e-12 	 
700.1097331515554 	 -3.6372846756953165e-6 	 -4.3691312893506874e-6 	 -4.5920078399612584e-8 	 2.6444066904026714e-6 	 4.3946344103067554e-10 	 7.758972003691323e-10 	 -1.8275651287805495e-7 	 1.1870199449271817e-7 	 -1.0368111856655134e-6 	 -6.08846157660875e-7 	 -1.8773108962269037e-8 	 -1.2402536051904081e-8 	 -4.8316001478150057e-8 	 -5.9394657599175744e-8 	 -2.6732046488012728e-8 	 -2.5933464984213414e-8 	 -2.5118916547903868e-9 	 -1.9889225272453394e-9 	 7.363121523515542e-10 	 6.776896030172782e-10 	 -7.999848324613533e-11 	 -4.126214288122326e-9 	 1.93244414177089e-8 	 2.192491968640659e-8 	 -5.419776817792687e-10 	 -6.0399379388370585e-12 	 
712.4480875867604 	 -3.3812323989462988e-6 	 -4.083196613847608e-6 	 -4.442308627053771e-8 	 2.563112742248045e-6 	 4.5669081414759975e-10 	 7.898639717717365e-10 	 -1.7636372358783976e-7 	 1.1485591371456153e-7 	 -1.0127714313764345e-6 	 -5.884730713936434e-7 	 -1.8302660687928276e-8 	 -1.191607489564913e-8 	 -4.767533265003932e-8 	 -5.870574516058339e-8 	 -2.6311144092595537e-8 	 -2.5451834833006014e-8 	 -2.514538899105175e-9 	 -1.9658666636915904e-9 	 7.456068667507629e-10 	 6.834023291599417e-10 	 -2.253452072418243e-11 	 -4.139082366849294e-9 	 1.9126203653683933e-8 	 2.1790253963179078e-8 	 -5.555167910497982e-10 	 -4.818470313953105e-12 	 
725.0038864923972 	 -3.1233954252883354e-6 	 -3.797657848052114e-6 	 -4.29685421857705e-8 	 2.485292218171589e-6 	 4.745732698553653e-10 	 8.040484727865976e-10 	 -1.7012852623320914e-7 	 1.1111402191140083e-7 	 -9.89269511177732e-7 	 -5.68674197982302e-7 	 -1.7845293460932833e-8 	 -1.1442490623811223e-8 	 -4.7055718937372006e-8 	 -5.8020333539731276e-8 	 -2.591274168861796e-8 	 -2.4983220485791825e-8 	 -2.516947615332781e-9 	 -1.9415815096863787e-9 	 7.549613897661824e-10 	 6.890013905411088e-10 	 3.5658728610469986e-11 	 -4.151297454084488e-9 	 1.892634669882332e-8 	 2.165506451197011e-8 	 -5.694207369569765e-10 	 -3.6481502341532964e-12 	 
737.7809619919432 	 -2.890709042980544e-6 	 -3.5397697780913705e-6 	 -4.155540302131599e-8 	 2.4115864277629843e-6 	 4.931341295928291e-10 	 8.184550739548313e-10 	 -1.6414474713739624e-7 	 1.0749516724141545e-7 	 -9.663922992470512e-7 	 -5.493655284642963e-7 	 -1.7400673288172526e-8 	 -1.0981436001407751e-8 	 -4.643707382121064e-8 	 -5.733910133446139e-8 	 -2.549640909086357e-8 	 -2.4832880076630945e-8 	 -2.5191133311157576e-9 	 -1.916024379043888e-9 	 7.64378121965961e-10 	 6.944749406850339e-10 	 9.456618278431889e-11 	 -4.163412994742518e-9 	 1.8725011510973043e-8 	 2.1519459515661032e-8 	 -5.837000462174319e-10 	 -2.5371352643394073e-12 	 
750.7832137441454 	 -2.668785966847206e-6 	 -3.2921069456668926e-6 	 -4.0182625215240064e-8 	 2.3384985329705874e-6 	 5.123976805637498e-10 	 8.330882989527788e-10 	 -1.5833273951657765e-7 	 1.0398019572835777e-7 	 -9.440823440214033e-7 	 -5.306634546057025e-7 	 -1.6968473613559752e-8 	 -1.0532561498117747e-8 	 -4.5810001591131755e-8 	 -5.666177893467179e-8 	 -2.5094132636528004e-8 	 -2.452300783600573e-8 	 -2.5210325832677797e-9 	 -1.8891509034631866e-9 	 7.738541917152602e-10 	 6.998146441743546e-10 	 1.5415129852773853e-10 	 -4.1757048783907054e-9 	 1.852231185582054e-8 	 2.138350402125316e-8 	 -5.983654592286103e-10 	 -1.4985769771544421e-12 	 
764.014610133221 	 -2.4739785689458547e-6 	 -3.072367905778898e-6 	 -3.884920901086603e-8 	 2.2673585411846785e-6 	 5.323888889920114e-10 	 8.479528402079333e-10 	 -1.5273885024023534e-7 	 1.0057761462704815e-7 	 -9.223564755935899e-7 	 -5.125427160231173e-7 	 -1.65483706106745e-8 	 -1.0095528940985594e-8 	 -4.519897480619987e-8 	 -5.601213021685441e-8 	 -2.4685405202543715e-8 	 -2.3982834076361424e-8 	 -2.522700202436865e-9 	 -1.8609142215735975e-9 	 7.833863673893871e-10 	 7.050212049719262e-10 	 2.1443869540202652e-10 	 -4.187488696652096e-9 	 1.8318306236292077e-8 	 2.1247252420395196e-8 	 -6.134280013036103e-10 	 -5.397889395225563e-13 	 
777.479189480039 	 -2.2789165322877317e-6 	 -2.851811299354339e-6 	 -3.755407613584915e-8 	 2.1970718755505323e-6 	 5.53133338908357e-10 	 8.630535407804068e-10 	 -1.4730609062134408e-7 	 9.72731946520254e-8 	 -9.011580557554903e-7 	 -4.949406613736824e-7 	 -1.6140039989867862e-8 	 -9.669978484763927e-9 	 -4.46012815270306e-8 	 -5.53421458056517e-8 	 -2.4279283806492957e-8 	 -2.3694243485631764e-8 	 -2.524112590407846e-9 	 -1.8312673852387715e-9 	 7.929776977753245e-10 	 7.10058259947105e-10 	 2.7534710137432915e-10 	 -4.198868606019287e-9 	 1.811304938769999e-8 	 2.11107553474067e-8 	 -6.288989499623554e-10 	 3.267075906587813e-13 	 
791.1810612746491 	 -2.1116348957715266e-6 	 -2.6622477317073175e-6 	 -3.6296340866089235e-8 	 2.1323073523355876e-6 	 5.746575390123843e-10 	 8.783953929290373e-10 	 -1.4209377267760878e-7 	 9.407844961786745e-8 	 -8.815103221232953e-7 	 -4.77784759052428e-7 	 -1.57431785305274e-8 	 -9.255602640117243e-9 	 -4.399438486303218e-8 	 -5.467459472409086e-8 	 -2.3877868754492614e-8 	 -2.3550609050434527e-8 	 -2.5252639828728057e-9 	 -1.8001588200014079e-9 	 8.026271753136011e-10 	 7.149269696327865e-10 	 3.367026023056545e-10 	 -4.210472969842742e-9 	 1.7906645192756362e-8 	 2.097410878413007e-8 	 -6.447898071766773e-10 	 1.0891882649965988e-12 	 
805.1244074305225 	 -1.9456298984972552e-6 	 -2.4741158561117203e-6 	 -3.5074935007593264e-8 	 2.0674090456954077e-6 	 5.969887476507504e-10 	 8.939835585147566e-10 	 -1.3700782240200165e-7 	 9.097106643911222e-8 	 -8.613204656561661e-7 	 -4.6115494847272223e-7 	 -1.535747054524487e-8 	 -8.852046004077734e-9 	 -4.3394009226645824e-8 	 -5.4011653563536035e-8 	 -2.3469541651434074e-8 	 -2.3034332773638968e-8 	 -2.5261504643913414e-9 	 -1.7675369809147874e-9 	 8.123304911092449e-10 	 7.196159573333782e-10 	 3.9844287935829446e-10 	 -4.221835095084514e-9 	 1.7699193701598823e-8 	 2.0837415766457763e-8 	 -6.611123687123477e-10 	 1.7345900856613472e-12 	 
819.3134835609102 	 -1.7945027732595543e-6 	 -2.3011850064713274e-6 	 -3.3888966631487986e-8 	 2.0042362482622134e-6 	 6.201548545868332e-10 	 9.098233496094677e-10 	 -1.321499383620742e-7 	 8.797181529248713e-8 	 -8.416194894511028e-7 	 -4.450636283140396e-7 	 -1.4982617461284392e-8 	 -8.458999705901383e-9 	 -4.281286203158257e-8 	 -5.3351423576463815e-8 	 -2.3075586309103993e-8 	 -2.268265277526441e-8 	 -2.5267657565429443e-9 	 -1.7333457193127924e-9 	 8.220883704770418e-10 	 7.241105302834394e-10 	 4.60995967395956e-10 	 -4.232649992208238e-9 	 1.7490760777112525e-8 	 2.0700791346421812e-8 	 -6.778786645758416e-10 	 2.2492121303430147e-12 	 
833.7526202776816 	 -1.660508824196065e-6 	 -2.1476407264455987e-6 	 -3.273751321811916e-8 	 1.944601645634344e-6 	 6.441848271608699e-10 	 9.259202706662001e-10 	 -1.2740101546004492e-7 	 8.505314861038622e-8 	 -8.22430794827376e-7 	 -4.2943760734071325e-7 	 -1.461832845443279e-8 	 -8.076144129340376e-9 	 -4.222773909973793e-8 	 -5.269516415414088e-8 	 -2.266539845923786e-8 	 -2.25725458019749e-8 	 -2.5271055350387208e-9 	 -1.6975288235342151e-9 	 8.31901423415961e-10 	 7.283983671141942e-10 	 5.239194257862237e-10 	 -4.243586858004885e-9 	 1.7281415654206368e-8 	 2.0564322703660953e-8 	 -6.951009837016692e-10 	 2.6184781896443354e-12 	 
848.4462245130624 	 -1.5209896890812748e-6 	 -1.9886865250699986e-6 	 -3.161958242829187e-8 	 1.8858213487508483e-6 	 6.691084517719587e-10 	 9.422799943499567e-10 	 -1.2285783677897664e-7 	 8.223460232642768e-8 	 -8.037525457465628e-7 	 -4.142062833867198e-7 	 -1.4264299795612243e-8 	 -7.70313855741658e-9 	 -4.1642100225589235e-8 	 -5.204254577462675e-8 	 -2.2279557575074672e-8 	 -2.2111784529300788e-8 	 -2.5271629511538135e-9 	 -1.6600254890718885e-9 	 8.417660495440155e-10 	 7.324625014460892e-10 	 5.872783648227281e-10 	 -4.254505516662146e-9 	 1.7071263133640202e-8 	 2.0428060105591728e-8 	 -7.127918295597313e-10 	 2.8268949004328637e-12 	 
863.3987808646654 	 -1.4111983414850407e-6 	 -1.8604215300714538e-6 	 -3.053440860793122e-8 	 1.829111885916071e-6 	 6.949560934215931e-10 	 9.589083783421654e-10 	 -1.1843835911842109e-7 	 7.949698354342498e-8 	 -7.855525550938924e-7 	 -3.9945106127436496e-7 	 -1.3920264416696804e-8 	 -7.339700403435263e-9 	 -4.107577958238089e-8 	 -5.139293379792921e-8 	 -2.1869174883462204e-8 	 -2.172216789264944e-8 	 -2.5269332742924982e-9 	 -1.6207738302650902e-9 	 8.516816481868006e-10 	 7.362893843935514e-10 	 6.510297231566928e-10 	 -4.264849600237878e-9 	 1.6860406114226457e-8 	 2.0298115536015705e-8 	 -7.309639783134774e-10 	 2.8580034467728943e-12 	 
878.6148529642173 	 -1.2904297681845868e-6 	 -1.721668488663612e-6 	 -2.9480967504429935e-8 	 1.7741705414242568e-6 	 7.21759129453059e-10 	 9.758114335134343e-10 	 -1.141819194442421e-7 	 7.684722573872158e-8 	 -7.677701543717504e-7 	 -3.851941292838231e-7 	 -1.3585923164053851e-8 	 -6.985481193168896e-9 	 -4.051107184356116e-8 	 -5.0747924201261005e-8 	 -2.148839690956281e-8 	 -2.1530332187769253e-8 	 -2.5264090209110736e-9 	 -1.579707119484321e-9 	 8.616472982232767e-10 	 7.398596763751422e-10 	 7.151248507496519e-10 	 -4.275191584873897e-9 	 1.6648870743866237e-8 	 2.0162423918647046e-8 	 -7.496304023485395e-10 	 2.6944964590064344e-12 	 
894.0990848704206 	 -1.1913096256004015e-6 	 -1.607301512596795e-6 	 -2.8458527980190174e-8 	 1.7227573523200424e-6 	 7.495497693478898e-10 	 9.929953588691287e-10 	 -1.1006827715727617e-7 	 7.427969852513634e-8 	 -7.504612235814192e-7 	 -3.713047225275685e-7 	 -1.326101839870812e-8 	 -6.640209357537272e-9 	 -3.9943145437896994e-8 	 -5.010525676218956e-8 	 -2.1084594613468952e-8 	 -2.120422247633696e-8 	 -2.5255849874347723e-9 	 -1.5367586135381885e-9 	 8.716611488725856e-10 	 7.431580757013545e-10 	 7.795183725535106e-10 	 -4.285670347279477e-9 	 1.6436639997631555e-8 	 2.0027012368719452e-8 	 -7.688043133001438e-10 	 2.317613663589263e-12 	 
909.8562024863477 	 -1.0956271045573447e-6 	 -1.4914471686716233e-6 	 -2.746616285953536e-8 	 1.6672506965747404e-6 	 7.783610164242327e-10 	 1.0104665043610189e-9 	 -1.0608962317273788e-7 	 7.17911901261557e-8 	 -7.33503195807408e-7 	 -3.578319114903899e-7 	 -1.2945268562124582e-8 	 -6.303559978315514e-9 	 -3.939210855798191e-8 	 -4.946747375670299e-8 	 -2.070030494718793e-8 	 -2.0800479040931416e-8 	 -2.5244531206202574e-9 	 -1.491854545451856e-9 	 8.81722059811734e-10 	 7.461636260339579e-10 	 8.443301322685606e-10 	 -4.295583509115032e-9 	 1.6223876470113533e-8 	 1.989202822773411e-8 	 -7.884991140366248e-10 	 1.7078391744443366e-12 	 
925.8910150018253 	 -1.0043194688633614e-6 	 -1.3878352605015516e-6 	 -2.6503088752772375e-8 	 1.6212269491009907e-6 	 8.082267618278183e-10 	 1.0282314190729359e-9 	 -1.022495324914925e-7 	 6.93811973659843e-8 	 -7.170480236342529e-7 	 -3.451546020554309e-7 	 -1.2638417704361984e-8 	 -5.975243059391482e-9 	 -3.884590970930191e-8 	 -4.883222947769314e-8 	 -2.031343492521264e-8 	 -2.0605694345626313e-8 	 -2.5230075221495203e-9 	 -1.4449209852114176e-9 	 8.918277020822471e-10 	 7.488573079712577e-10 	 9.091981452033794e-10 	 -4.305400614058386e-9 	 1.6010844737021546e-8 	 1.9757848357580175e-8 	 -8.08728422559144e-10 	 8.444399707009664e-13 	 
942.2084163612376 	 -9.229347679128495e-7 	 -1.2897047852311917e-6 	 -2.5568495496589268e-8 	 1.5711964174612456e-6 	 8.391817609294522e-10 	 1.0462967929008448e-9 	 -9.854115946917387e-8 	 6.704689984368753e-8 	 -7.009827202972175e-7 	 -3.325322852410404e-7 	 -1.234020243450199e-8 	 -5.654961418041695e-9 	 -3.829692713588538e-8 	 -4.8201175637587476e-8 	 -1.9918799083923584e-8 	 -2.030874294702203e-8 	 -2.5212397236817506e-9 	 -1.3958790768465979e-9 	 9.019767669811804e-10 	 7.5121781582453e-10 	 9.74198370330301e-10 	 -4.3154625842954925e-9 	 1.579743815093713e-8 	 1.9624241482349624e-8 	 -8.295060339860289e-10 	 -2.945470507650927e-13 	 
958.8133867571879 	 -8.466278434725953e-7 	 -1.1995973973973958e-6 	 -2.4661590239789106e-8 	 1.5248559335920685e-6 	 8.712615707536819e-10 	 1.0646695314956656e-9 	 -9.495228157750663e-8 	 6.478434050666494e-8 	 -6.853539037330001e-7 	 -3.2019226009879766e-7 	 -1.2050372344800211e-8 	 -5.342419099034111e-9 	 -3.776229718742229e-8 	 -4.7573499853806903e-8 	 -1.9547228240774147e-8 	 -1.990906611970797e-8 	 -2.5191428923126224e-9 	 -1.3446460709203445e-9 	 9.12167859278862e-10 	 7.532211280635704e-10 	 1.039290267794484e-9 	 -4.324955051744814e-9 	 1.5583683572559065e-8 	 1.949122664210495e-8 	 -8.508459121652529e-10 	 -1.7323242011274553e-12 	 
975.7109941504982 	 -7.734650909572527e-7 	 -1.1132470464255212e-6 	 -2.378159596523529e-8 	 1.4802513829436153e-6 	 9.045026784311516e-10 	 1.0833566621912977e-9 	 -9.149352196514401e-8 	 6.259456433624862e-8 	 -6.701044095418416e-7 	 -3.082839231565634e-7 	 -1.1768675757014797e-8 	 -5.037322456869242e-9 	 -3.7253337573972886e-8 	 -4.694907766019234e-8 	 -1.915484662881114e-8 	 -1.9715079417175062e-8 	 -2.5167082184029368e-9 	 -1.2911358743523698e-9 	 9.223979324237758e-10 	 7.548452379478299e-10 	 1.1044141208533444e-9 	 -4.336269980984351e-9 	 1.5369727849699007e-8 	 1.935892347346255e-8 	 -8.727621827170445e-10 	 -3.493387328025871e-12 	 
992.9063958169821 	 -7.097956136693738e-7 	 -1.0365218595470047e-6 	 -2.292778361982542e-8 	 1.436478623236597e-6 	 9.389423460557268e-10 	 1.102365386614879e-9 	 -8.814576416320484e-8 	 6.047221262093892e-8 	 -6.552172459256035e-7 	 -2.96733477436755e-7 	 -1.1494872170267706e-8 	 -4.739385882452023e-9 	 -3.6716939800407503e-8 	 -4.632843432073315e-8 	 -1.8780175798949216e-8 	 -1.942702998619108e-8 	 -2.5139278452521834e-9 	 -1.2352578006462093e-9 	 9.326655135216256e-10 	 7.560623846304252e-10 	 1.1694898733378544e-9 	 -4.346003604495128e-9 	 1.5155643672439835e-8 	 1.9227411884463806e-8 	 -8.952690959829401e-10 	 -5.603590203256403e-12 	 
1010.4048399214864 	 -6.45640367034886e-7 	 -9.610006542488185e-7 	 -2.209937514490672e-8 	 1.3951007708789848e-6 	 9.74618584502045e-10 	 1.121703039229896e-9 	 -8.491325498926453e-8 	 5.841694647434379e-8 	 -6.406913544716727e-7 	 -2.855137363444894e-7 	 -1.1228719912866984e-8 	 -4.448312105138147e-9 	 -3.620327161179801e-8 	 -4.571082109719698e-8 	 -1.8402819630227676e-8 	 -1.904541248050288e-8 	 -2.5107925561466494e-9 	 -1.1769171075850611e-9 	 9.429686874844793e-10 	 7.568462461302105e-10 	 1.2344779585819633e-9 	 -4.35506874596638e-9 	 1.4941494980011737e-8 	 1.9096787685149463e-8 	 -9.183809449878594e-10 	 -8.090177736089776e-12 	 
1028.2116671196736 	 -5.901206252368757e-7 	 -8.937586299571998e-7 	 -2.1295691253864587e-8 	 1.3543865971072501e-6 	 1.0115702769040835e-9 	 1.1413771109544674e-9 	 -8.179447412846745e-8 	 5.6427320104614236e-8 	 -6.26553828668297e-7 	 -2.746405488497746e-7 	 -1.0969987198371496e-8 	 -4.163824866100863e-9 	 -3.569334185405944e-8 	 -4.509655598339519e-8 	 -1.8027070736194867e-8 	 -1.885737963924259e-8 	 -2.5072934521503666e-9 	 -1.1160134206611327e-9 	 9.533042385640697e-10 	 7.571680262202018e-10 	 1.2992893070795896e-9 	 -4.364041726586798e-9 	 1.4727376905868199e-8 	 1.8967147561517928e-8 	 -9.421122241795237e-10 	 -1.0981917302943234e-11 	 
1046.3323121880223 	 -5.375336529926971e-7 	 -8.300115875824893e-7 	 -2.0516002180704848e-8 	 1.3148768959372966e-6 	 1.0498370274264535e-9 	 1.1613952224935065e-9 	 -7.877461356315495e-8 	 5.449892393366109e-8 	 -6.127639842394923e-7 	 -2.6410428063993186e-7 	 -1.0718443776166713e-8 	 -3.885634437317802e-9 	 -3.51746246757673e-8 	 -4.448549641018828e-8 	 -1.7652688712041928e-8 	 -1.8562231437456348e-8 	 -2.5034208299337852e-9 	 -1.0524433037712857e-9 	 9.63670320449755e-10 	 7.569957619366557e-10 	 1.3638510361959083e-9 	 -4.373320560316158e-9 	 1.4515807171459172e-8 	 1.8838530078620473e-8 	 -9.664774251162277e-10 	 -1.4309708387733044e-11 	 
1064.77230568257 	 -4.872552452801821e-7 	 -7.696139627349209e-7 	 -1.9759621360688617e-8 	 1.2771988871247636e-6 	 1.089459263839897e-9 	 1.181765100088667e-9 	 -7.586495971062547e-8 	 5.2633095461910974e-8 	 -5.993746165779552e-7 	 -2.539038605429223e-7 	 -1.0473865113149219e-8 	 -3.6134571821131027e-9 	 -3.467943393127007e-8 	 -4.3877346366617863e-8 	 -1.7279672275791712e-8 	 -1.8212253555829534e-8 	 -2.4991646612535727e-9 	 -9.860948851627257e-10 	 9.740642369158167e-10 	 7.562971884716374e-10 	 1.4281038320104467e-9 	 -4.3818970643344075e-9 	 1.430196479406797e-8 	 1.8710918812066185e-8 	 -9.914910187424887e-10 	 -1.810411294049796e-11 	 
1083.5372756268719 	 -4.4343921801527696e-7 	 -7.162329649009107e-7 	 -1.9025899926367345e-8 	 1.2408753940555285e-6 	 1.130478160352948e-9 	 1.2024945993005264e-9 	 -7.304940278847495e-8 	 5.0825268881434594e-8 	 -5.862911952534107e-7 	 -2.4395074960241865e-7 	 -1.0236031682473935e-8 	 -3.347014767188596e-9 	 -3.418398379929953e-8 	 -4.327218698912948e-8 	 -1.6918817700021408e-8 	 -1.8027291429846563e-8 	 -2.4945147419372573e-9 	 -9.168542531807843e-10 	 9.844827629505286e-10 	 7.550367139482952e-10 	 1.4919488375911843e-9 	 -4.390524929811106e-9 	 1.4088353730068328e-8 	 1.858432370574096e-8 	 -1.0171674938363879e-9 	 -2.239920388560246e-11 	 
1102.6329492297234 	 -3.9979865359605227e-7 	 -6.629290782387412e-7 	 -1.8314138412873622e-8 	 1.2057527350251507e-6 	 1.1729353971645196e-9 	 1.2235916425550314e-9 	 -7.032938947235186e-8 	 4.9074627862940224e-8 	 -5.742020876393094e-7 	 -2.3437301108846136e-7 	 -1.0004727098854188e-8 	 -3.0860091476652074e-9 	 -3.368363230098703e-8 	 -4.2669771497617226e-8 	 -1.6544525726541562e-8 	 -1.7719354467374435e-8 	 -2.489459801169598e-9 	 -8.445986701693108e-10 	 9.949232552168349e-10 	 7.531770071373961e-10 	 1.5553013181131562e-9 	 -4.399338099340028e-9 	 1.3875066078953033e-8 	 1.8458862009943547e-8 	 -1.0435213381036985e-9 	 -2.7230193666920586e-11 	 
1122.0651546331405 	 -3.627609572834725e-7 	 -6.165925642298123e-7 	 -1.7623739578484175e-8 	 1.17096050126408e-6 	 1.2168734252291197e-9 	 1.2450642304141673e-9 	 -6.770677345666807e-8 	 4.738059810282899e-8 	 -5.61731436600553e-7 	 -2.2504144361152698e-7 	 -9.779741300502169e-9 	 -2.830166781526001e-9 	 -3.320717090090513e-8 	 -4.207001259175077e-8 	 -1.6174580204605513e-8 	 -1.7413476342462423e-8 	 -2.483989106655616e-9 	 -7.692006874489249e-10 	 1.0053824270787543e-9 	 7.506779060084704e-10 	 1.618086768840705e-9 	 -4.4074273062825095e-9 	 1.3662155284566185e-8 	 1.8334626909668054e-8 	 -1.070566894934747e-9 	 -3.263400806861383e-11 	 
1141.8398226911547 	 -3.257258339327852e-7 	 -5.713040896904929e-7 	 -1.695404294814591e-8 	 1.1380028919133687e-6 	 1.2623355440877903e-9 	 1.2669203944767582e-9 	 -6.516555073844913e-8 	 4.573863120344341e-8 	 -5.495845744915842e-7 	 -2.1599542915570283e-7 	 -9.560865667417773e-9 	 -2.5791981504981122e-9 	 -3.272453306562839e-8 	 -4.147278812062065e-8 	 -1.5822499318158153e-8 	 -1.721661768494465e-8 	 -2.4780900967033078e-9 	 -6.905245613059812e-10 	 1.0158569021064254e-9 	 7.474965227766184e-10 	 1.6802001369393931e-9 	 -4.415781512576618e-9 	 1.3449694850499161e-8 	 1.821169159572467e-8 	 -1.0983183479567488e-9 	 -3.8649446022743784e-11 	 
1161.9629887799572 	 -2.92401227146983e-7 	 -5.300175899124647e-7 	 -1.630445077421748e-8 	 1.1059493207065943e-6 	 1.3093651274022521e-9 	 1.28916820959795e-9 	 -6.271856023067224e-8 	 4.415054900802316e-8 	 -5.378209066069457e-7 	 -2.0723074433734343e-7 	 -9.347900163172333e-9 	 -2.332817548220797e-9 	 -3.2244285564776544e-8 	 -4.087781062275744e-8 	 -1.54602623358517e-8 	 -1.6907221643937923e-8 	 -2.47175134048072e-9 	 -6.084288903333338e-10 	 1.0263431278234093e-9 	 7.435874709331123e-10 	 1.7415344472645783e-9 	 -4.424094610510505e-9 	 1.3237768641109788e-8 	 1.809006762787194e-8 	 -1.1267897422808288e-9 	 -4.531718963774356e-11 	 
1182.4407946399335 	 -2.619882741910898e-7 	 -4.917543164419551e-7 	 -1.5674370192645912e-8 	 1.074638506169866e-6 	 1.3580064034964402e-9 	 1.3118157439706685e-9 	 -6.034960916208909e-8 	 4.261186730809544e-8 	 -5.262813033815471e-7 	 -1.9875250059926892e-7 	 -9.140642244875442e-9 	 -2.0907310335615148e-9 	 -3.178517788879983e-8 	 -4.028503137970045e-8 	 -1.5093232860640438e-8 	 -1.664731319176643e-8 	 -2.46495906100885e-9 	 -5.227629962055082e-10 	 1.0368373503751189e-9 	 7.38901981512331e-10 	 1.8019965809561853e-9 	 -4.431754420129937e-9 	 1.302644645727985e-8 	 1.796972738960998e-8 	 -1.1559948616115273e-9 	 -5.267986044582229e-11 	 
1203.2794902501767 	 -2.331533710328098e-7 	 -4.5578091298870275e-7 	 -1.5063200393285055e-8 	 1.0447347685928467e-6 	 1.408303793266596e-9 	 1.3348710227241888e-9 	 -5.806165898215752e-8 	 4.112226393504027e-8 	 -5.151026881964181e-7 	 -1.905142459990131e-7 	 -8.938901990971769e-9 	 -1.85264127946066e-9 	 -3.13149187980656e-8 	 -3.969436819516535e-8 	 -1.4738178565638438e-8 	 -1.6422861641866856e-8 	 -2.4577008659194037e-9 	 -4.3336929529730534e-10 	 1.0473354955273245e-9 	 7.333875720105557e-10 	 1.8614788963371346e-9 	 -4.4398928848894775e-9 	 1.2815795907366518e-8 	 1.7850693109836956e-8 	 -1.1859471334605182e-9 	 -6.078214745419585e-11 	 
1224.4854357360205 	 -2.065779519143072e-7 	 -4.22133643039052e-7 	 -1.4470384553181567e-8 	 1.0153713681631736e-6 	 1.4603021506185982e-9 	 1.3583419987342876e-9 	 -5.585498847762382e-8 	 3.968089563883962e-8 	 -5.041447360586093e-7 	 -1.825197586548721e-7 	 -8.742484249003938e-9 	 -1.6182570784087801e-9 	 -3.0856864504738284e-8 	 -3.910550984318052e-8 	 -1.4385580399846211e-8 	 -1.6136278856187817e-8 	 -2.4499618749245804e-9 	 -3.4007961769051937e-10 	 1.0578334868931773e-9 	 7.270019209775588e-10 	 1.9198563390131386e-9 	 -4.447652668466214e-9 	 1.2605890001215067e-8 	 1.773306871927896e-8 	 -1.2166596699044735e-9 	 -6.967078736110244e-11 	 
1246.0651033101992 	 -1.8273368379858257e-7 	 -3.9211461544069684e-7 	 -1.3895368347394497e-8 	 9.874890982953895e-7 	 1.5140463440579121e-9 	 1.3822365111898416e-9 	 -5.371732620992887e-8 	 3.8284202679130555e-8 	 -4.933968802710111e-7 	 -1.747927167580979e-7 	 -8.551204889427584e-9 	 -1.387273335334171e-9 	 -3.041166928482773e-8 	 -3.85182231853392e-8 	 -1.4030474692836093e-8 	 -1.5899682997823468e-8 	 -2.441728504260108e-9 	 -2.427175174744654e-10 	 1.0683267419342693e-9 	 7.196619544055987e-10 	 1.977430384003194e-9 	 -4.455026774844575e-9 	 1.239680123591246e-8 	 1.7616960098977592e-8 	 -1.248145133085598e-9 	 -7.9394701201424e-11 	 
1268.0250792482202 	 -1.5875247398442827e-7 	 -3.617195917506228e-7 	 -1.33375833681178e-8 	 9.602295824132526e-7 	 1.5695814407572134e-9 	 1.4065622654185395e-9 	 -5.1657957617409675e-8 	 3.693329268626165e-8 	 -4.830601077566704e-7 	 -1.674737220744853e-7 	 -8.364880504320294e-9 	 -1.1593752286182302e-9 	 -2.995607141733025e-8 	 -3.793245078163101e-8 	 -1.3679689237244682e-8 	 -1.5656993272778798e-8 	 -2.4329847693587977e-9 	 -1.410946573610583e-10 	 1.078810674322546e-9 	 7.113143627585214e-10 	 2.0332379980736544e-9 	 -4.462933961025194e-9 	 1.2188603949166784e-8 	 1.7502397307622346e-8 	 -1.2804156609581362e-9 	 -9.000502412959355e-11 	 
1290.3720658985355 	 -1.396317596633062e-7 	 -3.369590735963501e-7 	 -1.2796546714298755e-8 	 9.340451226790646e-7 	 1.6269524871583318e-9 	 1.4313267397906836e-9 	 -4.96651113724139e-8 	 3.5624823365822276e-8 	 -4.729357117549934e-7 	 -1.6018138947839627e-7 	 -8.18332819319168e-9 	 -9.3426087962165e-10 	 -2.9520541550305807e-8 	 -3.734811263809427e-8 	 -1.3332025342189022e-8 	 -1.5408184332955106e-8 	 -2.4237157538188396e-9 	 -3.5014182799743834e-11 	 1.0892801114849779e-9 	 7.018910835338761e-10 	 2.0875940018640245e-9 	 -4.470111396014921e-9 	 1.1981406510254128e-8 	 1.738800845966763e-8 	 -1.3134827156196016e-9 	 -1.0155520088355074e-10 	 
1313.1128837281576 	 -1.1797027716495846e-7 	 -3.099648651912388e-7 	 -1.2271672997550046e-8 	 9.087088892196721e-7 	 1.686204373716002e-9 	 1.4565371785308433e-9 	 -4.77383575386401e-8 	 3.4357775200767673e-8 	 -4.630471455418666e-7 	 -1.531497104369684e-7 	 -8.006378395820914e-9 	 -7.115885285589565e-10 	 -2.90854717538443e-8 	 -3.676499644826634e-8 	 -1.2983351943620767e-8 	 -1.5162401910305087e-8 	 -2.4139043074407806e-9 	 7.573663981508675e-11 	 1.0997299254439154e-9 	 6.91319068687353e-10 	 2.140356940665618e-9 	 -4.477419324770755e-9 	 1.1775279202369577e-8 	 1.7276617506453165e-8 	 -1.3473570727756411e-9 	 -1.1410102941226574e-10 	 
1336.254473404309 	 -1.0075926946083298e-7 	 -2.887249826038636e-7 	 -1.1762527885176542e-8 	 8.851888138209492e-7 	 1.7473818706224132e-9 	 1.4822004991736826e-9 	 -4.588289613496288e-8 	 3.313257463423321e-8 	 -4.5343355502747514e-7 	 -1.4629135457582844e-7 	 -7.833849971247188e-9 	 -4.91037623026194e-10 	 -2.8649339421855365e-8 	 -3.6182894502499033e-8 	 -1.2635782344643227e-8 	 -1.4933167909483994e-8 	 -2.403534073747222e-9 	 1.9137965758581204e-10 	 1.1101544847339148e-9 	 6.795196005528794e-10 	 2.191374369503757e-9 	 -4.484943973160543e-9 	 1.1570109337532848e-8 	 1.7166837789241152e-8 	 -1.3820487490965145e-9 	 -1.277007288959875e-10 	 
1359.8038979127691 	 -8.381429417665545e-8 	 -2.657167483807552e-7 	 -1.1268549833033963e-8 	 8.600614422292313e-7 	 1.8105285240327468e-9 	 1.5083232423542559e-9 	 -4.4080125645426544e-8 	 3.1944289597578986e-8 	 -4.4400464534285127e-7 	 -1.396234896547597e-7 	 -7.66558236168638e-9 	 -2.722473047287671e-10 	 -2.823255071693959e-8 	 -3.560165340548508e-8 	 -1.2292453777871737e-8 	 -1.4700309925228599e-8 	 -2.3925866861284836e-9 	 3.1215374131207354e-10 	 1.1205479084759925e-9 	 6.664080074063575e-10 	 2.2404964279436558e-9 	 -4.4916539725703116e-9 	 1.1365901579299875e-8 	 1.705819341670812e-8 	 -1.4175668257247708e-9 	 -1.4241501780833387e-10 	 
1383.768344713554 	 -6.753799426045992e-8 	 -2.467439480494464e-7 	 -1.0789310244884072e-8 	 8.388942701790509e-7 	 1.875687771272046e-9 	 1.5349115169539558e-9 	 -4.2351016863475265e-8 	 3.079679996454053e-8 	 -4.3484602865584427e-7 	 -1.3323903011740972e-7 	 -7.501401264453962e-9 	 -5.4871949815852304e-11 	 -2.7807466824204538e-8 	 -3.503073981828383e-8 	 -1.1953339204088888e-8 	 -1.4454045263559233e-8 	 -2.3810441448362034e-9 	 4.383123216043623e-10 	 1.130904191721016e-9 	 6.518935601066269e-10 	 2.2875737442821245e-9 	 -4.499043496288622e-9 	 1.1163311571100305e-8 	 1.6951853326556084e-8 	 -1.453919343376311e-9 	 -1.5830716768073683e-10 	 
1408.1551279345736 	 -5.332262182648318e-8 	 -2.277115707507012e-7 	 -1.0324301141930039e-8 	 8.160372936273516e-7 	 1.9429021873032336e-9 	 1.5619708739236426e-9 	 -4.066649972343232e-8 	 2.968297252697368e-8 	 -4.2596778486179753e-7 	 -1.2693009557911318e-7 	 -7.341149098897286e-9 	 1.6146679790103535e-10 	 -2.739461455650041e-8 	 -3.4452241684306884e-8 	 -1.161740600968737e-8 	 -1.4250905583548201e-8 	 -2.3688868607993763e-9 	 5.701253805495602e-10 	 1.1412165932989557e-9 	 6.358788871571372e-10 	 2.33244959120625e-9 	 -4.5059453966264364e-9 	 1.0962071437796894e-8 	 1.6846987700313084e-8 	 -1.4911130931861899e-9 	 -1.754430897318493e-10 	 
1432.9716906039691 	 -3.975081633877404e-8 	 -2.1059085249804405e-7 	 -9.873075225447796e-9 	 7.950000238249988e-7 	 2.012212554203051e-9 	 1.58950630783961e-9 	 -3.905107673379793e-8 	 2.8607447421335257e-8 	 -4.1728957197124295e-7 	 -1.2096288145440066e-7 	 -7.184663420341164e-9 	 3.771667892379277e-10 	 -2.6989865094029417e-8 	 -3.387435348727318e-8 	 -1.1284178986476419e-8 	 -1.4003221757670024e-8 	 -2.3560949708726382e-9 	 7.078812330075791e-10 	 1.1514783112579655e-9 	 6.182591092032642e-10 	 2.3749554856391764e-9 	 -4.512572625003534e-9 	 1.0762029945861593e-8 	 1.6743675977892242e-8 	 -1.5291536896710755e-9 	 -1.93891384979612e-10 	 
1458.2256069217708 	 -2.7003223802388758e-8 	 -1.9471479299599104e-7 	 -9.435181540344306e-9 	 7.746385088087823e-7 	 2.0836587940943873e-9 	 1.6175220683971115e-9 	 -3.747978087763191e-8 	 2.756406743134416e-8 	 -4.0879791790299135e-7 	 -1.1500761460064289e-7 	 -7.031786853234427e-9 	 5.926329847845818e-10 	 -2.658007865283148e-8 	 -3.329688432897685e-8 	 -1.0954753500451972e-8 	 -1.3789581783821155e-8 	 -2.3426476853090825e-9 	 8.518876969531008e-10 	 1.1616822295628471e-9 	 5.989214249022066e-10 	 2.4149116729343195e-9 	 -4.519846081019805e-9 	 1.0563468370608154e-8 	 1.6642150144980544e-8 	 -1.5680452109600884e-9 	 -2.1372341552617135e-10 	 
1483.9245845716043 	 -1.516440795463478e-8 	 -1.7966024549442758e-7 	 -9.010168217964895e-9 	 7.546877080713668e-7 	 2.157278557338135e-9 	 1.6460216303322767e-9 	 -3.596851652873147e-8 	 2.6555607751579617e-8 	 -4.0050773178697043e-7 	 -1.092887913083349e-7 	 -6.882366783082877e-9 	 8.083051582436257e-10 	 -2.618853647225565e-8 	 -3.271963592074652e-8 	 -1.0629264809524524e-8 	 -1.3579672459887696e-8 	 -2.3285230772951266e-9 	 1.0024763417904137e-9 	 1.1718206334254104e-9 	 5.777440045447353e-10 	 2.4521287390851284e-9 	 -4.526107257897805e-9 	 1.036647330443363e-8 	 1.6542391460509843e-8 	 -1.6077901379223586e-9 	 -2.350133522424691e-10 	 
1510.0764670731387 	 -4.57120673083269e-9 	 -1.6602955090435997e-7 	 -8.59761657179283e-9 	 7.35367863906896e-7 	 2.2331081547724258e-9 	 1.675007543878757e-9 	 -3.4503334239184266e-8 	 2.5578366945838282e-8 	 -3.924503317452475e-7 	 -1.0378952140334644e-7 	 -6.7362493221419276e-9 	 1.0246359020157248e-9 	 -2.5792311839764826e-8 	 -3.2142394774569514e-8 	 -1.0307530871162121e-8 	 -1.334675790286271e-8 	 -2.3136990666053146e-9 	 1.1600002743732783e-9 	 1.1818855871186592e-9 	 5.545956048339806e-10 	 2.4864078913137e-9 	 -4.533047192474807e-9 	 1.0171105568967053e-8 	 1.6444389224771144e-8 	 -1.6483891879941598e-9 	 -2.578383141052287e-10 	 
1536.6892361759749 	 5.353052358231719e-9 	 -1.5321317352970444e-7 	 -8.197093000101232e-9 	 7.16990818882347e-7 	 2.311178834116176e-9 	 1.7044813394162784e-9 	 -3.30893906270322e-8 	 2.4632809955536043e-8 	 -3.85035795358514e-7 	 -9.837160412485288e-8 	 -6.593286116761795e-9 	 1.2421274018133542e-9 	 -2.5404368131899843e-8 	 -3.156493290899638e-8 	 -9.988965019421307e-9 	 -1.3149009465595595e-8 	 -2.2981515469365577e-9 	 1.3248422899880874e-9 	 1.191868641406462e-9 	 5.293342551457833e-10 	 2.5175407275825205e-9 	 -4.5396941566214134e-9 	 9.977423863529352e-9 	 1.6348209232796112e-8 	 -1.6898409666173098e-9 	 -2.822781123904128e-10 	 
1563.7710142957494 	 1.4730303335638457e-8 	 -1.4120749139560296e-7 	 -7.80818556889626e-9 	 6.989751977536664e-7 	 2.3915224822360676e-9 	 1.7344433794656e-9 	 -3.172158301135288e-8 	 2.3717190698333095e-8 	 -3.774214534642272e-7 	 -9.323483862463184e-8 	 -6.453332250301844e-9 	 1.4612933009040727e-9 	 -2.5026327595275406e-8 	 -3.0987009146179786e-8 	 -9.672770437552572e-9 	 -1.293669536833639e-8 	 -2.281856945301602e-9 	 1.4974107986055784e-9 	 1.2017609203372123e-9 	 5.018066732432699e-10 	 2.5453081292115487e-9 	 -4.5458665833260285e-9 	 9.788567986906365e-9 	 1.6253769521925844e-8 	 -1.7321419559982332e-9 	 -3.0841596221366064e-10 	 
1591.3300669931418 	 2.3065420602445924e-8 	 -1.3048919774633814e-7 	 -7.430494682585333e-9 	 6.813634813524766e-7 	 2.474164615638894e-9 	 1.7648927389976625e-9 	 -3.039993764842105e-8 	 2.2830909179551485e-8 	 -3.699656764417008e-7 	 -8.807411944470583e-8 	 -6.316238035010934e-9 	 1.6827199420811793e-9 	 -2.4642973901881016e-8 	 -3.0408369778974576e-8 	 -9.358138168576973e-9 	 -1.272693615069142e-8 	 -2.2647889610057316e-9 	 1.6781512175202822e-9 	 1.211553298924865e-9 	 4.718536419808471e-10 	 2.569479276415519e-9 	 -4.55286531717463e-9 	 9.598427826255497e-9 	 1.61611479910039e-8 	 -1.7752863340960989e-9 	 -3.363378672383022e-10 	 
1619.3748054966 	 3.177491330751203e-8 	 -1.1993705195997428e-7 	 -7.0636032789897494e-9 	 6.64845946978808e-7 	 2.5591277836630565e-9 	 1.7958270695268324e-9 	 -2.912032743695276e-8 	 2.197243512384959e-8 	 -3.626707649147623e-7 	 -8.32754740582886e-8 	 -6.181870816873642e-9 	 1.907000667933808e-9 	 -2.427693608171846e-8 	 -2.982874848266264e-8 	 -9.043987330430123e-9 	 -1.2513942089190502e-8 	 -2.246922242487986e-9 	 1.8675413296997e-9 	 1.2212360191759543e-9 	 4.3928154855336496e-10 	 2.58981075641629e-9 	 -4.558780227601057e-9 	 9.410175876339628e-9 	 1.6070337681817043e-8 	 -1.8192655574373274e-9 	 -3.661330509017735e-10 	 
1647.9137892694969 	 3.945130708483261e-8 	 -1.1080712230953374e-7 	 -6.7070957074964864e-9 	 6.488583604914258e-7 	 2.6464297840400673e-9 	 1.8272423916944901e-9 	 -2.7885862731009423e-8 	 2.114190695059028e-8 	 -3.5557774429871076e-7 	 -7.835837597649227e-8 	 -6.050079647732922e-9 	 2.1348199243749367e-9 	 -2.3906364973869434e-8 	 -2.9247871314017236e-8 	 -8.729693808938614e-9 	 -1.2343758357126198e-8 	 -2.2282283587676676e-9 	 2.066103714287575e-9 	 1.2307987698532627e-9 	 4.039020908066306e-10 	 2.6060457024013955e-9 	 -4.565435247770111e-9 	 9.223891926900133e-9 	 1.5981399887688683e-8 	 -1.864067930313967e-9 	 -3.978938874519988e-10 	 
1676.9557286225488 	 4.6293883615266915e-8 	 -1.0174628781556063e-7 	 -6.360637602149441e-9 	 6.323903993025704e-7 	 2.7360822839979125e-9 	 1.8591329801485052e-9 	 -2.668815134242674e-8 	 2.0336869321906593e-8 	 -3.486476645712592e-7 	 -7.362106498191604e-8 	 -5.9207384020594645e-9 	 2.3668979917549126e-9 	 -2.354442063373752e-8 	 -2.8665449456087147e-8 	 -8.414221054993466e-9 	 -1.2097092453537583e-8 	 -2.208679862043378e-9 	 2.2744021316382404e-9 	 1.2402310681049643e-9 	 3.655027764879125e-10 	 2.617912701883076e-9 	 -4.5717445923703995e-9 	 9.0396597895457e-9 	 1.589434110601842e-8 	 -1.909679062583061e-9 	 -4.31716008065689e-10 	 
1706.5094873722715 	 5.285004206607538e-8 	 -9.38142705846375e-8 	 -6.023835280206736e-9 	 6.174693835813968e-7 	 2.8280915988936695e-9 	 1.8914911453523555e-9 	 -2.5534624319256518e-8 	 1.9558461333010163e-8 	 -3.4193855452363905e-7 	 -6.923927693000917e-8 	 -5.793699733115968e-9 	 2.6040098251134337e-9 	 -2.3191154298358017e-8 	 -2.8081189246773235e-8 	 -8.09726260673628e-9 	 -1.195595337638948e-8 	 -2.1882461737522917e-9 	 2.4930571867129424e-9 	 1.249521607490299e-9 	 3.238520909342979e-10 	 2.625125197954395e-9 	 -4.577701933946973e-9 	 8.857535560580417e-9 	 1.5809060954427866e-8 	 -1.9560806634940024e-9 	 -4.676983454759998e-10 	 
1736.5840855462714 	 5.893419750590156e-8 	 -8.623925846034938e-8 	 -5.696295721752936e-9 	 6.023573117345485e-7 	 2.9224554269473292e-9 	 1.9243070279971804e-9 	 -2.44129833557069e-8 	 1.8803378182709713e-8 	 -3.353843485731738e-7 	 -6.471083160433811e-8 	 -5.668839143552052e-9 	 2.847097244190747e-9 	 -2.283286594765515e-8 	 -2.749478384090584e-8 	 -7.778137313269751e-9 	 -1.1732274481611166e-8 	 -2.1668974623204433e-9 	 2.7227421014430723e-9 	 1.2586587326559024e-9 	 2.78697301074733e-10 	 2.6273799217026174e-9 	 -4.5843780181069725e-9 	 8.677604973571597e-9 	 1.5725652884463703e-8 	 -2.003250908580802e-9 	 -5.059431940802783e-10 	 
1767.1887021362386 	 6.548517210124872e-8 	 -7.919887239615223e-8 	 -5.377650340590911e-9 	 5.886960125630098e-7 	 3.0191645942048628e-9 	 1.9575684622493126e-9 	 -2.3333025794076873e-8 	 1.8073315592310513e-8 	 -3.288921567638301e-7 	 -6.052686191919202e-8 	 -5.5460201638710424e-9 	 3.0971110178295362e-9 	 -2.249269725556462e-8 	 -2.690591681847861e-8 	 -7.456784170880894e-9 	 -1.1526164757873165e-8 	 -2.144601007062257e-9 	 2.9641675648615712e-9 	 1.2676303867792693e-9 	 2.2976183504697225e-10 	 2.624912804689021e-9 	 -4.590031041536293e-9 	 8.499933437814921e-9 	 1.5644096201590346e-8 	 -2.0511636605947838e-9 	 -5.465562694336523e-10 	 
1798.3326778994324 	 7.220817081572178e-8 	 -7.289723605734509e-8 	 -5.067531531358414e-9 	 5.76146260508669e-7 	 3.1181995775574474e-9 	 1.9912606548482398e-9 	 -2.2283596967682318e-8 	 1.7365519482073824e-8 	 -3.226617415063247e-7 	 -5.6194199517746005e-8 	 -5.425112534902161e-9 	 3.3551689949905593e-9 	 -2.214479202021228e-8 	 -2.631424777325447e-8 	 -7.132787478581607e-9 	 -1.1416355225612435e-8 	 -2.1213243861600533e-9 	 3.2181996214324414e-9 	 1.2764235788595788e-9 	 1.7676131572254062e-10 	 2.616287076873014e-9 	 -4.596529406427653e-9 	 8.324575615961876e-9 	 1.5564403907999625e-8 	 -2.0997883413265743e-9 	 -5.896467723326904e-10 	 
1830.025518209555 	 7.403844680258081e-8 	 -6.673361469779503e-8 	 -4.76556009426454e-9 	 5.592285792873831e-7 	 3.2195294210892044e-9 	 2.0253659877248465e-9 	 -2.127076373264374e-8 	 1.668041676092189e-8 	 -3.1663078077977257e-7 	 -5.223299698062675e-8 	 -5.305991181063787e-9 	 3.6225106260183986e-9 	 -2.1809761609852315e-8 	 -2.5719408895548653e-8 	 -6.806434643812593e-9 	 -1.1108754621341893e-8 	 -2.097032623663543e-9 	 3.485718640792356e-9 	 1.2850252012200558e-9 	 1.1932436280018971e-10 	 2.6016991413919267e-9 	 -4.602431924194553e-9 	 8.151647845232618e-9 	 1.5486578026595236e-8 	 -2.1490892479012846e-9 	 -6.35327466107778e-10 	 
1862.2768959578668 	 7.951157049732614e-8 	 -6.139251873864944e-8 	 -4.471380585215787e-9 	 5.469237551709932e-7 	 3.323111417750264e-9 	 2.059863826830824e-9 	 -2.0288865603673636e-8 	 1.6016472930526068e-8 	 -3.106345391161451e-7 	 -4.808988629385949e-8 	 -5.1885220873639485e-9 	 3.900540122240719e-9 	 -2.1478435210951675e-8 	 -2.5121018761213948e-8 	 -6.477556017617017e-9 	 -1.1097521409435288e-8 	 -2.071690482387653e-9 	 3.767728298191393e-9 	 1.2934213802040936e-9 	 5.710198337044996e-11 	 2.5807586949416562e-9 	 -4.608371192762079e-9 	 7.981260426947012e-9 	 1.5410602159343967e-8 	 -2.1990256860742856e-9 	 -6.837147286641953e-10 	 
1895.0966545054139 	 8.539038265421007e-8 	 -5.61594493427648e-8 	 -4.184608474951693e-9 	 5.353657491979059e-7 	 3.4288881390671327e-9 	 2.0947301636208828e-9 	 -1.9337741096573457e-8 	 1.5373176326308654e-8 	 -3.047970441928328e-7 	 -4.434322286972272e-8 	 -5.072586689759063e-9 	 4.190877784162776e-9 	 -2.1145414601156754e-8 	 -2.4518696061488016e-8 	 -6.146112218876923e-9 	 -1.0773293636583169e-8 	 -2.0452606043660287e-9 	 4.065343655152772e-9 	 1.3015976210704444e-9 	 -1.0310649830363172e-11 	 2.55305922245286e-9 	 -4.614656667252075e-9 	 7.813401439858316e-9 	 1.5336435760447154e-8 	 -2.2495509086791663e-9 	 -7.349286409997635e-10 	 
1928.494810687309 	 9.066764781344489e-8 	 -5.151944869581838e-8 	 -3.904878770932423e-9 	 5.239997470218544e-7 	 3.536785225296226e-9 	 2.1299374058692242e-9 	 -1.8417308727204388e-8 	 1.4750087051892454e-8 	 -2.992027761903847e-7 	 -4.034791130488725e-8 	 -4.958055239683391e-9 	 4.4953674674159085e-9 	 -2.0829494148145592e-8 	 -2.3912067245764423e-8 	 -5.812555512774499e-9 	 -1.0648631766305268e-8 	 -2.0177046866923555e-9 	 4.379819022293913e-9 	 1.3095390082852372e-9 	 -8.337269448321805e-11 	 2.5181814971757065e-9 	 -4.620169290790521e-9 	 7.648178503009864e-9 	 1.526408472511116e-8 	 -2.3006117134884423e-9 	 -7.890931274044521e-10 	 
1962.4815578699313 	 9.56345789727337e-8 	 -4.7130147535550646e-8 	 -3.6318058771893325e-9 	 5.130513908345067e-7 	 3.6467105505494778e-9 	 2.1654540224661823e-9 	 -1.7523698630759103e-8 	 1.4145859941738526e-8 	 -2.937088356529408e-7 	 -3.677381008107629e-8 	 -4.844808766426849e-9 	 4.8161588197457625e-9 	 -2.050283984762686e-8 	 -2.3300708761605083e-8 	 -5.476493351807969e-9 	 -1.0506045702364886e-8 	 -1.988982849377694e-9 	 4.712564619602084e-9 	 1.3172299095183526e-9 	 -1.6258182343745077e-10 	 2.475667085032678e-9 	 -4.626532767559886e-9 	 7.485702693573594e-9 	 1.5193616252506534e-8 	 -2.3521480901890058e-9 	 -8.463360185942604e-10 	 
1997.0672690620238 	 1.0173493728182717e-7 	 -4.305454218713697e-8 	 -3.3649536312416257e-9 	 5.022609604316992e-7 	 3.758547927704555e-9 	 2.2012443400763306e-9 	 -1.665981174576203e-8 	 1.3560790602304864e-8 	 -2.882604320128367e-7 	 -3.290043623001276e-8 	 -4.732722112408674e-9 	 5.155760966807601e-9 	 -2.0195085430403444e-8 	 -2.2684095925924167e-8 	 -4.230830521227144e-9 	 -1.0234806203212372e-8 	 -1.9590532953425835e-9 	 5.065180730731509e-9 	 1.3246541411445868e-9 	 -2.485059183068429e-10 	 2.42498600829525e-9 	 -4.6320395507452615e-9 	 7.326053614874526e-9 	 1.5124954981994826e-8 	 -2.404092523305177e-9 	 -9.067891759403502e-10 	 
2032.2625000806186 	 1.0631603703978004e-7 	 -3.9473547503104236e-8 	 -3.104001596099034e-9 	 4.92136439713448e-7 	 3.872156493135246e-9 	 2.2372681046696785e-9 	 -1.5819350552757975e-8 	 1.2992969393093281e-8 	 -2.830175705547675e-7 	 -2.9439641668623654e-8 	 -4.6216718541378606e-9 	 5.517039822230866e-9 	 -1.9882027267932513e-8 	 -2.2061683912124644e-8 	 -3.8122325129650736e-9 	 -1.0237607479987087e-8 	 -1.9278730965793328e-9 	 5.439491087630911e-9 	 1.3317950320685672e-9 	 -3.417828673654275e-10 	 2.3655670417863836e-9 	 -4.638072761961645e-9 	 7.169298034532057e-9 	 1.5058033750517516e-8 	 -2.456369117959256e-9 	 -9.70588686967172e-10 	 
2068.077992772737 	 1.111487725314059e-7 	 -3.5869034410635934e-8 	 -2.8484859629975708e-9 	 4.818429856125073e-7 	 3.9873658935240265e-9 	 2.2734802127030192e-9 	 -1.5005580889667458e-8 	 1.2442806105581044e-8 	 -2.779668885688334e-7 	 -2.5692286750182162e-8 	 -4.511546321625028e-9 	 5.90364897765593e-9 	 -1.957651526148534e-8 	 -2.1432933537816895e-8 	 -3.4536883752449122e-9 	 -9.89687465734978e-9 	 -1.8953961798156254e-9 	 5.837592602563614e-9 	 1.3386351726631122e-9 	 -4.4313616241916346e-10 	 2.296838220344689e-9 	 -4.643897588068695e-9 	 7.015523898215632e-9 	 1.4992928508525482e-8 	 -2.508892993819522e-9 	 -1.037875012916384e-9 	 
2104.524678293899 	 1.1532901099936778e-7 	 -3.288148063742989e-8 	 -2.5979830273477246e-9 	 4.7211506566004197e-7 	 4.10396990160651e-9 	 2.3098303888695116e-9 	 -1.4214669986228726e-8 	 1.190902292803097e-8 	 -2.7294844886755073e-7 	 -2.2300700819825166e-8 	 -4.402212425682496e-9 	 6.319774214550185e-9 	 -1.92799743439998e-8 	 -2.0797178580354588e-8 	 -3.041353014709015e-9 	 -9.848768861048781e-9 	 -1.8615128123321677e-9 	 6.261745991203685e-9 	 1.345156632177939e-9 	 -5.533925017276607e-10 	 2.218150705262421e-9 	 -4.6494276155318725e-9 	 6.864249828906239e-9 	 1.4929510874943022e-8 	 -2.561569405838976e-9 	 -1.1087932266170864e-9 	 
2141.6136804443754 	 1.201448070302794e-7 	 -2.981640260209737e-8 	 -2.3520082714329655e-9 	 4.6253385044844067e-7 	 4.221721368918472e-9 	 2.3462627503011986e-9 	 -1.3446330651416018e-8 	 1.1391197779252376e-8 	 -2.6801630828128047e-7 	 -1.8664961269709256e-8 	 -4.293560914871215e-9 	 6.7705574925273945e-9 	 -1.8976937092333144e-8 	 -2.0153667063435193e-8 	 -2.5981534215483383e-9 	 -9.62714885388805e-9 	 -1.8262925590839406e-9 	 6.714993423221398e-9 	 1.3513409445899124e-9 	 -6.735045823480365e-10 	 2.1287394399775514e-9 	 -4.655571125662554e-9 	 6.716840666954178e-9 	 1.4867935378476453e-8 	 -2.6142926994387812e-9 	 -1.183493273834897e-9 	 
2179.3563190642653 	 1.2367998797662455e-7 	 -2.7286177289821154e-8 	 -2.1100669906815774e-9 	 4.527055973859718e-7 	 4.340323878624371e-9 	 2.3827154909915325e-9 	 -1.269869583240414e-8 	 1.0888623818477987e-8 	 -2.633124948231827e-7 	 -1.5210157190115217e-8 	 -4.185460237416211e-9 	 7.262367547507148e-9 	 -1.8693060653691546e-8 	 -1.9501567995690802e-8 	 -2.209290401877555e-9 	 -9.474880502848369e-9 	 -1.7896324536900495e-9 	 7.20054956080165e-9 	 1.3571689116551484e-9 	 -8.045806645930867e-10 	 2.027823622285441e-9 	 -4.660777111678568e-9 	 6.5727116034364005e-9 	 1.4808023592080575e-8 	 -2.6669449254390954e-9 	 -1.2621303620774106e-9 	 
2217.7641134883993 	 1.2824075876435778e-7 	 -2.4667890689370305e-8 	 -1.871549294283037e-9 	 4.44303057372319e-7 	 4.459259070698435e-9 	 2.4191205012201245e-9 	 -1.1971356593802906e-8 	 1.040071544339106e-8 	 -2.5871717042943076e-7 	 -1.2250660076248257e-8 	 -4.077796232331964e-9 	 7.803185688193747e-9 	 -1.8397981789767615e-8 	 -1.8839872227301974e-8 	 -1.7542102627304585e-9 	 -9.347486818767579e-9 	 -1.7514793314680207e-9 	 7.72234385933924e-9 	 1.3626210266679784e-9 	 -9.479250176532785e-10 	 1.9152927514596214e-9 	 -4.666936237388391e-9 	 6.431960999070267e-9 	 1.4749777085151256e-8 	 -2.719394733004368e-9 	 -1.3448652996041621e-9 	 
2256.8487860621126 	 8.948881590930128e-7 	 -2.255478325194879e-8 	 -1.6358893363087354e-9 	 4.356260136022495e-7 	 4.5783808831963515e-9 	 2.4554028233829935e-9 	 -1.1262695151981e-8 	 9.926899681688332e-9 	 5.074339728992974e-7 	 -8.097472033108223e-9 	 -3.970428727589767e-9 	 8.402890893061453e-9 	 -1.8120205037796455e-8 	 -1.8177621675584913e-8 	 -1.2994558325836432e-9 	 -9.153526780888032e-9 	 -1.7117805302890737e-9 	 8.285095285372305e-9 	 1.3676769349708217e-9 	 -1.105092503496278e-9 	 1.7884984978968955e-9 	 -4.67220922031973e-9 	 6.294673410194325e-9 	 1.4693174794450736e-8 	 -2.7714954025075343e-9 	 -1.4318651283459717e-9 	 
2296.6222657190083 	 1.3712516962975503e-7 	 -2.0316993711161967e-8 	 -1.4023296335851088e-9 	 4.2683142512922785e-7 	 4.6970549834821635e-9 	 2.491480446881511e-9 	 -1.0570479547339328e-8 	 9.466430944284999e-9 	 -2.500152860324723e-7 	 -4.8002347393142645e-9 	 -3.863236608028348e-9 	 9.074921515665881e-9 	 -1.7838708836855835e-8 	 -1.7493744644234958e-8 	 -8.436428789844269e-10 	 -9.031620486121596e-9 	 -1.6704765204358212e-9 	 8.894310698860257e-9 	 1.3723157924190487e-9 	 -1.2779664510747243e-9 	 1.6471834213209438e-9 	 -4.677995867807321e-9 	 6.161006305905885e-9 	 1.4638142995597741e-8 	 -2.823082558019902e-9 	 -1.5233040884553495e-9 	 
2337.0966916217417 	 1.4157294504186273e-7 	 -1.8566604823982798e-8 	 -1.1700320086373025e-9 	 4.180818653295519e-7 	 4.814668319466334e-9 	 2.527263555176193e-9 	 -9.89469318686113e-9 	 9.019032373257132e-9 	 -2.4576339562784536e-7 	 -7.20672694828618e-10 	 -3.756061892406387e-9 	 9.836540478926263e-9 	 -1.7563016000636855e-8 	 -1.6796033025409272e-8 	 -3.607675741530422e-10 	 -8.881567739409153e-9 	 -1.6275057861532546e-9 	 9.557255036276619e-9 	 1.376516285832375e-9 	 -1.4688717295646809e-9 	 1.489923995207092e-9 	 -4.683647920393908e-9 	 6.031101910458141e-9 	 1.45848951996022e-8 	 -2.873971686908354e-9 	 -1.619275744701425e-9 	 
2378.2844168669976 	 1.4689394135907864e-7 	 -1.6665705399098648e-8 	 -9.379150753797364e-10 	 4.103376524523633e-7 	 4.9304829645030026e-9 	 2.5626542658550722e-9 	 -9.231672241956175e-9 	 8.583184153538283e-9 	 -2.4157475485835624e-7 	 2.966438705089923e-9 	 -3.6487721808451468e-9 	 1.0711507873906598e-8 	 -1.7296263626351525e-8 	 -1.608251532473175e-8 	 1.3469561238421052e-10 	 -8.714636694972241e-9 	 -1.5827943240337234e-9 	 1.0282522871142514e-8 	 1.3802562167177745e-9 	 -1.6807435663435708e-9 	 1.3152786459958573e-9 	 -4.688880684957051e-9 	 5.905059003249065e-9 	 1.4532954606577615e-8 	 -2.9239547903310204e-9 	 -1.7201372448877947e-9 	 
2420.198012255736 	 1.5203135812949516e-7 	 -1.5185107846788285e-8 	 -7.04724115566533e-10 	 4.0211730098562766e-7 	 5.0436111027427585e-9 	 2.5975460382746358e-9 	 -8.581867019891079e-9 	 8.159286125215412e-9 	 -2.374287318615458e-7 	 7.228969739947082e-9 	 -3.541189498612167e-9 	 1.1732696201708708e-8 	 -1.702368459184755e-8 	 -1.5350541981847163e-8 	 6.631456386302643e-10 	 -8.596723472236709e-9 	 -1.5362582299524158e-9 	 1.1081049852416627e-8 	 1.3835132865550304e-9 	 -1.917396669373317e-9 	 1.1213723756731422e-9 	 -4.694916168500195e-9 	 5.780204985997179e-9 	 1.4482610576306447e-8 	 -2.972796636717497e-9 	 -1.8260106867210546e-9 	 
2462.8502701298967 	 1.580879317240396e-7 	 -1.3629007384121085e-8 	 -4.687140159181017e-10 	 3.944978421569364e-7 	 5.152990079793909e-9 	 2.631823282856151e-9 	 -7.939397904804404e-9 	 7.745463055696317e-9 	 -2.3344941592825844e-7 	 1.1612215760130117e-8 	 -3.433176274711487e-9 	 1.2949676030428133e-8 	 -1.6768170150316154e-8 	 -1.4596848984077711e-8 	 1.1996284877002607e-9 	 -8.44329076693885e-9 	 -1.4880116508412452e-9 	 1.196611106284631e-8 	 1.3862641656065639e-9 	 -2.183966123540918e-9 	 9.064628065763906e-10 	 -4.699780488259829e-9 	 5.662828443501472e-9 	 1.4433748827476354e-8 	 -3.020231570950914e-9 	 -1.937111192769647e-9 	 
2506.2542082767286 	 1.6335212849288835e-7 	 -1.2346742877308785e-8 	 -2.2753817507167317e-10 	 3.8691776330935375e-7 	 5.257368710812092e-9 	 2.665361334601179e-9 	 -7.304918837144996e-9 	 7.346753685831792e-9 	 -2.2956063130880707e-7 	 1.5125073603719975e-8 	 -3.3245967261787072e-9 	 1.4438470103777563e-8 	 -1.650330703745879e-8 	 -1.3816826833757947e-8 	 1.771312262136141e-9 	 -8.280632413582802e-9 	 -1.4377494153032288e-9 	 1.2955229260454415e-8 	 1.388485363577569e-9 	 -2.4876214145809234e-9 	 6.672434190480279e-10 	 -4.706871903489781e-9 	 5.549911789569641e-9 	 1.4386232509176469e-8 	 -3.065961051722126e-9 	 -2.0536788647633425e-9 	 
2550.4230739018953 	 1.721190799842821e-7 	 -1.1103036720564093e-8 	 2.2288692786508474e-11 	 3.7932690500572085e-7 	 5.355321119302583e-9 	 2.6980266826921235e-9 	 -6.6704162430051406e-9 	 6.966895423075e-9 	 -2.2578160419042867e-7 	 2.1905478157317795e-8 	 -3.2154133939483748e-9 	 1.632823954174411e-8 	 -1.625875053103525e-8 	 -1.3004135821967742e-8 	 2.3463601799485354e-9 	 -8.209956120182915e-9 	 -1.3854233535771984e-9 	 1.406677086304204e-8 	 1.3901533846557035e-9 	 -2.839434514372252e-9 	 4.0109899485262284e-10 	 -4.711797274046318e-9 	 5.437780755802125e-9 	 1.4340068617482489e-8 	 -3.1103253944559606e-9 	 -2.1760138765564625e-9 	 
2595.370347672644 	 1.8163772547716602e-7 	 -9.990088555415866e-9 	 2.863765631048652e-10 	 3.7194365575186017e-7 	 5.445310262769581e-9 	 2.7296790267849202e-9 	 -6.031973760858596e-9 	 6.57867443261441e-9 	 -2.2205248251303881e-7 	 2.85717334045196e-8 	 -3.105744764636252e-9 	 1.8841422267110578e-8 	 -1.600387349910249e-8 	 -1.2148958457763857e-8 	 2.867329001149984e-9 	 -7.97064793165953e-9 	 -1.3308836513773872e-9 	 1.531320606458142e-8 	 1.3915955096437727e-9 	 -3.257381618220365e-9 	 1.0391746537498313e-10 	 -4.7175763197952305e-9 	 5.335739662826203e-9 	 1.4295160252619242e-8 	 -3.15189574517246e-9 	 -2.3045673707528362e-9 	 
2641.109747832185 	 1.9225899286981382e-7 	 -9.010230305137597e-9 	 5.751302432823754e-10 	 3.651258288614755e-7 	 5.521810735564067e-9 	 2.760174133750866e-9 	 -5.375996690873982e-9 	 6.191890815705113e-9 	 -2.1839774790553336e-7 	 3.6230781531839654e-8 	 -2.9959576591227878e-9 	 2.2238886616896284e-8 	 -1.5757632938051226e-8 	 -1.1236335947662006e-8 	 3.1100168382111954e-9 	 -7.956675987671506e-9 	 -1.2726911606538835e-9 	 1.6658984835846794e-8 	 1.3921039666476023e-9 	 -4.452859781704399e-9 	 -2.2814076280160924e-10 	 -4.723027915479004e-9 	 5.238950431182502e-9 	 1.4252457297639807e-8 	 -3.1907198079511606e-9 	 -2.4400065755854e-9 	 
2687.655234386611 	 2.0494275763183788e-7 	 -8.068003604993336e-9 	 9.138740780777971e-10 	 3.581110319030648e-7 	 5.590209594466985e-9 	 2.7893695913844285e-9 	 -4.673517420036075e-9 	 5.806268733779132e-9 	 -2.1487003420431531e-7 	 4.5464183698763706e-8 	 -2.886765085145087e-9 	 2.615806374855397e-8 	 -1.5519903065181397e-8 	 -1.024923825897727e-8 	 2.2251791073918535e-9 	 -7.712444990611294e-9 	 -1.2130711552609832e-9 	 1.7956304442769655e-8 	 1.3919940398519304e-9 	 -4.484340860754039e-9 	 -5.972510948343115e-10 	 -4.728125047449488e-9 	 5.145326772973289e-9 	 1.4209005308894638e-8 	 -3.226405220453782e-9 	 -2.588953380121992e-9 	 
2735.0210133656037 	 2.016942451927497e-7 	 -7.3123510320142825e-9 	 1.4466914058813912e-9 	 3.5131317857684635e-7 	 5.647428271500114e-9 	 2.817131100816025e-9 	 -3.8534147091763146e-9 	 5.421279704927495e-9 	 -2.1143525010606535e-7 	 4.929856677640625e-8 	 -2.779152207377783e-9 	 2.7875366789494228e-8 	 -1.527298542013555e-8 	 -9.164119351000701e-9 	 -5.0820852302346445e-9 	 -7.66365055512222e-9 	 -1.1563069997814551e-9 	 1.8587726137755668e-8 	 1.3912503237800825e-9 	 -5.903061298603695e-9 	 -9.869817383834808e-10 	 -4.7340838079246325e-9 	 5.058600323731299e-9 	 1.4166201532033387e-8 	 -3.2586299648368172e-9 	 -2.727103329765612e-9 	 
2783.2215411581997 	 1.9455692496949467e-7 	 -6.52720033579548e-9 	 1.776353559863394e-9 	 3.4479955767622256e-7 	 5.691955420430923e-9 	 2.8433387665755193e-9 	 -3.0876204079520965e-9 	 5.040852295560871e-9 	 -2.0808401245922142e-7 	 4.548939922113575e-8 	 -2.674283355854952e-9 	 2.3626264827731608e-8 	 -1.5049276236796408e-8 	 -8.083080520236402e-9 	 -2.0704067027192676e-9 	 -7.504144487371755e-9 	 -1.101118522848267e-9 	 1.758448866472585e-8 	 1.3898664915935289e-9 	 -6.53242088989051e-9 	 -1.1994464485180145e-9 	 -4.738736523053976e-9 	 4.978231171646146e-9 	 1.4127649901182071e-8 	 -3.2872100847035556e-9 	 -2.8520760522114607e-9 	 
2832.2715289250114 	 1.814142748855852e-7 	 -5.945275637032332e-9 	 1.935531368807578e-9 	 3.38372533491631e-7 	 5.721650206578854e-9 	 2.867890054554334e-9 	 -2.561844490898565e-9 	 4.669421179587257e-9 	 -2.0477773743425495e-7 	 3.713409754985386e-8 	 -2.573177427384923e-9 	 1.9161444397040362e-8 	 -1.4806983305918449e-8 	 -7.155813389531216e-9 	 2.1625330912898875e-10 	 -7.365647782582354e-9 	 -1.0485144558181265e-9 	 1.614594581260656e-8 	 1.3878450650505217e-9 	 -6.649662709090596e-9 	 -1.2734554549663838e-9 	 -4.744836310283746e-9 	 4.902735649988086e-9 	 1.4088134209535437e-8 	 -3.312126255855519e-9 	 -2.9741327551604845e-9 	 
2882.1859470881627 	 1.6942312222645557e-7 	 -5.327820066037656e-9 	 2.01254103035652e-9 	 3.3198690534339144e-7 	 5.735671364321346e-9 	 2.890699303829912e-9 	 -2.1342489673128317e-9 	 4.31228498373212e-9 	 -2.015476347019018e-7 	 3.020838190155315e-8 	 -2.4741344865676368e-9 	 1.5678047324745717e-8 	 -1.458972985330544e-8 	 -6.368384343561801e-9 	 1.3753997587761402e-9 	 -7.290385301451549e-9 	 -9.960515219140385e-10 	 1.4719280682336353e-8 	 1.385195711782387e-9 	 -6.583898035743237e-9 	 -1.285826099768197e-9 	 -4.749549253874199e-9 	 4.831408871835955e-9 	 1.4049058313757649e-8 	 -3.333489131520637e-9 	 -3.0806006010041965e-9 	 
2932.9800299003823 	 1.6004267721232836e-7 	 -4.84357657585058e-9 	 2.037897615841429e-9 	 3.2610676716377517e-7 	 5.735022978811749e-9 	 2.9116936794433945e-9 	 -1.7777426103548333e-9 	 3.973932325919872e-9 	 -1.9839160102512062e-7 	 2.5054070870143397e-8 	 -2.3828027863459403e-9 	 1.3140238551603451e-8 	 -1.4359686028897958e-8 	 -5.692116890651969e-9 	 1.971984648290879e-9 	 -7.107869149240873e-9 	 -9.509289147959207e-10 	 1.342706271844095e-8 	 1.3815885369085745e-9 	 -6.426924171878859e-9 	 -1.2657915040849739e-9 	 -4.7552709616574495e-9 	 4.7644311340265185e-9 	 1.4011793029945134e-8 	 -3.3508394398214774e-9 	 -3.168655982120776e-9 	 
2984.6692800946194 	 1.5208746394940163e-7 	 -4.393293839524762e-9 	 2.028184648991263e-9 	 3.2038549436608683e-7 	 5.721702019423464e-9 	 2.9308086127577382e-9 	 -1.4785774055331998e-9 	 3.65086022934853e-9 	 -1.9534396234097915e-7 	 2.1075316324230792e-8 	 -2.2965512312944667e-9 	 1.1205267634149302e-8 	 -1.414174716921998e-8 	 -5.102532491440775e-9 	 2.2802576687758177e-9 	 -7.0423714005853556e-9 	 -9.093935644938872e-10 	 1.2280989433147833e-8 	 1.3777323840282058e-9 	 -6.219527326164583e-9 	 -1.2272124586471305e-9 	 -4.7604409515392715e-9 	 4.701364111842535e-9 	 1.3974943536236504e-8 	 -3.365836400792658e-9 	 -3.2440104394020176e-9 	 
3037.269473615574 	 1.4523161549754527e-7 	 -3.970550925973597e-9 	 1.994180573932995e-9 	 3.146995313611536e-7 	 5.697573500390454e-9 	 2.947983644373743e-9 	 -1.2251484425457215e-9 	 3.356925308730736e-9 	 -1.9242276617086653e-7 	 1.7938896521113475e-8 	 -2.2150206951825728e-9 	 9.670713778413985e-9 	 -1.3928598799231213e-8 	 -4.585829362374807e-9 	 2.4337408332959137e-9 	 -6.894589574435021e-9 	 -8.710125449091853e-10 	 1.126468279190025e-8 	 1.3732872807671802e-9 	 -5.984347965298677e-9 	 -1.177748286223292e-9 	 -4.765465497347488e-9 	 4.641695883994807e-9 	 1.3939410516188069e-8 	 -3.3777379658177515e-9 	 -3.308190266504195e-9 	 
3090.796664434656 	 1.391097562947623e-7 	 -3.6215375566335616e-9 	 1.942993661541557e-9 	 3.0901975694987483e-7 	 5.664454260646106e-9 	 2.9631601377198197e-9 	 -1.0103292174004414e-9 	 3.084694238991934e-9 	 -1.8946883809477093e-7 	 1.5403354866488198e-8 	 -2.137838216393886e-9 	 8.420655854166633e-9 	 -1.3708147331155905e-8 	 -4.130860038735236e-9 	 2.470504285040558e-9 	 -6.786809306582923e-9 	 -8.354533630133623e-10 	 1.0358505152199748e-8 	 1.3682671379418815e-9 	 -5.733922513616562e-9 	 -1.1219496510277224e-9 	 -4.771171966120687e-9 	 4.585041077273887e-9 	 1.3904190702777028e-8 	 -3.3866778513756997e-9 	 -3.3622869230729622e-9 	 
3145.267189449756 	 1.3375846396198168e-7 	 -3.289302937189896e-9 	 1.8799399913223956e-9 	 3.0356629919020086e-7 	 5.623769541205882e-9 	 2.9762801121456145e-9 	 -8.284628560506213e-10 	 2.8329450088610738e-9 	 -1.8656838049853546e-7 	 1.3318607091858153e-8 	 -2.0646719870609032e-9 	 7.3825839179432825e-9 	 -1.350984762802033e-8 	 -3.7263522999423955e-9 	 2.4537751029154335e-9 	 -6.679579117489401e-9 	 -8.023126590925879e-10 	 9.545169009289982e-9 	 1.362685494403043e-9 	 -5.476897835343214e-9 	 -1.06265701841786e-9 	 -4.7756300863059485e-9 	 4.531014130190356e-9 	 1.386981805405886e-8 	 -3.392768789732474e-9 	 -3.4075589692322005e-9 	 
3200.6976734713967 	 1.291912474536821e-7 	 -2.9795704905264316e-9 	 1.8088980567850466e-9 	 2.985259886720558e-7 	 5.57669577212869e-9 	 2.9872863219965696e-9 	 -6.735663182420326e-10 	 2.6009221624049927e-9 	 -1.8378971305310227e-7 	 1.1579439148575904e-8 	 -1.995220099149623e-9 	 6.50757800472407e-9 	 -1.3291718387945517e-8 	 -3.3665290811949435e-9 	 2.397417645655183e-9 	 -6.566102476134551e-9 	 -7.714067827613993e-10 	 8.811348635483167e-9 	 1.3565559046013903e-9 	 -5.218660805151234e-9 	 -1.0018026112021352e-9 	 -4.781582845848121e-9 	 4.479302576366479e-9 	 1.3836292112165394e-8 	 -3.396101724823257e-9 	 -3.4445028831791006e-9 	 
3257.10503429676 	 1.2485192446507678e-7 	 -2.7418561465204795e-9 	 1.7325910917345833e-9 	 2.9349919933387697e-7 	 5.524193191960244e-9 	 2.996122602160239e-9 	 -5.427274516124414e-10 	 2.38691351404084e-9 	 -1.8111300495914215e-7 	 1.0115808489219181e-8 	 -1.9292087186275344e-9 	 5.761657594132396e-9 	 -1.310014287756797e-8 	 -3.045364087516806e-9 	 2.315885591787645e-9 	 -6.434460698533116e-9 	 -7.424801027525678e-10 	 8.14617967996736e-9 	 1.3498916470800285e-9 	 -4.962918015289132e-9 	 -9.406624663061892e-10 	 -4.785983019666546e-9 	 4.4296084200676985e-9 	 1.380326320556143e-8 	 -3.3967479684517786e-9 	 -3.473833384525078e-9 	 
3314.506487873102 	 1.204830731755828e-7 	 -2.4689279635355144e-9 	 1.6532654074013755e-9 	 2.882632890089066e-7 	 5.467043693984365e-9 	 3.002734725596296e-9 	 -4.319271332678561e-10 	 2.1899162387527825e-9 	 -1.7854786713843722e-7 	 8.872240283805409e-9 	 -1.866398269568012e-9 	 5.119837747757563e-9 	 -1.2892951532135573e-8 	 -2.7584625124358345e-9 	 2.218770558302577e-9 	 -6.38338508429831e-9 	 -7.153100347904e-10 	 7.540220528346139e-9 	 1.3427060272684065e-9 	 -4.711872813159814e-9 	 -8.801187992825773e-10 	 -4.791605937713899e-9 	 4.381720373189238e-9 	 1.3771068573083105e-8 	 -3.394762656608195e-9 	 -3.496150115577784e-9 	 
3372.919553552214 	 1.1691531623928836e-7 	 -2.2708359936862106e-9 	 1.5725640097049632e-9 	 2.833826040049492e-7 	 5.405885460502118e-9 	 3.007071190586511e-9 	 -3.378115043615162e-10 	 2.008931358966844e-9 	 -1.7585974206175045e-7 	 7.805697612586638e-9 	 -1.8065329009249683e-9 	 4.5634259788481656e-9 	 -1.2699686727269886e-8 	 -2.5002182484129375e-9 	 2.112571856889164e-9 	 -6.1883775801202535e-9 	 -6.896999057422881e-10 	 6.986487135319659e-9 	 1.3350125428445036e-9 	 -4.467346854801467e-9 	 -8.207408586322577e-10 	 -4.796496162839953e-9 	 4.335454473016385e-9 	 1.3739252272456652e-8 	 -3.390188149684736e-9 	 -3.5119647091555284e-9 	 
3432.362059437434 	 1.1350419080181533e-7 	 -2.0753326916874355e-9 	 1.4917177182630449e-9 	 2.7882044693991057e-7 	 5.341241887548416e-9 	 3.009083965901945e-9 	 -2.593239555785132e-10 	 1.8421739757561304e-9 	 -1.7328008982707747e-7 	 6.886606328150766e-9 	 -1.7494522026374586e-9 	 4.0778652198012185e-9 	 -1.2509638840216762e-8 	 -2.2681735874565314e-9 	 2.0017561109277614e-9 	 -6.26435798308846e-9 	 -6.654756229910066e-10 	 6.4788691865048446e-9 	 1.3268249447930386e-9 	 -4.230422224441404e-9 	 -7.629536499303914e-10 	 -4.80128809016939e-9 	 4.290639372125239e-9 	 1.3708251347075451e-8 	 -3.3830575057044386e-9 	 -3.521720013963765e-9 	 
3492.8521478249413 	 1.1030875656373334e-7 	 -1.8732241843458426e-9 	 1.4116973006229238e-9 	 2.7404703456687324e-7 	 5.273686197316463e-9 	 3.008729318060604e-9 	 -1.9260225482479632e-10 	 1.6893041450187496e-9 	 -1.7082865992724353e-7 	 6.0916773786418275e-9 	 -1.6949549845048193e-9 	 3.6519675212496113e-9 	 -1.2312184372102565e-8 	 -2.0592846055722904e-9 	 1.8894188640544355e-9 	 -5.9915495084154025e-9 	 -6.424825961384489e-10 	 6.012255882226271e-9 	 1.3181573930923464e-9 	 -4.0017923074872104e-9 	 -7.070255476123162e-10 	 -4.806901614998081e-9 	 4.247116857114302e-9 	 1.3677672630763964e-8 	 -3.373396884237274e-9 	 -3.5259027038187906e-9 	 
3554.408280740901 	 1.068774388704561e-7 	 -1.7430132495381706e-9 	 1.3331276487901125e-9 	 2.6946803055335693e-7 	 5.203257865353266e-9 	 3.0059684135341315e-9 	 -1.370845876665126e-10 	 1.5487176570660666e-9 	 -1.6864908971069457e-7 	 5.399795255020059e-9 	 -1.6428534076105166e-9 	 3.2767176189551857e-9 	 -1.2137162217217473e-8 	 -1.8709391034137383e-9 	 1.7777417531609541e-9 	 -5.947108160795857e-9 	 -6.205835407555282e-10 	 5.582322409325489e-9 	 1.3090245986711297e-9 	 -3.78194704502357e-9 	 -6.531287468611291e-10 	 -4.81091384750158e-9 	 4.204718597439107e-9 	 1.3647711039077861e-8 	 -3.3612280950986234e-9 	 -3.524642827116955e-9 	 
3617.049245576217 	 1.0406474244946031e-7 	 -1.568032672896282e-9 	 1.2565717585942307e-9 	 2.651865503770708e-7 	 5.130422848163801e-9 	 3.000768224756082e-9 	 -9.104932350737685e-11 	 1.4194832061141158e-9 	 -1.6640354091644178e-7 	 4.79577108775024e-9 	 -1.5929860870206485e-9 	 2.9448190132033857e-9 	 -1.1941029107855898e-8 	 -1.7008800343020474e-9 	 1.6681575639902877e-9 	 -5.8530965766652595e-9 	 -5.996373049440428e-10 	 5.18545824310062e-9 	 1.2994416962963837e-9 	 -3.5709110371586488e-9 	 -6.013657198640728e-10 	 -4.8169214619813555e-9 	 4.163312075450812e-9 	 1.3618357893696194e-8 	 -3.3465704139096525e-9 	 -3.5183508821795127e-9 	 
3680.7941608205992 	 1.0127003356456805e-7 	 -1.440773138517705e-9 	 1.182413196599626e-9 	 2.606282059626324e-7 	 5.055424946228784e-9 	 2.99310188315301e-9 	 -5.214683720853044e-11 	 1.3011456586800984e-9 	 -1.6399413009563502e-7 	 4.265725957345082e-9 	 -1.5451940191456848e-9 	 2.650288174234343e-9 	 -1.1771282780351035e-8 	 -1.5471465922732576e-9 	 1.56173370766125e-9 	 -5.679446200459941e-9 	 -5.795804472460518e-10 	 4.818279256596049e-9 	 1.2894245655344212e-9 	 -3.3688675365043756e-9 	 -5.517882012946014e-10 	 -4.820887190383431e-9 	 4.1228248313692435e-9 	 1.3589451717294163e-8 	 -3.329442156683925e-9 	 -3.5073010970568906e-9 	 
3745.662481897642 	 9.829356174701983e-8 	 -1.3322693441054729e-9 	 1.1109112977304518e-9 	 2.560489099250834e-7 	 4.978463632807987e-9 	 2.9829494279944635e-9 	 -2.0911889588602295e-11 	 1.1920987466589229e-9 	 -1.6166067853322548e-7 	 3.799837321788298e-9 	 -1.4993375606440298e-9 	 2.3882022549033265e-9 	 -1.1586836059180336e-8 	 -1.4080236178549352e-9 	 1.4591440089358204e-9 	 -5.693580157489868e-9 	 -5.60294150843151e-10 	 4.478155733179266e-9 	 1.2789897359435836e-9 	 -3.175764580703873e-9 	 -5.044150581599567e-10 	 -4.826386112235722e-9 	 4.08482787190162e-9 	 1.3561169008874203e-8 	 -3.309862426492631e-9 	 -3.4917377282574702e-9 	 
3811.6740071027934 	 9.639909360305709e-8 	 -1.1913016028965854e-9 	 1.04223522673155e-9 	 2.5216185694816525e-7 	 4.899704118371586e-9 	 2.970298258135346e-9 	 5.203461821104449e-12 	 1.0922897321115816e-9 	 -1.5948589060821294e-7 	 3.3893187429933055e-9 	 -1.4552889204083458e-9 	 2.154347981244333e-9 	 -1.1412991764832876e-8 	 -1.2820056794782252e-9 	 1.360839753568955e-9 	 -5.276052844722449e-9 	 -5.416959303916274e-10 	 4.1626649972163856e-9 	 1.2681544401537474e-9 	 -2.991473399613666e-9 	 -4.5922425191448146e-10 	 -4.831191966021334e-9 	 4.0458754428557555e-9 	 1.353315400675893e-8 	 -3.2878518243136495e-9 	 -3.4718807142646147e-9 	 
3878.848883645918 	 9.387112773894661e-8 	 -1.1173603991068282e-9 	 9.765017754618412e-10 	 2.484010532649979e-7 	 4.819283934097547e-9 	 2.955143724850939e-9 	 2.6318831376980698e-11 	 1.0006173529321487e-9 	 -1.5739703744321551e-7 	 3.025818882670545e-9 	 -1.4129251976838435e-9 	 1.9452701782299657e-9 	 -1.1246794683538413e-8 	 -1.167764068783714e-9 	 1.2670699277544405e-9 	 -5.541549992339213e-9 	 -5.237145698012868e-10 	 3.869676266106383e-9 	 1.2569366203983154e-9 	 -2.8158102567422165e-9 	 -4.1619123778659354e-10 	 -4.835404138815482e-9 	 4.007583535037944e-9 	 1.3505769023446714e-8 	 -3.2634338824832137e-9 	 -3.447929708118793e-9 	 
3947.2076138003845 	 9.179080521245034e-8 	 -1.007720584583086e-9 	 9.137524622674286e-10 	 2.444597132758677e-7 	 4.737317709204335e-9 	 2.9374893518488245e-9 	 4.288648223339166e-11 	 9.16232997053233e-10 	 -1.5528578511345542e-7 	 2.705155720021663e-9 	 -1.3721403090586725e-9 	 1.7579944546935454e-9 	 -1.1067489483454222e-8 	 -1.0641228125483683e-9 	 1.1779710331531954e-9 	 -5.3237781327866765e-9 	 -5.062883098559902e-10 	 3.597305112959919e-9 	 1.2453549353750859e-9 	 -2.648552520386958e-9 	 -3.752705815214864e-10 	 -4.841320230481092e-9 	 3.969903547665015e-9 	 1.3478899660113193e-8 	 -3.2366358768600463e-9 	 -3.4200675750141343e-9 	 
4016.7710611605276 	 8.938579080076659e-8 	 -9.20403858971637e-10 	 8.540188459578055e-10 	 2.4044959671434426e-7 	 4.653901211238107e-9 	 2.9173473891703434e-9 	 5.651940121814171e-11 	 8.390932175990502e-10 	 -1.5330369264581246e-7 	 2.419572830484461e-9 	 -1.3328327293232612e-9 	 1.589963698861575e-9 	 -1.0914409300536328e-8 	 -9.700372674409056e-10 	 1.0935752930880958e-9 	 -5.25320467509199e-9 	 -4.893651359128732e-10 	 3.343876873512135e-9 	 1.2334288690141757e-9 	 -2.4894509793643755e-9 	 -3.3640800117846774e-10 	 -4.844610027035438e-9 	 3.9327634331549146e-9 	 1.3452501268580305e-8 	 -3.2074896786622888e-9 	 -3.388463946126742e-9 	 
4087.560457009342 	 8.714126576147957e-8 	 -8.567227541383625e-10 	 7.972442650547476e-10 	 2.3652265579901663e-7 	 4.569118042232665e-9 	 2.8947390388440603e-9 	 6.672053230076317e-11 	 7.680169454846842e-10 	 -1.5120045282900933e-7 	 2.166228960650005e-9 	 -1.2949097760768202e-9 	 1.4389812366688412e-9 	 -1.073874434921516e-8 	 -8.845772104240951e-10 	 1.013844136505238e-9 	 -5.281677140118689e-9 	 -4.72900310585283e-10 	 3.1078952399952047e-9 	 1.2211785474268354e-9 	 -2.3382390646860364e-9 	 -2.99542754493961e-10 	 -4.850771342397244e-9 	 3.896056591087251e-9 	 1.3426433142259286e-8 	 -3.1760322804883266e-9 	 -3.3532769044133246e-9 	 
4159.5974067984625 	 8.567665511314959e-8 	 -7.683648253883667e-10 	 7.433978885355104e-10 	 2.3310007118148081e-7 	 4.483038715607916e-9 	 2.8696945484021497e-9 	 7.446953024074504e-11 	 7.027850956608055e-10 	 -1.4923374361428179e-7 	 1.940750600450418e-9 	 -1.258289371024162e-9 	 1.3031450976693257e-9 	 -1.058572796168404e-8 	 -8.069119769372432e-10 	 9.38696344412872e-10 	 -4.956129182247982e-9 	 -4.5685741518087434e-10 	 2.8880187617963786e-9 	 1.2086249990348199e-9 	 -2.194639921468644e-9 	 -2.6461058660087376e-10 	 -4.854596170512423e-9 	 3.859918878464913e-9 	 1.3400876617161411e-8 	 -3.142306531319997e-9 	 -3.3146555891221486e-9 	 
4232.903896742278 	 8.358556149626554e-8 	 -7.106156028033836e-10 	 6.924215517047587e-10 	 2.2956154177577122e-7 	 4.395724935681171e-9 	 2.842253518395402e-9 	 8.043611626341285e-11 	 6.431117945323204e-10 	 -1.473685675341429e-7 	 1.739389344948171e-9 	 -1.2228926846288914e-9 	 1.1807960927137774e-9 	 -1.0426585139484705e-8 	 -7.362983941143665e-10 	 8.680068055115878e-10 	 -5.062247020388353e-9 	 -4.4120587307670255e-10 	 2.6830384347382946e-9 	 1.195789694581146e-9 	 -2.0583924361135002e-9 	 -2.31545394106213e-10 	 -4.859397947580556e-9 	 3.824152898643217e-9 	 1.3375749252569324e-8 	 -3.10636143999082e-9 	 -3.272741253357876e-9 	 
4307.502300528305 	 8.193030885129761e-8 	 -6.564497878497737e-10 	 6.442318493115352e-10 	 2.261171143942115e-7 	 4.307233584146275e-9 	 2.812464700866064e-9 	 8.41057959094347e-11 	 5.879795327156296e-10 	 -1.4551800092328856e-7 	 1.5599957925296263e-9 	 -1.1886506371342638e-9 	 1.0704808327477767e-9 	 -1.0264987180888378e-8 	 -6.72070053864738e-10 	 8.016366786431974e-10 	 -4.853066286365572e-9 	 -4.259219484454697e-10 	 2.4918618266164498e-9 	 1.1826948277028504e-9 	 -1.9291652777371084e-9 	 -2.0028033513493133e-10 	 -4.864850106112728e-9 	 3.788794654063639e-9 	 1.3351078765554843e-8 	 -3.0682525977896837e-9 	 -3.2276692491099645e-9 	 
4383.41538614581 	 8.0022644640158e-8 	 -5.841061263527826e-10 	 5.9873772940296e-10 	 2.227602892970058e-7 	 4.217613267348267e-9 	 2.780386080502709e-9 	 8.676793927688107e-11 	 5.376728270430349e-10 	 -1.4384445528824074e-7 	 1.3995900104166548e-9 	 -1.1554983798073221e-9 	 9.709350998517151e-10 	 -1.0124323467159829e-8 	 -6.136288039215983e-10 	 7.394074042201972e-10 	 -4.846738765991288e-9 	 -4.109866430694297e-10 	 2.313514233930456e-9 	 1.169693032147275e-9 	 -1.8067076933682442e-9 	 -1.707493101860981e-10 	 -4.867864084986366e-9 	 3.75383493710318e-9 	 1.3326872672073105e-8 	 -3.028042163865281e-9 	 -3.1795691632152055e-9 	 
4460.666322834745 	 7.827121945625395e-8 	 -5.549928103694319e-10 	 5.558496777378852e-10 	 2.192224658378402e-7 	 4.1269102228670505e-9 	 2.746084533914539e-9 	 8.800235460793641e-11 	 4.91355603785127e-10 	 -1.419199488098204e-7 	 1.2559469261695377e-9 	 -1.1233777788814352e-9 	 8.810308037098923e-10 	 -9.95964336199849e-9 	 -5.604358798276717e-10 	 6.811551113561196e-10 	 -4.765943630637067e-9 	 -3.963867160391319e-10 	 2.1470579087444534e-9 	 1.1561476138433513e-9 	 -1.6907422467268471e-9 	 -1.4288739939204237e-10 	 -4.874369424000485e-9 	 3.7192484670583327e-9 	 1.3303056619766202e-8 	 -2.985799010831417e-9 	 -3.1285651566222605e-9 	 
4539.278688157207 	 7.674837896337606e-8 	 -4.91946869080155e-10 	 5.154589729095258e-10 	 2.1590781234314243e-7 	 4.035165414106846e-9 	 2.709635384301786e-9 	 8.81430533112141e-11 	 4.4876394801095155e-10 	 -1.4011331998199004e-7 	 1.1275180193045714e-9 	 -1.0922343072251104e-9 	 7.997848830404251e-10 	 -9.823661987647401e-9 	 -5.120064340156942e-10 	 6.266996747957382e-10 	 -4.602414886031172e-9 	 -3.821124960217112e-10 	 1.991693380552819e-9 	 1.1424124846171014e-9 	 -1.580997414263208e-9 	 -1.1663146521725232e-10 	 -4.8774230849635e-9 	 3.6850089710160032e-9 	 1.3279406763463232e-8 	 -2.9415986844526733e-9 	 -3.0747767182886653e-9 	 
4619.276475193451 	 7.527926110707115e-8 	 -4.573411350430307e-10 	 4.774689759205639e-10 	 2.1290955351839045e-7 	 3.942416576504227e-9 	 2.6711221502865888e-9 	 8.77483086165311e-11 	 4.0989166514514646e-10 	 -1.384290829134351e-7 	 1.012606634529214e-9 	 -1.0620200156743778e-9 	 7.263059934569287e-10 	 -9.673063907960874e-9 	 -4.67902611396827e-10 	 5.758591605428051e-10 	 -4.593209712222645e-9 	 -3.68159427436627e-10 	 1.8466683223241715e-9 	 1.1285120171200247e-9 	 -1.4772086797777591e-9 	 -9.192088762105893e-11 	 -4.882710874900521e-9 	 3.651162846546535e-9 	 1.3256405307192666e-8 	 -2.895522704555128e-9 	 -3.018317499480817e-9 	 
4700.684099864773 	 7.386213626394839e-8 	 -4.197611957797102e-10 	 4.4177320523627507e-10 	 2.098374564967085e-7 	 3.8486951727227e-9 	 2.630635431298476e-9 	 8.63896407843346e-11 	 3.739824835815824e-10 	 -1.3678915189564116e-7 	 9.092596542126163e-10 	 -1.03268902214392e-9 	 6.598197783794449e-10 	 -9.52639129996415e-9 	 -4.27729144703708e-10 	 5.284517842520127e-10 	 -4.438823408578158e-9 	 -3.545255455596295e-10 	 1.7112918007254775e-9 	 1.1144704413589803e-9 	 -1.3791190965068318e-9 	 -6.86974488205315e-11 	 -4.887757772184267e-9 	 3.617673272667191e-9 	 1.3233835964966749e-8 	 -2.847658535819482e-9 	 -2.959294497244388e-9 	 
4783.526408385447 	 7.24004487378098e-8 	 -3.7868768299586234e-10 	 4.082664258539454e-10 	 2.0686621041989582e-7 	 3.754024216508666e-9 	 2.588272330794591e-9 	 8.468250184416096e-11 	 3.4117546212000554e-10 	 -1.3514907151858984e-7 	 8.16788077589188e-10 	 -1.0042004114942894e-9 	 5.996345762505532e-10 	 -9.397867448781663e-9 	 -3.9112813068407704e-10 	 4.842981219678448e-10 	 -4.442203399317874e-9 	 -3.4121342228194593e-10 	 1.5849299233994702e-9 	 1.100312574778754e-9 	 -1.2864797690194918e-9 	 -4.690593953120478e-11 	 -4.890592114939223e-9 	 3.584515727393277e-9 	 1.3211591837643636e-8 	 -2.798098592603744e-9 	 -2.897805027990885e-9 	 
4867.828684845938 	 6.099510519612619e-7 	 -3.5094792420052686e-10 	 3.768488502233658e-10 	 2.0376357970612188e-7 	 3.6584189785249933e-9 	 2.5441350778057614e-9 	 8.254930029951303e-11 	 3.110762708427567e-10 	 4.055111743500892e-7 	 7.335523832980296e-10 	 -9.765163563259156e-10 	 5.45122431412089e-10 	 -9.243648082312225e-9 	 -3.57775921401463e-10 	 4.4322224328963613e-10 	 -4.352362256737588e-9 	 -3.282278156212886e-10 	 1.466997235716421e-9 	 1.0860631046497768e-9 	 -1.1990499254293835e-9 	 -2.649433707251729e-11 	 -4.897253569474002e-9 	 3.5517388317562847e-9 	 1.3189724442105077e-8 	 -2.7469391644133477e-9 	 -2.8339358918846503e-9 	 
4953.616658929837 	 6.952615909074583e-8 	 -3.208995144765018e-10 	 3.4741653672308763e-10 	 2.0082907826545028e-7 	 3.5618801003546195e-9 	 2.498329635963129e-9 	 7.997984720799491e-11 	 2.833635140629611e-10 	 -1.3201555494419012e-7 	 6.589954588399342e-10 	 -9.496014665524705e-10 	 4.957353432927138e-10 	 -9.121650993028284e-9 	 -3.2737866401662547e-10 	 4.050529509378742e-10 	 -4.213136270777078e-9 	 -3.155774697085647e-10 	 1.3569537565559414e-9 	 1.0717468546524695e-9 	 -1.1165970386297978e-9 	 -7.413790587804738e-12 	 -4.899931153892094e-9 	 3.5193572840285785e-9 	 1.316804767766671e-8 	 -2.694279258108174e-9 	 -2.767757571022935e-9 	 
5040.9165137667105 	 6.835039812257406e-8 	 -2.8899744428888774e-10 	 3.198711021648334e-10 	 1.9817001256633568e-7 	 3.4643891943257987e-9 	 2.450963868643865e-9 	 7.731869622387971e-11 	 2.580879449217022e-10 	 -1.3045600981798913e-7 	 5.917956114276254e-10 	 -9.23422661551819e-10 	 4.5097073241348063e-10 	 -8.982138170335573e-9 	 -2.996702120531973e-10 	 3.6962457860532106e-10 	 -4.221719784366332e-9 	 -3.0327343714102376e-10 	 1.2542986218863068e-9 	 1.0573885205038637e-9 	 -1.038896634780831e-9 	 1.0380727480061234e-11 	 -4.905206010634788e-9 	 3.4873256849391843e-9 	 1.3146843387538016e-8 	 -2.6402189733673596e-9 	 -2.6993199683266358e-9 	 
5129.7548939234275 	 6.724896514588262e-8 	 -2.7144111881905117e-10 	 2.9411759715231667e-10 	 1.9549167185697445e-7 	 3.365900667138828e-9 	 2.4021450846006988e-9 	 7.438982478826178e-11 	 2.348295520618952e-10 	 -1.28971399892739e-7 	 5.316124167715638e-10 	 -8.979505511527488e-10 	 4.103823256969148e-10 	 -8.845476115684533e-9 	 -2.7440860629709305e-10 	 3.3677682627393866e-10 	 -4.061599076380484e-9 	 -2.913306887027231e-10 	 1.1585675282926405e-9 	 1.0430124852171069e-9 	 -9.657322017790618e-10 	 2.6930379006919747e-11 	 -4.910330832109629e-9 	 3.4557110181594585e-9 	 1.3126087189020354e-8 	 -2.584856948655689e-9 	 -2.628643572952705e-9 	 
5220.1589135362465 	 6.574792889569582e-8 	 -2.4157647945356955e-10 	 2.7005955138263804e-10 	 1.9259946164731168e-7 	 3.2663317238018297e-9 	 2.351977159750568e-9 	 7.134855723596787e-11 	 2.1351379650944773e-10 	 -1.2753536527916164e-7 	 4.772682040405818e-10 	 -8.731539532758112e-10 	 3.735703316877329e-10 	 -8.731490617646983e-9 	 -2.5137400158053377e-10 	 3.063563098002845e-10 	 -4.04624133291654e-9 	 -2.7976711373325383e-10 	 1.0693283621063778e-9 	 1.028643151967765e-9 	 -8.968948649604387e-10 	 4.227191954851245e-11 	 -4.912720065177321e-9 	 3.424568572706945e-9 	 1.3105811050740668e-8 	 -2.5282879915304348e-9 	 -2.5557097434586727e-9 	 
5312.156164586265 	 6.476578643027364e-8 	 -2.2503259515380865e-10 	 2.476090081355527e-10 	 1.9014438634156342e-7 	 3.165546911454189e-9 	 2.3005565238918914e-9 	 6.83066683935728e-11 	 1.9405974896401915e-10 	 -1.2609343809288282e-7 	 4.285721645410788e-10 	 -8.490069655712596e-10 	 3.4017042320353804e-10 	 -8.58634554553263e-9 	 -2.3036666843792236e-10 	 2.7821510334096097e-10 	 -3.98319180166573e-9 	 -2.686054284683556e-10 	 9.86178636999226e-10 	 1.0143042089629796e-9 	 -8.321831855306348e-10 	 5.643680747509736e-11 	 -4.919494324360094e-9 	 3.3938930237305254e-9 	 1.3086259755043136e-8 	 -2.47059892372814e-9 	 -2.4804453640941326e-9 	 
5405.774725320715 	 6.3723054933477e-8 	 -2.0472586641997165e-10 	 2.2667686619299372e-10 	 1.8755481639277768e-7 	 3.0633362415905584e-9 	 2.2479670074183844e-9 	 6.513617960881895e-11 	 1.7613671565060272e-10 	 -1.2499697831508082e-7 	 3.8464155777576184e-10 	 -8.254805814549154e-10 	 3.098612404609379e-10 	 -8.474291127781725e-9 	 -2.1120462088117326e-10 	 2.5221257286046027e-10 	 -3.4854271446147853e-9 	 -2.578729544065802e-10 	 9.087422850216244e-10 	 1.0000190347325218e-9 	 -7.714028013436638e-10 	 6.945055080997362e-11 	 -4.9223650711227765e-9 	 3.3632501561233385e-9 	 1.3065122621336625e-8 	 -2.411863483696374e-9 	 -2.4027025220804987e-9 	 
5501.043168822617 	 6.262151724407455e-8 	 -1.8613107178942937e-10 	 2.0717908547351963e-10 	 1.8503125884565183e-7 	 2.9593870824872815e-9 	 2.194272497843982e-9 	 6.204303697256278e-11 	 1.5981330210889134e-10 	 -1.2340368260671964e-7 	 3.451686659083339e-10 	 -8.025475810827063e-10 	 2.823461907768721e-10 	 -8.351106865000553e-9 	 -1.937223980948595e-10 	 2.2821366828323174e-10 	 -3.630548838460908e-9 	 -2.4760438556519953e-10 	 8.366671584945895e-10 	 9.858107917874458e-10 	 -7.143661636098891e-10 	 8.133085011430431e-11 	 -4.926801542147887e-9 	 3.3333883654714845e-9 	 1.3045512428187645e-8 	 -2.3521353786543287e-9 	 -2.3222278943620357e-9 	 
5597.990571731539 	 6.145417861346732e-8 	 -1.7173122826320018e-10 	 1.8903528020413483e-10 	 1.825882698539851e-7 	 2.853237309465333e-9 	 2.1395068194514888e-9 	 5.894032961158693e-11 	 1.4483573770632935e-10 	 -1.220306065878468e-7 	 3.096188428456483e-10 	 -7.801796565450614e-10 	 2.5736164328829036e-10 	 -8.218199976466585e-9 	 -1.7776928652417356e-10 	 2.0609036487707642e-10 	 -3.7180808072250156e-9 	 -2.3784326098133577e-10 	 7.69623526922927e-10 	 9.717015725432047e-10 	 -6.608921929542435e-10 	 9.208551394161893e-11 	 -4.9326601196248305e-9 	 3.304392146630289e-9 	 1.3027497608002797e-8 	 -2.2914378531210664e-9 	 -2.2386169664561992e-9 	 
5696.646523117965 	 6.015436821002483e-8 	 -1.5625560100367576e-10 	 1.7216679797236582e-10 	 1.799594433263612e-7 	 2.7442078734610753e-9 	 2.0836584634696976e-9 	 5.5876894211020646e-11 	 1.311245501602898e-10 	 -1.2072651918502553e-7 	 2.7763512127929066e-10 	 -7.58345028015286e-10 	 2.3466761151118e-10 	 -8.120389029370527e-9 	 -1.6320789461497586e-10 	 1.8572038194245582e-10 	 -3.660912084522472e-9 	 -2.2864669526018043e-10 	 7.073014416639025e-10 	 9.57713882765039e-10 	 -6.108060012734662e-10 	 1.0170880370483258e-10 	 -4.934532028144556e-9 	 3.2755744274608944e-9 	 1.3008181621586621e-8 	 -2.2297490465703042e-9 	 -2.1512503937240836e-9 	 
5797.0411335141225 	 5.9381934091545846e-8 	 -1.4236671097130192e-10 	 1.564995558721508e-10 	 1.77664062292932e-7 	 2.631300065216545e-9 	 2.026647737018862e-9 	 5.289895171044503e-11 	 1.186177846007263e-10 	 -1.1944805485582923e-7 	 2.4881141153253605e-10 	 -7.370089349793653e-10 	 2.1404903099514868e-10 	 -7.987279385639453e-9 	 -1.499131543429628e-10 	 1.6698788429343586e-10 	 -3.4228300372482497e-9 	 -2.2009089685534346e-10 	 6.494092816211398e-10 	 9.438695081298127e-10 	 -5.639385706016848e-10 	 1.1017604255031591e-10 	 -4.940931573145563e-9 	 3.247466972724264e-9 	 1.2989718729166012e-8 	 -2.166978953375378e-9 	 -2.0591880838290512e-9 	 
5899.205044103951 	 5.8336601942996384e-8 	 -1.3146994858930232e-10 	 1.4196233625198948e-10 	 1.7531612793255087e-7 	 2.5130258925063854e-9 	 1.968289631413973e-9 	 4.99735481310491e-11 	 1.0715897361116295e-10 	 -1.1820731525530935e-7 	 2.2291630356393828e-10 	 -7.161297242236567e-10 	 1.953095049424252e-10 	 -7.876605339403736e-9 	 -1.3777105283698117e-10 	 1.4978280016341102e-10 	 -3.35206522967704e-9 	 -2.1228161157298129e-10 	 5.956722701475749e-10 	 9.301901360294169e-10 	 -5.201264726544894e-10 	 1.1743459598173964e-10 	 -4.944951525727107e-9 	 3.2201516089254777e-9 	 1.2971260798462633e-8 	 -2.1029332038832495e-9 	 -1.961005025807785e-9 	 
6003.169436074985 	 5.691539597160491e-8 	 -1.1877686404552585e-10 	 1.2848650068511713e-10 	 1.730341678256591e-7 	 2.3871319258918955e-9 	 1.908232824204853e-9 	 4.713456059651943e-11 	 9.669421651107501e-11 	 -1.1718834024344851e-7 	 1.99547331569221e-10 	 -6.95653172684151e-10 	 1.7827277355801595e-10 	 -7.77886491684162e-9 	 -1.2667764643065703e-10 	 1.3400107860046878e-10 	 -3.498861148839848e-9 	 -2.0537048138135097e-10 	 5.458309410735674e-10 	 9.1669996190201e-10 	 -4.792115584906112e-10 	 1.2338890507633262e-10 	 -4.947610963545553e-9 	 3.1937604091596415e-9 	 1.2953180610665582e-8 	 -2.0372526647586787e-9 	 -1.8545142330819853e-9 	 
6108.966040135128 	 5.642838675186431e-8 	 -1.0942380269789118e-10 	 1.1600766108710748e-10 	 1.7119280605852008e-7 	 2.2501147456528413e-9 	 1.845851363772696e-9 	 4.439633518267129e-11 	 8.715604220099277e-11 	 -1.1593551902959454e-7 	 1.785577853730669e-10 	 -6.755082626551858e-10 	 1.6277926178455241e-10 	 -7.647897224686243e-9 	 -1.165383214310224e-10 	 1.1954407574903675e-10 	 -3.4184273083240803e-9 	 -1.9958442041866327e-10 	 4.996399315422789e-10 	 9.034241034559745e-10 	 -4.410406412902202e-10 	 1.2787473420132382e-10 	 -4.954393980259261e-9 	 3.1684423707917482e-9 	 1.2935724415751849e-8 	 -1.969308270606889e-9 	 -1.7362908712378944e-9 	 
