###################################
#   ____       ____  ____  _____  #
#  / ___| __ _|  _ \/ ___|| ____| #
# | |  _ / _` | |_) \___ \|  _|   #
# | |_| | (_| |  __/ ___) | |___  # 
#  \____|\__,_|_|   |____/|_____| #
###################################
# 
#
# This is an integration map on mu of the sum of all the ξ_GNC L=1 multipole GR effects
# concerning the relativistic galaxy number counts.
# In input was set "single = true", so, together with their sum, all the CFs are here reported.
#
# The Cosmology considered had the following paremeters:
# 
# - Matter Power Spectrum input file: "../test/datatest/file_pk.txt"
# - Background data input file: "../data/WideA_ZA_background.dat"
# - F window function input file: "../data/F_REFERENCE_pi2.txt"
# - Integrated F window function input file: "../data/IntegrF_REFERENCE_pi2_z115.txt"
#
# - Basic CosmoParams considered: 
#	 z_min = 1.0 	 z_max = 1.5
#	 θ_max = 1.5707963267948966 [rad] 	 h_0 = 0.7
#	 Ω_b = 0.0489 	 Ω_cdm = 0.25102 	 Ω_M0 = 0.29992
#	 b1 = 1.5 	 f_evo1 = 0.0 	 s_b1 = 0.0
#	 b2 = 1.5 	 f_evo2 = 0.0 	 s_b2 = 0.0
#
# - CosmoParams about the Input Power Spectrum: 
#	 fit_left_min = 1.0e-6 	 fit_right_min = 10.0 	 
#	 fit_left_max = 3.0e-6 	 fit_right_max = 20.0 	 
#
# - CosmoParams about the Input Power Spectrum Tools: 
#	 fit_max = 0.5 	 N = 1024 	 k_min = 1.0e-8 	 
#	 k_max = 10.0 	 con = true 	 fit_min = 0.05 	 
#
# - Computed quantities: 
# 	 effective redshift z_eff = 1.2613556177172358 
# 	 comoving s_min = 2312.577431755554 Mpc/h_0
# 	 comoving s_max = 3054.4830200675656 Mpc/h_0
# 	 comoving s_eff = 2725.87720083235 Mpc/h_0
# 	 comoving s_spline_lim = 9519.354221542957 Mpc/h_0
# 	 Volume of the survey V_survey = 3.3783056930052998e10 Mpc^3/h_0^3
# 	 σ_0 = 15.593462966741178
# 	 σ_1 = 15.074895881392283
# 	 σ_2 = 100.85852368830226
# 	 σ_3 = 3735.122618151795
# 	 σ_4 = 3.4159300153114656e6
# 	 (where σ_i = \int_{k_{min}}^{k_{max}}\frac{dq}{2 π^2} q^{2-i} P(q))
# 
# computational time needed (in s) : 1036.5214
# kwards passed: 
# 		L = 1
# 		use_windows = false
# 		alg = lobatto
# 		obs = noobsvel
# 		enhancer = 1.0e8
# 		N_trap = 200
# 		N_lob = 1000
# 		atol_quad = 0.0
# 		rtol_quad = 0.01
# 		N_χs = 100
# 		N_χs_2 = 50
# 		suit_sampling = true
# 
# 1: s [Mpc/h_0] 	 2: xi_SUM 	 3: xi_auto_newton 	 4: xi_auto_doppler 	 5: xi_auto_lensing 	 6: xi_auto_localgp 	 7: xi_auto_integratedgp 	 8: xi_newton_doppler 	 9: xi_doppler_newton 	 10: xi_newton_lensing 	 11: xi_lensing_newton 	 12: xi_newton_localgp 	 13: xi_localgp_newton 	 14: xi_newton_integratedgp 	 15: xi_integratedgp_newton 	 16: xi_lensing_doppler 	 17: xi_doppler_lensing 	 18: xi_doppler_localgp 	 19: xi_localgp_doppler 	 20: xi_doppler_integratedgp 	 21: xi_integratedgp_doppler 	 22: xi_lensing_localgp 	 23: xi_localgp_lensing 	 24: xi_lensing_integratedgp 	 25: xi_integratedgp_lensing 	 26: xi_localgp_integratedgp 	 27: xi_integratedgp_localgp 	 
1.0 	 -0.0014949869777787152 	 -0.0014971883757316684 	 -2.4489871865525456e-9 	 2.193923650108026e-6 	 -3.430221283324363e-12 	 -2.6413890526952862e-12 	 0.0008081051973426799 	 -0.0008081052376373078 	 -1.436035960481172e-6 	 1.4407819498405196e-6 	 6.53742048048775e-9 	 -1.7122793741138867e-9 	 -5.2361465330493596e-9 	 5.434804491280751e-9 	 2.6192218342134476e-9 	 -2.492340202058792e-9 	 -7.32559557858564e-10 	 7.288407230137908e-10 	 6.868479825125065e-12 	 4.105381730319474e-12 	 3.211851174255713e-11 	 -4.302132671331239e-11 	 -1.2745717211205395e-11 	 8.345266354130999e-11 	 1.3888761000486698e-12 	 4.538180257146876e-12 	 
1.0176234579394636 	 -0.001290359322951965 	 -0.001292577928431424 	 -2.4911175781305395e-9 	 2.2109976286348423e-6 	 -3.490676335603815e-12 	 -2.687939402177692e-12 	 0.0008126011768824753 	 -0.0008126012132799237 	 -1.461190636629871e-6 	 1.4660186073381394e-6 	 6.649910362559119e-9 	 -1.7418747617631212e-9 	 -5.328399736003648e-9 	 5.530553480702096e-9 	 2.665309651969753e-9 	 -2.5361935821071553e-9 	 -7.452696354355423e-10 	 7.414852614160081e-10 	 6.9862746832264644e-12 	 4.180972744956988e-12 	 3.268435476846604e-11 	 -4.377932218875372e-11 	 -1.297266962776977e-11 	 8.492159489690966e-11 	 1.4133541472324845e-12 	 4.618157450079316e-12 	 
1.0355575021486711 	 -0.0015238033486800462 	 -0.0015260392676445275 	 -2.5339480407507453e-9 	 2.228128403198589e-6 	 -3.552196958995661e-12 	 -2.735310126546431e-12 	 0.0008170702676810683 	 -0.0008170702535512591 	 -1.4867802577768977e-6 	 1.4916919468109873e-6 	 6.764270926876087e-9 	 -1.7719665322902655e-9 	 -5.422277463570706e-9 	 5.627988371549274e-9 	 2.7122058303511166e-9 	 -2.580816033026331e-9 	 -7.581952965128775e-10 	 7.543442282678854e-10 	 7.106010635056042e-12 	 4.258030179782162e-12 	 3.3260159411541036e-11 	 -4.4550666052827386e-11 	 -1.3203721665817824e-11 	 8.641633578260335e-11 	 1.4382636499589165e-12 	 4.699544050517491e-12 	 
1.0538076062316843 	 -0.0015920820265716436 	 -0.0015943352585779864 	 -2.5774892446991633e-9 	 2.245313216526236e-6 	 -3.614801940285839e-12 	 -2.783515683479114e-12 	 0.0008215110222031907 	 -0.0008215110139554093 	 -1.5128117897177935e-6 	 1.5178083206845242e-6 	 6.880529242153991e-9 	 -1.802564872345585e-9 	 -5.517808274914289e-9 	 5.727138795681516e-9 	 2.7599244081606983e-9 	 -2.6262209056892162e-9 	 -7.713399989714534e-10 	 7.674210610931798e-10 	 7.227716531182039e-12 	 4.336585201939851e-12 	 3.3846100662960616e-11 	 -4.5335593004530795e-11 	 -1.3438948861500636e-11 	 8.793733825923907e-11 	 1.4636122156260227e-12 	 4.7823648934617934e-12 	 
1.072379340256395 	 -0.0014054028062010526 	 -0.0014076733673477689 	 -2.6217519665208873e-9 	 2.2625510533111846e-6 	 -3.678510397675701e-12 	 -2.8325707854333526e-12 	 0.000825922044668021 	 -0.0008259220815769039 	 -1.539292723822892e-6 	 1.5443756258071298e-6 	 6.99871616665722e-9 	 -1.8336751584796912e-9 	 -5.615021229027581e-9 	 5.828034900679838e-9 	 2.808479659090728e-9 	 -2.6724217748055128e-9 	 -7.847072481735072e-10 	 7.807192445379797e-10 	 7.351421529238578e-12 	 4.416669726864517e-12 	 3.444235656483821e-11 	 -4.6134341847803497e-11 	 -1.36784293422168e-11 	 8.94850615540012e-11 	 1.4894075858962063e-12 	 4.866645251385412e-12 	 
1.0912783724545534 	 -0.0015000142241150015 	 -0.001502302243946827 	 -2.6667471222377346e-9 	 2.279839707890667e-6 	 -3.743341786762649e-12 	 -2.8824904041440274e-12 	 0.0008303019157561973 	 -0.0008303019213241409 	 -1.566230418146356e-6 	 1.5714010896644255e-6 	 7.118859685542706e-9 	 -1.865306430088491e-9 	 -5.7139458914997175e-9 	 5.930707360398718e-9 	 2.8578860982057335e-9 	 -2.7194324436730137e-9 	 -7.983005977494516e-10 	 7.942423111514465e-10 	 7.47715510023831e-12 	 4.498316431145658e-12 	 3.504910826279171e-11 	 -4.694715556191447e-11 	 -1.3922242843368465e-11 	 9.105997277702192e-11 	 1.5156576390876485e-12 	 4.952410841931755e-12 	 
1.1105104709517524 	 -0.0014725670279348137 	 -0.0014748725043556541 	 -2.7124857590051376e-9 	 2.2971778772681676e-6 	 -3.809315906476635e-12 	 -2.933289775187354e-12 	 0.0008346491368034904 	 -0.0008346491648119909 	 -1.5936324354318395e-6 	 1.598892204315325e-6 	 7.240989236152972e-9 	 -1.897467350966488e-9 	 -5.814612343437394e-9 	 6.035187383528133e-9 	 2.908158481512967e-9 	 -2.7672669450884347e-9 	 -8.121236496341288e-10 	 8.079938414155897e-10 	 7.604947021737125e-12 	 4.581558777815319e-12 	 3.566654005840976e-11 	 -4.7774281373323254e-11 	 -1.417047020454179e-11 	 9.266254745066593e-11 	 1.5423703925886799e-12 	 5.0396878357591555e-12 	 
1.1300815055279045 	 -0.0014515219820983793 	 -0.0014538450069444722 	 -2.758979045531533e-9 	 2.3145631824842287e-6 	 -3.876452905152812e-12 	 -2.9849844026397302e-12 	 0.0008389622810814327 	 -0.0008389622892293274 	 -1.621505827733237e-6 	 1.6268562362772823e-6 	 7.36513541055672e-9 	 -1.9301654368472997e-9 	 -5.9170511904089375e-9 	 6.141506722675576e-9 	 2.959311815213466e-9 	 -2.8159395482246876e-9 	 -8.261800547020143e-10 	 8.219774643739547e-10 	 7.734827381548181e-12 	 4.6664310323616075e-12 	 3.6294839463231276e-11 	 -4.861597082836708e-11 	 -1.4423193715857132e-11 	 9.42932694040488e-11 	 1.5695540053261657e-12 	 5.128502864507119e-12 	 
1.1499974494087413 	 -0.001361705887856506 	 -0.0013640464993364145 	 -2.8062382601497293e-9 	 2.3319940986674855e-6 	 -3.9447732866740346e-12 	 -3.037590063791775e-12 	 0.000843239807008889 	 -0.0008432398050917417 	 -1.6498591093297117e-6 	 1.6553016804413681e-6 	 7.491328757002313e-9 	 -1.9634089466528066e-9 	 -6.021293572246755e-9 	 6.249697683980076e-9 	 3.0113613536971494e-9 	 -2.8654647588624156e-9 	 -8.404735128359568e-10 	 8.361968576935101e-10 	 7.86682657040711e-12 	 4.752968291685764e-12 	 3.6934197255058765e-11 	 -4.947247986815169e-11 	 -1.4680497906900797e-11 	 9.595263047123378e-11 	 1.59721678025576e-12 	 5.218883028918385e-12 	 
1.1702643810888866 	 -0.0015795845995014083 	 -0.0015819427738933782 	 -2.8542748411136452e-9 	 2.3494683169763867e-6 	 -4.014297916867252e-12 	 -3.0911228139830115e-12 	 0.0008474801955490067 	 -0.0008474802527671096 	 -1.678699434076718e-6 	 1.6842354635624175e-6 	 7.619597858756817e-9 	 -1.997207016025236e-9 	 -6.12737117251287e-9 	 6.3597931409030165e-9 	 3.0643226067568054e-9 	 -2.915857325045583e-9 	 -8.550077735362392e-10 	 8.506557482671697e-10 	 8.000975278758125e-12 	 4.841206509388279e-12 	 3.7584807538783365e-11 	 -5.034406890767981e-11 	 -1.4942468969090218e-11 	 9.764113096979695e-11 	 1.6253671669284858e-12 	 5.310855907068387e-12 	 
1.190888486187059 	 -0.0016046175681633061 	 -0.0016069934251878506 	 -2.9031003227869822e-9 	 2.3669841426888333e-6 	 -4.085048029785201e-12 	 -3.145598991480054e-12 	 0.0008516819685233337 	 -0.0008516820095314423 	 -1.708034851404566e-6 	 1.7136662114487336e-6 	 7.749975253790522e-9 	 -2.0315679558046572e-9 	 -6.235316231638185e-9 	 6.471826542469088e-9 	 3.1182113419438127e-9 	 -2.9671322391216938e-9 	 -8.697866359299658e-10 	 8.653579122160943e-10 	 8.137304482936424e-12 	 4.931182525531872e-12 	 3.824686780397496e-11 	 -5.1231002916604237e-11 	 -1.520919383673307e-11 	 9.935928054034265e-11 	 1.6540137640799821e-12 	 5.404449562781275e-12 	 
1.2118760593339681 	 -0.0015165045168475193 	 -0.001518898068019257 	 -2.952726372830563e-9 	 2.384539065923595e-6 	 -4.157045234314643e-12 	 -3.201035222484146e-12 	 0.0008558435370267111 	 -0.0008558435917224228 	 -1.7378735586108983e-6 	 1.743601653438279e-6 	 7.88249253983468e-9 	 -2.06649932901845e-9 	 -6.3451615553601206e-9 	 6.5858319245169215e-9 	 3.1730435895517e-9 	 -3.0193047426894385e-9 	 -8.84813949444464e-10 	 8.803071755561956e-10 	 8.275845448124932e-12 	 5.022934082365385e-12 	 3.8920578981433994e-11 	 -5.2133551497566936e-11 	 -1.5480762476686362e-11 	 1.0110759674037277e-10 	 1.6831653222897758e-12 	 5.49969255416159e-12 	 
1.2332335060934831 	 -0.0013974229074312614 	 -0.0013998442162010572 	 -3.0031647980702853e-9 	 2.412104583316798e-6 	 -4.23031152079245e-12 	 -3.2574484264382186e-12 	 0.0008599633655131437 	 -0.0008599633833709786 	 -1.7682233237723137e-6 	 1.7740495625376924e-6 	 8.017180699886282e-9 	 -2.102011201767942e-9 	 -6.456940524576833e-9 	 6.701843919217918e-9 	 3.228835644660894e-9 	 -3.0723903299664814e-9 	 -9.000936136915191e-10 	 8.955074140751181e-10 	 8.416629719340166e-12 	 5.116499854394869e-12 	 3.960614550096562e-11 	 -5.305198896497051e-11 	 -1.5757251510518198e-11 	 1.0288661905926409e-10 	 1.71283074665804e-12 	 5.596613942312169e-12 	 
1.2549673449176588 	 -0.0015714909313967996 	 -0.0015739300511860845 	 -3.0544275108444795e-9 	 2.429785773923405e-6 	 -4.3048692676960885e-12 	 -3.3148558201962737e-12 	 0.0008640398225546311 	 -0.0008640398684946429 	 -1.7990923849102377e-6 	 1.8050185012275185e-6 	 8.154070273509695e-9 	 -2.1381120636121044e-9 	 -6.57068710608542e-9 	 6.819897764514958e-9 	 3.2856040715687146e-9 	 -3.1264047499906323e-9 	 -9.156295792012651e-10 	 9.109625540587117e-10 	 8.559689126821776e-12 	 5.211919465270161e-12 	 4.0303775350476704e-11 	 -5.398659442505766e-11 	 -1.603878330471311e-11 	 1.0469685832161088e-10 	 1.7430190995303555e-12 	 5.695243300196221e-12 	 
1.2770842091362153 	 -0.0014955928940079163 	 -0.0014980498930557621 	 -3.106526567027298e-9 	 2.4474991235835817e-6 	 -4.380741248653446e-12 	 -3.373274924771754e-12 	 0.0008680713680369946 	 -0.0008680714088881311 	 -1.830489002192446e-6 	 1.8365169542018609e-6 	 8.293195467384175e-9 	 -2.1748104749296177e-9 	 -6.68643586049174e-9 	 6.9400293163956196e-9 	 3.3433657090281198e-9 	 -3.181364011262583e-9 	 -9.314258472271174e-10 	 9.266765720891012e-10 	 8.705055774865232e-12 	 5.3092335213852514e-12 	 4.101368013663184e-11 	 -5.4937651857376635e-11 	 -1.632543848953209e-11 	 1.0653887198843599e-10 	 1.7737396032851781e-12 	 5.7956107216499765e-12 	 
1.2995908489810806 	 -0.0015156009577317194 	 -0.0015180758815167734 	 -3.159474118064976e-9 	 2.4652424203172056e-6 	 -4.4579506392931094e-12 	 -3.432723569684968e-12 	 0.0008720563816182606 	 -0.0008720564038111056 	 -1.862421884652598e-6 	 1.8685526702679327e-6 	 8.434588625941896e-9 	 -2.2121158008417898e-9 	 -6.80422195492191e-9 	 7.062275057306479e-9 	 3.4021376712676023e-9 	 -3.2372843852025325e-9 	 -9.47486470467953e-10 	 9.426534957586282e-10 	 8.852762045232626e-12 	 5.408483629127151e-12 	 4.17360751451197e-11 	 -5.590545019875414e-11 	 -1.6617313635869353e-11 	 1.0841321487728962e-10 	 1.8050016431602948e-12 	 5.897746830530688e-12 	 
1.3224941336466105 	 -0.0015165284064053931 	 -0.0015190212238419929 	 -3.213282472104468e-9 	 2.4830131520795144e-6 	 -4.536521024482341e-12 	 -3.4932198986658646e-12 	 0.0008759932047105468 	 -0.000875993269422516 	 -1.8948990014387607e-6 	 1.901134299943652e-6 	 8.578281646539297e-9 	 -2.250037073100084e-9 	 -6.924081171478907e-9 	 7.186672108811691e-9 	 3.461937354971726e-9 	 -3.2941824101061662e-9 	 -9.638155529047972e-10 	 9.588974034993666e-10 	 9.002840586316261e-12 	 5.509712428535545e-12 	 4.2471179403018226e-11 	 -5.689028342751314e-11 	 -1.6914506668592437e-11 	 1.1032045172518327e-10 	 1.83681477014759e-12 	 6.001682790041761e-12 	 
1.3458010533861189 	 -0.0015405974752333456 	 -0.001543108255226134 	 -3.2679640425380376e-9 	 2.500809185963923e-6 	 -4.616476405494764e-12 	 -3.5547823751750037e-12 	 0.0008798802483472128 	 -0.0008798803148766348 	 -1.927929264652012e-6 	 1.934270983912908e-6 	 8.724308737904142e-9 	 -2.288583222216211e-9 	 -7.046049919204149e-9 	 7.3132582409508785e-9 	 3.5227824395710488e-9 	 -3.35207489381198e-9 	 -9.804172503442901e-10 	 9.754124251185199e-10 	 9.15532431388591e-12 	 5.612963614834005e-12 	 4.3219215741327026e-11 	 -5.7892450649564616e-11 	 -1.7217118863240417e-11 	 1.1226115611734011e-10 	 1.8691887039475592e-12 	 6.10745031219549e-12 	 
1.3695187216453548 	 -0.001522797669061889 	 -0.0015253264604347077 	 -3.323531354967122e-9 	 2.51862768554946e-6 	 -4.697841207463108e-12 	 -3.6174297880532935e-12 	 0.0008837158765539123 	 -0.0008837159213212468 	 -1.9615210483417662e-6 	 1.967970960046905e-6 	 8.872702885719578e-9 	 -2.3277635064125602e-9 	 -7.17016524368864e-9 	 7.442071884710644e-9 	 3.5846908943039076e-9 	 -3.4109789179744306e-9 	 -9.972957704320257e-10 	 9.922027418039963e-10 	 9.310246403200943e-12 	 5.718281969924107e-12 	 4.398041085909743e-11 	 -5.89122561854762e-11 	 -1.7525253314391773e-11 	 1.1423591164493569e-10 	 1.9021333359803533e-12 	 6.2150816674563616e-12 	 
1.3936543772335797 	 -0.0015153582784662538 	 -0.0015179050648339437 	 -3.379997094008107e-9 	 2.5364659646651445e-6 	 -4.7806402868801544e-12 	 -3.6811812572438676e-12 	 0.0008874984102355258 	 -0.0008874984720662915 	 -1.995683068699612e-6 	 2.002242813668759e-6 	 9.023498085604e-9 	 -2.3675889113665537e-9 	 -7.296464838224782e-9 	 7.573152142602434e-9 	 3.6476809807520893e-9 	 -3.470911841190665e-9 	 -1.014455372941059e-9 	 1.0092725864047847e-9 	 9.467640285831807e-12 	 5.82571338853084e-12 	 4.475499538764148e-11 	 -5.995000965895547e-11 	 -1.783901468746468e-11 	 1.1624531228777687e-10 	 1.935658732434838e-12 	 6.324609694566461e-12 	 
1.4182153865329048 	 -0.0015589804267734108 	 -0.0015615452525892179 	 -3.437374028693221e-9 	 2.5543216897715403e-6 	 -4.864898939163059e-12 	 -3.746056239626398e-12 	 0.0008912262048602182 	 -0.0008912262595669331 	 -2.0304241319304433e-6 	 2.0370954937521784e-6 	 9.176728459247883e-9 	 -2.4080674315984284e-9 	 -7.4249870548761895e-9 	 7.70653879608765e-9 	 3.7117712556567163e-9 	 -3.531891303207431e-9 	 -1.0319003700077845e-9 	 1.026626243658399e-9 	 9.627539648740406e-12 	 5.9353048954951065e-12 	 4.55432039496813e-11 	 -6.100602608498372e-11 	 -1.8158509662945715e-11 	 1.1828996235174108e-10 	 1.9697751373606566e-12 	 6.436067810540862e-12 	 
1.4432092457465677 	 -0.0015941881080706634 	 -0.001596770985468014 	 -3.49567504327716e-9 	 2.572192063534323e-6 	 -4.950642906514693e-12 	 -3.812074534958001e-12 	 0.0008948976021535286 	 -0.000894897654672787 	 -2.0657534601083096e-6 	 2.072537808373292e-6 	 9.332429180213785e-9 	 -2.4492086290821984e-9 	 -7.555770910666057e-9 	 7.842272314893694e-9 	 3.77698057601504e-9 	 -3.5939352280256648e-9 	 -1.0496351260725466e-9 	 1.0442680501233832e-9 	 9.789978438893688e-12 	 6.047104669167189e-12 	 4.634527522017074e-11 	 -6.208062595286554e-11 	 -1.8483848111968624e-11 	 1.2037047584061919e-10 	 2.004492975837533e-12 	 6.549490020854727e-12 	 
1.4686435831868272 	 -0.0015581769642284327 	 -0.0015607778979879528 	 -3.554913168528361e-9 	 2.5900741768724883e-6 	 -5.037898385881323e-12 	 -3.879256291918079e-12 	 0.0008985109208102447 	 -0.0008985109813661171 	 -2.1016792414530115e-6 	 2.108578774800712e-6 	 9.490635310949578e-9 	 -2.491022738626227e-9 	 -7.688856096719217e-9 	 7.980393868594655e-9 	 3.843328102569631e-9 	 -3.6570618274651955e-9 	 -1.0676640584456942e-9 	 1.0622023947367696e-9 	 9.954990870766638e-12 	 6.161162062189574e-12 	 4.716145199235277e-11 	 -6.317413531536525e-11 	 -1.881514122568041e-11 	 1.2248747791476567e-10 	 2.0398228571637203e-12 	 6.664910929771661e-12 	 
1.4945261616031833 	 -0.0015825845209116434 	 -0.001585203532550704 	 -3.6151015424344714e-9 	 2.607965254506506e-6 	 -5.126692036956198e-12 	 -3.947622014252045e-12 	 0.0009020644990631965 	 -0.0009020645578723924 	 -2.1382113660230855e-6 	 2.1452277749602024e-6 	 9.65138049736382e-9 	 -2.533520432432063e-9 	 -7.824282990303917e-9 	 8.120945337156848e-9 	 3.91083330233489e-9 	 -3.7212896038745545e-9 	 -1.0859916368024043e-9 	 1.0804337183001686e-9 	 1.0122611411117795e-11 	 6.277527641657228e-12 	 4.799198124514169e-11 	 -6.428688588212113e-11 	 -1.9152502470101528e-11 	 1.2464160447615403e-10 	 2.0757755781451117e-12 	 6.782365750889989e-12 	 
1.520864880551625 	 -0.001568746755571741 	 -0.0015713838557907581 	 -3.676253410864296e-9 	 2.625862637145691e-6 	 -5.2170509903726335e-12 	 -4.017192567023576e-12 	 0.0009055566667537194 	 -0.0009055567219084143 	 -2.1753583708607506e-6 	 2.1824930458345917e-6 	 9.814701678272916e-9 	 -2.57671054962298e-9 	 -7.962092666039956e-9 	 8.263969322465386e-9 	 3.9795159538765285e-9 	 -3.786637355190377e-9 	 -1.1046223841743497e-9 	 1.0989665144626211e-9 	 1.029287478945812e-11 	 6.3962532042941835e-12 	 4.883711421169176e-11 	 -6.541921511426693e-11 	 -1.949604838819412e-11 	 1.2683350186156748e-10 	 2.112362126412316e-12 	 6.901890317836316e-12 	 
1.5476677788056337 	 -0.0015993925451311315 	 -0.0016020477250554223 	 -3.738382155511693e-9 	 2.6437629320386707e-6 	 -5.309002856185695e-12 	 -4.087989183002025e-12 	 0.0009089857379799202 	 -0.0009089858046756192 	 -2.2131296906477663e-6 	 2.2203849295168606e-6 	 9.980633735826045e-9 	 -2.6206040814250943e-9 	 -8.102326905862676e-9 	 8.409509161297393e-9 	 4.049396151148822e-9 	 -3.853124177420871e-9 	 -1.123560875914712e-9 	 1.1178053286768253e-9 	 1.046581597451012e-11 	 6.517391826319812e-12 	 4.969710644890048e-11 	 -6.657146631982952e-11 	 -1.9845897402498853e-11 	 1.2906382780152843e-10 	 2.1495936838290702e-12 	 7.023521095179208e-12 	 
1.574943036809678 	 -0.0015493239305512303 	 -0.001551997208601321 	 -3.801501233967824e-9 	 2.66166349604784e-6 	 -5.402575732177429e-12 	 -4.1600334691112955e-12 	 0.0009123500482401879 	 -0.000912350111083215 	 -2.2515343386847463e-6 	 2.258911771052636e-6 	 1.0149213796202917e-8 	 -2.665210384413973e-9 	 -8.245028212891689e-9 	 8.55760893497499e-9 	 4.120494305485405e-9 	 -3.920769467710236e-9 	 -1.1428117411152436e-9 	 1.1369547596066109e-9 	 1.0641470191692718e-11 	 6.640997871588484e-12 	 5.0572217907200966e-11 	 -6.77439887519051e-11 	 -2.0202169918764448e-11 	 1.3133325166718258e-10 	 2.1874816299175908e-12 	 7.147295189546636e-12 	 
1.6026989791759443 	 -0.0016066705002027691 	 -0.0016093618660617212 	 -3.8656242375965175e-9 	 2.679561085387203e-6 	 -5.497798212753732e-12 	 -4.23334741305351e-12 	 0.0009156479335276654 	 -0.0009156480022974084 	 -2.2905817413573986e-6 	 2.298082661429803e-6 	 1.032047738945124e-8 	 -2.7105397786405124e-9 	 -8.39023982065238e-9 	 8.708313483778608e-9 	 4.1928311516225584e-9 	 -3.9895929297340665e-9 	 -1.1623796611004484e-9 	 1.1564194576123416e-9 	 1.0819872892281179e-11 	 6.7671270504998776e-12 	 5.146271300240872e-11 	 -6.893713770647223e-11 	 -2.0564990143016054e-11 	 1.3364245337490349e-10 	 2.2260375453439472e-12 	 7.273250360938911e-12 	 
1.6309440772250727 	 -0.00161202506325196 	 -0.0016147345144835426 	 -3.930764881465284e-9 	 2.6974525768195746e-6 	 -5.594699397601544e-12 	 -4.307953389994161e-12 	 0.0009188777212591704 	 -0.0009188777957764764 	 -2.330281269482413e-6 	 2.337908001091787e-6 	 1.0494461818200595e-8 	 -2.756603291132733e-9 	 -8.538005706341344e-9 	 8.86166842037775e-9 	 4.266427749438718e-9 	 -4.05961457485273e-9 	 -1.1822693712040747e-9 	 1.176204126517629e-9 	 1.1001059776299744e-11 	 6.895836430109119e-12 	 5.2368860692277636e-11 	 -7.015127462384093e-11 	 -2.093448343079017e-11 	 1.3599212545878274e-10 	 2.26527321550014e-12 	 7.40142503417335e-12 	 
1.6596869515716661 	 -0.0015851070752367516 	 -0.0015878423220181419 	 -3.99693697063489e-9 	 2.7230383499116032e-6 	 -5.693308900725657e-12 	 -4.383874169730091e-12 	 0.0009220377820035338 	 -0.0009220378495017334 	 -2.3706418322100247e-6 	 2.378396329523588e-6 	 1.067120374644705e-8 	 -2.803411092647413e-9 	 -8.688370608331784e-9 	 9.017720150163971e-9 	 4.3413054892853976e-9 	 -4.130854726756801e-9 	 -1.2024856588420174e-9 	 1.196313521672633e-9 	 1.118506673791019e-11 	 7.0271845246454575e-12 	 5.329093456561101e-11 	 -7.138676720078439e-11 	 -2.131076465874475e-11 	 1.383829839014309e-10 	 2.305200634174937e-12 	 7.531858310541072e-12 	 
1.6889363747553658 	 -0.0015796401364949295 	 -0.0015823934858465608 	 -4.064154422370841e-9 	 2.740949455956826e-6 	 -5.793656859605471e-12 	 -4.461132922349969e-12 	 0.0009251264412656874 	 -0.0009251265235957638 	 -2.4116728781218654e-6 	 2.419557488662428e-6 	 1.0850740819719662e-8 	 -2.8509739282891316e-9 	 -8.841380044268221e-9 	 9.176515887303958e-9 	 4.4174860952442725e-9 	 -4.203334026051055e-9 	 -1.2230333655820484e-9 	 1.2167524520141694e-9 	 1.1371929875043443e-11 	 7.161231303161472e-12 	 5.42292129221959e-11 	 -7.264398950668782e-11 	 -2.169399390552037e-11 	 1.4081571986670974e-10 	 2.345832007291566e-12 	 7.664589979687507e-12 	 
1.718701273918297 	 -0.0015932302903538555 	 -0.0015960017374889771 	 -4.132431244757713e-9 	 2.7588443651495624e-6 	 -5.895773944419189e-12 	 -4.539753227189792e-12 	 0.0009281420892118626 	 -0.0009281421765686125 	 -2.4533847626785484e-6 	 2.4613998839653338e-6 	 1.1033110314474106e-8 	 -2.899302042970528e-9 	 -8.997080325883674e-9 	 9.338103667231623e-9 	 4.494991628071138e-9 	 -4.277073430687532e-9 	 -1.243917384855305e-9 	 1.2375257777668506e-9 	 1.156168544068498e-11 	 7.29803826468327e-12 	 5.518397884913615e-11 	 -7.392332209147531e-11 	 -2.208429082268973e-11 	 1.432910739327844e-10 	 2.3871797566736764e-12 	 7.799660531700724e-12 	 
1.7489907335296988 	 -0.0015840902784097564 	 -0.0015868798108671237 	 -4.201781572425129e-9 	 2.776719481343788e-6 	 -5.999691367664252e-12 	 -4.619759078797055e-12 	 0.0009310831037848537 	 -0.000931083193330172 	 -2.495785510015939e-6 	 2.5039344120623338e-6 	 1.1218350370250814e-8 	 -2.9484066286426717e-9 	 -9.155518570353868e-9 	 9.502532361824264e-9 	 4.573844490528989e-9 	 -4.352094223234683e-9 	 -1.2651426642693098e-9 	 1.2586384127464676e-9 	 1.1754369875694755e-11 	 7.437668435548937e-12 	 5.615552029875295e-11 	 -7.522515209218477e-11 	 -2.24817918247599e-11 	 1.4580978701610846e-10 	 2.429256523904948e-12 	 7.937111169417618e-12 	 
1.7798139981585708 	 -0.0015845053959130243 	 -0.001587312994182411 	 -4.272219626712654e-9 	 2.794571483445855e-6 	 -6.105440893649336e-12 	 -4.701174894536721e-12 	 0.0009339478825544714 	 -0.0009339479730585306 	 -2.5388859309629125e-6 	 2.5471697478445837e-6 	 1.1406498838302062e-8 	 -2.998298488762224e-9 	 -9.316742715391964e-9 	 9.669851691477028e-9 	 4.654067428862649e-9 	 -4.428418010787726e-9 	 -1.2867142030104487e-9 	 1.280095321751638e-9 	 1.1950019757155056e-11 	 7.580186450047415e-12 	 5.714413016630962e-11 	 -7.654987334265459e-11 	 -2.288663614241529e-11 	 1.4837261274775365e-10 	 2.4720751742331516e-12 	 8.07698382090559e-12 	 
1.811180475295187 	 -0.001596692479453832 	 -0.0015995181228506705 	 -4.343759731271594e-9 	 2.81239673670129e-6 	 -6.2130548484259016e-12 	 -4.78402552205589e-12 	 0.000936734849835044 	 -0.0009367349389347454 	 -2.5826940158708636e-6 	 2.591115192846757e-6 	 1.1597593998261164e-8 	 -3.048989178411611e-9 	 -9.480801531514256e-9 	 9.840112240336801e-9 	 4.7356835364867096e-9 	 -4.506066729679228e-9 	 -1.3086370542976574e-9 	 1.3019015230073021e-9 	 1.2148671833752319e-11 	 7.725658546087817e-12 	 5.815010636973246e-11 	 -7.789788648344138e-11 	 -2.3298966963939353e-11 	 1.5098031690073417e-10 	 2.515648800578339e-12 	 8.21932115217463e-12 	 
1.8430997382223293 	 -0.0015998639297434307 	 -0.0016027075871646393 	 -4.416416284869674e-9 	 2.830191863426946e-6 	 -6.322566129668038e-12 	 -4.86833624684575e-12 	 0.0009394424507628966 	 -0.0009394425421664753 	 -2.62722011691565e-6 	 2.635780111238547e-6 	 1.1791675065578693e-8 	 -3.1004886219444832e-9 	 -9.647744637056918e-9 	 1.0013365469587799e-8 	 4.818716258485268e-9 	 -4.58506264717228e-9 	 -1.3309163226001977e-9 	 1.3240620853715831e-9 	 1.2350362971049825e-11 	 7.874152653258388e-12 	 5.917375193177725e-11 	 -7.926959907459778e-11 	 -2.3718929976556874e-11 	 1.5363367868464313e-10 	 2.5599907276275137e-12 	 8.364166580096914e-12 	 
1.8755815289371267 	 -0.0016086778978443045 	 -0.0016115395365305198 	 -4.490203814936732e-9 	 2.8479528440896205e-6 	 -6.4340082170444945e-12 	 -4.954132799983123e-12 	 0.0009420691440093961 	 -0.0009420692398965744 	 -2.6724735161466073e-6 	 2.6811746045266512e-6 	 1.1988780533494108e-8 	 -3.152809185826982e-9 	 -9.81762251020517e-9 	 1.0189663735098131e-8 	 4.9031893943055085e-9 	 -4.665428365796105e-9 	 -1.3535571662794227e-9 	 1.3465821309670026e-9 	 1.2555130188072338e-11 	 8.025738393078998e-12 	 6.021537506633076e-11 	 -8.066542571003343e-11 	 -2.4146673086049642e-11 	 1.5633349108117935e-10 	 2.605114516001761e-12 	 8.511564285618867e-12 	 
1.908635761124385 	 -0.0016222105827691578 	 -0.0016250901701639832 	 -4.565136913611735e-9 	 2.8656762351300727e-6 	 -6.54741518236888e-12 	 -5.041441365955384e-12 	 0.0009446134347221554 	 -0.0009446135334294222 	 -2.718463346016651e-6 	 2.7273075900764205e-6 	 1.2188949917993397e-8 	 -3.2059611517556635e-9 	 -9.990486506665286e-9 	 1.036906029960614e-8 	 4.989127099252359e-9 	 -4.7471868266039916e-9 	 -1.376564794776505e-9 	 1.3694668323566617e-9 	 1.276301059527454e-11 	 8.180487165940797e-12 	 6.127528926077274e-11 	 -8.208578813798804e-11 	 -2.458234864759301e-11 	 1.59080559741087e-10 	 2.651033966446869e-12 	 8.661559227184896e-12 	 
1.9422725231823168 	 -0.0016242374957689755 	 -0.0016271349838739974 	 -4.6412302718012845e-9 	 2.8833581422379855e-6 	 -6.6628217002859305e-12 	 -5.130288590658729e-12 	 0.0009470738384639137 	 -0.0009470739490082736 	 -2.7651989980417373e-6 	 2.7741875765519723e-6 	 1.2392221959541095e-8 	 -3.259956706837184e-9 	 -1.016638887214703e-8 	 1.055160934633277e-8 	 5.07655389014795e-9 	 -4.830361309281899e-9 	 -1.3999444708379036e-9 	 1.3927214147587078e-9 	 1.2974041425441825e-11 	 8.338472142204445e-12 	 6.235381335391772e-11 	 -8.35311153782826e-11 	 -2.502611169188117e-11 	 1.618757043781598e-10 	 2.6977631241028356e-12 	 8.814197154375783e-12 	 
1.9765020813015959 	 -0.0016272427795239297 	 -0.0016301581303394736 	 -4.718498647268917e-9 	 2.9009947351817228e-6 	 -6.780263058975214e-12 	 -5.220701589531486e-12 	 0.0009494489192276118 	 -0.0009494490382881987 	 -2.8126895727313452e-6 	 2.8218251369798485e-6 	 1.2598637213946355e-8 	 -3.3148069233113934e-9 	 -1.0345382750979575e-8 	 1.0737365982952704e-8 	 5.165494645294397e-9 	 -4.9149754367245834e-9 	 -1.4237015075993815e-9 	 1.416351153118927e-9 	 1.3188260000680336e-11 	 8.499768316520823e-12 	 6.345127160064677e-11 	 -8.500184382748843e-11 	 -2.5478119956985173e-11 	 1.6471975899706175e-10 	 2.745316282907198e-12 	 8.969524621769404e-12 	 
2.011334882598677 	 -0.001619815714041469 	 -0.0016227488977035459 	 -4.796956908260475e-9 	 2.9185820853552422e-6 	 -6.899775171095488e-12 	 -5.312707955818949e-12 	 0.0009517372840603342 	 -0.0009517373953192368 	 -2.860944044178154e-6 	 2.87022829587681e-6 	 1.2808235053594114e-8 	 -3.370523397955021e-9 	 -1.0527522191388322e-8 	 1.0926386252587212e-8 	 5.255974608293014e-9 	 -5.0010531767334335e-9 	 -1.4478412708391653e-9 	 1.4403613743520446e-9 	 1.3405703796597519e-11 	 8.66445249264074e-12 	 6.456799374779093e-11 	 -8.649841736099946e-11 	 -2.5938535367393892e-11 	 1.6761357123577788e-10 	 2.7937079900587757e-12 	 9.127589003042845e-12 	 
2.0467815583043305 	 -0.001626351912956005 	 -0.0016293028634081959 	 -4.876619973479056e-9 	 2.9361163999702415e-6 	 -7.0213945849037786e-12 	 -5.406335768991696e-12 	 0.0009539375548064448 	 -0.0009539376742920578 	 -2.9099716008350466e-6 	 2.919406170990955e-6 	 1.3021055471979253e-8 	 -3.427117817455427e-9 	 -1.0712862158254041e-8 	 1.1118727146994456e-8 	 5.34801939036245e-9 	 -5.088618843125644e-9 	 -1.472369176150338e-9 	 1.4647574545022519e-9 	 1.3626410397037288e-11 	 8.83260336651701e-12 	 6.57043151176126e-11 	 -8.802128744958238e-11 	 -2.640752297976288e-11 	 1.70558003325334e-10 	 2.842953050544569e-12 	 9.288438505363978e-12 	 
2.0828529270083767 	 -0.001624299103890873 	 -0.0016272677689977491 	 -4.957502855911334e-9 	 2.9535934278576e-6 	 -7.14515849567276e-12 	 -5.501613603323148e-12 	 0.0009560484175407626 	 -0.0009560485434643839 	 -2.9597807070895077e-6 	 2.9693675641807737e-6 	 1.3237138951940912e-8 	 -3.4846021064438635e-9 	 -1.0901458545874654e-8 	 1.1314446622426888e-8 	 5.441654971425106e-9 	 -5.177697098982301e-9 	 -1.4972906909078968e-9 	 1.4895448206983745e-9 	 1.3850417526848344e-11 	 9.004301532347571e-12 	 6.68605766953139e-11 	 -8.957091327991239e-11 	 -2.6885251008434708e-11 	 1.7355393233675586e-10 	 2.8930665317737957e-12 	 9.452122184060592e-12 	 
2.119559997961597 	 -0.0016230460542857909 	 -0.0016260323804203442 	 -5.039620616729011e-9 	 2.9710092445448977e-6 	 -7.2711047571069475e-12 	 -5.598570536583594e-12 	 0.0009580685973448529 	 -0.0009580687260712024 	 -3.010380870081157e-6 	 3.0201225508233723e-6 	 1.3456525958482626e-8 	 -3.5429877104231127e-9 	 -1.1093368196091296e-8 	 1.1513603624140547e-8 	 5.536907704625758e-9 	 -5.2683129577259125e-9 	 -1.5226113316757528e-9 	 1.5147289485482381e-9 	 1.407776299711999e-11 	 9.179629598805894e-12 	 6.803712523832877e-11 	 -9.114776188362029e-11 	 -2.73718916610362e-11 	 1.766022499616333e-10 	 2.94406376821903e-12 	 9.618689957539229e-12 	 
2.156913974435843 	 -0.001630585138384994 	 -0.0016335890601696982 	 -5.122988402928793e-9 	 2.988359742586506e-6 	 -7.399271893235341e-12 	 -5.69723615892924e-12 	 0.0009599968625163396 	 -0.0009599969968186737 	 -3.061780137144956e-6 	 3.071677926603109e-6 	 1.3679256957888699e-8 	 -3.6022870298248526e-9 	 -1.1288648928052611e-8 	 1.1716258117062996e-8 	 5.633804318006029e-9 	 -5.360491786100382e-9 	 -1.5483366657612942e-9 	 1.5403153636808831e-9 	 1.4308484679946398e-11 	 9.35867224473927e-12 	 6.923431339366442e-11 	 -9.275230829529301e-11 	 -2.786762081148286e-11 	 1.7970386299791855e-10 	 2.9959603661715315e-12 	 9.788192622431653e-12 	 
2.1949262571433543 	 -0.001626229002653751 	 -0.0016292504521858737 	 -5.207621419352273e-9 	 3.005640781584365e-6 	 -7.529699110312756e-12 	 -5.797640581930136e-12 	 0.0009618320473035357 	 -0.0009618321891441236 	 -3.1139867855457137e-6 	 3.124042754499842e-6 	 1.3905372935460458e-8 	 -3.6625116176077045e-9 	 -1.1487359562166472e-8 	 1.1922471103353682e-8 	 5.732371916655873e-9 	 -5.4542593060440395e-9 	 -1.5744723088793034e-9 	 1.5663096393977908e-9 	 1.4542620438255138e-11 	 9.541516303885705e-12 	 7.045249979126442e-11 	 -9.438503569811294e-11 	 -2.8372617531018843e-11 	 1.82859693954047e-10 	 3.048772208568123e-12 	 9.960681868982867e-12 	 
2.2336084477163447 	 -0.0016310990718436974 	 -0.0016341379798614475 	 -5.293534926456172e-9 	 3.022848037327705e-6 	 -7.662426309063375e-12 	 -5.8998144477607266e-12 	 0.0009635730266374006 	 -0.0009635731742492888 	 -3.1670092093313764e-6 	 3.1772246468981388e-6 	 1.4134914803388967e-8 	 -3.723673866655033e-9 	 -1.1689559936018415e-8 	 1.2132304637864239e-8 	 5.832637984184464e-9 	 -5.5496415963494815e-9 	 -1.6010239262593578e-9 	 1.5927173977672082e-9 	 1.4780208141157806e-11 	 9.728250783589376e-12 	 7.169204913337711e-11 	 -9.604643555387495e-11 	 -2.8887065499268203e-11 	 1.8607068042308144e-10 	 3.1025154599860206e-12 	 1.0136210296664074e-11 	 
2.272972352247904 	 -0.0016319957895902823 	 -0.0016350520856440946 	 -5.380744229462456e-9 	 3.0399773676839413e-6 	 -7.79749409701309e-12 	 -6.003788938540421e-12 	 0.0009652187517770032 	 -0.000965218901095468 	 -3.2208548781043807e-6 	 3.2312317114498275e-6 	 1.4367923941348773e-8 	 -3.785785710720142e-9 	 -1.1895310920106506e-8 	 1.2345821842537324e-8 	 5.934630384272889e-9 	 -5.646665093431026e-9 	 -1.6279972306448068e-9 	 1.6195443076098037e-9 	 1.5021285628483857e-11 	 9.918966927383735e-12 	 7.295333227904581e-11 	 -9.773700773338721e-11 	 -2.941115171160548e-11 	 1.8933777627668798e-10 	 3.1572065717221103e-12 	 1.0314831430144437e-11 	 
2.3130299848953086 	 -0.0016293499845536606 	 -0.0016324235830655078 	 -5.4692646982751324e-9 	 3.0570244202749073e-6 	 -7.934943801254878e-12 	 -6.109595785860584e-12 	 0.000966768216398873 	 -0.0009667683745468376 	 -3.27553132462074e-6 	 3.2860718747710295e-6 	 1.4604441373698967e-8 	 -3.8488595729224885e-9 	 -1.2104674431529197e-8 	 1.2563086922230136e-8 	 6.038377360607553e-9 	 -5.745356591554321e-9 	 -1.6553979828554264e-9 	 1.6467960850480933e-9 	 1.5265890728744845e-11 	 1.0113758237198216e-11 	 7.423672633158521e-11 	 -9.945726064253077e-11 	 -2.994506725176112e-11 	 1.926619514277041e-10 	 3.212862286890199e-12 	 1.0496599735529996e-11 	 
2.353793571546829 	 -0.001632370933833462 	 -0.0016354617593523865 	 -5.559111744994917e-9 	 3.073984826995608e-6 	 -8.074817481250583e-12 	 -6.217267280461874e-12 	 0.0009682204972375871 	 -0.0009682206559852751 	 -3.331046074994844e-6 	 3.341751787126276e-6 	 1.4844508507258773e-8 	 -3.912907660036951e-9 	 -1.2317713448938015e-8 	 1.2784165180322522e-8 	 6.1439075393147346e-9 	 -5.845743244318924e-9 	 -1.6832319901595927e-9 	 1.6744784918648713e-9 	 1.5514061239933787e-11 	 1.031272053887071e-11 	 7.554261473000119e-11 	 -1.0120771135029644e-10 	 -3.048900767378298e-11 	 1.960441919060356e-10 	 3.2694996456520503e-12 	 1.0681570636868324e-11 	 
2.395275553553164 	 -0.0016302647495862956 	 -0.0016333727145063967 	 -5.650300802514312e-9 	 3.09085425911717e-6 	 -8.217157941939226e-12 	 -6.326836282059301e-12 	 0.0009695747311700217 	 -0.0009695748905330726 	 -3.387405055282185e-6 	 3.3982777752146755e-6 	 1.5088167057847096e-8 	 -3.9779423123147266e-9 	 -1.2534492028456323e-8 	 1.3009123034597465e-8 	 6.251249928372084e-9 	 -5.947852564148622e-9 	 -1.7115051062999417e-9 	 1.7025973355147856e-9 	 1.5765834931726775e-11 	 1.0515952019570333e-11 	 7.687138734115089e-11 	 -1.0298888572267343e-10 	 -3.104317212868019e-11 	 1.9948550078603573e-10 	 3.32713599054564e-12 	 1.0869800532894032e-11 	 
2.437488591524634 	 -0.0016326750147447372 	 -0.001635800016387873 	 -5.74284736601698e-9 	 3.107628269907099e-6 	 -8.362008747176796e-12 	 -6.438336229383592e-12 	 0.0009708301198834273 	 -0.000970830289676018 	 -3.4446162259876064e-6 	 3.4556569544809213e-6 	 1.533545855650239e-8 	 -4.043976161231771e-9 	 -1.2755075318525469e-8 	 1.3238028034410766e-8 	 6.360433917214254e-9 	 -6.051712422473625e-9 	 -1.7402232301953115e-9 	 1.7311584678123648e-9 	 1.6021249525908784e-11 	 1.0723553288078947e-11 	 7.822344055260309e-11 	 -1.0480131855722435e-10 	 -3.160776450758057e-11 	 2.0298689772443188e-10 	 3.3857889719478773e-12 	 1.1061346814054272e-11 	 
2.4804455691952905 	 -0.0016261794261553074 	 -0.001629326630375355 	 -5.836766928969582e-9 	 3.1295619075861685e-6 	 -8.509414233228486e-12 	 -6.5518011507993984e-12 	 0.0009719859592454387 	 -0.0009719861368485447 	 -3.5026842687966074e-6 	 3.5138950380975514e-6 	 1.5586424949143117e-8 	 -4.111021332813207e-9 	 -1.297952957660446e-8 	 1.3470948872791198e-8 	 6.471489277927852e-9 	 -6.157351048904858e-9 	 -1.7693923054224489e-9 	 1.760167784399126e-9 	 1.628034269076919e-11 	 1.093562740981418e-11 	 7.959917735934273e-11 	 -1.0664555371970958e-10 	 -3.218297911565199e-11 	 2.065494316380705e-10 	 3.445476553667105e-12 	 1.1256267879844735e-11 	 
2.5241595973551325 	 -0.0016260211092924463 	 -0.0016291851845833612 	 -5.932075027790554e-9 	 3.146160197448333e-6 	 -8.659419522713997e-12 	 -6.667265672924653e-12 	 0.0009730416076576236 	 -0.0009730417922080519 	 -3.5616151980105013e-6 	 3.5729973936470918e-6 	 1.5841107439897946e-8 	 -4.17909092541038e-9 	 -1.3207922175201694e-8 	 1.3707955384124622e-8 	 6.584446162057884e-9 	 -6.264797030063699e-9 	 -1.7990183192728495e-9 	 1.7896312237855613e-9 	 1.654315206164159e-11 	 1.115227988933373e-11 	 8.099900741664854e-11 	 -1.0852214426303375e-10 	 -3.2769056536914623e-11 	 2.1017413287383966e-10 	 3.5062170186423862e-12 	 1.1454623156360243e-11 	 
2.568644017851614 	 -0.0016232308440815464 	 -0.0016264116840436407 	 -6.028787208903911e-9 	 3.1626493212543632e-6 	 -8.812070538711862e-12 	 -6.7847650338236535e-12 	 0.0009739965065136043 	 -0.0009739966990056258 	 -3.6214128405574757e-6 	 3.632968610727937e-6 	 1.6099548332354212e-8 	 -4.248197228301915e-9 	 -1.344032159800585e-8 	 1.3949118556182843e-8 	 6.699335101227389e-9 	 -6.374079308223105e-9 	 -1.8291073016627357e-9 	 1.8195547662468617e-9 	 1.6809715298389536e-11 	 1.1373618699265519e-11 	 8.242334712209893e-11 	 -1.1043165252589049e-10 	 -3.336620033635175e-11 	 2.138620852298042e-10 	 3.5680289748516216e-12 	 1.1656473114156296e-11 	 
2.6139124076616764 	 -0.0016236262416409188 	 -0.001626823734604383 	 -6.126919024211753e-9 	 3.1790248538585605e-6 	 -8.96741401904708e-12 	 -6.904335091978762e-12 	 0.0009748501857774116 	 -0.000974850386137185 	 -3.6820832477241977e-6 	 3.693812809533501e-6 	 1.6361789140434734e-8 	 -4.318353186684121e-9 	 -1.3676797470194799e-8 	 1.419451057456753e-8 	 6.816187003891807e-9 	 -6.485227179680993e-9 	 -1.8596653245184146e-9 	 1.8499444331919854e-9 	 1.7080070049769776e-11 	 1.1599754408037151e-11 	 8.387261976514602e-11 	 -1.1237465029757891e-10 	 -3.397463158002982e-11 	 2.1761437939885055e-10 	 3.6309313611572663e-12 	 1.1861879286627914e-11 	 
2.659978583035544 	 -0.0016188386377947186 	 -0.0016220526697749709 	 -6.226486024346372e-9 	 3.1952820505403202e-6 	 -9.125497531054692e-12 	 -7.026012337705934e-12 	 0.0009756022604288014 	 -0.000975602467836842 	 -3.7436293473088073e-6 	 3.7555345828291213e-6 	 1.6627872117135906e-8 	 -4.389571242777914e-9 	 -1.391742059908636e-8 	 1.4444204852515071e-8 	 6.935033159161762e-9 	 -6.598270292412023e-9 	 -1.890698500149855e-9 	 1.880806285522945e-9 	 1.7354253862868816e-11 	 1.1830800275892766e-11 	 8.534725564586223e-11 	 -1.1435171900798051e-10 	 -3.4594576600543056e-11 	 2.2143212398992154e-10 	 3.694943453142914e-12 	 1.2070904288717165e-11 	 
2.706856603713545 	 -0.0016174227648623868 	 -0.0016206532193586724 	 -6.3275037738662306e-9 	 3.211416443013134e-6 	 -9.286369486430104e-12 	 -7.149833904231995e-12 	 0.0009762524309483278 	 -0.0009762526433283985 	 -3.8060523392936387e-6 	 3.81813580791278e-6 	 1.6897838801779052e-8 	 -4.461864469943203e-9 	 -1.4162262994714823e-8 	 1.4698276045605786e-8 	 7.055905228659711e-9 	 -6.713238646738864e-9 	 -1.92221298090539e-9 	 1.9121464232727666e-9 	 1.763230417911063e-11 	 1.2066872290533253e-11 	 8.684769216672588e-11 	 -1.1636344987638811e-10 	 -3.522626715428857e-11 	 2.253164459149435e-10 	 3.7600848691420174e-12 	 1.2283611835759615e-11 	 
2.75456077721725 	 -0.001618135051037835 	 -0.0016213817959903536 	 -6.42998779809752e-9 	 3.227423315921456e-6 	 -9.450079156396763e-12 	 -7.275837579044733e-12 	 0.000976800491218872 	 -0.0009768007132447988 	 -3.869356745305784e-6 	 3.881616893647681e-6 	 1.7171731179231043e-8 	 -4.5352454217642115e-9 	 -1.4411397884451711e-8 	 1.4956800068066544e-8 	 7.178835248491943e-9 	 -6.830162590118003e-9 	 -1.954214957044999e-9 	 1.9439709834634024e-9 	 1.7914258313884435e-11 	 1.2308089236220928e-11 	 8.837437392811395e-11 	 -1.1841044405186136e-10 	 -3.5869940106580786e-11 	 2.2926849087678722e-10 	 3.826375576472538e-12 	 1.2500066762759533e-11 	 
2.803105663216234 	 -0.0016144877273999803 	 -0.001617750636225872 	 -6.533953625125629e-9 	 3.243298137772976e-6 	 -9.61667668723295e-12 	 -7.404061815399014e-12 	 0.0009772463229513065 	 -0.0009772465534486664 	 -3.933542164746219e-6 	 3.945981581374871e-6 	 1.744959099196675e-8 	 -4.609727377035168e-9 	 -1.4664899728060874e-8 	 1.5219854109306452e-8 	 7.303855623159911e-9 	 -6.949072814153804e-9 	 -1.986710656581766e-9 	 1.9762861399304885e-9 	 1.8200153470552917e-11 	 1.2554572735814742e-11 	 8.992775282720101e-11 	 -1.2049331275507757e-10 	 -3.6525836359117415e-11 	 2.332894244979454e-10 	 3.893835897745605e-12 	 1.2720335043888155e-11 	 
2.8525060779717974 	 -0.001615930227411396 	 -0.001619209166443912 	 -6.639416737677026e-9 	 3.2590361929117984e-6 	 -9.786213116048888e-12 	 -7.534545744055049e-12 	 0.0009775899065700558 	 -0.00097759014507646 	 -3.9986088177722216e-6 	 4.0112284158740695e-6 	 1.7731460039538574e-8 	 -4.685322871042897e-9 	 -1.4922844233411927e-8 	 1.5487516652892014e-8 	 7.430999124033452e-9 	 -7.070000350627536e-9 	 -2.0197063427187463e-9 	 2.009098100743832e-9 	 1.8490026711771463e-11 	 1.2806447349152285e-11 	 9.150828816780771e-11 	 -1.2261267742294783e-10 	 -3.719420293367873e-11 	 2.3738043130209655e-10 	 3.962486517440977e-12 	 1.2944483812202998e-11 	 
2.9027770988589974 	 -0.0016108005254120792 	 -0.0016140953591453045 	 -6.746392595233881e-9 	 3.2746329079291193e-6 	 -9.95874038673284e-12 	 -7.66732918521518e-12 	 0.0009778313181384194 	 -0.0009778315612639318 	 -4.064556138240539e-6 	 4.0773566191040415e-6 	 1.8017380025735806e-8 	 -4.762045030488105e-9 	 -1.5185308374363938e-8 	 1.5759867494230206e-8 	 7.560298882087631e-9 	 -7.192976566907528e-9 	 -2.0532083138474825e-9 	 2.0424131081889416e-9 	 1.8783914951727177e-11 	 1.3063840614121794e-11 	 9.311644676114293e-11 	 -1.2476916986942385e-10 	 -3.787529242980639e-11 	 2.4154271547092273e-10 	 4.032348488605389e-12 	 1.317258137988767e-11 	 
2.953934068968377 	 -0.0016101690272317306 	 -0.0016134796046258406 	 -6.854896598590877e-9 	 3.2900836332361023e-6 	 -1.0134311366453489e-11 	 -7.802452660662023e-12 	 0.0009779707228141112 	 -0.0009779709772713902 	 -4.13138176264554e-6 	 4.144363027372946e-6 	 1.8307392294962332e-8 	 -4.839906903997915e-9 	 -1.545237040873499e-8 	 1.6036987755216186e-8 	 7.691788387116891e-9 	 -7.318033161029695e-9 	 -2.087222900526273e-9 	 2.076237435727983e-9 	 1.9081854905461888e-11 	 1.332688312702116e-11 	 9.47527030191165e-11 	 -1.269634324422492e-10 	 -3.856936186693269e-11 	 2.457775019943945e-10 	 4.103443239512267e-12 	 1.3404697259013678e-11 	 
3.00599260178879 	 -0.0016068100606372745 	 -0.001610136235036165 	 -6.964944096826655e-9 	 3.3053837266036586e-6 	 -1.0312979862212896e-11 	 -7.939957406112647e-12 	 0.0009780083930976098 	 -0.000978008657645442 	 -4.199082935517857e-6 	 4.212245938351659e-6 	 1.8601538359796073e-8 	 -4.9189213651632544e-9 	 -1.5724109892736358e-8 	 1.631895990384827e-8 	 7.82550147827374e-9 	 -7.445202155716315e-9 	 -2.1217564655681467e-9 	 2.1105773880704686e-9 	 1.938388310858016e-11 	 1.359570858073794e-11 	 9.641753905479879e-11 	 -1.2919611816970758e-10 	 -3.927667455712722e-11 	 2.500860358169088e-10 	 4.175792580255987e-12 	 1.3640902182583518e-11 	 
3.0589685859727536 	 -0.0016038595594622088 	 -0.0016072011805992454 	 -7.0765503715165824e-9 	 3.3205285578096317e-6 	 -1.0494800637943038e-11 	 -8.079885383768895e-12 	 0.0009779446897808643 	 -0.0009779449620532768 	 -4.267653592190363e-6 	 4.280999163585617e-6 	 1.88998594826987e-8 	 -4.999101426669334e-9 	 -1.600060770887878e-8 	 1.6605867796943658e-8 	 7.961472339180296e-9 	 -7.574515892601436e-9 	 -2.1568154006160723e-9 	 2.145439297730505e-9 	 1.9690035844611098e-11 	 1.3870453918741541e-11 	 9.811144482921869e-11 	 -1.3146789093328252e-10 	 -3.999749967825498e-11 	 2.5446958252966637e-10 	 4.249418709620899e-12 	 1.3881268125754978e-11 	 
3.1128781901857843 	 -0.0016010124775079112 	 -0.0016043693841063902 	 -7.189730637804681e-9 	 3.3355135332345866e-6 	 -1.0679829431696421e-11 	 -8.222279295098413e-12 	 0.000977780072540987 	 -0.0009777803549902496 	 -4.337089392335991e-6 	 4.350616746231208e-6 	 1.9202396564412274e-8 	 -5.080460300098756e-9 	 -1.628194610637269e-8 	 1.6897796701513462e-8 	 8.099735492711048e-9 	 -7.706007024117406e-9 	 -2.1924061263396664e-9 	 2.1808295252054746e-9 	 2.000034911947024e-11 	 1.4151259347539321e-11 	 9.983491825347623e-11 	 -1.3377942566529705e-10 	 -4.073211157872325e-11 	 2.589294292255364e-10 	 4.32434422236107e-12 	 1.412586832728846e-11 	 
3.167737868041197 	 -0.0015975272815116268 	 -0.0016008993098586004 	 -7.304500007223151e-9 	 3.350334073670629e-6 	 -1.0868122973327669e-11 	 -8.36718259384948e-12 	 0.0009775150988274763 	 -0.0009775153925067994 	 -4.4073812220587835e-6 	 4.421090297505699e-6 	 1.950919047132669e-8 	 -5.163010866729804e-9 	 -1.656820871118402e-8 	 1.719483330292046e-8 	 8.240325790830568e-9 	 -7.839708508365568e-9 	 -2.228535088490878e-9 	 2.2167544550130214e-9 	 2.031485865612513e-11 	 1.4438268400038848e-11 	 1.0158846526665702e-10 	 -1.36131408485583e-10 	 -4.148079083741466e-11 	 2.634668842430522e-10 	 4.4005921166833435e-12 	 1.4374777311428765e-11 	 
3.223564363121867 	 -0.0015952273992484339 	 -0.0015986143842414155 	 -7.42087349586744e-9 	 3.3649856163261313e-6 	 -1.1059739002418547e-11 	 -8.514639499296833e-12 	 0.0009771504180750813 	 -0.0009771507209995066 	 -4.478518922532767e-6 	 4.492409774985694e-6 	 1.982028187635993e-8 	 -5.24676610441387e-9 	 -1.6859480536237527e-8 	 1.749706571815331e-8 	 8.383278406557146e-9 	 -7.975653596169891e-9 	 -2.2652087581970314e-9 	 2.2532204959656006e-9 	 2.063359994311092e-11 	 1.4731627940589552e-11 	 1.0337259992068136e-10 	 -1.3852453684211498e-10 	 -4.2243824483674455e-11 	 2.6808327739941736e-10 	 4.4781858016659045e-12 	 1.4628070910308205e-11 	 
3.2803747140904993 	 -0.0015906373050992904 	 -0.001594039070430382 	 -7.538866015978397e-9 	 3.3794636182770877e-6 	 -1.1254736286681491e-11 	 -8.664695009731835e-12 	 0.0009766867698577045 	 -0.0009766870848282388 	 -4.550491732517823e-6 	 4.564562522755509e-6 	 2.0135710984438284e-8 	 -5.331739241104534e-9 	 -1.7155847993302785e-8 	 1.7804583506931003e-8 	 8.528628822203758e-9 	 -8.113875822777982e-9 	 -2.3024336276077342e-9 	 2.2902340767981388e-9 	 2.095660820118844e-11 	 1.503148824652613e-11 	 1.0518784446248898e-10 	 -1.4095951965422403e-10 	 -4.302150491282192e-11 	 2.727799611428944e-10 	 4.557149104725935e-12 	 1.488582628680499e-11 	 
3.3381862598899525 	 -0.0015882253108289708 	 -0.0015916416817334093 	 -7.658492348535621e-9 	 3.393763606187752e-6 	 -1.1453174640457191e-11 	 -8.817394916153582e-12 	 0.0009761249886068379 	 -0.0009761253142404524 	 -4.623286779323197e-6 	 4.637537482254937e-6 	 2.045551759561323e-8 	 -5.417943158366418e-9 	 -1.7457398904040812e-8 	 1.8117477678956404e-8 	 8.676412819490333e-9 	 -8.254408995985382e-9 	 -2.3402162101387913e-9 	 2.327801646392365e-9 	 2.1283918434094856e-11 	 1.5338002984698328e-11 	 1.0703472939989886e-10 	 -1.434370774529813e-10 	 -4.3814131561737264e-11 	 2.775583098946087e-10 	 4.6375062790486924e-12 	 1.5148121958054407e-11 	 
3.3970166450352193 	 -0.0015849465097082164 	 -0.0015883773050519626 	 -7.779767140214551e-9 	 3.407881098909552e-6 	 -1.1655114943843989e-11 	 -8.972785816260133e-12 	 0.0009754659914064708 	 -0.000975466328854923 	 -4.696885853739095e-6 	 4.711317072655755e-6 	 2.077974144074668e-8 	 -5.505390910987165e-9 	 -1.7764222506653003e-8 	 1.8435840699997685e-8 	 8.826666464860446e-9 	 -8.397287184427365e-9 	 -2.3785630357471113e-9 	 2.3659296690322226e-9 	 2.1615565419522155e-11 	 1.565132925887932e-11 	 1.0891379355876836e-10 	 -1.4595794250780997e-10 	 -4.4622010085163324e-11 	 2.8241972099823705e-10 	 4.719282011216447e-12 	 1.5415037818990957e-11 	 
3.4568838249986547 	 -0.0015805131685820348 	 -0.001583958197019085 	 -7.90270488056107e-9 	 3.4218116903025545e-6 	 -1.1860619162026168e-11 	 -9.130915128632228e-12 	 0.0009747107772686969 	 -0.0009747111284581521 	 -4.771273487299792e-6 	 4.785880775838494e-6 	 2.1108421815147227e-8 	 -5.594095409773936e-9 	 -1.8076409461365407e-8 	 1.8759766509143506e-8 	 8.97942609870267e-9 	 -8.54254470248203e-9 	 -2.417480651588581e-9 	 2.4046246250412665e-9 	 2.1951583805884866e-11 	 1.5971627612215293e-11 	 1.1082558416909445e-10 	 -1.485228589457892e-10 	 -4.5445452424986703e-11 	 2.873656151375879e-10 	 4.802501429415467e-12 	 1.568665516629664e-11 	 
3.51780607169013 	 -0.0015770907149249974 	 -0.0015805497911808779 	 -8.027319901761753e-9 	 3.435551023338592e-6 	 -1.2069750364913898e-11 	 -9.291831107202869e-12 	 0.0009738604285432158 	 -0.0009738607885269463 	 -4.846426711385366e-6 	 4.8612091610059206e-6 	 2.1441597417062015e-8 	 -5.684069656902544e-9 	 -1.8394051888441604e-8 	 1.908935060204265e-8 	 9.134728320926649e-9 	 -8.690216097470994e-9 	 -2.4569756166257287e-9 	 2.4438930053699073e-9 	 2.229200799890644e-11 	 1.6299062326339912e-11 	 1.1277065708441877e-10 	 -1.5113258294382771e-10 	 -4.628477784284874e-11 	 2.923974361104196e-10 	 4.887190111393696e-12 	 1.596305672281035e-11 	 
3.579801979033751 	 -0.0015721662875376318 	 -0.001575639213503429 	 -8.153626354060981e-9 	 3.4490947991445064e-6 	 -1.2282572747493469e-11 	 -9.455582855986721e-12 	 0.0009729160910271228 	 -0.0009729164638892543 	 -4.922321233504586e-6 	 4.9372784131589335e-6 	 2.1779306465961256e-8 	 -5.77532652293691e-9 	 -1.8717243463558414e-8 	 1.942469009867235e-8 	 9.292609982377998e-9 	 -8.840336139107023e-9 	 -2.49705450158816e-9 	 2.483741311535071e-9 	 2.2636871982346327e-11 	 1.663380159270777e-11 	 1.1474957697683726e-10 	 -1.5378788303328282e-10 	 -4.714031192549595e-11 	 2.9751665192598515e-10 	 4.973374092619531e-12 	 1.6244326662231767e-11 	 
3.6428904686428605 	 -0.001568031539255292 	 -0.0015715181117696684 	 -8.281638187500598e-9 	 3.4624387921868425e-6 	 -1.2499151650046713e-11 	 -9.622220344036094e-12 	 0.0009718789856022168 	 -0.0009718793717026795 	 -4.998932846356784e-6 	 5.014059756106059e-6 	 2.2121586908387555e-8 	 -5.867878852520521e-9 	 -1.904607944452455e-8 	 1.9765883721784894e-8 	 9.453108162268075e-9 	 -8.992939801492517e-9 	 -2.5377238833137146e-9 	 2.524176049939895e-9 	 2.2986209244084538e-11 	 1.6976017496887834e-11 	 1.1676291735331259e-10 	 -1.5648954027035192e-10 	 -4.801238756861284e-11 	 3.02724754647108e-10 	 5.061079874694302e-12 	 1.6530550634020525e-11 	 
3.7070907955950605 	 -0.0015646000529226272 	 -0.0015681000677040438 	 -8.411369138094283e-9 	 3.475578812002505e-6 	 -1.2719553579262546e-11 	 -9.79179442067555e-12 	 0.0009707503922030525 	 -0.000970750791425006 	 -5.076229271666684e-6 	 5.091523487573186e-6 	 2.2468475983719897e-8 	 -5.961739376777688e-9 	 -1.9380656627879378e-8 	 2.0113031755490695e-8 	 9.616260151202257e-9 	 -9.148062243010773e-9 	 -2.5789903447295986e-9 	 2.5652037318334653e-9 	 2.334005302252693e-11 	 1.732588582582877e-11 	 1.1881126052420002e-10 	 -1.5923834827525119e-10 	 -4.890134495429383e-11 	 3.080232608509842e-10 	 5.150334434182486e-12 	 1.6821815788901783e-11 	 
3.7724225543090033 	 -0.001559900356672328 	 -0.0015634136014636734 	 -8.542832711673052e-9 	 3.4885107584964663e-6 	 -1.2943846229427907e-11 	 -9.964356830981387e-12 	 0.0009695316402998011 	 -0.0009695320546569586 	 -5.154178128262093e-6 	 5.169635464225539e-6 	 2.2820010374033436e-8 	 -6.056920838803444e-9 	 -1.9721073324925056e-8 	 2.0466236043662383e-8 	 9.782103427441615e-9 	 -9.305738785812483e-9 	 -2.620860468979073e-9 	 2.6068308674152944e-9 	 2.3698436386324797e-11 	 1.7683586134472894e-11 	 1.2089519765972108e-10 	 -1.6203511330787554e-10 	 -4.980753122325326e-11 	 3.1341371234571924e-10 	 5.241165231642376e-12 	 1.7118210804967923e-11 	 
3.838905684524751 	 -0.0015555233596264767 	 -0.0015590496230278399 	 -8.676042174434555e-9 	 3.501230628302005e-6 	 -1.3172098504212042e-11 	 -1.0139960231545597e-11 	 0.0009682241061417849 	 -0.0009682245339592732 	 -5.2327399787042646e-6 	 5.24835740370479e-6 	 2.317622596923349e-8 	 -6.153435863162735e-9 	 -2.0067429362760906e-8 	 2.0825599998828116e-8 	 9.950675638532121e-9 	 -9.466004893973721e-9 	 -2.6633408390242057e-9 	 2.649063965415641e-9 	 2.4061392313312727e-11 	 1.8049301776297572e-11 	 1.2301532887956552e-10 	 -1.6488065439414958e-10 	 -5.0731301539891516e-11 	 3.1889767595535823e-10 	 5.33360022062924e-12 	 1.7419825914239487e-11 	 
3.9065604773895406 	 -0.0015509182713324549 	 -0.0015544573354756895 	 -8.81101051148066e-9 	 3.5137344650490694e-6 	 -1.340438053870406e-11 	 -1.031865820653221e-11 	 0.0009668291994640562 	 -0.0009668296404770647 	 -5.311873897398034e-6 	 5.327647261667688e-6 	 2.3537158206523624e-8 	 -6.251296968576476e-9 	 -2.0419826093382425e-8 	 2.1191228626447715e-8 	 1.0122014579464165e-8 	 -9.628896151577983e-9 	 -2.7064380315567602e-9 	 2.6919095269838297e-9 	 2.442895362188802e-11 	 1.84232200504875e-11 	 1.2517226335711257e-10 	 -1.6777580348560496e-10 	 -5.1673018196862477e-11 	 3.2447674457123545e-10 	 5.427667856820083e-12 	 1.772675292948918e-11 	 
3.9754075816507863 	 -0.0015460363355702853 	 -0.0015495879738141745 	 -8.947750434289945e-9 	 3.526018444234215e-6 	 -1.3640763722039737e-11 	 -1.0500505283971406e-11 	 0.0009653483568676649 	 -0.0009653488141773677 	 -5.391535164267261e-6 	 5.4074587188921415e-6 	 2.390284161553041e-8 	 -6.3505165933402596e-9 	 -2.07783664585568e-8 	 2.1563228644974077e-8 	 1.0296158172738732e-8 	 -9.794448240775554e-9 	 -2.7501586161986526e-9 	 2.7353740448650847e-9 	 2.480115285863162e-11 	 1.8805532513627714e-11 	 1.2736661960374286e-10 	 -1.707214057170897e-10 	 -5.2633051746356976e-11 	 3.3015253694486655e-10 	 5.523397107647239e-12 	 1.8039085271111698e-11 	 
4.045468009958233 	 -0.0015419412563685787 	 -0.0015455052417319252 	 -9.086274347976693e-9 	 3.5380788165162063e-6 	 -1.3881320720440867e-11 	 -1.0685556952397455e-11 	 0.0009637830357685864 	 -0.0009637835072085236 	 -5.4716732586899785e-6 	 5.487739380305385e-6 	 2.4273309894770967e-8 	 -6.4511071464260284e-9 	 -2.1143155111419762e-8 	 2.19417085534761e-8 	 1.0473144445068756e-8 	 -9.962696921941645e-9 	 -2.794509149290221e-9 	 2.779463997165531e-9 	 2.5178021951687378e-11 	 1.919643523473568e-11 	 1.29599025647172e-10 	 -1.737183197679012e-10 	 -5.3611780343812196e-11 	 3.359266985771397e-10 	 5.6208174621140876e-12 	 1.835691799535361e-11 	 
4.1167631452771785 	 -0.0015374740462447698 	 -0.001541050148557085 	 -9.226594324340564e-9 	 3.549911922295075e-6 	 -1.412612550051543e-11 	 -1.0873869677731172e-11 	 0.000962134689871328 	 -0.0009621351769542634 	 -5.552228214764243e-6 	 5.568433413238981e-6 	 2.4648596107119517e-8 	 -6.553080701605516e-9 	 -2.1514298442723127e-8 	 2.2326778632414767e-8 	 1.0653011499385487e-8 	 -1.0133678008041835e-8 	 -2.8394961724307654e-9 	 2.824185845868472e-9 	 2.5559592214677623e-11 	 1.959612877582797e-11 	 1.3187011907173693e-10 	 -1.767674180316993e-10 	 -5.46095905203628e-11 	 3.4180090173385703e-10 	 5.719958939931209e-12 	 1.8680347823445317e-11 	 
4.189314747414704 	 -0.001531615889704508 	 -0.0015352038721825642 	 -9.368722096679055e-9 	 3.5615142449847598e-6 	 -1.4375253353383054e-11 	 -1.1065500920476143e-11 	 0.0009604047700925413 	 -0.0009604052746376791 	 -5.633141651914268e-6 	 5.649479631773547e-6 	 2.502873226264425e-8 	 -6.656449345107204e-9 	 -2.1891904576392568e-8 	 2.2718550918264678e-8 	 1.0835797481163127e-8 	 -1.030742733120377e-8 	 -2.8851262064207115e-9 	 2.8695460307520327e-9 	 2.5945894357541963e-11 	 2.0004818147706725e-11 	 1.341805469966472e-10 	 -1.798695867253092e-10 	 -5.5626876901651004e-11 	 3.4777684614298227e-10 	 5.820852100929898e-12 	 1.9009473170352293e-11 	 
4.263144959660941 	 -0.0015265635667932862 	 -0.0015301631833923692 	 -9.51266903501926e-9 	 3.5728823326183955e-6 	 -1.4628780918850354e-11 	 -1.1260509153219571e-11 	 0.000958594709672514 	 -0.0009585952308942267 	 -5.7143487583179225e-6 	 5.730804794626597e-6 	 2.5413749389243282e-8 	 -6.7612250948906236e-9 	 -2.2276083312657242e-8 	 2.311713911129756e-8 	 1.102154054314717e-8 	 -1.0483980710720641e-8 	 -2.9314057489076077e-9 	 2.9155509670104683e-9 	 2.6336958768356382e-11 	 2.0422712467963784e-11 	 1.365309659248425e-10 	 -1.8302572588233044e-10 	 -5.66640426784259e-11 	 3.5385625916881614e-10 	 5.923528055253286e-12 	 1.9344394173145583e-11 	 
4.338276315547362 	 -0.001521430040846889 	 -0.0015250410535661712 	 -9.658446112529956e-9 	 3.5840128633480235e-6 	 -1.488678621046979e-11 	 -1.1458953878417546e-11 	 0.0009567059106418218 	 -0.0009567064496315058 	 -5.795773153621319e-6 	 5.8123457492554135e-6 	 2.5803677519809674e-8 	 -6.8674196249998665e-9 	 -2.2666946039655912e-8 	 2.3522658552859733e-8 	 1.1210278809083853e-8 	 -1.0663373912030764e-8 	 -2.9783412685999442e-9 	 2.9622070394423218e-9 	 2.67328158610477e-11 	 2.085002491308367e-11 	 1.389220417301931e-10 	 -1.862367492798389e-10 	 -5.772149958361559e-11 	 3.6004089638852496e-10 	 6.0280184743561715e-12 	 1.968521272047938e-11 	 
4.414731745724182 	 -0.0015162896733107957 	 -0.0015199118301362274 	 -9.806063898235183e-9 	 3.594902668967925e-6 	 -1.5149348640614383e-11 	 -1.1660895646508175e-11 	 0.0009547397296405675 	 -0.0009547402857297802 	 -5.877333878549896e-6 	 5.894008916892042e-6 	 2.6198545687311e-8 	 -6.975044514190051e-9 	 -2.3064605788153422e-8 	 2.3935226370618295e-8 	 1.1402050341656804e-8 	 -1.0845642614070117e-8 	 -3.025939201928999e-9 	 3.0095205990864637e-9 	 2.7133495999491775e-11 	 2.1286973091479228e-11 	 1.4135444996074584e-10 	 -1.895035846573709e-10 	 -5.879966806774808e-11 	 3.663325419916387e-10 	 6.134355601374509e-12 	 2.003203248347504e-11 	 
4.492534584958967 	 -0.001510676616272345 	 -0.0015143096658894557 	 -9.955532529219285e-9 	 3.605548649723658e-6 	 -1.5416549046718154e-11 	 -1.1866396074359938e-11 	 0.0009526974654269334 	 -0.0009526980399864172 	 -5.958947840402137e-6 	 5.975717029276567e-6 	 2.6598381733086075e-8 	 -7.084111239426536e-9 	 -2.3469177381936116e-8 	 2.4354961544029608e-8 	 1.1596893109319452e-8 	 -1.1030822376988405e-8 	 -3.074205947632304e-9 	 3.0574979577795406e-9 	 2.753902913668322e-11 	 2.1733779211733027e-11 	 1.4382887597244817e-10 	 -1.9282717411488792e-10 	 -5.989897763180763e-11 	 3.727330090801255e-10 	 6.242572261361618e-12 	 2.038495894650833e-11 	 
4.571708579258576 	 -0.0015055268120567403 	 -0.0015091704912784676 	 -1.0106861684410722e-8 	 3.615947884786495e-6 	 -1.5688469717201432e-11 	 -1.2075517864015295e-11 	 0.0009505803478784736 	 -0.0009505809429266701 	 -6.040521689920971e-6 	 6.0573684193886955e-6 	 2.700321227426476e-8 	 -7.194630960360358e-9 	 -2.3880777442532114e-8 	 2.478198488138574e-8 	 1.1794844937631125e-8 	 -1.1218948600153422e-8 	 -3.1231478623248394e-9 	 3.106145383700044e-9 	 2.794944490628798e-11 	 2.219067002923274e-11 	 1.4634601490261796e-10 	 -1.9620847420265677e-10 	 -6.101986680890033e-11 	 3.7924414025954897e-10 	 6.352701872820364e-12 	 2.0744099437753827e-11 	 
4.652277893116625 	 -0.0014999213324682018 	 -0.0015035753840856251 	 -1.0260060570168401e-8 	 3.6260975395344447e-6 	 -1.596519441879306e-11 	 -1.2288324821781697e-11 	 0.0009483895271771209 	 -0.0009483901412401914 	 -6.121949132691717e-6 	 6.138862100067901e-6 	 2.7413062757118794e-8 	 -7.3066146815464435e-9 	 -2.429952435914157e-8 	 2.5216418991995635e-8 	 1.1995943469439517e-8 	 -1.1410056477008871e-8 	 -3.1727712555234307e-9 	 3.155469096365729e-9 	 2.8364772759848726e-11 	 2.26578767992337e-11 	 1.4890657163306042e-10 	 -1.996484559585631e-10 	 -6.216278352438358e-11 	 3.858678079423642e-10 	 6.464778459238574e-12 	 2.1109563160790125e-11 	 
4.734267116888661 	 -0.0014945033527731819 	 -0.0014981675108057427 	 -1.0415137891309037e-8 	 3.6359949502714996e-6 	 -1.624680842358765e-11 	 -1.250488187762842e-11 	 0.0009461260518226071 	 -0.0009461266866234113 	 -6.2031205395730525e-6 	 6.220085518263048e-6 	 2.7827957268635317e-8 	 -7.420073202487974e-9 	 -2.4725538258454525e-8 	 2.5658388273072803e-8 	 1.2200226114770514e-8 	 -1.1604180948014785e-8 	 -3.223082384117547e-9 	 3.205475261076564e-9 	 2.87850420712073e-11 	 2.313563533181265e-11 	 1.5151126081126895e-10 	 -2.0314810495322196e-10 	 -6.332818516370679e-11 	 3.926059148681128e-10 	 6.578836660684089e-12 	 2.1481461226865256e-11 	 
4.817701274297335 	 -0.0014884823277039722 	 -0.001492156325414442 	 -1.0572101825144509e-8 	 3.6456375686269062e-6 	 -1.6533398537203744e-11 	 -1.272525510491672e-11 	 0.0009437908656475069 	 -0.0009437915201293338 	 -6.28391819019855e-6 	 6.300919953355997e-6 	 2.8247918582218955e-8 	 -7.535016988969141e-9 	 -2.5158941010812007e-8 	 2.6108018990289125e-8 	 1.2407730005270563e-8 	 -1.1801356651477013e-8 	 -3.2740874478356834e-9 	 3.2561699843527847e-9 	 2.921028215535713e-11 	 2.3624186227310442e-11 	 1.5416080706525358e-10 	 -2.067084214212425e-10 	 -6.451653883220155e-11 	 3.994603945114956e-10 	 6.694911745499769e-12 	 2.1859906687849215e-11 	 
4.902605830069813 	 -0.0014828180606880701 	 -0.001486504310117498 	 -1.0730960018633612e-8 	 3.657705047107172e-6 	 -1.6825053127525536e-11 	 -1.2949511741297576e-11 	 0.0009413847903380108 	 -0.0009413854676543371 	 -6.364210682159013e-6 	 6.3812373273396886e-6 	 2.8672967882060483e-8 	 -7.651456419376416e-9 	 -2.5599856339229517e-8 	 2.6565439340458287e-8 	 1.2618491946197207e-8 	 -1.2001617876958867e-8 	 -3.325792582656164e-9 	 3.3075593073172445e-9 	 2.9640522052309504e-11 	 2.4123774982818355e-11 	 1.5685594513416543e-10 	 -2.1033042061542506e-10 	 -6.572830745704818e-11 	 4.064332235129974e-10 	 6.813039621841223e-12 	 2.224501456973685e-11 	 
4.989006697709819 	 -0.001476930877886822 	 -0.0014806264268269786 	 -1.0891719539347254e-8 	 3.666845771142252e-6 	 -1.7121862153143198e-11 	 -1.317772020605732e-11 	 0.0009389085204235262 	 -0.0009389092197122216 	 -6.4438689656828816e-6 	 6.460891928843797e-6 	 2.9103125078833184e-8 	 -7.769401426801028e-9 	 -2.6048409830760694e-8 	 2.7030779406951713e-8 	 1.2832548354964406e-8 	 -1.2204998512402561e-8 	 -3.378203856696495e-9 	 3.359649201555233e-9 	 3.007579061202572e-11 	 2.4634651868298924e-11 	 1.5959741979206435e-10 	 -2.140151329411283e-10 	 -6.696400711381692e-11 	 4.135263737392741e-10 	 6.9332568497246394e-12 	 2.263690190631487e-11 	 
5.076930247406609 	 -0.0014707695846976853 	 -0.0014744741635383995 	 -1.1054386866227061e-8 	 3.675724790295264e-6 	 -1.742391719401591e-11 	 -1.3409950125640488e-11 	 0.0009363626075113181 	 -0.0009363633292117271 	 -6.522731645904454e-6 	 6.539741202463836e-6 	 2.953840840945591e-8 	 -7.888861777373572e-9 	 -2.650472887856226e-8 	 2.7504171102411568e-8 	 1.3049935204182925e-8 	 -1.2411531981763912e-8 	 -3.4313272626940517e-9 	 3.4124455615655102e-9 	 3.05161166594908e-11 	 2.5157071877006683e-11 	 1.6238598576057316e-10 	 -2.1776360393919273e-10 	 -6.822412009487226e-11 	 4.207418860822635e-10 	 7.055600654245298e-12 	 2.303568777284479e-11 	 
5.166403314083369 	 -0.0014647884031740665 	 -0.0014685017189256012 	 -1.1218967879536808e-8 	 3.684340125875024e-6 	 -1.7731311480828723e-11 	 -1.3646272351776615e-11 	 0.000933747450604623 	 -0.0009337481970779837 	 -6.600656866800266e-6 	 6.617623803275022e-6 	 2.997883454888071e-8 	 -8.009846924490041e-9 	 -2.696894261980932e-8 	 2.7985748137515732e-8 	 1.3270687955386252e-8 	 -1.2621251180957693e-8 	 -3.4851687141698507e-9 	 3.4659542008936645e-9 	 3.096152921346907e-11 	 2.5691294668622592e-11 	 1.6522240765474853e-10 	 -2.2157689426436165e-10 	 -6.950915490252207e-11 	 4.280818210035955e-10 	 7.180108938697224e-12 	 2.344149332203737e-11 	 
5.2574532055874235 	 -0.001458538694813411 	 -0.0014622604745600772 	 -1.1385467816015043e-8 	 3.6926899237921115e-6 	 -1.8044139926848207e-11 	 -1.3886758983801232e-11 	 0.0009310632986102576 	 -0.0009310640688873654 	 -6.677464015088815e-6 	 6.694377706280832e-6 	 3.042441841331586e-8 	 -8.132365975074539e-9 	 -2.744118198889065e-8 	 2.8475646236588203e-8 	 1.349484149963814e-8 	 -1.2834188416725286e-8 	 -3.539734037223994e-9 	 3.5201808438968505e-9 	 3.141205730040581e-11 	 2.6237585224822827e-11 	 1.6810746039808213e-10 	 -2.25456079901189e-10 	 -7.08196290429876e-11 	 4.3554827301892867e-10 	 7.306820296184179e-12 	 2.3854441820114236e-11 	 
5.350107711024791 	 -0.0014524310156299707 	 -0.0014561609545426088 	 -1.1553891270733348e-8 	 3.700772465972741e-6 	 -1.8362499158410412e-11 	 -1.413148339058642e-11 	 0.0009283102353770628 	 -0.0009283110310655958 	 -6.75298620530672e-6 	 6.769808398512765e-6 	 3.087517340272203e-8 	 -8.256427702448741e-9 	 -2.7921579978903286e-8 	 2.897400326745276e-8 	 1.3722430098246822e-8 	 -1.30503753477204e-8 	 -3.5950289668463163e-9 	 3.5751311220230686e-9 	 3.186772933391873e-11 	 2.679621417786724e-11 	 1.7104192946100599e-10 	 -2.2940225276669772e-10 	 -7.215607148749898e-11 	 4.4314336966474137e-10 	 7.435774023096373e-12 	 2.4274658681618827e-11 	 
5.444395109241635 	 -0.0014457725834040873 	 -0.0014495103882819097 	 -1.1724242164455214e-8 	 3.7085862031680547e-6 	 -1.8686487548199524e-11 	 -1.4380520232784688e-11 	 0.0009254881797855302 	 -0.0009254890010621585 	 -6.827026508797513e-6 	 6.843730690035033e-6 	 3.133111098832634e-8 	 -8.382040652581082e-9 	 -2.8410271606620484e-8 	 2.948095902782671e-8 	 1.3953487294506921e-8 	 -1.3269842912200918e-8 	 -3.6510591381809896e-9 	 3.6308105650433026e-9 	 3.232857326489016e-11 	 2.73674571608621e-11 	 1.7402661040786344e-10 	 -2.3341652071738894e-10 	 -7.351902278352418e-11 	 4.508692720612094e-10 	 7.56701013366439e-12 	 2.4702271505328435e-11 	 
5.540344177455178 	 -0.0014391807174682794 	 -0.0014429260903501037 	 -1.1896523735764501e-8 	 3.716129688118134e-6 	 -1.901620524716234e-11 	 -1.4633945485514877e-11 	 0.0009225968849548989 	 -0.0009225977324644971 	 -6.899392881952928e-6 	 6.915949685124989e-6 	 3.179224082520593e-8 	 -8.509212912071069e-9 	 -2.8907393651199084e-8 	 2.9996655020530636e-8 	 1.4188045824044255e-8 	 -1.3492621236833175e-8 	 -3.707830082927683e-9 	 3.6872245974209065e-9 	 3.279461755373541e-11 	 2.7951593975198195e-11 	 1.7706230836997188e-10 	 -2.375000070999323e-10 	 -7.490903401889443e-11 	 4.587281761251565e-10 	 7.70056937420868e-12 	 2.5137410111891827e-11 	 
5.63798420003671 	 -0.0014324630187401626 	 -0.0014362156889584636 	 -1.2070738506951661e-8 	 3.723401636079383e-6 	 -1.9351754218821562e-11 	 -1.489183646142213e-11 	 0.0009196359421460986 	 -0.0009196368175902399 	 -6.969857873029215e-6 	 6.986267560375847e-6 	 3.2258570849788597e-8 	 -8.637952186073116e-9 	 -2.941308453231937e-8 	 3.0521234554796225e-8 	 1.4426137534791619e-8 	 -1.3718739549462398e-8 	 -3.7653472202988385e-9 	 3.7443785292350165e-9 	 3.326589160052866e-11 	 2.854890884298045e-11 	 1.8014983817205687e-10 	 -2.4165385055404834e-10 	 -7.632666707868765e-11 	 4.667223130722067e-10 	 7.836493237006362e-12 	 2.5580206581839883e-11 	 
5.737344977449417 	 -0.001425645429536915 	 -0.0014294050607317535 	 -1.2246888288065603e-8 	 3.730400877775008e-6 	 -1.9693238273144367e-11 	 -1.515427183424647e-11 	 0.0009166047806269345 	 -0.0009166056833898396 	 -7.038229003204195e-6 	 7.054424990498684e-6 	 3.2730106949117454e-8 	 -8.768265882366276e-9 	 -2.992748456060554e-8 	 3.105484305011e-8 	 1.4667793314198489e-8 	 -1.3948226104319593e-8 	 -3.823615853388683e-9 	 3.8022775525162394e-9 	 3.374242528493635e-11 	 2.915969124539583e-11 	 1.8329002493112587e-10 	 -2.4587920553032085e-10 	 -7.777249656327276e-11 	 4.748539487517754e-10 	 7.974823974784199e-12 	 2.6030795293976555e-11 	 
5.83845683534369 	 -0.0014186036274388496 	 -0.0014223699289839934 	 -1.2424974145479792e-8 	 3.7371263780765743e-6 	 -2.0040763101160816e-11 	 -1.542133166275811e-11 	 0.0009135026761614914 	 -0.0009135036083545617 	 -7.104288275477649e-6 	 7.120253469215329e-6 	 3.320685315449358e-8 	 -8.900160996588631e-9 	 -3.04507360930448e-8 	 3.15976279679393e-8 	 1.4913042993679896e-8 	 -1.4181108098462023e-8 	 -3.8826411599908526e-9 	 3.8609267320298515e-9 	 3.42242485051775e-11 	 2.978423580534449e-11 	 1.8648370386157505e-10 	 -2.5017724269961934e-10 	 -7.924710825273849e-11 	 4.83125385270636e-10 	 8.115604616364002e-12 	 2.648931296322074e-11 	 
5.941350633812743 	 -0.0014116012550098643 	 -0.0014153739048219291 	 -1.260499639982723e-8 	 3.7435772364220855e-6 	 -2.0394436311501667e-11 	 -1.5693097415063603e-11 	 0.0009103287654667134 	 -0.000910329727348098 	 -7.167781971454474e-6 	 7.183466863857427e-6 	 3.3688811462149786e-8 	 -9.03364407899812e-9 	 -3.098298340722717e-8 	 3.2149738653879434e-8 	 1.516191524372823e-8 	 -1.441741157281633e-8 	 -3.942428188929687e-9 	 3.920331001571976e-9 	 3.471139158670896e-11 	 3.0422841843062973e-11 	 1.8973171989081946e-10 	 -2.5454914875968403e-10 	 -8.075109932935464e-11 	 4.91538961481781e-10 	 8.25887898253687e-12 	 2.695589868085674e-11 	 
6.046057776811348 	 -0.001404292618471704 	 -0.001408071335971394 	 -1.278695459664583e-8 	 3.7497526436647387e-6 	 -2.0754367465618597e-11 	 -1.5969651993292302e-11 	 0.0009070820539388669 	 -0.0009070830464522715 	 -7.228460326084379e-6 	 7.243858404481614e-6 	 3.417598186035359e-8 	 -9.168721310002172e-9 	 -3.152437256107746e-8 	 3.2711326326715324e-8 	 1.5414437470582454e-8 	 -1.465716129974761e-8 	 -4.002981850838369e-9 	 3.98049515471238e-9 	 3.52038857507188e-11 	 3.107581320418778e-11 	 1.930349275444335e-10 	 -2.5899612616775087e-10 	 -8.228508001097491e-11 	 5.000970525158491e-10 	 8.404691700446242e-12 	 2.7430693954514323e-11 	 
6.152610221740549 	 -0.0013969271480310413 	 -0.0014007116032278436 	 -1.2970847513521599e-8 	 3.7556519325742947e-6 	 -2.1120668116522317e-11 	 -1.6251079758678172e-11 	 0.0009037614334416225 	 -0.0009037624578924803 	 -7.286143260216174e-6 	 7.301199626618077e-6 	 3.4668362324600654e-8 	 -9.305398390770895e-9 	 -3.2075051504832696e-8 	 3.3282544216796615e-8 	 1.567063571247059e-8 	 -1.4900380688270372e-8 	 -4.064306914485343e-9 	 4.041423841084457e-9 	 3.570176326066761e-11 	 3.174345831264144e-11 	 1.9639419110795366e-10 	 -2.635193933703486e-10 	 -8.384967243152568e-11 	 5.088020711486156e-10 	 8.553088221397703e-12 	 2.7913842749006198e-11 	 
6.2610404892013065 	 -0.0013892910219620907 	 -0.0013930808359836043 	 -1.3156673130517136e-8 	 3.761274532332336e-6 	 -2.149345184492269e-11 	 -1.65374665572118e-11 	 0.000900365707920462 	 -0.0009003667647824903 	 -7.3406044088950305e-6 	 7.3552150205143745e-6 	 3.516594864498175e-8 	 -9.443680631673057e-9 	 -3.263517009715135e-8 	 3.386354739957567e-8 	 1.5930534520580083e-8 	 -1.5147091667492286e-8 	 -4.126407997834831e-9 	 4.103121557408841e-9 	 3.620505756854234e-11 	 3.2426089767574135e-11 	 1.9981038420327164e-10 	 -2.68120184846666e-10 	 -8.544551076548989e-11 	 5.176564683350625e-10 	 8.70411483750211e-12 	 2.8405491529631507e-11 	 
6.371381672920025 	 -0.001381600134947463 	 -0.0013853951372649602 	 -1.3344428636036623e-8 	 3.766619970555878e-6 	 -2.1872834299624992e-11 	 -1.682889974584607e-11 	 0.0008968936081978097 	 -0.0008968946982960859 	 -7.391549979385111e-6 	 7.40581995960245e-6 	 3.566873458992788e-8 	 -9.583572874402063e-9 	 -3.32048798798708e-8 	 3.445449262264418e-8 	 1.6194156831868546e-8 	 -1.5397314564263217e-8 	 -4.1892895650763824e-9 	 4.165592644485618e-9 	 3.6713804019348065e-11 	 3.312402388141633e-11 	 2.0328438935089724e-10 	 -2.727997506768197e-10 	 -8.70732425595677e-11 	 5.266627329460223e-10 	 8.857818696030788e-12 	 2.890578930480648e-11 	 
6.4836674498489995 	 -0.001373692488846657 	 -0.0013774924567098738 	 -1.3534110404651612e-8 	 3.771687889347444e-6 	 -2.2258933235937192e-11 	 -1.7125468219120233e-11 	 0.0008933438228469102 	 -0.0008933449474063221 	 -7.438852868251047e-6 	 7.452835875899483e-6 	 3.6176711742611815e-8 	 -9.725079493584364e-9 	 -3.378433407665799e-8 	 3.505553865982735e-8 	 1.6461523860928767e-8 	 -1.5651067979290853e-8 	 -4.252955916864118e-9 	 4.2288412773949505e-9 	 3.7228039857410796e-11 	 3.3837581736029635e-11 	 2.0681709859427458e-10 	 -2.775593565409851e-10 	 -8.873352776813857e-11 	 5.358233930558503e-10 	 9.014247815313163e-12 	 2.9414887668205807e-11 	 
6.597932090444882 	 -0.0013655634697591027 	 -0.0013693680561395083 	 -1.3725713985142838e-8 	 3.776477994611479e-6 	 -2.2651868556799252e-11 	 -1.7427262436129913e-11 	 0.0008897150280741915 	 -0.0008897161877241437 	 -7.48240995301886e-6 	 7.496035067304517e-6 	 3.668986953478875e-8 	 -9.868204379961436e-9 	 -3.437368801822815e-8 	 3.566684647221728e-8 	 1.6732654980691127e-8 	 -1.5908368679495783e-8 	 -4.317411186505386e-9 	 4.292871461647234e-9 	 3.7747803258049594e-11 	 3.4567089683442365e-11 	 2.1040941380700802e-10 	 -2.82400284562756e-10 	 -9.042703921720126e-11 	 5.451410162492382e-10 	 9.17345110338787e-12 	 2.993294083944373e-11 	 
6.714210469128275 	 -0.001357387970598979 	 -0.0013611953759969134 	 -1.3919234098858232e-8 	 3.780990089752092e-6 	 -2.3051762353960536e-11 	 -1.7734374447818986e-11 	 0.0008860059141260377 	 -0.0008860071100461604 	 -7.522781785319181e-6 	 7.534526362425384e-6 	 3.72081951231336e-8 	 -1.0012950973860508e-8 	 -3.497309894256886e-8 	 3.6288578678776807e-8 	 1.7007567558044086e-8 	 -1.6169231456551935e-8 	 -4.382659330891603e-9 	 4.357687024074053e-9 	 3.827313385069494e-11 	 3.531287773931051e-11 	 2.140622455507024e-10 	 -2.8732383302252085e-10 	 -9.21544634834197e-11 	 5.546182097022286e-10 	 9.335478377988985e-12 	 3.046010570846182e-11 	 
6.832538074927663 	 -0.0013489769793712594 	 -0.0013527914226682633 	 -1.4114664615835129e-8 	 3.785224052445343e-6 	 -2.3458738949536523e-11 	 -1.8046897924779372e-11 	 0.000882215222799989 	 -0.0008822164560579656 	 -7.560365172437747e-6 	 7.574724961945285e-6 	 3.773167352592364e-8 	 -1.0159322144489233e-8 	 -3.5582725529163614e-8 	 3.692089951056044e-8 	 1.728627680783637e-8 	 -1.6433668967210478e-8 	 -4.448704126950493e-9 	 4.423291609239983e-9 	 3.880407431122208e-11 	 3.607527915861034e-11 	 2.1777651280651167e-10 	 -2.923313154836267e-10 	 -9.391649994806753e-11 	 5.642576214369928e-10 	 9.500380383513443e-12 	 3.099654188001636e-11 	 
6.952951022310933 	 -0.001340463749635524 	 -0.0013443004672543865 	 -1.431199855274872e-8 	 3.7891798216068094e-6 	 -2.3872924940237444e-11 	 -1.8364928185624935e-11 	 0.0008783417815558155 	 -0.000878343053245567 	 -7.5874357726800134e-6 	 7.619924155390928e-6 	 3.8260287399845306e-8 	 -1.0307320338460646e-8 	 -3.620272822255557e-8 	 3.756397521069078e-8 	 1.756879565945412e-8 	 -1.6701691597469205e-8 	 -4.515549162644637e-9 	 4.48968867040037e-9 	 3.9340669788760634e-11 	 3.685463146805546e-11 	 2.215531436023428e-10 	 -2.974240613618282e-10 	 -9.571386172351569e-11 	 5.740619403213777e-10 	 9.668208811079726e-12 	 3.1542411719195296e-11 	 
7.075486062207781 	 -0.0013317609200720626 	 -0.0013355614894730453 	 -1.4511228052185632e-8 	 3.7928574045855837e-6 	 -2.429444924002177e-11 	 -1.868856222592355e-11 	 0.0008743845353559522 	 -0.0008743858462578706 	 -7.626241783827432e-6 	 7.6187128607020676e-6 	 3.87940171619899e-8 	 -1.0456947381529276e-8 	 -3.683326934095932e-8 	 3.821797374037906e-8 	 1.7855134588078825e-8 	 -1.6973307315445817e-8 	 -4.583197833371375e-9 	 4.556881465859096e-9 	 3.9882967752984996e-11 	 3.7651275759868506e-11 	 2.253930742829112e-10 	 -3.0260341611023937e-10 	 -9.754727570333911e-11 	 5.840338966735741e-10 	 9.839016318073033e-12 	 3.2097880397506763e-11 	 
7.20018059322636 	 -0.0013228574378719143 	 -0.0013266805883410887 	 -1.4712344370210318e-8 	 3.7962568619614625e-6 	 -2.4723443126666057e-11 	 -1.901789874763402e-11 	 0.0008703425875379405 	 -0.0008703439387364042 	 -7.651527862590344e-6 	 7.662987808356918e-6 	 3.9332840787308145e-8 	 -1.0608204665329822e-8 	 -3.7474512725207394e-8 	 3.8883064720756493e-8 	 1.81453014441599e-8 	 -1.7248521494055257e-8 	 -4.651653333015405e-9 	 4.624873049978708e-9 	 4.043101882699234e-11 	 3.8465556607074945e-11 	 2.292972492076957e-10 	 -3.078707404840482e-10 	 -9.941748217271218e-11 	 5.941762631280863e-10 	 1.0012856547060647e-11 	 3.2663115940336815e-11 	 
7.327072673067628 	 -0.0013138372106661165 	 -0.0013176644632443201 	 -1.4915337856630118e-8 	 3.7993783002007435e-6 	 -2.516004028552789e-11 	 -1.9353038189044144e-11 	 0.000866215229395529 	 -0.000866216622192367 	 -7.679811207440645e-6 	 7.692058067772079e-6 	 3.987673395884584e-8 	 -1.0761092958163596e-8 	 -3.8126623978401064e-8 	 3.955941966288953e-8 	 1.843930129540233e-8 	 -1.752733675598765e-8 	 -4.720918650162385e-9 	 4.693666269350715e-9 	 4.098487645063439e-11 	 3.929782208930541e-11 	 2.3326662094446717e-10 	 -3.132274109579755e-10 	 -1.013252357067733e-10 	 6.044918546769949e-10 	 1.0189784146605398e-11 	 3.323828927230737e-11 	 
7.456201030140828 	 -0.0013046588381312304 	 -0.0013084899731219575 	 -1.5120197933160077e-8 	 3.802221865432158e-6 	 -2.560437685907088e-11 	 -1.9694082755222183e-11 	 0.0008620019755104991 	 -0.0008620034106051981 	 -7.71049566375526e-6 	 7.723586005113242e-6 	 4.042566979420919e-8 	 -1.0915612487461175e-8 	 -3.8789770332489805e-8 	 4.02472114262569e-8 	 1.8737136216495627e-8 	 -1.7809752786775496e-8 	 -4.790996559161695e-9 	 4.763263753814166e-9 	 4.1544597808846307e-11 	 4.014842217817254e-11 	 2.3730214900542027e-10 	 -3.1867481937436196e-10 	 -1.0327130475001128e-10 	 6.14983529566611e-10 	 1.036985479398755e-11 	 3.382357426624522e-11 	 
7.587605075383698 	 -0.0012953327235152817 	 -0.0012991668518972078 	 -1.5326913071809353e-8 	 3.8047877481671937e-6 	 -2.605659149272983e-11 	 -2.0041136449026002e-11 	 0.0008577025939506961 	 -0.0008577040729163594 	 -7.742766022385605e-6 	 7.756087776786971e-6 	 4.0979618953151886e-8 	 -1.1071762913438453e-8 	 -3.9464120121000245e-8 	 4.094661425647264e-8 	 1.9038805111420964e-8 	 -1.809576613530923e-8 	 -4.86188961593e-9 	 4.833667912214209e-9 	 4.2110245315042855e-11 	 4.101770902836545e-11 	 2.4140479983945964e-10 	 -3.242143718589801e-10 	 -1.0525647186541159e-10 	 6.256541897562367e-10 	 1.0553125215579366e-11 	 3.4419147793732835e-11 	 
7.721324914290984 	 -0.0012858584491252337 	 -0.0012896953871800502 	 -1.553547076092592e-8 	 3.807076162742494e-6 	 -2.6516825385126432e-11 	 -2.0394305102612974e-11 	 0.0008533171301515792 	 -0.0008533186539465884 	 -7.776552623570904e-6 	 7.790198204934853e-6 	 4.153854947214621e-8 	 -1.1229543237675452e-8 	 -4.0149843273574104e-8 	 4.1657804310572014e-8 	 1.9344303538872397e-8 	 -1.8385370045061588e-8 	 -4.933600148955744e-9 	 4.9048809233608684e-9 	 4.2681885253000994e-11 	 4.1906038299164403e-11 	 2.455755476055518e-10 	 -3.298474898298597e-10 	 -1.072815341063816e-10 	 6.365067812767018e-10 	 1.073965320747196e-11 	 3.502518977379162e-11 	 
7.857401359154923 	 -0.0012762835888614308 	 -0.0012801231346546908 	 -1.5745857481849444e-8 	 3.8090873600968315e-6 	 -2.6985222337498912e-11 	 -2.0753696409558945e-11 	 0.0008488459310021103 	 -0.0008488475007094482 	 -7.812072710964281e-6 	 7.826116200235363e-6 	 4.210242669184659e-8 	 -1.1388951931041661e-8 	 -4.084711143278984e-8 	 4.2380959115718376e-8 	 1.965362348708413e-8 	 -1.8678554268646867e-8 	 -5.006130254402339e-9 	 4.976904731085632e-9 	 4.325958750186218e-11 	 4.28137676535492e-11 	 2.498153727833125e-10 	 -3.355756101523298e-10 	 -1.0934730245672217e-10 	 6.475442951787133e-10 	 1.0929497658998486e-11 	 3.564188322265107e-11 	 
7.995875941521473 	 -0.0012665360812105608 	 -0.0012703779392889965 	 -1.5958058662114622e-8 	 3.8108216088836074e-6 	 -2.7461928805344042e-11 	 -2.1119419957504292e-11 	 0.000844289657102782 	 -0.0008442912738637971 	 -7.84940988566814e-6 	 7.863831645128992e-6 	 4.267121319041987e-8 	 -1.1549986782826804e-8 	 -4.155609735670156e-8 	 4.3116257438034896e-8 	 1.996675314723027e-8 	 -1.8975304826079067e-8 	 -5.07948178709963e-9 	 5.049741035185524e-9 	 4.384342744873105e-11 	 4.374125575537718e-11 	 2.5412526157628226e-10 	 -3.41400183716414e-10 	 -1.1145460269146483e-10 	 6.587697675471545e-10 	 1.1122718574616412e-11 	 3.62694143063609e-11 	 
8.136790924866046 	 -0.001256743054979634 	 -0.0012605869757265616 	 -1.6172058640763513e-8 	 3.8122791993329152e-6 	 -2.794709395126123e-11 	 -2.1491587261284665e-11 	 0.0008396492929300907 	 -0.0008396509580939616 	 -7.88867037118719e-6 	 7.903496528967924e-6 	 4.3244868639958087e-8 	 -1.171264488039266e-8 	 -4.2276975076276135e-8 	 4.3863879255296226e-8 	 2.0283676700727673e-8 	 -1.927560379747133e-8 	 -5.153656354408297e-9 	 5.123391285239146e-9 	 4.4433486692328244e-11 	 4.468886173141444e-11 	 2.5850620551825576e-10 	 -3.4732267549374253e-10 	 -1.1360427462569999e-10 	 6.701862805778441e-10 	 1.1319377096735412e-11 	 3.6907972389010535e-11 	 
8.280189317492631 	 -0.001246842673202125 	 -0.0012506883919266164 	 -1.6387840620677728e-8 	 3.8134604523200723e-6 	 -2.8440869696569358e-11 	 -2.187031179644395e-11 	 0.0008349261466895762 	 -0.0008349278615800492 	 -7.929891616442971e-6 	 7.945132893202295e-6 	 4.382334969799525e-8 	 -1.1876922693719024e-8 	 -4.3009919461369446e-8 	 4.46240052863178e-8 	 2.0604374064964807e-8 	 -1.9579429081738802e-8 	 -5.228655307310119e-9 	 5.197856671647628e-9 	 4.502985418176624e-11 	 4.565694426157633e-11 	 2.6295920029387715e-10 	 -3.533445635662553e-10 	 -1.1579717294322074e-10 	 6.817969626497804e-10 	 1.1519535532318087e-11 	 3.75577500824865e-11 	 
8.426114885660258 	 -0.0012368363473069938 	 -0.0012406835858542527 	 -1.660538661880701e-8 	 3.814365702871076e-6 	 -2.8943410779088554e-11 	 -2.2255709033395308e-11 	 0.000830121841468622 	 -0.0008301236071813269 	 -7.973083281611087e-6 	 7.988736384651324e-6 	 4.4406609889384826e-8 	 -1.2042815937264344e-8 	 -4.375510626139286e-8 	 4.539681775345307e-8 	 2.0928820712043438e-8 	 -1.988675417092526e-8 	 -5.304479732641166e-9 	 5.273138117818027e-9 	 4.5632626040354096e-11 	 4.6645863862542446e-11 	 2.6748524714600216e-10 	 -3.5946733906761493e-10 	 -1.1803416678797284e-10 	 6.936049891939043e-10 	 1.1723257379137847e-11 	 3.8218943303119504e-11 	 
8.574612166940781 	 -0.0012267379877458251 	 -0.0012305864671195842 	 -1.6824677412555834e-8 	 3.814995309727657e-6 	 -2.9454874805743246e-11 	 -2.2647896472393785e-11 	 0.0008252382988336339 	 -0.0008252401165378772 	 -8.018254165484129e-6 	 8.03431469107731e-6 	 4.4994599443740836e-8 	 -1.221031960426098e-8 	 -4.45127125797534e-8 	 4.618249980388053e-8 	 2.125698739226801e-8 	 -2.019754794908862e-8 	 -5.381130444218101e-9 	 5.349236271238401e-9 	 4.624190409999349e-11 	 4.765598156260246e-11 	 2.7208535152996604e-10 	 -3.656925071682083e-10 	 -1.203161401911481e-10 	 7.056135830154106e-10 	 1.1930607349235801e-11 	 3.889175132466569e-11 	 
8.725726483812073 	 -0.0012165993875720303 	 -0.0012204488126183939 	 -1.7045692483024353e-8 	 3.815349655957097e-6 	 -2.9975422312982386e-11 	 -2.3046993679241402e-11 	 0.0008202777105676314 	 -0.0008202795817211535 	 -8.065373675785207e-6 	 8.081820984671425e-6 	 4.5587265154869147e-8 	 -1.2379427898148117e-8 	 -4.528291601087818e-8 	 4.69812352630574e-8 	 2.1588839873400336e-8 	 -2.0511774405398028e-8 	 -5.458607973119507e-9 	 5.42615149370732e-9 	 4.685779829051815e-11 	 4.868765761414539e-11 	 2.7676052228375233e-10 	 -3.7202158532585307e-10 	 -1.226439917656307e-10 	 7.17826015032873e-10 	 1.2141651395252138e-11 	 3.957637683261358e-11 	 
8.879503957490801 	 -0.0012063921505878084 	 -0.0012102422367730732 	 -1.7268409955041937e-8 	 3.81542915189275e-6 	 -3.050521682243816e-11 	 -2.3453122321369103e-11 	 0.0008152425043982845 	 -0.0008152444302605873 	 -8.114371085165862e-6 	 8.131194568086503e-6 	 4.618455024385962e-8 	 -1.2550134236056966e-8 	 -4.6065894911948225e-8 	 4.779320858211538e-8 	 2.1924338677422885e-8 	 -2.082939239925215e-8 	 -5.536912558909302e-9 	 5.503883852504416e-9 	 4.7480426745375294e-11 	 4.974125129062267e-11 	 2.8151177113965095e-10 	 -3.784561035817849e-10 	 -1.2501863473188933e-10 	 7.302456047653609e-10 	 1.2356456736367784e-11 	 4.0273025979283464e-11 	 
9.035991522008938 	 -0.0011961478334970297 	 -0.0011999982922054418 	 -1.7492806538875708e-8 	 3.815234241470801e-6 	 -3.1044424903360074e-11 	 -2.386640620444081e-11 	 0.0008101352970598314 	 -0.0008101372790656196 	 -8.165177736352453e-6 	 8.182362453174271e-6 	 4.678639414789366e-8 	 -1.2722431186489546e-8 	 -4.686182785206919e-8 	 4.861860450468601e-8 	 2.2263438794393737e-8 	 -2.1150355371201596e-8 	 -5.616044137740989e-9 	 5.58243310844067e-9 	 4.8109916881363514e-11 	 5.08171199982713e-11 	 2.863401114887145e-10 	 -3.8499760327073746e-10 	 -1.2744099679926925e-10 	 7.428757209042462e-10 	 1.2575091889450207e-11 	 4.098190843645293e-11 	 
9.195236938538413 	 -0.001185846226769061 	 -0.001189696754951 	 -1.7718857471011846e-8 	 3.814765403664556e-6 	 -3.159321623186164e-11 	 -2.4286971309817416e-11 	 0.0008049588427420244 	 -0.0008049608821081523 	 -8.217704553339701e-6 	 8.23522045473777e-6 	 4.739273241614178e-8 	 -1.2896310478288155e-8 	 -4.7670893991515294e-8 	 4.9457608438356874e-8 	 2.2606089424463112e-8 	 -2.147461109094028e-8 	 -5.696002333717372e-9 	 5.661798707163481e-9 	 4.874640469993117e-11 	 5.191561993494462e-11 	 2.912465586534858e-10 	 -3.916476374037304e-10 	 -1.2991202010608402e-10 	 7.557197818387186e-10 	 1.279762669811433e-11 	 4.17032374545826e-11 	 
9.357288809968146 	 -0.0011755232855654618 	 -0.001179373588259707 	 -1.794653645204809e-8 	 3.8140231615483406e-6 	 -3.215176365447651e-11 	 -2.4714945832700204e-11 	 0.0007997159719695272 	 -0.0007997180701428384 	 -8.271831891445132e-6 	 8.289656746860301e-6 	 4.800349654716723e-8 	 -1.3071762908566536e-8 	 -4.849327250855113e-8 	 5.031040553265644e-8 	 2.295223367005215e-8 	 -2.1802101355715918e-8 	 -5.776786444836209e-9 	 5.741979765046427e-9 	 4.939003670323393e-11 	 5.3037103938482966e-11 	 2.9623212811105666e-10 	 -3.9840776920078043e-10 	 -1.3243266127011627e-10 	 7.68781256148893e-10 	 1.302413235789693e-11 	 4.2437229919292105e-11 	 
9.522196595738032 	 -0.0011651688372290505 	 -0.0011690186088875525 	 -1.8175815602749645e-8 	 3.813008086607103e-6 	 -3.2720243252776704e-11 	 -2.5150460220918276e-11 	 0.0007944095267869698 	 -0.0007944116852758307 	 -8.327435308989925e-6 	 8.34553581601695e-6 	 4.861861382892938e-8 	 -1.3248778361098035e-8 	 -4.932914231558514e-8 	 5.1177180980261774e-8 	 2.3301808263907558e-8 	 -2.2132761704524624e-8 	 -5.858395434558701e-9 	 5.822975060700983e-9 	 5.004097112125786e-11 	 5.418192193316602e-11 	 3.012978357227799e-10 	 -4.052795715892596e-10 	 -1.3500389116869253e-10 	 7.820636632231281e-10 	 1.3254681449509599e-11 	 4.3184106407641086e-11 	 
9.690010626934324 	 -0.001154781963410759 	 -0.0011586308969765296 	 -1.840666539994474e-8 	 3.8117208084971448e-6 	 -3.3298834406912235e-11 	 -2.5593647214338876e-11 	 0.0007890422933576215 	 -0.0007890445137071677 	 -8.384366717230097e-6 	 8.402707498594024e-6 	 4.923800721669965e-8 	 -1.3427345741695092e-8 	 -5.017868197068246e-8 	 5.205811943400915e-8 	 2.365474324798154e-8 	 -2.2466521136977405e-8 	 -5.940827915959698e-9 	 5.904783019068685e-9 	 5.0699377640573687e-11 	 5.5350420089650395e-11 	 3.064446961216342e-10 	 -4.1226462698385974e-10 	 -1.3762669487056617e-10 	 7.955705737287923e-10 	 1.3489347969415887e-11 	 4.394409124910412e-11 	 
9.860782121651058 	 -0.0011443631608253674 	 -0.001148210945607707 	 -1.8639054655241814e-8 	 3.8101620203834817e-6 	 -3.3887719866181856e-11 	 -2.60446418849041e-11 	 0.0007836169322914388 	 -0.0007836192157132819 	 -8.442463403151269e-6 	 8.461004449831807e-6 	 4.98615952385643e-8 	 -1.3607452995931268e-8 	 -5.1042069700485177e-8 	 5.2953405436013146e-8 	 2.4010961687181495e-8 	 -2.2803301822691062e-8 	 -6.024082143570475e-9 	 5.987401703205304e-9 	 5.136543702129571e-11 	 5.654294171584396e-11 	 3.1167372294195237e-10 	 -4.193645270646577e-10 	 -1.403020712558303e-10 	 8.093056102477732e-10 	 1.3728207360479399e-11 	 4.4717412580437755e-11 	 
10.03456320062219 	 -0.001133916807103884 	 -0.001137763126614802 	 -1.8872950466205555e-8 	 3.8083324893072905e-6 	 -3.448708581295642e-11 	 -2.6503581677217635e-11 	 0.0007781359137413983 	 -0.0007781382619408277 	 -8.501547024657436e-6 	 8.52024228811545e-6 	 5.0489291873932205e-8 	 -1.3789087030126573e-8 	 -5.1919483020038895e-8 	 5.3863222293047686e-8 	 2.4370379311756496e-8 	 -2.3143018787848836e-8 	 -6.1081559963626686e-9 	 6.070828797204377e-9 	 5.203934217241021e-11 	 5.775982399914875e-11 	 3.169859261504648e-10 	 -4.2658087168725084e-10 	 -1.4303103292049695e-10 	 8.232724477169938e-10 	 1.3971336546693655e-11 	 4.550430240613626e-11 	 
10.211406903129243 	 -0.001123443860937286 	 -0.0011272883984634208 	 -1.910831821037386e-8 	 3.8062330660441147e-6 	 -3.509712193830328e-11 	 -2.6970606449887863e-11 	 0.000772601455743015 	 -0.0007726038703186967 	 -8.56142057583761e-6 	 8.580222857607735e-6 	 5.1121006549949826e-8 	 -1.397223370729692e-8 	 -5.281109814884397e-8 	 5.478775222677652e-8 	 2.473290421692524e-8 	 -2.3485579586782085e-8 	 -6.193046970066593e-9 	 6.155061598454741e-9 	 5.272130058821604e-11 	 5.900139803904548e-11 	 3.2238231203618147e-10 	 -4.339152674556177e-10 	 -1.458146059206118e-10 	 8.374748139520608e-10 	 1.4218813965460953e-11 	 4.6304996659919594e-11 	 
10.391367203189287 	 -0.0011129264028308 	 -0.0011167688343310756 	 -1.9345121520597637e-8 	 3.8038646845894205e-6 	 -3.5718021508723245e-11 	 -2.7445858517434644e-11 	 0.0007670154746467977 	 -0.0007670179570570336 	 -8.621875003875446e-6 	 8.640728738216403e-6 	 5.175664408150116e-8 	 -1.4156877837961712e-8 	 -5.3717089780154696e-8 	 5.572717594874931e-8 	 2.5098436527888986e-8 	 -2.383088399073257e-8 	 -6.278752159851033e-9 	 6.240097000257954e-9 	 5.341153438889619e-11 	 6.026798823709677e-11 	 3.2786388175656483e-10 	 -4.4136932719354804e-10 	 -1.4865382960935853e-10 	 8.519164901156466e-10 	 1.4470719605311629e-11 	 4.7119735263407986e-11 	 
10.574499026028219 	 -0.001102367035928565 	 -0.001106207034961142 	 -1.958332231115607e-8 	 3.8012283825030816e-6 	 -3.634998144401721e-11 	 -2.7929482692562644e-11 	 0.0007613795430040268 	 -0.0007613820948991088 	 -8.682680866389635e-6 	 8.701527278246122e-6 	 5.23961046908081e-8 	 -1.4343003167381583e-8 	 -5.4637631306033984e-8 	 5.668167263755491e-8 	 2.5466868070313654e-8 	 -2.4178823687783703e-8 	 -6.365268253377273e-9 	 6.325931484819021e-9 	 5.411027994809529e-11 	 6.15599126131477e-11 	 3.3343163089031805e-10 	 -4.4894466986698307e-10 	 -1.515497562304949e-10 	 8.666013112829395e-10 	 1.4727135041362705e-11 	 4.794876219350163e-11 	 
10.760858264844325 	 -0.0010917551284483986 	 -0.0010955923626326056 	 -1.9822880775445835e-8 	 3.798325294765131e-6 	 -3.699320238935495e-11 	 -2.8421626329642016e-11 	 0.0007556948685501187 	 -0.0007556974914713208 	 -8.743596937299437e-6 	 8.762370107862414e-6 	 5.30392840469719e-8 	 -1.4530592364745405e-8 	 -5.557289386584997e-8 	 5.7651419098988203e-8 	 2.5838082018954082e-8 	 -2.452928192659462e-8 	 -6.452591514179788e-9 	 6.412561106562676e-9 	 5.4817790524517425e-11 	 6.28774800927189e-11 	 3.390865473778983e-10 	 -4.5664291822910373e-10 	 -1.5450345069481884e-10 	 8.815331668737629e-10 	 1.4988143470925034e-11 	 4.8792325544228936e-11 	 
10.950501797867338 	 -0.001081072746845474 	 -0.0010849068786020159 	 -2.0063755429762112e-8 	 3.7951566724300433e-6 	 -3.7647888795012085e-11 	 -2.8922439369336545e-11 	 0.000749962284571868 	 -0.0007499649802883599 	 -8.80435988310288e-6 	 8.822987712837895e-6 	 5.368607336524704e-8 	 -1.4719626988439543e-8 	 -5.6523045920818874e-8 	 5.863658931911992e-8 	 2.6211952563138395e-8 	 -2.4882133180686216e-8 	 -6.540717775762565e-9 	 6.4999814861636715e-9 	 5.5534338219217084e-11 	 6.422098988980023e-11 	 3.448296104672538e-10 	 -4.6446569779570716e-10 	 -1.575159902065969e-10 	 8.967160011752904e-10 	 1.5253829750710052e-11 	 4.965067758952115e-11 	 
11.14348750571807 	 -0.0010703256312365338 	 -0.0010741563206929218 	 -2.0305903149259774e-8 	 3.7917238788560065e-6 	 -3.83142489932714e-11 	 -2.9432074384005304e-11 	 0.0007441822663210105 	 -0.0007441850365979177 	 -8.864693385912072e-6 	 8.883100157096697e-6 	 5.4336359455890374e-8 	 -1.4910087552161836e-8 	 -5.748825298427933e-8 	 5.963735485420587e-8 	 2.658834462292643e-8 	 -2.5237242845159784e-8 	 -6.629642426590968e-9 	 6.58818779547213e-9 	 5.626021308886134e-11 	 6.559073376622674e-11 	 3.506617912919308e-10 	 -4.724146365754995e-10 	 -1.6058846395356488e-10 	 9.121538137362662e-10 	 1.55242804382245e-11 	 5.0524074844922044e-11 	 
11.33987428907403 	 -0.0010594985848760812 	 -0.0010633254877155448 	 -2.0549279220411797e-8 	 3.788028397616228e-6 	 -3.899249527962935e-11 	 -2.9950686623580844e-11 	 0.0007383549620752084 	 -0.0007383578084086684 	 -8.924299413281008e-6 	 8.942403255979156e-6 	 5.4990024944991056e-8 	 -1.510195344514052e-8 	 -5.8468677760223715e-8 	 6.065388393564846e-8 	 2.6967113490061862e-8 	 -2.5594466950802802e-8 	 -6.719360405555704e-9 	 6.677174752909236e-9 	 5.6995721725564494e-11 	 6.698699345029026e-11 	 3.5658405031062656e-10 	 -4.80491365393715e-10 	 -1.6372197244086173e-10 	 9.27850659939534e-10 	 1.5799583837160018e-11 	 5.141277813551387e-11 	 
11.539722086646336 	 -0.0010485987663733638 	 -0.0010524215262767908 	 -2.0793837399358454e-8 	 3.784071838405594e-6 	 -3.9682843997967765e-11 	 -3.047843406225805e-11 	 0.0007324802505387797 	 -0.0007324831748617252 	 -8.98287022664217e-6 	 9.0005761430139e-6 	 5.564694831251025e-8 	 -1.5295203031724455e-8 	 -5.946447928081919e-8 	 6.168634026868241e-8 	 2.734810445562128e-8 	 -2.5953651824961267e-8 	 -6.809866190167903e-9 	 6.766936611592715e-9 	 5.774119049522713e-11 	 6.84100357237519e-11 	 3.625973338848906e-10 	 -4.8869751566023e-10 	 -1.669176268316505e-10 	 9.438106514876255e-10 	 1.6079830032421993e-11 	 5.2317052662828036e-11 	 
11.743091893473444 	 -0.0010375999394514872 	 -0.0010414182041303555 	 -2.103952997308229e-8 	 3.779855934507582e-6 	 -4.0385515620157815e-11 	 -3.101547744612201e-11 	 0.0007265578124439397 	 -0.0007265608163242658 	 -9.040070934845442e-6 	 9.057285907794713e-6 	 5.630700418129393e-8 	 -1.548981356266759e-8 	 -6.047581168249826e-8 	 6.273488298231144e-8 	 2.7731152534317337e-8 	 -2.631463373981807e-8 	 -6.901153793972382e-9 	 6.857467156679908e-9 	 5.849696996088569e-11 	 6.986011356138964e-11 	 3.6870257420673164e-10 	 -4.970347161211404e-10 	 -1.7017654841251427e-10 	 9.60037956769781e-10 	 1.636511093256201e-11 	 5.323716806979479e-11 	 
11.950045779537328 	 -0.0010265121517042885 	 -0.0010303255608579821 	 -2.1286307807477076e-8 	 3.7753825483646063e-6 	 -4.1100734840402205e-11 	 -3.156198034154513e-11 	 0.0007205872237513568 	 -0.0007205903090114504 	 -9.095554208839492e-6 	 9.112175651104835e-6 	 5.697006330376849e-8 	 -1.568576128480814e-8 	 -6.15028242043512e-8 	 6.379966651703599e-8 	 2.8116082207191212e-8 	 -2.6677238648777313e-8 	 -6.9932167550711935e-9 	 6.948759693818976e-9 	 5.926343380587515e-11 	 7.133746852785447e-11 	 3.7490068956873687e-10 	 -5.05504592663502e-10 	 -1.7349986806482878e-10 	 9.765368012525217e-10 	 1.665552031076419e-11 	 5.417339850557442e-11 	 
12.160646908707667 	 -0.0010153368013837059 	 -0.0010191449869505014 	 -2.153412039583481e-8 	 3.7706536706245784e-6 	 -4.182873065435118e-11 	 -3.211810918408411e-11 	 0.0007145680565581345 	 -0.000714571224998916 	 -9.14895742590288e-6 	 9.164873029039539e-6 	 5.763599278453048e-8 	 -1.5883021371316918e-8 	 -6.254566095722094e-8 	 6.488083946847448e-8 	 2.850270712220444e-8 	 -2.704128194600196e-8 	 -7.086048134066161e-9 	 7.040807047018204e-9 	 6.004097810089425e-11 	 7.284232739549164e-11 	 3.811925817331999e-10 	 -5.141087682872279e-10 	 -1.7688872556074427e-10 	 9.933114679016044e-10 	 1.6951153853498204e-11 	 5.5126022690334727e-11 	 
12.374959558019944 	 -0.0010040728344654748 	 -0.0010078754299933357 	 -2.1782915885238987e-8 	 3.765671418648801e-6 	 -4.256973646059983e-11 	 -3.268403332827363e-11 	 0.0007084999918040818 	 -0.0007085032451853051 	 -9.199903992526587e-6 	 9.215000952953007e-6 	 5.830465611852862e-8 	 -1.608156794027846e-8 	 -6.360445951057684e-8 	 6.597854367749481e-8 	 2.889082980357214e-8 	 -2.7406568189242195e-8 	 -7.17964050594956e-9 	 7.133601550462329e-9 	 6.083002501726823e-11 	 7.437490001343106e-11 	 3.8757913371576533e-10 	 -5.228488604976328e-10 	 -1.8034426866971916e-10 	 1.0103662976158954e-9 	 1.7252109203948748e-11 	 5.609532398623568e-11 	 
12.59304913729327 	 -0.0009927317308373576 	 -0.0009965283735541004 	 -2.203264109777328e-8 	 3.760438036208806e-6 	 -4.332399014499409e-11 	 -3.3259925098111045e-11 	 0.0007023829276649612 	 -0.0007023862678329619 	 -9.24799586183219e-6 	 9.26216295352926e-6 	 5.897591322036326e-8 	 -1.628137410003355e-8 	 -6.467935032328981e-8 	 6.709291413476829e-8 	 2.9280241471750522e-8 	 -2.7772890888855614e-8 	 -7.273985958678352e-9 	 7.227135047010532e-9 	 6.163102288675444e-11 	 7.593538129430635e-11 	 3.940612098113856e-10 	 -5.317264802177022e-10 	 -1.838676523046185e-10 	 1.0277056895751257e-9 	 1.755848600526122e-11 	 5.7081590453952344e-11 	 
12.814982209093962 	 -0.000981320543906219 	 -0.0009851108397578422 	 -2.228324150958298e-8 	 3.7549558952603913e-6 	 -4.40917341827246e-11 	 -3.384595983770151e-11 	 0.0006962170851493587 	 -0.0006962205138824838 	 -9.292860821999503e-6 	 9.305953154155216e-6 	 5.964962041666478e-8 	 -1.6482411860093663e-8 	 -6.577045657899873e-8 	 6.822407789529608e-8 	 2.967072183640164e-8 	 -2.8140032346947583e-8 	 -7.3690760861202716e-9 	 7.321398881065068e-9 	 6.2444444387827e-11 	 7.752394827417059e-11 	 4.006396529676578e-10 	 -5.407432318846747e-10 	 -1.8746003761409763e-10 	 1.0453341015695798e-9 	 1.7870385959600414e-11 	 5.808511492316507e-11 	 
13.040826509050902 	 -0.0009698503447954576 	 -0.0009736339445724248 	 -2.2534661226028576e-8 	 3.7492274885843056e-6 	 -4.487321573235178e-11 	 -3.444231596252578e-11 	 0.0006900030944934267 	 -0.0006900066136356647 	 -9.33408891194057e-6 	 9.346004070642874e-6 	 6.032563032877936e-8 	 -1.6684652206296127e-8 	 -6.687789276569001e-8 	 6.937215231329757e-8 	 3.0062038889661535e-8 	 -2.850776347631747e-8 	 -7.464901986149226e-9 	 7.416383896588612e-9 	 6.327079107452603e-11 	 7.914075439464134e-11 	 4.0731528051769756e-10 	 -5.499007107453222e-10 	 -1.9112259096201484e-10 	 1.0632560503245403e-9 	 1.8187912877042107e-11 	 5.910619506500782e-11 	 
13.270650966529 	 -0.0009583434972176533 	 -0.0009621200613437879 	 -2.2786842905694115e-8 	 3.743255433400591e-6 	 -4.5668686736390516e-11 	 -3.5049175012465954e-11 	 0.0006837420615732994 	 -0.0006837456729323868 	 -9.371325616023335e-6 	 9.381968228314915e-6 	 6.100379171352404e-8 	 -1.6888064986598638e-8 	 -6.80017632574003e-8 	 7.053724460398611e-8 	 3.045394885903318e-8 	 -2.887584365984052e-8 	 -7.561454253240183e-9 	 7.512080429618589e-9 	 6.411059708515244e-11 	 8.078593151073633e-11 	 4.140888838197202e-10 	 -5.592004996052384e-10 	 -1.9485648274934112e-10 	 1.081476111868819e-9 	 1.8511172730973918e-11 	 6.014513346832307e-11 	 
13.504525725666925 	 -0.000946809790290379 	 -0.0009505789144432818 	 -2.303972767859606e-8 	 3.7370424686557355e-6 	 -4.6478404027859986e-11 	 -3.5666721706607754e-11 	 0.0006774356019102185 	 -0.0006774393073339391 	 -9.404291245369437e-6 	 9.413498555777406e-6 	 6.168394922347376e-8 	 -1.709261894300936e-8 	 -6.914216178894541e-8 	 7.171945141874067e-8 	 3.084619623880517e-8 	 -2.924402074230692e-8 	 -7.658722974777252e-9 	 7.608478304493906e-9 	 6.496442752095322e-11 	 8.24595927615303e-11 	 4.209612288918102e-10 	 -5.686441681358614e-10 	 -1.9866288639925324e-10 	 1.0999989217137405e-9 	 1.8840273711246815e-11 	 6.120223770309393e-11 	 
13.742522166785617 	 -0.0009352637635037433 	 -0.0009390253357217884 	 -2.329325502393011e-8 	 3.730591454652789e-6 	 -4.730262942785549e-11 	 -3.6295143998803007e-11 	 0.000671085840475352 	 -0.0006710896419440468 	 -9.43259110354329e-6 	 9.440490055058818e-6 	 6.236594312992953e-8 	 -1.72982816083959e-8 	 -7.029917048088221e-8 	 7.291885671495175e-8 	 3.123851377283653e-8 	 -2.9612031091558393e-8 	 -7.75669772185622e-9 	 7.705566824574099e-9 	 6.583287796310441e-11 	 8.4161827015811e-11 	 4.279330521224227e-10 	 -5.782332728025917e-10 	 -2.025429769539763e-10 	 1.118829175167531e-9 	 1.9175326288430682e-11 	 6.227782040433277e-11 	 
13.984712928174115 	 -0.0009237252238346069 	 -0.00092747886411715 	 -2.3547362651842085e-8 	 3.7239053755548842e-6 	 -4.814162986447407e-11 	 -3.693463313375842e-11 	 0.0006646953718324051 	 -0.0006646992711250588 	 -9.456316497194813e-6 	 9.462762876385051e-6 	 6.304960895083421e-8 	 -1.7505019307222986e-8 	 -7.147285811497826e-8 	 7.41355304239475e-8 	 3.1630622549060215e-8 	 -2.997959967680819e-8 	 -7.855367542746602e-9 	 7.803334765616714e-9 	 6.671657764105232e-11 	 8.589269721557396e-11 	 4.3500505751135154e-10 	 -5.87969354172563e-10 	 -2.0649792952913844e-10 	 1.1379716276087588e-9 	 1.951644326138907e-11 	 6.33721993343671e-11 	 
14.231171928259263 	 -0.0009122117189383285 	 -0.0009159538964678487 	 -2.3801986358149915e-8 	 3.7169873383620187e-6 	 -4.899567747004707e-11 	 -3.758538370402772e-11 	 0.0006582671813478041 	 -0.0006582711804883326 	 -9.48813040571372e-6 	 9.489826390617402e-6 	 6.373477709919021e-8 	 -1.7712797075306724e-8 	 -7.266327902821317e-8 	 7.536952774822696e-8 	 3.2022232262308457e-8 	 -3.0346440245706563e-8 	 -7.954720950982856e-9 	 7.901770363782371e-9 	 6.761618967645009e-11 	 8.765224300726575e-11 	 4.4217791686273064e-10 	 -5.97853934679856e-10 	 -2.105289179967275e-10 	 1.1574310945996897e-9 	 1.9863739811175298e-11 	 6.448569744889332e-11 	 
14.481974388166215 	 -0.0009007192581873207 	 -0.000904459588174908 	 -2.405705989857909e-8 	 3.7098405795323254e-6 	 -4.9865049708276537e-11 	 -3.824759370758553e-11 	 0.0006518045307829683 	 -0.0006518086316576804 	 -9.489887280380399e-6 	 9.496677777448461e-6 	 6.442127257908125e-8 	 -1.7921578604866024e-8 	 -7.387047167498608e-8 	 7.662088673723578e-8 	 3.241304147328123e-8 	 -3.071225561039349e-8 	 -8.054745915534222e-9 	 8.000861305716563e-9 	 6.853241232949433e-11 	 8.944047541941012e-11 	 4.494522657602603e-10 	 -6.078885171554707e-10 	 -2.1463711349741878e-10 	 1.177212451922647e-9 	 2.0217333572381717e-11 	 6.561864297013731e-11 	 
14.73719685467645 	 -0.0008892701855131523 	 -0.0008930013100996865 	 -2.4312514873183638e-8 	 3.702468465893248e-6 	 -5.075002947862846e-11 	 -3.892146460702092e-11 	 0.0006453108146491734 	 -0.0006453150192910524 	 -9.506757963742945e-6 	 9.51151166579266e-6 	 6.510891466112359e-8 	 -1.8131326178162604e-8 	 -7.509445641397504e-8 	 7.788962673117698e-8 	 3.280273802916803e-8 	 -3.1076738006872816e-8 	 -8.155429846436158e-9 	 8.100594714091838e-9 	 6.946598273986967e-11 	 9.125737729920685e-11 	 4.568287018179252e-10 	 -6.18074581847265e-10 	 -2.1882368275163826e-10 	 1.1973206358508167e-9 	 2.057734470437248e-11 	 6.677136947490865e-11 	 
14.996917223590433 	 -0.0008778592775063211 	 -0.0008815831146993751 	 -2.4568280649139686e-8 	 3.6948745013751413e-6 	 -5.1650905243320046e-11 	 -3.960720138969612e-11 	 0.0006387893985803561 	 -0.0006387937089461572 	 -9.523107366965457e-6 	 9.527965332492211e-6 	 6.579751666552527e-8 	 -1.8342000653843896e-8 	 -7.633523422710038e-8 	 7.917574755535692e-8 	 3.319099967824772e-8 	 -3.143956961399014e-8 	 -8.256759582275024e-9 	 8.2009571350012e-9 	 7.041767487961937e-11 	 9.310290801314777e-11 	 4.643077856667256e-10 	 -6.284135853111281e-10 	 -2.2308978616088244e-10 	 1.2177606431827975e-9 	 2.094389594633389e-11 	 6.794421595556809e-11 	 
15.261214763501995 	 -0.0008664879054350762 	 -0.0008702045359061391 	 -2.4824284322785925e-8 	 3.6870623352643413e-6 	 -5.256797114466787e-11 	 -4.0305012628233456e-11 	 0.0006322434529679538 	 -0.0006322478710883741 	 -9.540683394434714e-6 	 9.545945853898423e-6 	 6.648688586696573e-8 	 -1.855356142551802e-8 	 -7.759278527286487e-8 	 8.047922635881113e-8 	 3.357749465885431e-8 	 -3.1800423235716775e-8 	 -8.358721375026528e-9 	 8.301934522703988e-9 	 7.138829755465202e-11 	 9.497699603660941e-11 	 4.718900354151904e-10 	 -6.389069606781536e-10 	 -2.2743657582351192e-10 	 1.2385375312756505e-9 	 2.131711268246151e-11 	 6.913752689704482e-11 	 
15.530170139991698 	 -0.0008551480098794916 	 -0.0008588572072776907 	 -2.508045073594377e-8 	 3.679035762783676e-6 	 -5.350152713286422e-11 	 -4.1015110541036736e-11 	 0.0006256757983517799 	 -0.0006256803262758037 	 -9.559930284346751e-6 	 9.565586755750856e-6 	 6.717682356000057e-8 	 -1.876596639724256e-8 	 -7.886706602231109e-8 	 8.180001540841855e-8 	 3.396188248299272e-8 	 -3.2158963020333855e-8 	 -8.46130087672625e-9 	 8.403512226202043e-9 	 7.237869971063307e-11 	 9.687953777575747e-11 	 4.795759236819467e-10 	 -6.495561136795206e-10 	 -2.3186519335376233e-10 	 1.2596564181519926e-9 	 2.169712301207262e-11 	 7.035165234195001e-11 	 
15.803865440246554 	 -0.0008438302043296367 	 -0.0008475317467213542 	 -2.5336702554928756e-8 	 3.6707987367857765e-6 	 -5.445187909564907e-11 	 -4.173771105454287e-11 	 0.0006190887788722762 	 -0.0006190934186781573 	 -9.580858937273435e-6 	 9.586899521419274e-6 	 6.786712522760576e-8 	 -1.8979172002411234e-8 	 -8.015800730663069e-8 	 8.313804100202313e-8 	 3.4343815054158595e-8 	 -3.2514845367387144e-8 	 -8.564483126363948e-9 	 8.505674976037422e-9 	 7.33897702795027e-11 	 9.881040448652793e-11 	 4.873658798886469e-10 	 -6.603624199391074e-10 	 -2.363767677770551e-10 	 1.2811224823311218e-9 	 2.2084057812729556e-11 	 7.158694795855332e-11 	 
16.08238419811368 	 -0.0008325237251618143 	 -0.0008362173613469213 	 -2.5592960405685927e-8 	 3.6623553789459583e-6 	 -5.541933898310275e-11 	 -4.247303386623206e-11 	 0.0006124841799394562 	 -0.0006124889337490153 	 -9.60344777139777e-6 	 9.609829317226189e-6 	 6.855758089616844e-8 	 -1.919313323973397e-8 	 -8.14655122783031e-8 	 8.449319993266003e-8 	 3.472293779602777e-8 	 -3.2867720082456775e-8 	 -8.66825253833113e-9 	 8.608406872642607e-9 	 7.44224368093345e-11 	 1.0076943799425057e-10 	 4.952602863834702e-10 	 -6.713272247716499e-10 	 -2.4097241331733234e-10 	 1.30294096262396e-9 	 2.2478050823393662e-11 	 7.284377512853716e-11 	 
16.365811419595428 	 -0.0008212144827761053 	 -0.0008248999304436592 	 -2.584914306139088e-8 	 3.6537099778381107e-6 	 -5.640422495527939e-11 	 -4.3221302508727647e-11 	 0.0006058632029942647 	 -0.0006058680728860462 	 -9.627563647730646e-6 	 9.634207656390457e-6 	 6.924797563698163e-8 	 -1.940780370457002e-8 	 -8.278945326016469e-8 	 8.586535737989403e-8 	 3.5098891132621593e-8 	 -3.321723167188683e-8 	 -8.772592894696222e-9 	 8.711691378515446e-9 	 7.547766760188656e-11 	 1.0275645332587313e-10 	 5.032594777671922e-10 	 -6.824518406004982e-10 	 -2.4565322658579185e-10 	 1.3251171582141088e-9 	 2.2879238721535857e-11 	 7.412250102816385e-11 	 
16.65423360879386 	 -0.0008098894792996116 	 -0.0008135664476303186 	 -2.610516766043743e-8 	 3.6448669993032343e-6 	 -5.740686150055765e-11 	 -4.398274441652888e-11 	 0.0005992265048759554 	 -0.0005992314929632463 	 -9.653010890410214e-6 	 9.65982602113499e-6 	 6.993809012699305e-8 	 -1.9623135652746644e-8 	 -8.41296698957162e-8 	 8.725434420168114e-8 	 3.547131216521914e-8 	 -3.356302098155697e-8 	 -8.877487337701879e-9 	 8.815511310615266e-9 	 7.655646554169636e-11 	 1.0477123867498179e-10 	 5.113637388884491e-10 	 -6.937375478677322e-10 	 -2.5042028390538205e-10 	 1.3476564283416639e-9 	 2.328776119926822e-11 	 7.542349870474315e-11 	 
16.947738794312446 	 -0.0007985410148642407 	 -0.0008022091998093967 	 -2.6360949953127474e-8 	 3.6358310928293474e-6 	 -5.842757959956151e-11 	 -4.475759099372351e-11 	 0.0005925743032491683 	 -0.0005925794116537036 	 -9.67953740314161e-6 	 9.686414545865542e-6 	 7.062770126597303e-8 	 -1.983908009827435e-8 	 -8.548596577063009e-8 	 8.865995229979042e-8 	 3.5839836531678924e-8 	 -3.3904727023399286e-8 	 -8.982918369706802e-9 	 8.919848840201032e-9 	 7.765987110996657e-11 	 1.0681354731163531e-10 	 5.195732985010115e-10 	 -7.051855929047573e-10 	 -2.552746383557528e-10 	 1.370564192063053e-9 	 2.3703761058977302e-11 	 7.674714715432214e-11 	 
17.246416556123023 	 -0.000787163392734896 	 -0.0007908224730876148 	 -2.6616404513047182e-8 	 3.626607093591041e-6 	 -5.94667168492969e-11 	 -4.554607768172921e-11 	 0.0005859065409801159 	 -0.0005859117718043732 	 -9.706852448245848e-6 	 9.713660581763923e-6 	 7.131658276125982e-8 	 -2.0055586845487663e-8 	 -8.685810415653426e-8 	 9.00819329008231e-8 	 3.620410088086576e-8 	 -3.4241989058131054e-8 	 -9.088867850423536e-9 	 9.02468548996398e-9 	 7.878896683334398e-11 	 1.0888310797203605e-10 	 5.278883333603475e-10 	 -7.167971830765396e-10 	 -2.6021731679940315e-10 	 1.3938459278748038e-9 	 2.41273842998101e-11 	 7.809383140200595e-11 	 
17.550358052906326 	 -0.0007757586586089964 	 -0.0007794083044780921 	 -2.6871444931797512e-8 	 3.61720002751493e-6 	 -6.052461763077985e-11 	 -4.634844402733702e-11 	 0.0005792230933892485 	 -0.0005792284487266988 	 -9.734619150749762e-6 	 9.741213638506244e-6 	 7.200450560573553e-8 	 -2.0272604581434056e-8 	 -8.824580593225864e-8 	 9.151999216924956e-8 	 3.6563745570108215e-8 	 -3.4574449246560217e-8 	 -9.19531700438196e-9 	 9.130002141383605e-9 	 7.994486792780445e-11 	 1.1097962429831856e-10 	 5.363089652446007e-10 	 -7.2857349016041e-10 	 -2.6524931682324926e-10 	 1.4175071731632654e-9 	 2.455878018061367e-11 	 7.946394257211218e-11 	 
17.859656049874243 	 -0.0007643332448348089 	 -0.0007679731141756724 	 -2.7125983914388e-8 	 3.6076151123833203e-6 	 -6.160163324477282e-11 	 -4.716493375237953e-11 	 0.0005725239965508227 	 -0.0005725294784817448 	 -9.762472453475152e-6 	 9.768691380123207e-6 	 7.26912383442461e-8 	 -2.0490080900570312e-8 	 -8.96487446656277e-8 	 9.297378653585393e-8 	 3.691841787458569e-8 	 -3.4901755576725644e-8 	 -9.302246420956993e-9 	 9.235779034646228e-9 	 8.112872532623577e-11 	 1.1310277316851411e-10 	 5.448352589835282e-10 	 -7.405156474151473e-10 	 -2.7037160312229586e-10 	 1.4415535238690947e-9 	 2.4998101318244632e-11 	 8.085787796521426e-11 	 
18.174404947082486 	 -0.0007529007184153791 	 -0.0007565304601185435 	 -2.7379933316522087e-8 	 3.5978577601562716e-6 	 -6.26981220809975e-11 	 -4.799579482563427e-11 	 0.0005658096654170401 	 -0.0005658152760271196 	 -9.79001339650773e-6 	 9.795680482305018e-6 	 7.337654715757787e-8 	 -2.070796233071583e-8 	 -9.106654253867143e-8 	 9.444291856236369e-8 	 3.72677758229842e-8 	 -3.522356534289577e-8 	 -9.409636066180778e-9 	 9.341995780346118e-9 	 8.23417228607198e-11 	 1.1525220871641005e-10 	 5.534672218048649e-10 	 -7.526247490249859e-10 	 -2.7558510403115694e-10 	 1.4659906337470921e-9 	 2.5445503775964037e-11 	 8.227604112629151e-11 	 
18.49470080824217 	 -0.0007414791987810221 	 -0.0007450984505587243 	 -2.7633204036419497e-8 	 3.5879335782215987e-6 	 -6.381444977347855e-11 	 -4.884127953583121e-11 	 0.0005590810738948777 	 -0.0005590868152600666 	 -9.816817351567986e-6 	 9.821739630654254e-6 	 7.406019560397336e-8 	 -2.092619429453458e-8 	 -9.249876564746915e-8 	 9.592693111624195e-8 	 3.761149261979896e-8 	 -3.553954921184975e-8 	 -9.517465281220938e-9 	 9.44863135784992e-9 	 8.358507444905173e-11 	 1.1742756309902965e-10 	 5.622048026792095e-10 	 -7.649018496441173e-10 	 -2.80890707580575e-10 	 1.490824213932454e-9 	 2.5901147145804783e-11 	 8.371884191858733e-11 	 
18.8206413900392 	 -0.0007300884003577458 	 -0.0007336967909281141 	 -2.7885705860145412e-8 	 3.5778483710789385e-6 	 -6.495098936159941e-11 	 -4.9701644564353323e-11 	 0.0005523398626888008 	 -0.0005523457368648743 	 -9.842430173879077e-6 	 9.846399971596793e-6 	 7.47419441913647e-8 	 -2.1144721082611463e-8 	 -9.39449174294184e-8 	 9.742530212325498e-8 	 3.7949261830796303e-8 	 -3.584939590626371e-8 	 -9.62571279322271e-9 	 9.55566412602393e-9 	 8.486002697892845e-11 	 1.1962845398569523e-10 	 5.710478942399984e-10 	 -7.773479618990639e-10 	 -2.862892573791508e-10 	 1.516060032092664e-9 	 2.6365194656460738e-11 	 8.518669661256903e-11 	 
19.15232617197028 	 -0.0007187504132478502 	 -0.0007223475615243382 	 -2.8137347167677723e-8 	 3.567608141019905e-6 	 -6.610812147447842e-11 	 -5.057715105962728e-11 	 0.000545588358764292 	 -0.000545594367827287 	 -9.866370978358496e-6 	 9.869164946035007e-6 	 7.542154963373375e-8 	 -2.1363485741768133e-8 	 -9.540443438749753e-8 	 9.893743834421443e-8 	 3.828080322681359e-8 	 -3.6152817766767964e-8 	 -9.734356707438662e-9 	 9.663071815246174e-9 	 8.616784588888614e-11 	 1.218544894944644e-10 	 5.799963322436068e-10 	 -7.899640620615107e-10 	 -2.9178154812459557e-10 	 1.5417039117331804e-9 	 2.6837813273902296e-11 	 8.66800279600609e-11 	 
19.489856386704883 	 -0.0007074833048825608 	 -0.0007110688204040942 	 -2.838803466188229e-8 	 3.557219092582478e-6 	 -6.728623447554681e-11 	 -5.146806471276789e-11 	 0.0005388294874048364 	 -0.0005388356334380463 	 -9.88813831115912e-6 	 9.889517643603815e-6 	 7.609876413951142e-8 	 -2.1582430000944285e-8 	 -9.687667846742764e-8 	 1.0046266761436975e-7 	 3.860586949047427e-8 	 -3.644955686086338e-8 	 -9.843374512341582e-9 	 9.770831532399584e-9 	 8.750981589608131e-11 	 1.2410526837313376e-10 	 5.890498956561049e-10 	 -8.02751087360927e-10 	 -2.973683210692193e-10 	 1.5677617313157063e-9 	 2.73191738056042e-11 	 8.819926527859258e-11 	 
19.83333505098216 	 -0.0006963007852281131 	 -0.0006998742775931841 	 -2.863767304574613e-8 	 3.5466876346611606e-6 	 -6.848572467509344e-11 	 -5.237465583391074e-11 	 0.0005320665912079717 	 -0.0005320728763128136 	 -9.907206296230612e-6 	 9.906925973922538e-6 	 7.677333456306743e-8 	 -2.1801494149806498e-8 	 -9.836092977763618e-8 	 1.0200023235013413e-7 	 3.892425388601783e-8 	 -3.6739392030402926e-8 	 -9.952743063260499e-9 	 9.878919744386476e-9 	 8.888723723935605e-11 	 1.2638039340773097e-10 	 5.982083107450065e-10 	 -8.157099370075823e-10 	 -3.030502592938059e-10 	 1.5942394229165687e-9 	 2.780945099486559e-11 	 8.974484453905624e-11 	 
20.182866997052432 	 -0.000685207659339909 	 -0.0006887687326688175 	 -2.8886164828529702e-8 	 3.5360203865651935e-6 	 -6.970699647891021e-11 	 -5.3297199430361934e-11 	 0.0005253031656162142 	 -0.0005253095918746824 	 -9.923044073358884e-6 	 9.920847079851685e-6 	 7.744500191939515e-8 	 -2.2020616964773368e-8 	 -9.985637961892864e-8 	 1.0354928073584856e-7 	 3.923579872609711e-8 	 -3.7022146831226504e-8 	 -1.0062438580850286e-8 	 9.987312276474063e-9 	 9.030141249085915e-11 	 1.2867947385665661e-10 	 6.074712507949042e-10 	 -8.288414766932575e-10 	 -3.0882798287910863e-10 	 1.621142971238911e-9 	 2.830882362092726e-11 	 9.131720842789977e-11 	 
20.53855890467278 	 -0.0006742027445527317 	 -0.000677751022694458 	 -2.9133410195716937e-8 	 3.5252241826823786e-6 	 -7.095046260557595e-11 	 -5.4235975286278804e-11 	 0.0005185425623353349 	 -0.0005185491318858129 	 -9.93512244772012e-6 	 9.930764839905202e-6 	 7.811350101859543e-8 	 -2.223973565844048e-8 	 -1.0136212167953277e-7 	 1.0510885800742466e-7 	 3.9540404808780025e-8 	 -3.729769840887728e-8 	 -1.017243662937218e-8 	 1.0095984290449052e-8 	 9.175364084032405e-11 	 1.310021340590974e-10 	 6.16838338437773e-10 	 -8.421465419874305e-10 	 -3.147020432906519e-10 	 1.648478412274583e-9 	 2.8817474619590525e-11 	 9.291680645578875e-11 	 
20.900519333666473 	 -0.00066327563498282 	 -0.0006668107705432357 	 -2.9379307106423962e-8 	 3.5143060809235077e-6 	 -7.221654424818805e-11 	 -5.51912680442558e-11 	 0.0005117876941806987 	 -0.0005117944091348282 	 -9.942959207472173e-6 	 9.936218838850303e-6 	 7.877856073024926e-8 	 -2.24587858886671e-8 	 -1.0287714365468113e-7 	 1.0667789802865606e-7 	 3.983804191793379e-8 	 -3.7565987186765345e-8 	 -1.028271211346599e-8 	 1.0204910281261193e-8 	 9.324520696398277e-11 	 1.333480283708858e-10 	 6.263091521839952e-10 	 -8.556259405588339e-10 	 -3.20672917730071e-10 	 1.6762518321581946e-9 	 2.933559120136589e-11 	 9.45440950374998e-11 	 
21.26885875705629 	 -0.0006524106788674898 	 -0.0006559323866708467 	 -2.962375151750633e-8 	 3.5032733688586326e-6 	 -7.35056713003418e-11 	 -5.616336728795956e-11 	 0.0005050408126468852 	 -0.0005050476751521575 	 -9.946111475960923e-6 	 9.936821292117517e-6 	 7.943990456474463e-8 	 -2.2677701819972707e-8 	 -1.0440031743719398e-7 	 1.0825521302801285e-7 	 4.0128760310725955e-8 	 -3.782702754173504e-8 	 -1.0393239261738067e-8 	 1.031406406048061e-8 	 9.477737510134582e-11 	 1.3571685081335765e-10 	 6.358832311413191e-10 	 -8.692804554113021e-10 	 -3.267410031822629e-10 	 1.7044693655701195e-9 	 2.986336495585437e-11 	 9.619953755346103e-11 	 
21.64368959478166 	 -0.0006415901767287984 	 -0.0006450977029305964 	 -2.986663781955719e-8 	 3.492133571823194e-6 	 -7.481828253329639e-11 	 -5.7152567625108396e-11 	 0.0004983033870327374 	 -0.0004983103992205067 	 -9.944574452481367e-6 	 9.932091313515479e-6 	 8.009725179455958e-8 	 -2.2896416255539403e-8 	 -1.0593038978369016e-7 	 1.0983948457562687e-7 	 4.041270334901756e-8 	 -3.8080919567203575e-8 	 -1.05039916286775e-8 	 1.0423418758080797e-8 	 9.63513728474289e-11 	 1.3810835536724318e-10 	 6.455600823158239e-10 	 -8.831108528791332e-10 	 -3.329066104255678e-10 	 1.7331371938482582e-9 	 3.040099196415099e-11 	 9.78836044299227e-11 	 
22.025126248010096 	 -0.0006307858676434907 	 -0.0006342897030724374 	 -3.010785932632911e-8 	 3.4808944593926687e-6 	 -7.615482581126459e-11 	 -5.815916877090314e-11 	 0.0004915761378753162 	 -0.0004915833018639189 	 -9.930664598234095e-6 	 9.925582379377086e-6 	 8.075031873721986e-8 	 -2.311486078906115e-8 	 -1.0746597284893186e-7 	 1.1142925210123101e-7 	 4.069012142871675e-8 	 -3.832786208175576e-8 	 -1.0614942086586883e-8 	 1.0532946814233954e-8 	 9.79683689737611e-11 	 1.4052236421602144e-10 	 6.553391860204171e-10 	 -8.971178922185384e-10 	 -3.391699570929534e-10 	 1.7622615436212585e-9 	 3.094867292316897e-11 	 9.959677325733319e-11 	 
22.413285134053275 	 -0.0006200149604023498 	 -0.0006234976966829002 	 -3.034730884145406e-8 	 3.4695640521756495e-6 	 -7.751575831521971e-11 	 -5.918347563396591e-11 	 0.00048485920966444425 	 -0.0004848665275033372 	 -9.929423472572388e-6 	 9.914428877551927e-6 	 8.139882021674274e-8 	 -2.3332965998724786e-8 	 -1.090055324492531e-7 	 1.1302290131333013e-7 	 4.0961387448939783e-8 	 -3.856816690288085e-8 	 -1.0726062840412815e-8 	 1.0642619994003167e-8 	 9.962946307235533e-11 	 1.429587835733722e-10 	 6.652200020940301e-10 	 -9.113023329316132e-10 	 -3.4553116088843855e-10 	 1.7918486847801567e-9 	 3.150661329643649e-11 	 1.013395288666393e-10 	 
22.808284721898477 	 -0.0006092466358800323 	 -0.0006127188844642208 	 -3.058487909966605e-8 	 3.4581506265492077e-6 	 -7.8901546728851e-11 	 -6.022579840395686e-11 	 0.000478152480442371 	 -0.0004781599541872349 	 -9.920045992373331e-6 	 9.90583740124349e-6 	 8.204247073006112e-8 	 -2.3550661596089545e-8 	 -1.1054737687537786e-7 	 1.1461865184735775e-7 	 4.122701444627779e-8 	 -3.8802274849041825e-8 	 -1.0837325436309387e-8 	 1.0752409395765463e-8 	 1.0133566521561857e-10 	 1.4541762903109622e-10 	 6.752019829705235e-10 	 -9.256649443714199e-10 	 -3.519902326022118e-10 	 1.8219049281912612e-9 	 3.207502339463344e-11 	 1.0311236338796104e-10 	 
23.21024556836616 	 -0.000598499849626951 	 -0.0006019610516379758 	 -3.0820463064574224e-8 	 3.4466627185945155e-6 	 -8.031266750954901e-11 	 -6.128645263909178e-11 	 0.000471455931236179 	 -0.0004714635628749468 	 -9.912405911087245e-6 	 9.898502883802875e-6 	 8.268098521138805e-8 	 -2.3767876552073816e-8 	 -1.1208964258583733e-7 	 1.1621454336580447e-7 	 4.1487675749112795e-8 	 -3.9030773673824124e-8 	 -1.0948700785944195e-8 	 1.0862285475374383e-8 	 1.0308788219836675e-10 	 1.478990546128274e-10 	 6.852845908529555e-10 	 -9.402065139872473e-10 	 -3.5854706865128356e-10 	 1.852436623313996e-9 	 3.2654118497140315e-11 	 1.0491577636861809e-10 	 
23.619290354904884 	 -0.000587791525763641 	 -0.0005912415484226435 	 -3.105395393702927e-8 	 3.4351091280272855e-6 	 -8.174960705812468e-11 	 -6.23657593537459e-11 	 0.00046477001900589813 	 -0.00046477781049150246 	 -9.90627642629297e-6 	 9.89261589311539e-6 	 8.331407906468007e-8 	 -2.3984539124225427e-8 	 -1.1363028068041499e-7 	 1.1780841913060325e-7 	 4.174422777698352e-8 	 -3.925441879261735e-8 	 -1.106015918288176e-8 	 1.097221806239775e-8 	 1.048868819213987e-10 	 1.5040337568791794e-10 	 6.95467308085273e-10 	 -9.549278661839354e-10 	 -3.6520144304129635e-10 	 1.8834501558988952e-9 	 3.3244118975140004e-11 	 1.0675027486056367e-10 	 
24.035543925034524 	 -0.000577145291631778 	 -0.0005805839787629505 	 -3.128524490762838e-8 	 3.4234989189637448e-6 	 -8.321286200461533e-11 	 -6.346404510744185e-11 	 0.00045809594658715447 	 -0.0004581038998340175 	 -9.901544953309075e-6 	 9.888031446701408e-6 	 8.394146752586003e-8 	 -2.4200576800403363e-8 	 -1.1516703941109137e-7 	 1.1939790620784383e-7 	 4.1997736079936205e-8 	 -3.947415686120003e-8 	 -1.117167032457703e-8 	 1.1082176381962522e-8 	 1.0673326755975874e-10 	 1.5293108796233804e-10 	 7.05749649339591e-10 	 -9.69829879335296e-10 	 -3.719529988780646e-10 	 1.9149519455675813e-9 	 3.384525043652858e-11 	 1.0861637353507356e-10 	 
24.459133322449496 	 -0.0005665866683315464 	 -0.0005700137797149268 	 -3.151422865825462e-8 	 3.4118414247891895e-6 	 -8.470293941655975e-11 	 -6.458164209693794e-11 	 0.00045143577515261796 	 -0.0004514438920518016 	 -9.898012659755855e-6 	 9.884457404263344e-6 	 8.45628643690497e-8 	 -2.4415916163653222e-8 	 -1.1669744458207892e-7 	 1.209803971421999e-7 	 4.224950485328886e-8 	 -3.969115244772876e-8 	 -1.1283203322695137e-8 	 1.119212906492354e-8 	 1.0862745001669887e-10 	 1.5548291662476015e-10 	 7.161311878952099e-10 	 -9.849135020194818e-10 	 -3.788012399398004e-10 	 1.946948442854933e-9 	 3.445774386505857e-11 	 1.1051459478709473e-10 	 
24.89018782979343 	 -0.0005561368603043182 	 -0.0005595521206736662 	 -3.1740796758290874e-8 	 3.400146248577357e-6 	 -8.62203570691505e-11 	 -6.571888824880348e-11 	 0.00044479232015443487 	 -0.000444800602588195 	 -9.895319575939617e-6 	 9.881489223697734e-6 	 8.517798033165049e-8 	 -2.4630482700898602e-8 	 -1.182187799608909e-7 	 1.2255302754381706e-7 	 4.250110859327094e-8 	 -3.9906817632078715e-8 	 -1.1394726710374173e-8 	 1.130204415497235e-8 	 1.1056960695218684e-10 	 1.580598450074414e-10 	 7.266115732604704e-10 	 -1.0001797773423121e-9 	 -3.8574552180463516e-10 	 1.9794461261391835e-9 	 3.5081835732519824e-11 	 1.1244546883926446e-10 	 
25.32883900811714 	 -0.0005458078095633822 	 -0.0005492109106775814 	 -3.19648390980548e-8 	 3.3884232687959706e-6 	 -8.77656436671399e-11 	 -6.687612731552552e-11 	 0.000438168854210081 	 -0.00043817730407194475 	 -9.893042225833693e-6 	 9.878660661110877e-6 	 8.578652165630008e-8 	 -2.4844200625198133e-8 	 -1.1972806654332484e-7 	 1.241126592887724e-7 	 4.275442407064019e-8 	 -4.012284292493236e-8 	 -1.1506208437899823e-8 	 1.1411889104155566e-8 	 1.1255964790474276e-10 	 1.6066316844853265e-10 	 7.371905618326293e-10 	 -1.015629865830604e-9 	 -3.9278504245484807e-10 	 2.0124514984450217e-9 	 3.5717768111267035e-11 	 1.1440953384322146e-10 	 
25.775220737032132 	 -0.0005355991875744907 	 -0.0005389897993054499 	 -3.2186243558276526e-8 	 3.376682641660465e-6 	 -8.933933912314786e-11 	 -6.805370897315635e-11 	 0.0004315686653968336 	 -0.00043157728456200617 	 -9.890687021362402e-6 	 9.875446128035113e-6 	 8.638818921672441e-8 	 -2.5056992758454776e-8 	 -1.2122204825545586e-7 	 1.2565587035997442e-7 	 4.301165763406816e-8 	 -4.034122673957066e-8 	 -1.1617615864925297e-8 	 1.1521630764935564e-8 	 1.1459716560085284e-10 	 1.6329453734831088e-10 	 7.478680426139085e-10 	 -1.0312650744329989e-9 	 -3.999188326407712e-10 	 2.045971083946871e-9 	 3.6365788825595215e-11 	 1.1640733600566342e-10 	 
26.229469255571605 	 -0.0005254984468976228 	 -0.0005288762194062384 	 -3.2404896049395876e-8 	 3.3649348083660705e-6 	 -9.094199485374656e-11 	 -6.925198891995869e-11 	 0.00042499459046952906 	 -0.0004250033808312759 	 -9.887716902074567e-6 	 9.871278470774762e-6 	 8.698267862136986e-8 	 -2.5268780532428217e-8 	 -1.2269718934023982e-7 	 1.2717896718395773e-7 	 4.327535921151743e-8 	 -4.0564297289916135e-8 	 -1.1728915749112072e-8 	 1.163123537866925e-8 	 1.1668138801341548e-10 	 1.6595601527025955e-10 	 7.586440717282282e-10 	 -1.0470868894643372e-9 	 -4.071457458356927e-10 	 2.0800114242402662e-9 	 3.7026151561092024e-11 	 1.1843942973471103e-10 	 
26.69172320377162 	 -0.0005154841534423545 	 -0.0005188487185818162 	 -3.262068098102636e-8 	 3.3531904984185507e-6 	 -9.257417396748364e-11 	 -7.047132897359196e-11 	 0.00041844864388116993 	 -0.0004184576072962242 	 -9.883557452811276e-6 	 9.865554214839395e-6 	 8.756968143644947e-8 	 -2.5479484122740952e-8 	 -1.2414970053859615e-7 	 1.2867803581979745e-7 	 4.354840575790992e-8 	 -4.0794715379397374e-8 	 -1.1840074239647636e-8 	 1.174066856896089e-8 	 1.1881112013071615e-10 	 1.6865012139819655e-10 	 7.695188989734858e-10 	 -1.0630970106768406e-9 	 -4.144644475658106e-10 	 2.1145790745185545e-9 	 3.769911598235616e-11 	 1.20506377747171e-10 	 
27.162123664985092 	 -0.0005055332187621212 	 -0.0005088841941151451 	 -3.283348209813873e-8 	 3.341460736503119e-6 	 -9.42364516407269e-11 	 -7.171209717213243e-11 	 0.00041193186588364943 	 -0.00041194100417930467 	 -9.877599228342052e-6 	 9.857638562661604e-6 	 8.814888734836525e-8 	 -2.5689022721538177e-8 	 -1.2557561844857767e-7 	 1.301490801480588e-7 	 4.383391860989365e-8 	 -4.1035435982647084e-8 	 -1.1951056878853358e-8 	 1.1849895343102228e-8 	 1.2098470412193046e-10 	 1.713798764020606e-10 	 7.804929948534622e-10 	 -1.0792973835593177e-9 	 -4.2187340470388297e-10 	 2.1496805993535147e-9 	 3.8384947874595904e-11 	 1.2260875119562373e-10 	 
27.640814208941478 	 -0.0004956279330775869 	 -0.0004989649263687229 	 -3.3043183485511505e-8 	 3.3297568448060514e-6 	 -9.5929415321938e-11 	 -7.297466787718375e-11 	 0.00040544444935943923 	 -0.00040545376430385784 	 -9.869209110833099e-6 	 9.846877053408469e-6 	 8.871998678847275e-8 	 -2.5897314869020028e-8 	 -1.26971008068556e-7 	 1.315883812699271e-7 	 4.4135007887364305e-8 	 -4.128957715003262e-8 	 -1.2061828616792526e-8 	 1.1958880106509486e-8 	 1.2319997420573998e-10 	 1.7414883325626868e-10 	 7.915670716080758e-10 	 -1.0956902276379698e-9 	 -4.29370874506947e-10 	 2.1853225681406098e-9 	 3.908391925696143e-11 	 1.2474712974982317e-10 	 
28.12794093556528 	 -0.0004857628081043507 	 -0.0004890854364239307 	 -3.324967047094538e-8 	 3.318090446850768e-6 	 -9.76536651020584e-11 	 -7.425942187724609e-11 	 0.0003989861319291394 	 -0.0003989956252014434 	 -9.85773858241035e-6 	 9.832618478145017e-6 	 8.928267327649925e-8 	 -2.6104278775864137e-8 	 -1.2833258589957903e-7 	 1.329938998466442e-7 	 4.445369898284013e-8 	 -4.1559961754842795e-8 	 -1.2172353837862601e-8 	 1.2067586689141542e-8 	 1.254542672820348e-10 	 1.7696099338246407e-10 	 8.027420363357588e-10 	 -1.1122780352704695e-9 	 -4.3695489290408554e-10 	 2.2215115502842836e-9 	 3.979630849914501e-11 	 1.2692210180403507e-10 	 
28.623652519566928 	 -0.00047594760450040357 	 -0.0004792555134554388 	 -3.345283013262524e-8 	 3.306473467447492e-6 	 -9.940981393064624e-11 	 -7.556674649031834e-11 	 0.0003925567474126735 	 -0.00039256642062365186 	 -9.842550823283249e-6 	 9.81424220941609e-6 	 8.983664475451666e-8 	 -2.630983252720968e-8 	 -1.2965960281115922e-7 	 1.3436642329398737e-7 	 4.478997402128586e-8 	 -4.184767755211849e-8 	 -1.2282596396661683e-8 	 1.2175978381188792e-8 	 1.2774457875960707e-10 	 1.7982052431519443e-10 	 8.140188259627874e-10 	 -1.12906347907337e-9 	 -4.446232625477617e-10 	 2.2582541099847187e-9 	 4.052240044195068e-11 	 1.2913426462180625e-10 	 
29.128100255819334 	 -0.00046620510622778 	 -0.0004694980361435195 	 -3.365255122259381e-8 	 3.294918132249019e-6 	 -1.0119848800616342e-10 	 -7.689703567024879e-11 	 0.0003861567649858162 	 -0.0003861666196615372 	 -9.8230618287946e-6 	 9.791246641048283e-6 	 9.038160339706955e-8 	 -2.6513894104770803e-8 	 -1.3095350993946268e-7 	 1.3570790088855736e-7 	 4.514293262105009e-8 	 -4.215221587786671e-8 	 -1.2392519655506431e-8 	 1.2284017970410448e-8 	 1.3006788426007563e-10 	 1.8273151002439472e-10 	 8.25398258955469e-10 	 -1.14604921968904e-9 	 -4.5237354122709086e-10 	 2.2955568013144426e-9 	 4.126248656103149e-11 	 1.3138422436981004e-10 	 
29.64143810553424 	 -0.0004565647384139154 	 -0.0004598426476855196 	 -3.384872349409172e-8 	 3.283436964962541e-6 	 -1.0302032702600817e-10 	 -7.825069011489451e-11 	 0.0003797876297690696 	 -0.00037979766738871533 	 -9.798923923100672e-6 	 9.763489686025762e-6 	 9.091725385869888e-8 	 -2.6716381222327982e-8 	 -1.3221647613200522e-7 	 1.3702069809988587e-7 	 4.551131808520054e-8 	 -4.2472510988032826e-8 	 -1.2502086516009407e-8 	 1.2391667773528365e-8 	 1.324212935585601e-10 	 1.856978539464443e-10 	 8.368809773458858e-10 	 -1.1632378055732654e-9 	 -4.602030287911269e-10 	 2.3334261626384085e-9 	 4.201686516099165e-11 	 1.336725962114116e-10 	 
30.16382274325235 	 -0.0004470513179760168 	 -0.0004503154131825292 	 -3.4041236641661295e-8 	 3.2720427847143587e-6 	 -1.0487598454174822e-10 	 -7.962811737540909e-11 	 0.0003734517634567904 	 -0.00037346198545816755 	 -9.769888936637957e-6 	 9.731958634023585e-6 	 9.144330054109546e-8 	 -2.6917211006618785e-8 	 -1.334509526260949e-7 	 1.3830733294631716e-7 	 4.589369740601242e-8 	 -4.280723787842585e-8 	 -1.2611259438189162e-8 	 1.2498889655149643e-8 	 1.348021319553009e-10 	 1.8872321665007743e-10 	 8.48467406671788e-10 	 -1.1806316236640044e-9 	 -4.681087539814333e-10 	 2.371868710221591e-9 	 4.278584156562878e-11 	 1.3600000441259192e-10 	 
30.69541360466149 	 -0.0004376780305864687 	 -0.0004409298931851616 	 -3.422997925084671e-8 	 3.260748702584611e-6 	 -1.0676612832227547e-10 	 -8.102973196550363e-11 	 0.0003671521996813278 	 -0.0003671626074994328 	 -9.738407761148146e-6 	 9.699466302781234e-6 	 9.19594448555955e-8 	 -2.711629967492048e-8 	 -1.3465947757369285e-7 	 1.3957034195304078e-7 	 4.6288554576848914e-8 	 -4.315494515881006e-8 	 -1.2720000443944123e-8 	 1.2605645031051162e-8 	 1.3720797059203887e-10 	 1.9181100584442018e-10 	 8.601577455914205e-10 	 -1.1982328764911345e-9 	 -4.760874627675421e-10 	 2.4108909326015963e-9 	 4.356972833220587e-11 	 1.3836708242144932e-10 	 
31.236372935257677 	 -0.00042844060478354105 	 -0.0004316816181974847 	 -3.441483821748174e-8 	 3.2495681163201765e-6 	 -1.0869144057287122e-10 	 -8.245595547245367e-11 	 0.00036089195861908186 	 -0.0003609025536767075 	 -9.70712706671701e-6 	 9.66844809593227e-6 	 9.246538370833842e-8 	 -2.731356234409306e-8 	 -1.35844572053549e-7 	 1.4081220855422432e-7 	 4.6694338882331116e-8 	 -4.3514125242767794e-8 	 -1.2828271110777612e-8 	 1.2711894861710864e-8 	 1.3963665315899846e-10 	 1.9496435416000223e-10 	 8.719519506923e-10 	 -1.2160435635788395e-9 	 -4.841356043681446e-10 	 2.450499283545524e-9 	 4.436884547594027e-11 	 1.4077447290189861e-10 	 
31.786865839863584 	 -0.0004193198062878887 	 -0.0004225500249144022 	 -3.4595698956108845e-8 	 3.2385147072133126e-6 	 -1.1065261848176113e-10 	 -8.390721667195582e-11 	 0.00035467339105327365 	 -0.0003546841747536275 	 -9.677304731924838e-6 	 9.638819352575296e-6 	 9.296081004678718e-8 	 -2.750891307889352e-8 	 -1.370086888367771e-7 	 1.4203533136930927e-7 	 4.7109486548459694e-8 	 -4.388324921135343e-8 	 -1.2936032560298561e-8 	 1.2817599640612425e-8 	 1.4208630277276156e-10 	 1.9818611237960559e-10 	 8.838497271857177e-10 	 -1.2340654706863458e-9 	 -4.922493177813722e-10 	 2.4907001746298538e-9 	 4.518352071506625e-11 	 1.4322282780725852e-10 	 
32.34706033301979 	 -0.00041028709774133506 	 -0.00041350646029729085 	 -3.4772446471627685e-8 	 3.227602435490785e-6 	 -1.1265037435307524e-10 	 -8.538395164616136e-11 	 0.0003484977513887381 	 -0.0003485087250793148 	 -9.648874353713016e-6 	 9.61038416500514e-6 	 9.344541563941388e-8 	 -2.7702265235033015e-8 	 -1.381541904570199e-7 	 1.4324201334956878e-7 	 4.7532426953165555e-8 	 -4.4260780615025724e-8 	 -1.3043245459816744e-8 	 1.2922719395640478e-8 	 1.4455533299361694e-10 	 2.0147883805298805e-10 	 8.958505191467968e-10 	 -1.25230016150855e-9 	 -5.004244195020739e-10 	 2.531499969089137e-9 	 4.601408973447157e-11 	 1.45712808425729e-10 	 
32.91712739026405 	 -0.00040131886049453593 	 -0.0004045271787458382 	 -3.494496694449912e-8 	 3.2168455280839357e-6 	 -1.1468543617826857e-10 	 -8.688660390249287e-11 	 0.00034236520448483365 	 -0.0003423763694231714 	 -9.621541749682634e-6 	 9.582707278193658e-6 	 9.391889520004996e-8 	 -2.7893531976262823e-8 	 -1.3928334494335946e-7 	 1.4443445988001435e-7 	 4.7961581947812125e-8 	 -4.464517806252685e-8 	 -1.3149870036052012e-8 	 1.3027213702586218e-8 	 1.4704244408339741e-10 	 2.048447823500112e-10 	 9.079534969239193e-10 	 -1.2707489712168238e-9 	 -5.086563890038581e-10 	 2.5729049723633697e-9 	 4.686089639570885e-11 	 1.4824508543300605e-10 	 
33.49724100031435 	 -0.0003924072625768604 	 -0.0003956042834044034 	 -3.511314926553353e-8 	 3.206258471677288e-6 	 -1.1675854782528488e-10 	 -8.841562448923004e-11 	 0.0003362752907317784 	 -0.0003362866480582163 	 -9.594831618866322e-6 	 9.555234096788267e-6 	 9.438095038562368e-8 	 -2.8082626812208168e-8 	 -1.4039832439676463e-7 	 1.4561477923648484e-7 	 4.8395364714491383e-8 	 -4.503489372250372e-8 	 -1.3255866117686698e-8 	 1.313104172749185e-8 	 1.4954664470668838e-10 	 2.082858968588331e-10 	 9.201575576642561e-10 	 -1.2894129956626283e-9 	 -5.169403569880363e-10 	 2.614921426062674e-9 	 4.772429298419463e-11 	 1.508203389337814e-10 	 
34.08757821817146 	 -0.00038356569639888695 	 -0.00038675111635414963 	 -3.527688579941272e-8 	 3.1958559939622795e-6 	 -1.1887046960048053e-10 	 -8.997147211319716e-11 	 0.0003302276840820536 	 -0.0003302392348243085 	 -9.568173571809444e-6 	 9.527329256536e-6 	 9.483129179059245e-8 	 -2.8269463903424313e-8 	 -1.4150120452358067e-7 	 1.4678497839946338e-7 	 4.883218108964356e-8 	 -4.5428372983866555e-8 	 -1.3361193182442215e-8 	 1.323416227351622e-8 	 1.52067248338755e-10 	 2.1180382536336327e-10 	 9.324613161763074e-10 	 -1.308293084550427e-9 	 -5.252710913710041e-10 	 2.657555497010801e-9 	 4.8604640553064424e-11 	 1.5343925846579537e-10 	 
34.68831921915758 	 -0.0003748234512396461 	 -0.000377996933636869 	 -3.543607203943835e-8 	 3.185653047452429e-6 	 -1.2102197846206751e-10 	 -9.155461326161018e-11 	 0.00032422290218213834 	 -0.00032423464726056493 	 -9.540926367878482e-6 	 9.49830341652264e-6 	 9.526963806703903e-8 	 -2.845395802594016e-8 	 -1.4259395765534753e-7 	 1.479469531277133e-7 	 4.927043456656347e-8 	 -4.5824057478334225e-8 	 -1.346581041824263e-8 	 1.3336533841882235e-8 	 1.5460388293168529e-10 	 2.1539988155559977e-10 	 9.448630881367034e-10 	 -1.3273898317754613e-9 	 -5.336429852495187e-10 	 2.700813270853335e-9 	 4.950230918498491e-11 	 1.561025430870803e-10 	 
35.29964735390708 	 -0.00036621316744361485 	 -0.0003693743505116086 	 -3.5590605174975005e-8 	 3.1756647840569508e-6 	 -1.2321386856364246e-10 	 -9.316552232499036e-11 	 0.0003182626332811938 	 -0.0003182745735572532 	 -9.512404195889927e-6 	 9.467430670312363e-6 	 9.569571220471847e-8 	 -2.8636024165170985e-8 	 -1.4367844359421277e-7 	 1.4910247627000466e-7 	 4.970853498386298e-8 	 -4.6220391612735893e-8 	 -1.3569676755720795e-8 	 1.3438114664164573e-8 	 1.571564882633703e-10 	 2.190750597959714e-10 	 9.573608932057787e-10 	 -1.3467035731835416e-9 	 -5.4205004417029e-10 	 2.744700741115146e-9 	 5.0417678269414544e-11 	 1.5881090139288472e-10 	 
35.92174920432655 	 -0.000357754376159809 	 -0.0003609028767579107 	 -3.5740382334134285e-8 	 3.16590653037634e-6 	 -1.254469516347e-10 	 -9.480468172187758e-11 	 0.0003123494718021786 	 -0.00031236160811036213 	 -9.481882761920096e-6 	 9.43395020611313e-6 	 9.610923697448057e-8 	 -2.8815576991631052e-8 	 -1.447563955365739e-7 	 1.5025318506558465e-7 	 5.014490797633352e-8 	 -4.661583119607164e-8 	 -1.3672750894922892e-8 	 1.3538862728771486e-8 	 1.5972533050221814e-10 	 2.2283003767657797e-10 	 9.699524495925049e-10 	 -1.3662343732586703e-9 	 -5.504858752614395e-10 	 2.7892237997082348e-9 	 5.135113678818807e-11 	 1.6156505157834913e-10 	 
36.554814640540975 	 -0.00034944376385191776 	 -0.000352579207675153 	 -3.5885299359077045e-8 	 3.156393756675664e-6 	 -1.2772205729966356e-10 	 -9.647258202738155e-11 	 0.00030648616930297455 	 -0.000306498502463505 	 -9.448617864538844e-6 	 9.397111386817348e-6 	 9.65099317381973e-8 	 -2.8992530459466715e-8 	 -1.4582940953349958e-7 	 1.514005690907127e-7 	 5.0578003287369634e-8 	 -4.700885243757297e-8 	 -1.377499129136717e-8 	 1.3638735766778017e-8 	 1.6231098973022073e-10 	 2.2666516151192654e-10 	 9.826351640931024e-10 	 -1.385982023915418e-9 	 -5.589436760566655e-10 	 2.834388228289205e-9 	 5.2303083618734186e-11 	 1.6436572150736524e-10 	 
37.19903687884344 	 -0.0003412558498825755 	 -0.00034437792098430703 	 -3.602525103153736e-8 	 3.1471420433482958e-6 	 -1.3004003370147448e-10 	 -9.816972210517558e-11 	 0.000300674741737549 	 -0.0003006872725334392 	 -9.411869578974098e-6 	 9.356217245276134e-6 	 9.689751303620409e-8 	 -2.9166797875069288e-8 	 -1.468989344708449e-7 	 1.5254596469209505e-7 	 5.1006301245512295e-8 	 -4.7397958936174786e-8 	 -1.3876356156300059e-8 	 1.3737691251950072e-8 	 1.6491436859801164e-10 	 2.3058046808794784e-10 	 9.954061356477923e-10 	 -1.4059460378131343e-9 	 -5.674162250578902e-10 	 2.8801996853088545e-9 	 5.327392785899625e-11 	 1.6721364871891363e-10 	 
37.85461254066628 	 -0.00033315736047452387 	 -0.00033626589286504983 	 -3.6160132736874794e-8 	 3.138167040693047e-6 	 -1.3240174770873087e-10 	 -9.989660923607365e-11 	 0.0002949159385037864 	 -0.0002949286676339088 	 -9.371001270541602e-6 	 9.310765589908788e-6 	 9.727169890949968e-8 	 -2.9338292412558334e-8 	 -1.4796626796119147e-7 	 1.5369054928416653e-7 	 5.142831736862285e-8 	 -4.778168680149124e-8 	 -1.3976803447548833e-8 	 1.3835686391355241e-8 	 1.6753667453268586e-10 	 2.3457568016356935e-10 	 1.008262152975049e-9 	 -1.42612565028964e-9 	 -5.75895873328184e-10 	 2.926663697426049e-9 	 5.426408914826014e-11 	 1.7010958043313988e-10 	 
38.5217417125914 	 -0.00032512614276670744 	 -0.0003282210518684388 	 -3.6289842963385613e-8 	 3.129484423977632e-6 	 -1.348080856290456e-10 	 -1.0165375924980881e-10 	 0.000289209375527501 	 -0.0002892223035537868 	 -9.325667283718793e-6 	 9.260476584557578e-6 	 9.763221540317004e-8 	 -2.9506927959845898e-8 	 -1.4903255224599255e-7 	 1.5483533853027746e-7 	 5.1842606697372274e-8 	 -4.815860856622968e-8 	 -1.4076290913574063e-8 	 1.3932678169172763e-8 	 1.7017942042376957e-10 	 2.38650215539075e-10 	 1.0211996911360799e-9 	 -1.4465198145891191e-9 	 -5.843745375529023e-10 	 2.973785648157305e-9 	 5.527399803149138e-11 	 1.730542735292873e-10 	 
39.20062800741813 	 -0.00031716059381173576 	 -0.00032024716824288144 	 -3.6414285174314595e-8 	 3.121109836563075e-6 	 -1.3725995338734244e-10 	 -1.0344169665993078e-10 	 0.0002835543378881701 	 -0.0002835674652141517 	 -9.27593542554821e-6 	 9.210775646771009e-6 	 9.79788014446953e-8 	 -2.9672619775327275e-8 	 -1.5009877037047393e-7 	 1.5598118038346856e-7 	 5.224776975675594e-8 	 -4.852733750612938e-8 	 -1.4174776145951858e-8 	 1.402862339893148e-8 	 1.7284441741568794e-10 	 2.428031909483549e-10 	 1.0342149121087e-9 	 -1.4671272004693533e-9 	 -5.928436958656479e-10 	 3.0215707646365723e-9 	 5.6304096352895174e-11 	 1.7604849464053452e-10 	 
39.89147862630742 	 -0.0003092942543565142 	 -0.0003123723773412028 	 -3.653336798864593e-8 	 3.1130588262110665e-6 	 -1.3975827729125197e-10 	 -1.0526095480068928e-10 	 0.00027795077702385564 	 -0.0002779641039122144 	 -9.227126735200583e-6 	 9.161562947815678e-6 	 9.83112093335565e-8 	 -2.9835284649595126e-8 	 -1.5116574078282653e-7 	 1.5712874527567135e-7 	 5.264246237028932e-8 	 -4.8886534484378726e-8 	 -1.4272216660013581e-8 	 1.4123478803901064e-8 	 1.7553375475124747e-10 	 2.470334342280323e-10 	 1.0473036665074736e-9 	 -1.4879461996869324e-9 	 -6.01294384556146e-10 	 3.0700241062904333e-9 	 5.7354837514121665e-11 	 1.7909302026173332e-10 	 
40.594504422021174 	 -0.0003015627952078324 	 -0.00030463338317662656 	 -3.6647003362070435e-8 	 3.1053467703022215e-6 	 -1.4230400424011699e-10 	 -1.0711207596670592e-10 	 0.00027239993059227977 	 -0.0002724134572194056 	 -9.179180736085714e-6 	 9.113795966098455e-6 	 9.862920002255037e-8 	 -2.999484039320286e-8 	 -1.5223410473470623e-7 	 1.5827851277171786e-7 	 5.3025409991599635e-8 	 -4.923491832189371e-8 	 -1.4368569943685792e-8 	 1.4217201065678574e-8 	 1.7824980617973964e-10 	 2.5133951687284025e-10 	 1.060461508321283e-9 	 -1.5089749210776222e-9 	 -6.097171988724355e-10 	 3.1191505542453416e-9 	 5.842668685181598e-11 	 1.821886367076524e-10 	 
41.30991996327603 	 -0.000293988024902213 	 -0.0002970510432793043 	 -3.675510393236068e-8 	 3.0979887894348376e-6 	 -1.4489810244789236e-10 	 -1.0899561155167992e-10 	 0.000266904088869405 	 -0.00026691781537883377 	 -9.132675972819749e-6 	 9.067087303307128e-6 	 9.893253622860683e-8 	 -3.015120504458756e-8 	 -1.5330431440216045e-7 	 1.5943075265280058e-7 	 5.339542526399233e-8 	 -4.957128002179801e-8 	 -1.446379349310174e-8 	 1.4309746859543527e-8 	 1.8099518589608326e-10 	 2.557197606922646e-10 	 1.0736836975248267e-9 	 -1.530211206791576e-9 	 -6.181022960742087e-10 	 3.1689547974857008e-9 	 5.95201220612423e-11 	 1.8533613999692723e-10 	 
42.03794360023143 	 -0.0002865615186447576 	 -0.0002896167666847548 	 -3.685758127914786e-8 	 3.0909996504219236e-6 	 -1.4754156182690499e-10 	 -1.1091212219048868e-10 	 0.000261465648699212 	 -0.000261479575217569 	 -9.087185558964642e-6 	 9.02082933878808e-6 	 9.92209779070059e-8 	 -3.03042963047985e-8 	 -1.5437661363486168e-7 	 1.6058550636257998e-7 	 5.375142859146994e-8 	 -4.989449938702641e-8 	 -1.4557844800997817e-8 	 1.4401072842594133e-8 	 1.837727548888767e-10 	 2.601722704725805e-10 	 1.0869652097545929e-9 	 -1.5516526263447106e-9 	 -6.264394025693822e-10 	 3.2194413203490048e-9 	 6.06356335168313e-11 	 1.8853633599088479e-10 	 
42.778797531131644 	 -0.00027924954749266716 	 -0.0002822967294224138 	 -3.6954346584797707e-8 	 3.084393654378792e-6 	 -1.5023539447075925e-10 	 -1.1286217790368935e-10 	 0.0002560860086502142 	 -0.00025610013524442947 	 -9.042094163872611e-6 	 8.97429757484831e-6 	 9.949428396415186e-8 	 -3.0454031737110606e-8 	 -1.554510212766321e-7 	 1.617425661291533e-7 	 5.4092470124772165e-8 	 -5.0203563862426276e-8 	 -1.465068134901701e-8 	 1.4491135645786342e-8 	 1.8658558139701283e-10 	 2.6469495828610903e-10 	 1.1003007492326901e-9 	 -1.5732964918807002e-9 	 -6.347178256052603e-10 	 3.2706143895079703e-9 	 6.177372467046185e-11 	 1.9179004038849868e-10 	 
43.532707870122366 	 -0.0002720180850846589 	 -0.0002750568494513806 	 -3.7045313552428716e-8 	 3.0781845109128973e-6 	 -1.5298063539455175e-10 	 -1.1484635824867402e-10 	 0.00025076513667023065 	 -0.00025077946327177166 	 -8.996686598445084e-6 	 8.926707517034957e-6 	 9.975221984595427e-8 	 -3.0600329700181864e-8 	 -1.5652731433823993e-7 	 1.6290145581928438e-7 	 5.441775318238767e-8 	 -5.0497588691295015e-8 	 -1.4742260617781797e-8 	 1.4579891883737147e-8 	 1.894368868057842e-10 	 2.6928558700276374e-10 	 1.1136847699110518e-9 	 -1.5951398849607254e-9 	 -6.429264696219172e-10 	 3.3224780417148338e-9 	 6.293491246793158e-11 	 1.9509807873856369e-10 	 
44.29990471626244 	 -0.0002648576517056802 	 -0.0002678876039425095 	 -3.7130401710722246e-8 	 3.0723851888968496e-6 	 -1.557783427203134e-10 	 -1.1686525247068552e-10 	 0.00024550212694546465 	 -0.00024551665329413134 	 -8.95019509285354e-6 	 8.877235329545006e-6 	 9.999456613559788e-8 	 -3.07431104658143e-8 	 -1.576050073186579e-7 	 1.6406141028051945e-7 	 5.472666022952472e-8 	 -5.077583864884197e-8 	 -1.4832540143216427e-8 	 1.4667298210771717e-8 	 1.9233003184420556e-10 	 2.7394183294078054e-10 	 1.1271115063669172e-9 	 -1.6171796633539886e-9 	 -6.510538591947343e-10 	 3.375036070972563e-9 	 6.411972778129892e-11 	 1.9846128638178628e-10 	 
45.08062222375173 	 -0.0002577930242545061 	 -0.0002608137465255688 	 -3.720953770171362e-8 	 3.0670077486410936e-6 	 -1.5862959868760333e-10 	 -1.1891945965409898e-10 	 0.0002402964420442797 	 -0.000240311167698535 	 -8.901814860308056e-6 	 8.825040912201555e-6 	 1.0022112192645994e-7 	 -3.0882296737482265e-8 	 -1.5868333316175712e-7 	 1.6522134927765257e-7 	 5.501878389008985e-8 	 -5.103775283192619e-8 	 -1.492147760574275e-8 	 1.4753311409837373e-8 	 1.9526845718171183e-10 	 2.7866133588574e-10 	 1.1405750026249756e-9 	 -1.6394124906760743e-9 	 -6.590881684601869e-10 	 3.4282920154848833e-9 	 6.532871578957195e-11 	 2.0188050865833138e-10 	 
45.87509867339686 	 -0.00025086366118326156 	 -0.0002538747754312874 	 -3.728265333451072e-8 	 3.062063143417087e-6 	 -1.6153550968726723e-10 	 -1.2100958888307003e-10 	 0.00023514885977100956 	 -0.0002351637841782102 	 -8.850721841548887e-6 	 8.769329104756495e-6 	 1.0043169977639941e-7 	 -3.101781313556546e-8 	 -1.5976121602781906e-7 	 1.6637984585907673e-7 	 5.52939649457189e-8 	 -5.1282974540414076e-8 	 -1.5009030906185756e-8 	 1.4837888468123175e-8 	 1.9825563671580776e-10 	 2.8344175719631385e-10 	 1.154069141122497e-9 	 -1.6618348640705614e-9 	 -6.670172579982902e-10 	 3.4822491451304727e-9 	 6.656243643134833e-11 	 2.0535660099134006e-10 	 
46.68357654533621 	 -0.00024409274208090688 	 -0.00024709406102333835 	 -3.734968188900921e-8 	 3.057560999455281e-6 	 -1.644972074908264e-10 	 -1.231362594093538e-10 	 0.00023006137842023253 	 -0.00023007650099397733 	 -8.796136882987741e-6 	 8.709502046846171e-6 	 1.0062611611474926e-7 	 -3.114958508477164e-8 	 -1.608372417724598e-7 	 1.675350838405763e-7 	 5.555234016383456e-8 	 -5.151138744964112e-8 	 -1.5095158209997068e-8 	 1.492098662099265e-8 	 2.0129499445903526e-10 	 2.882808513390311e-10 	 1.167587684073708e-9 	 -1.684443155860732e-9 	 -6.748287214509914e-10 	 3.5369104490944503e-9 	 6.782146475902767e-11 	 2.088904287871997e-10 	 
47.50630259304667 	 -0.0002374650155779251 	 -0.0002404571589728919 	 -3.7410555664075965e-8 	 3.0535093579903264e-6 	 -1.675158491137763e-10 	 -1.2530010082178654e-10 	 0.00022503604608135815 	 -0.0002250513662185976 	 -8.737516396899665e-6 	 8.645815303045509e-6 	 1.0080418486395459e-7 	 -3.127753802162779e-8 	 -1.619096178261606e-7 	 1.686848099314353e-7 	 5.57943997892039e-8 	 -5.172315951062066e-8 	 -1.517981793219216e-8 	 1.5002563336627852e-8 	 2.0438984524504705e-10 	 2.9317658374763666e-10 	 1.1811243342825033e-9 	 -1.7072336505736854e-9 	 -6.825099424579864e-10 	 3.592278624460193e-9 	 6.910639131573087e-11 	 2.1248286748609156e-10 	 
48.34352791865465 	 -0.00023093684159371087 	 -0.0002339243121895383 	 -3.7465207343962975e-8 	 3.0499143925219755e-6 	 -1.70592618013869e-10 	 -1.2750175321079677e-10 	 0.00022007369208168479 	 -0.0002200892090919886 	 -8.674847904268858e-6 	 8.582133278783968e-6 	 1.0096572098836359e-7 	 -3.1401597817212146e-8 	 -1.6297612703447146e-7 	 1.698262794347102e-7 	 5.6021051801685386e-8 	 -5.1918795399873085e-8 	 -1.5262968731035354e-8 	 1.5082576309415882e-8 	 2.0754329957940767e-10 	 2.9812723440484285e-10 	 1.1946727971071395e-9 	 -1.7302026001246796e-9 	 -6.900481635878203e-10 	 3.648356065109781e-9 	 7.041782257707193e-11 	 2.1613480268882837e-10 	 
49.195508049574364 	 -0.00022448037434626928 	 -0.00022746464702917972 	 -3.75135743089773e-8 	 3.0467800705166796e-6 	 -1.7372872444765266e-10 	 -1.2974186734197193e-10 	 0.00021517365955480786 	 -0.0002151893725596066 	 -8.612595055075969e-6 	 8.519887737297416e-6 	 1.0111055170048972e-7 	 -3.1521692159197537e-8 	 -1.6403407864615177e-7 	 1.7095620280177765e-7 	 5.623368972868788e-8 	 -5.209919552026532e-8 	 -1.534456952399455e-8 	 1.516098347559907e-8 	 2.1075813758601958e-10 	 3.0313152655431563e-10 	 1.20822685221445e-9 	 -1.7533462965616464e-9 	 -6.974305685742737e-10 	 3.7051448520672474e-9 	 7.175638132791609e-11 	 2.1984713030002586e-10 	 
50.06250301649657 	 -0.00021810465906862202 	 -0.00022108632481675675 	 -3.755560240772733e-8 	 3.0441077801817174e-6 	 -1.7692540604657505e-10 	 -1.320211048332395e-10 	 0.00021033487565747539 	 -0.0002103507835482987 	 -8.551634604633803e-6 	 8.459069996988413e-6 	 1.0123852628809854e-7 	 -3.163775186162026e-8 	 -1.6508025429243446e-7 	 1.720706979207673e-7 	 5.643426230679273e-8 	 -5.226571918476817e-8 	 -1.542457957976882e-8 	 1.5237743104990377e-8 	 2.1403670824577496e-10 	 3.0818879549214156e-10 	 1.221780447854319e-9 	 -1.776661140400112e-9 	 -7.046443811197077e-10 	 3.762646744435292e-9 	 7.312270715227748e-11 	 2.236207565655484e-10 	 
50.94477743275206 	 -0.00021185012916305674 	 -0.0002148289903898188 	 -3.759124544829261e-8 	 3.041895889108735e-6 	 -1.8018392874446228e-10 	 -1.3434013834201345e-10 	 0.00020555731064998876 	 -0.00020557341215389559 	 -8.492155764446896e-6 	 8.399082217504972e-6 	 1.013495148137417e-7 	 -3.1749710825999574e-8 	 -1.6611086070676068e-7 	 1.7316523698545617e-7 	 5.6625348467584935e-8 	 -5.242025018531333e-8 	 -1.5502958614274517e-8 	 1.531281389664039e-8 	 2.1738076154323243e-10 	 3.132991320220168e-10 	 1.2353277874578314e-9 	 -1.8001437401264586e-9 	 -7.116769816054688e-10 	 3.820863172235772e-9 	 7.451745661795024e-11 	 2.274565982253478e-10 	 
51.8426005750735 	 -0.0002057498046760982 	 -0.00020872545370191422 	 -3.762046075770818e-8 	 3.040139257822104e-6 	 -1.83505587009744e-10 	 -1.366996517549504e-10 	 0.00020084242335662858 	 -0.0002008587171481982 	 -8.433585936265013e-6 	 8.339146789138945e-6 	 1.0144339658983311e-7 	 -3.185750473281427e-8 	 -1.6712147799134374e-7 	 1.7423458360252436e-7 	 5.6810249731114054e-8 	 -5.2565266149354686e-8 	 -1.5579666862963097e-8 	 1.5386155050831555e-8 	 2.20791307811865e-10 	 3.1846361321426396e-10 	 1.2488634601207076e-9 	 -1.8237910057085677e-9 	 -7.185160444830383e-10 	 3.879795230941189e-9 	 7.594130367321965e-11 	 2.3135558261103195e-10 	 
52.75624646578071 	 -0.0001997949425305678 	 -0.00020276685679516992 	 -3.764320507760022e-8 	 3.0388286783587626e-6 	 -1.8689170498641075e-10 	 -1.39100340386859e-10 	 0.0001961920743233863 	 -0.00019620855906955597 	 -8.375169912145785e-6 	 8.278402770280447e-6 	 1.0152004950907259e-7 	 -3.196106974135061e-8 	 -1.681070003162296e-7 	 1.752727067032486e-7 	 5.6993102766383386e-8 	 -5.2703921455515345e-8 	 -1.565466507855346e-8 	 1.5457726266484255e-8 	 2.2426840282876522e-10 	 3.236845045802134e-10 	 1.2623825587904435e-9 	 -1.8476002857875033e-9 	 -7.251496990094701e-10 	 3.9394436784061694e-9 	 7.739493999284725e-11 	 2.353186480422221e-10 	 
53.68599395641439 	 -0.00019394275569712538 	 -0.00019691032865802366 	 -3.7659435448089796e-8 	 3.037950257715695e-6 	 -1.9034363669169046e-10 	 -1.4154291118435766e-10 	 0.00019160694195905972 	 -0.00019162361623785722 	 -8.316080844598253e-6 	 8.215953010661641e-6 	 1.0157935233544845e-7 	 -3.206034274199904e-8 	 -1.690615569069399e-7 	 1.7627272612867422e-7 	 5.717897863653244e-8 	 -5.2840148619774176e-8 	 -1.5727914508957123e-8 	 1.5527487718751244e-8 	 2.2781094154061974e-10 	 3.2896554647087686e-10 	 1.2758808448128304e-9 	 -1.8715695001958576e-9 	 -7.315667158658816e-10 	 3.999808934758325e-9 	 7.887907532723736e-11 	 2.3934674408586154e-10 	 
54.63212681284355 	 -0.0001881621733182709 	 -0.0001911247400995942 	 -3.766911477102529e-8 	 3.037484708952105e-6 	 -1.93862767478747e-10 	 -1.4402808293645976e-10 	 0.00018708613222230157 	 -0.00018710299439131693 	 -8.255451653055392e-6 	 8.150890890626288e-6 	 1.016211991701201e-7 	 -3.215526314783846e-8 	 -1.6997844698755123e-7 	 1.7722708368182922e-7 	 5.737381329474787e-8 	 -5.297875562644587e-8 	 -1.5799376925500877e-8 	 1.5595400086901693e-8 	 2.3141641779603456e-10 	 3.343122300741462e-10 	 1.28935490980556e-9 	 -1.8956972996977717e-9 	 -7.377567225809428e-10 	 4.060891085694673e-9 	 8.039443773359807e-11 	 2.4344083206401634e-10 	 
55.59493380187314 	 -0.00018246815101405958 	 -0.0001854251056230041 	 -3.767221630209374e-8 	 3.0374065809930916e-6 	 -1.9745051356465877e-10 	 -1.4655658650430166e-10 	 0.00018262847532910976 	 -0.00018264552348814297 	 -8.192403063846736e-6 	 8.082420530067938e-6 	 1.0164551114959063e-7 	 -3.224577442784815e-8 	 -1.708502487846953e-7 	 1.7812880356511952e-7 	 5.758348791429668e-8 	 -5.312539988071816e-8 	 -1.5869014712051136e-8 	 1.5661424643097642e-8 	 2.3508065172928697e-10 	 3.397319395068039e-10 	 1.3028022607266271e-9 	 -1.9199832529126763e-9 	 -7.437104493897217e-10 	 4.122689890428315e-9 	 8.194177356832935e-11 	 2.47601885167624e-10 	 
56.5747087793777 	 -0.0001769045793164192 	 -0.00017985677903572473 	 -3.7668722014140224e-8 	 3.037683365283347e-6 	 -2.0110832407100573e-10 	 -1.4912916506066238e-10 	 0.00017823413987566678 	 -0.00017825137197596163 	 -8.126125990888785e-6 	 8.011226479322536e-6 	 1.0165223221991458e-7 	 -3.233182375833792e-8 	 -1.7166972224508446e-7 	 1.7897688837985708e-7 	 5.780961961646393e-8 	 -5.328596268419003e-8 	 -1.5936790995485058e-8 	 1.5725523382509043e-8 	 2.38797594482448e-10 	 3.452333318478394e-10 	 1.3162209827782838e-9 	 -1.9444279776455013e-9 	 -7.49419991884807e-10 	 4.185204794685341e-9 	 8.352184778228215e-11 	 2.5183088888957753e-10 	 
57.57175077998846 	 -0.0001714916365654897 	 -0.00017443939472986783 	 -3.7658616201430936e-8 	 3.0382756790620818e-6 	 -2.0483768080745e-10 	 -1.517465743219948e-10 	 0.0001739046528314424 	 -0.00017392206680747393 	 -8.056578999505474e-6 	 7.93676092115278e-6 	 1.0164131252259582e-7 	 -3.241336004576243e-8 	 -1.7243454083674596e-7 	 1.7977622341639028e-7 	 5.8049327481533156e-8 	 -5.3462992282861324e-8 	 -1.600266967977026e-8 	 1.5787659057034476e-8 	 2.425597586759841e-10 	 3.508246546052001e-10 	 1.3296087920709628e-9 	 -1.969032906921332e-9 	 -7.548790191868666e-10 	 4.248434959921961e-9 	 8.513544401778391e-11 	 2.561288412057292e-10 	 
58.58636410836086 	 -0.0001661933555046546 	 -0.00016914246006089688 	 -3.764188237769848e-8 	 3.039137349082736e-6 	 -2.086400995166824e-10 	 -1.5440958275310547e-10 	 0.0001696412186593183 	 -0.0001696588124167131 	 -7.984117756429111e-6 	 7.86490019809317e-6 	 1.0161270033016151e-7 	 -3.2490332955758846e-8 	 -1.7314907969312916e-7 	 1.8053269656931342e-7 	 5.829879076921279e-8 	 -5.3654112352022196e-8 	 -1.606661545301785e-8 	 1.584779518199056e-8 	 2.4635978605586083e-10 	 3.565128898341264e-10 	 1.3429625569064468e-9 	 -1.993799328942826e-9 	 -7.600828057759821e-10 	 4.312379337873627e-9 	 8.678336499602416e-11 	 2.604967525585072e-10 	 
59.618858432050686 	 -0.0001609688528726956 	 -0.0001639193525934813 	 -3.7618507633831643e-8 	 3.040218055613462e-6 	 -2.1251713059785328e-10 	 -1.5711897174861045e-10 	 0.00016544334113315363 	 -0.0001654611123882713 	 -7.91346150476032e-6 	 7.794674915924282e-6 	 1.0156635336281183e-7 	 -3.256269423599243e-8 	 -1.7381920767745744e-7 	 1.8125201083637616e-7 	 5.855412536631925e-8 	 -5.385569335525541e-8 	 -1.6128593745027252e-8 	 1.5905895993290242e-8 	 2.501914548022979e-10 	 3.6230363619752766e-10 	 1.3562782210326855e-9 	 -2.0187277664304252e-9 	 -7.650280783212493e-10 	 4.377036770979048e-9 	 8.846643306560547e-11 	 2.649356457147585e-10 	 
60.66954887602675 	 -0.0001558183546539359 	 -0.00015876962193296342 	 -3.758849017414629e-8 	 3.0414712995370127e-6 	 -2.164703595945767e-10 	 -1.5987553578872032e-10 	 0.00016130955291892272 	 -0.00016132749908860525 	 -7.844579935037863e-6 	 7.725425082479519e-6 	 1.0150225840577802e-7 	 -3.263040024568014e-8 	 -1.7445071352709415e-7 	 1.8193943523498689e-7 	 5.881157177630062e-8 	 -5.4063978763074624e-8 	 -1.618857084441289e-8 	 1.5961926564186796e-8 	 2.540498891999754e-10 	 3.6820108559808064e-10 	 1.3695507885380862e-9 	 -2.0438178385905057e-9 	 -7.697128154151527e-10 	 4.442406044145056e-9 	 9.018549096780626e-11 	 2.6944655552670895e-10 	 
61.738756118849636 	 -0.00015078502606744132 	 -0.0001537360660009473 	 -3.755183978030094e-8 	 3.0428204648481464e-6 	 -2.2050140860078684e-10 	 -1.6268008258789356e-10 	 0.00015723940318294747 	 -0.00015725752147639473 	 -7.776908850638414e-6 	 7.656296114070278e-6 	 1.0142043253760929e-7 	 -3.269341222223901e-8 	 -1.750489831608166e-7 	 1.8259977614773892e-7 	 5.906752169402233e-8 	 -5.427532145721093e-8 	 -1.624651399197224e-8 	 1.6015852898253227e-8 	 2.579315492528267e-10 	 3.742080627240533e-10 	 1.3827743386885658e-9 	 -2.0690682533620504e-9 	 -7.741360417564104e-10 	 4.508485912440139e-9 	 9.194140270697048e-11 	 2.740305286647807e-10 	 
62.826806490544975 	 -0.00014589760396109774 	 -0.00014884725313408096 	 -3.7508570956878467e-8 	 3.0442320786163767e-6 	 -2.2461193632579265e-10 	 -1.6553343324554242e-10 	 0.0001532340050071016 	 -0.00015325229260097764 	 -7.709653206573268e-6 	 7.586358400471837e-6 	 1.0132090534434107e-7 	 -3.275169428918965e-8 	 -1.7561895437763368e-7 	 1.832373577825216e-7 	 5.9318539512456335e-8 	 -5.448622053683341e-8 	 -1.6302391515247046e-8 	 1.6067642063544405e-8 	 2.6183421417817856e-10 	 3.803260646249067e-10 	 1.39594204480457e-9 	 -2.0944768052881605e-9 	 -7.782976278789253e-10 	 4.575275118827114e-9 	 9.37350542798097e-11 	 2.7868862328376786e-10 	 
63.93403207220191 	 -0.00014112251861336567 	 -0.0001440694718697392 	 -3.745869774251709e-8 	 3.0456423538942054e-6 	 -2.288036398013743e-10 	 -1.6843642239512433e-10 	 0.00014929431695025113 	 -0.00014931277098993332 	 -7.641927945980198e-6 	 7.514649418586112e-6 	 1.0120370541483225e-7 	 -3.280521173450272e-8 	 -1.7616510341007363e-7 	 1.8385597557128155e-7 	 5.95614084384097e-8 	 -5.469333793839517e-8 	 -1.635617276470473e-8 	 1.611726212839623e-8 	 2.657569284757744e-10 	 3.865553384696977e-10 	 1.4090462109154545e-9 	 -2.1200403970924082e-9 	 -7.82198099475289e-10 	 4.642772410324259e-9 	 9.556735451160754e-11 	 2.8342190889930997e-10 	 
65.0607707973267 	 -0.00013641341758720326 	 -0.00013935631417259274 	 -3.740223951932312e-8 	 3.046995846849566e-6 	 -2.3307825432827627e-10 	 -1.7138989835456913e-10 	 0.00014541948285657724 	 -0.00014543810025031585 	 -7.572810862959575e-6 	 7.440247089922144e-6 	 1.0106887545266972e-7 	 -3.285393291037121e-8 	 -1.7669140496339154e-7 	 1.844588566477881e-7 	 5.979317460305831e-8 	 -5.4893536841780006e-8 	 -1.6407828163600697e-8 	 1.616468221091674e-8 	 2.696999372916777e-10 	 3.928949641247672e-10 	 1.42207831395995e-9 	 -2.1457550601814484e-9 	 -7.858384501422647e-10 	 4.710976545279606e-9 	 9.743923598463596e-11 	 2.882314663742072e-10 	 
66.20736655498246 	 -0.0001317737177860527 	 -0.0001347116932512056 	 -3.733922969375325e-8 	 3.048245242254381e-6 	 -2.374375552793482e-10 	 -1.7439472327359645e-10 	 0.0001416078082633487 	 -0.00014162658556289678 	 -7.501385235940189e-6 	 7.362778451325656e-6 	 1.0091649485533973e-7 	 -3.2897832031040456e-8 	 -1.7720129496829067e-7 	 1.8504865019730373e-7 	 6.00111726865604e-8 	 -5.508392201504672e-8 	 -1.6457329252340233e-8 	 1.620987252294715e-8 	 2.7366461420192596e-10 	 3.9934296928430807e-10 	 1.4350290653153812e-9 	 -2.1716159909115987e-9 	 -7.892199629009272e-10 	 4.779886299485683e-9 	 9.93516559084844e-11 	 2.9311838757917377e-10 	 
67.37416929474684 	 -0.0001272512831831574 	 -0.000130185082667535 	 -3.72697155713684e-8 	 3.049335895417582e-6 	 -2.418833581685059e-10 	 -1.774517732919511e-10 	 0.00013785887809547993 	 -0.00013787781164044678 	 -7.426897085358456e-6 	 7.283154007300435e-6 	 1.007466794421765e-7 	 -3.293688942649125e-8 	 -1.7769765791630124e-7 	 1.8562742588331053e-7 	 6.021304686362657e-8 	 -5.526186430626401e-8 	 -1.6504648916020685e-8 	 1.6252804597171394e-8 	 2.776533681991687e-10 	 4.0589643075228006e-10 	 1.447888464278201e-9 	 -2.197617594822085e-9 	 -7.923440385465201e-10 	 4.84950046463862e-9 	 1.013055968782343e-10 	 2.9808377514748417e-10 	 
68.5615351335191 	 -0.00012284835061602328 	 -0.00012578255130093422 	 -3.719374899411856e-8 	 3.0502222144055754e-6 	 -2.4641752019272655e-10 	 -1.8056193869781123e-10 	 0.00013417359751640538 	 -0.00013419268361122467 	 -7.349513855264987e-6 	 7.205419243837325e-6 	 1.0055955712306723e-7 	 -3.2971088618589676e-8 	 -1.781828271552021e-7 	 1.861966514552814e-7 	 6.039679140886289e-8 	 -5.542501900774883e-8 	 -1.654976141163811e-8 	 1.6293451313894572e-8 	 2.8166950685748947e-10 	 4.1255164061917525e-10 	 1.460645885716406e-9 	 -2.2237535590050217e-9 	 -7.952120364006539e-10 	 4.91981784898602e-9 	 1.0330206791938423e-10 	 3.0312874270482295e-10 	 
69.76982646420971 	 -0.00011851897732838122 	 -0.00012145440668835489 	 -3.711138506603637e-8 	 3.050863709011742e-6 	 -2.5104194088263124e-10 	 -1.8372612408474699e-10 	 0.0001305518201054885 	 -0.00013057105489173022 	 -7.272881195584789e-6 	 7.129510857992738e-6 	 1.0035526459668753e-7 	 -3.300041599068941e-8 	 -1.7865857040463607e-7 	 1.8675714409535987e-7 	 6.056081558972974e-8 	 -5.5571357794661906e-8 	 -1.6592642423584987e-8 	 1.6331786956102804e-8 	 2.8571708914381925e-10 	 4.1930428545244717e-10 	 1.473290183225943e-9 	 -2.2500169244664407e-9 	 -7.978251192798637e-10 	 4.990837268900729e-9 	 1.0534210514056715e-10 	 3.082544142852649e-10 	 
70.99941206634539 	 -0.00011423387785845845 	 -0.00011716937259754065 	 -3.702269254624224e-8 	 3.051210593249662e-6 	 -2.5575856293963467e-10 	 -1.8694524849970126e-10 	 0.00012699164754579866 	 -0.00012701102674579818 	 -7.1982251456952675e-6 	 7.0547138752824025e-6 	 1.0013397437528946e-7 	 -3.302486409044032e-8 	 -1.7912604991948418e-7 	 1.873090100682105e-7 	 6.070402143842e-8 	 -5.569921963242099e-8 	 -1.663326907929245e-8 	 1.636778722466174e-8 	 2.898008174382598e-10 	 4.2614963272948817e-10 	 1.4858097826113773e-9 	 -2.2764001488074365e-9 	 -8.001841035053662e-10 	 5.062557540088262e-9 	 1.0742677274334041e-10 	 3.134619243604677e-10 	 
72.25066721862329 	 -0.00011003471383621305 	 -0.000112968608796448 	 -3.692776119524158e-8 	 3.0512358786256986e-6 	 -2.6056937366216416e-10 	 -1.9022024559134025e-10 	 0.0001234915099537639 	 -0.0001235110288867039 	 -7.125104535986169e-6 	 6.9801121878255e-6 	 9.98959139470714e-8 	 -3.3044434278552695e-8 	 -1.795857744067599e-7 	 1.8785158228379058e-7 	 6.082588798835791e-8 	 -5.580737518911744e-8 	 -1.6671620205077794e-8 	 1.640142949369112e-8 	 2.939257978387322e-10 	 4.3308277964026654e-10 	 1.498192823749331e-9 	 -2.302895236413191e-9 	 -8.022893188511231e-10 	 5.13497746348649e-9 	 1.0955716402079153e-10 	 3.1875241756370513e-10 	 
73.52397381344888 	 -0.00010595159816391669 	 -0.0001088820439877649 	 -3.682669353879657e-8 	 3.050903864250031e-6 	 -2.6547640539063383e-10 	 -1.9355206376887966e-10 	 0.000120051650738118 	 -0.00012007130457933515 	 -7.052696307838066e-6 	 6.904734382112862e-6 	 9.964134439944258e-8 	 -3.30591343071586e-8 	 -1.8003754024042155e-7 	 1.8838334327537205e-7 	 6.092657176621031e-8 	 -5.5895099411413114e-8 	 -1.6707676466023974e-8 	 1.6432692949969305e-8 	 2.980973593478503e-10 	 4.400989566972102e-10 	 1.5104273259091977e-9 	 -2.329493844941762e-9 	 -8.04140477050796e-10 	 5.208095811522889e-9 	 1.1173440201565923e-10 	 3.241270490150007e-10 	 
74.81972047349241 	 -0.0001019451273353608 	 -0.00010487016507625913 	 -3.671959843348596e-8 	 3.0501848087176647e-6 	 -2.704817371966498e-10 	 -1.9694166635401737e-10 	 0.00011667203553821182 	 -0.00011669181928329889 	 -6.980088283238643e-6 	 6.827588494426231e-6 	 9.937054371382258e-8 	 -3.3068976410359937e-8 	 -1.8048035986333467e-7 	 1.8890180957682044e-7 	 6.100703995190013e-8 	 -5.596225721114616e-8 	 -1.6741420462195676e-8 	 1.646155868866635e-8 	 3.0232080744368164e-10 	 4.471938149468332e-10 	 1.5225013425223562e-9 	 -2.3561874237394528e-9 	 -8.057365420017584e-10 	 5.2819113091058825e-9 	 1.1395964035923404e-10 	 3.2958698439649994e-10 	 
76.13830267029941 	 -9.797420178882948e-5 	 -0.00010089193803138733 	 -3.6606600521324456e-8 	 3.04905465476099e-6 	 -2.7558749486463865e-10 	 -2.0039003173492983e-10 	 0.00011335081685806471 	 -0.00011337072502027589 	 -6.906336360324411e-6 	 6.747819704757378e-6 	 9.908383136268995e-8 	 -3.307398035564666e-8 	 -1.8091236918176995e-7 	 1.89403378855921e-7 	 6.106924246476697e-8 	 -5.600940777567697e-8 	 -1.67728367787662e-8 	 1.648800976298181e-8 	 3.0660114402955697e-10 	 4.543638532169568e-10 	 1.5344031889829324e-9 	 -2.3829673825369307e-9 	 -8.070756096312631e-10 	 5.356422610500385e-9 	 1.162340641578162e-10 	 3.351333997968575e-10 	 
77.48012284499157 	 -9.407833609971549e-5 	 -9.698811474549255e-5 	 -3.6487850606772813e-8 	 3.0474919068915506e-6 	 -2.807958535909526e-10 	 -2.0389815352334366e-10 	 0.00011008619382055606 	 -0.000110106220400053 	 -6.830516781549071e-6 	 6.665762638688218e-6 	 9.878159535489569e-8 	 -3.3074177053703824e-8 	 -1.8133070618636693e-7 	 1.898831655697569e-7 	 6.111629835980423e-8 	 -5.603793522651101e-8 	 -1.6801912244019865e-8 	 1.6512031441625825e-8 	 3.1094272560800107e-10 	 4.6160686740399636e-10 	 1.5461216899655092e-9 	 -2.409825295540573e-9 	 -8.08154795304049e-10 	 5.431628277045486e-9 	 1.185588904567997e-10 	 3.407674821151199e-10 	 
78.84559053109479 	 -9.02978022986997e-5 	 -9.32032621621424e-5 	 -3.636351638004838e-8 	 3.0454792003257518e-6 	 -2.8610903715399905e-10 	 -2.0746704071270252e-10 	 0.00010687852090241807 	 -0.00010689865974017379 	 -6.751895248493483e-6 	 6.58499508657334e-6 	 9.846426817733075e-8 	 -3.306960592514109e-8 	 -1.817313581389857e-7 	 1.90334861045434e-7 	 6.115267373284542e-8 	 -5.60502060491311e-8 	 -1.682863616084733e-8 	 1.6533611439780978e-8 	 3.1534888784078896e-10 	 4.689224847732101e-10 	 1.5576464637141748e-9 	 -2.4367531297550925e-9 	 -8.089701258640943e-10 	 5.507526750439215e-9 	 1.209353690128561e-10 	 3.464904292687047e-10 	 
80.2351224795317 	 -8.660946668674461e-5 	 -8.951324790470858e-5 	 -3.6233770839970874e-8 	 3.04299391921021e-6 	 -2.915293205728371e-10 	 -2.1109771782073395e-10 	 0.0001037284084029067 	 -0.00010374865324318906 	 -6.672360593008263e-6 	 6.506429558558252e-6 	 9.813229671064515e-8 	 -3.3060311326962205e-8 	 -1.8210900504771853e-7 	 1.9075057584774967e-7 	 6.118438302056926e-8 	 -5.604973461822979e-8 	 -1.685300037232334e-8 	 1.655273998414768e-8 	 3.198215262663134e-10 	 4.76312783187368e-10 	 1.568968251212419e-9 	 -2.4637435099993595e-9 	 -8.095164403784246e-10 	 5.584116322881889e-9 	 1.2336478293868552e-10 	 3.523034505129583e-10 	 
81.64914278581742 	 -8.301226171849857e-5 	 -8.591342744089242e-5 	 -3.609879716135867e-8 	 3.040053581872446e-6 	 -2.970590310406566e-10 	 -2.1479122505205568e-10 	 0.00010063551780261445 	 -0.00010065586212943215 	 -6.594865175855768e-6 	 6.429423316613031e-6 	 9.778615489408089e-8 	 -3.304634412575417e-8 	 -1.8245688661269828e-7 	 1.9112068010837735e-7 	 6.121920312999341e-8 	 -5.604134074468536e-8 	 -1.6874999288351244e-8 	 1.656940983904782e-8 	 3.243605509219985e-10 	 4.83782996273736e-10 	 1.5800792893880436e-9 	 -2.490790057277537e-9 	 -8.097873015126372e-10 	 5.6613951050058005e-9 	 1.2584844890577225e-10 	 3.582077675753362e-10 	 
83.08808301949652 	 -7.960265907062471e-5 	 -8.249921385010006e-5 	 -3.595878708581732e-8 	 3.036624200549539e-6 	 -3.0270054799847833e-10 	 -2.185486184560044e-10 	 9.760123634933538e-5 	 -9.762167373538255e-5 	 -6.519535507219525e-6 	 6.353077590640901e-6 	 9.742633956089758e-8 	 -3.302776127607809e-8 	 -1.8276664268270814e-7 	 1.9143462369677905e-7 	 6.126613398270701e-8 	 -5.603133180130069e-8 	 -1.689462995341996e-8 	 1.658361637362229e-8 	 3.289633153622118e-10 	 4.913422355844569e-10 	 1.5909736944584138e-9 	 -2.517887754039783e-9 	 -8.097749114660733e-10 	 5.73936099034457e-9 	 1.28387717367636e-10 	 3.642046157540303e-10 	 
84.55238235586127 	 -7.64797015655693e-5 	 -7.936943336738834e-5 	 -3.581390945238634e-8 	 3.032711641267742e-6 	 -3.084563059889409e-10 	 -2.2237097010089554e-10 	 9.463093808021345e-5 	 -9.465146307342391e-5 	 -6.445656289168709e-6 	 6.276452761552539e-6 	 9.705328857574925e-8 	 -3.30046157259795e-8 	 -1.830282336817513e-7 	 1.9168896590669728e-7 	 6.132912347023859e-8 	 -5.602763720447331e-8 	 -1.691189192800286e-8 	 1.6595357442679464e-8 	 3.3362392040035466e-10 	 4.990028286963926e-10 	 1.6016470987598528e-9 	 -2.5450333934305763e-9 	 -8.094700425876815e-10 	 5.818011622429719e-9 	 1.309839724370594e-10 	 3.7029524452207197e-10 	 
86.04248770999126 	 -7.370636752327248e-5 	 -7.65869803012988e-5 	 -3.566427175588848e-8 	 3.028315983972904e-6 	 -3.1432879405874125e-10 	 -2.262593682300391e-10 	 9.173237715503729e-5 	 -9.175298597184243e-5 	 -6.372379969979775e-6 	 6.198614079742316e-6 	 9.666728069814013e-8 	 -3.2976943422047126e-8 	 -1.8323164211388478e-7 	 1.9189143630858954e-7 	 6.140341647493967e-8 	 -5.603861246379204e-8 	 -1.6926786626919602e-8 	 1.6604632724546035e-8 	 3.383326832842652e-10 	 5.067762863258085e-10 	 1.6120944772389318e-9 	 -2.5722259361756368e-9 	 -8.08861977715518e-10 	 5.8973443515945e-9 	 1.3363863187943856e-10 	 3.764809181622758e-10 	 
87.5588538731551 	 -7.14365535485968e-5 	 -7.430594947081824e-5 	 -3.550988438836854e-8 	 3.0234404882519957e-6 	 -3.203205595832787e-10 	 -2.3021491743173784e-10 	 8.89165659601433e-5 	 -8.893725748511434e-5 	 -6.2988436577317365e-6 	 6.118894569187438e-6 	 9.626834231425003e-8 	 -3.294475066156302e-8 	 -1.8337664417399303e-7 	 1.9205114425201647e-7 	 6.148278513722888e-8 	 -5.606566121751421e-8 	 -1.6939316268874378e-8 	 1.6611442670058318e-8 	 3.430775164560469e-10 	 5.146708487164325e-10 	 1.6223088183383003e-9 	 -2.599465680523244e-9 	 -8.079384648092074e-10 	 5.977356198160891e-9 	 1.363531466716413e-10 	 3.8276291555337663e-10 	 
89.10194365161628 	 -6.990310110351369e-5 	 -7.276141411627597e-5 	 -3.535058906388702e-8 	 3.01808972287274e-6 	 -3.2643420637223747e-10 	 -2.342387388381923e-10 	 8.620149602958832e-5 	 -8.622227383986985e-5 	 -6.2242080334645775e-6 	 6.0386881134687504e-6 	 9.585606083166686e-8 	 -3.2907989224384334e-8 	 -1.834718397890885e-7 	 1.9217614179040747e-7 	 6.156137145888696e-8 	 -5.6103465780065466e-8 	 -1.6949482123009208e-8 	 1.661578674871212e-8 	 3.47847996065622e-10 	 5.226913512456277e-10 	 1.6322810256675232e-9 	 -2.626751758215664e-9 	 -8.06685685998906e-10 	 6.0580438031552245e-9 	 1.3912900165780277e-10 	 3.891425292730017e-10 	 
90.67222800788498 	 -6.925446789328686e-5 	 -7.21049939272003e-5 	 -3.518595219569976e-8 	 3.0122806110921835e-6 	 -3.3267239885050225e-10 	 -2.3833197031954843e-10 	 8.361164026926343e-5 	 -8.363251486639965e-5 	 -6.148658315212194e-6 	 5.961333936709219e-6 	 9.54293066204836e-8 	 -3.286651900513794e-8 	 -1.8352606640505873e-7 	 1.9227323947233287e-7 	 6.163383793320171e-8 	 -5.614612171217142e-8 	 -1.6957281647134463e-8 	 1.6617660586740104e-8 	 3.5263689756232916e-10 	 5.308394833837303e-10 	 1.642000020128983e-9 	 -2.6540811393565884e-9 	 -8.05088248291687e-10 	 6.139403387197607e-9 	 1.4196771681112294e-10 	 3.9562106461816253e-10 	 
92.27018620445939 	 -6.955463585028164e-5 	 -7.240087921378043e-5 	 -3.5015174692196e-8 	 3.0060004299720002e-6 	 -3.390378604361542e-10 	 -2.4249576667355744e-10 	 8.117365385858466e-5 	 -8.11946441650452e-5 	 -6.071985365734772e-6 	 5.886854909930644e-6 	 9.498599728526109e-8 	 -3.2820074122162357e-8 	 -1.8354705380004435e-7 	 1.923479192774725e-7 	 6.1695451341443e-8 	 -5.618811409591138e-8 	 -1.6962704295711056e-8 	 1.6617051775211904e-8 	 3.5744013496653485e-10 	 5.391141272420941e-10 	 1.6514528832989883e-9 	 -2.681448594755085e-9 	 -8.031291924789534e-10 	 6.221430698820768e-9 	 1.448708492117648e-10 	 4.02199838899083e-10 	 
93.89630595010014 	 -7.081738837703145e-5 	 -7.365693813200535e-5 	 -3.483702863802907e-8 	 2.9992600309323955e-6 	 -3.4553337774891746e-10 	 -2.467312998264222e-10 	 7.891417686727955e-5 	 -7.893531133463439e-5 	 -5.999295249341345e-6 	 5.814443531368875e-6 	 9.452293161591587e-8 	 -3.276823646167292e-8 	 -1.8354132596894868e-7 	 1.9240425538153345e-7 	 6.174217228589117e-8 	 -5.6224400097140143e-8 	 -1.6965726504894982e-8 	 1.6613934855447655e-8 	 3.622564212267098e-10 	 5.475118096487271e-10 	 1.6606250498497358e-9 	 -2.70884681228649e-9 	 -8.007900337754844e-10 	 6.304120967595851e-9 	 1.4783999472784239e-10 	 4.0888018128696794e-10 	 
95.55108354868277 	 -7.281860434731764e-5 	 -7.564908489016736e-5 	 -3.464982385411733e-8 	 2.9921400418324657e-6 	 -3.521617968175753e-10 	 -2.5103975908637494e-10 	 7.685471940258125e-5 	 -7.687603584214296e-5 	 -5.929651819336094e-6 	 5.743131237033258e-6 	 9.403570107045969e-8 	 -3.271041790107558e-8 	 -1.835141145738187e-7 	 1.9244490606968686e-7 	 6.177069756118763e-8 	 -5.625048988281816e-8 	 -1.6966306086584538e-8 	 1.6608265713696833e-8 	 3.670869273532154e-10 	 5.560271653810929e-10 	 1.669500512523214e-9 	 -2.7362665306403033e-9 	 -7.980508221380317e-10 	 6.387468846999178e-9 	 1.5087678952589957e-10 	 4.156634320979124e-10 	 
97.23502405067315 	 -7.50845294687894e-5 	 -7.790328439131336e-5 	 -3.445147587893493e-8 	 2.9845555345965992e-6 	 -3.5892602797377473e-10 	 -2.5542235138062706e-10 	 7.500193502682438e-5 	 -7.502347759145017e-5 	 -5.862160176646007e-6 	 5.671837507152635e-6 	 9.351886512029175e-8 	 -3.264587499915372e-8 	 -1.8346930840547588e-7 	 1.92471077617476e-7 	 6.177853494526172e-8 	 -5.6262513011480214e-8 	 -1.6964376948712142e-8 	 1.659997630222366e-8 	 3.7193482539012166e-10 	 5.646535367057767e-10 	 1.6780620962864948e-9 	 -2.7636967360737784e-9 	 -7.948902568732542e-10 	 6.471468364085754e-9 	 1.5398291185163463e-10 	 4.2255094298206433e-10 	 
98.9486414072729 	 -7.710221919983323e-5 	 -7.990669891729993e-5 	 -3.423969599555493e-8 	 2.9766295393024616e-6 	 -3.6582904346293237e-10 	 -2.598803015572721e-10 	 7.334320168585028e-5 	 -7.336501592809837e-5 	 -5.795740252096298e-6 	 5.599471531588154e-6 	 9.29664445444525e-8 	 -3.2573764681466966e-8 	 -1.834094542413934e-7 	 1.9248242156579636e-7 	 6.176414126894257e-8 	 -5.625725424007426e-8 	 -1.6959845705078885e-8 	 1.6588971249852996e-8 	 3.7680486396558577e-10 	 5.733835624623979e-10 	 1.686291757221567e-9 	 -2.791124876921386e-9 	 -7.912858213456775e-10 	 6.556112854939118e-9 	 1.571600834543017e-10 	 4.295440762518647e-10 	 
100.69245862728103 	 -7.83574068411021e-5 	 -8.114670827772911e-5 	 -3.401223572169875e-8 	 2.9683043806531685e-6 	 -3.728738775448908e-10 	 -2.644148526893921e-10 	 7.184773075679475e-5 	 -7.186985806476698e-5 	 -5.7291677489809535e-6 	 5.526512924582875e-6 	 9.237255721002093e-8 	 -3.249322100275661e-8 	 -1.8333572013233824e-7 	 1.9247691814649602e-7 	 6.172708798613645e-8 	 -5.623222733688948e-8 	 -1.6952591292294548e-8 	 1.6575127479298287e-8 	 3.8170287689450905e-10 	 5.8220985472632e-10 	 1.694170955775355e-9 	 -2.8185371418475895e-9 	 -7.872139951103344e-10 	 6.641394912599581e-9 	 1.604100705740354e-10 	 4.3664420478437787e-10 	 
102.46700793672014 	 -7.839572081186068e-5 	 -8.117307412349664e-5 	 -3.376716149155817e-8 	 2.959609328836198e-6 	 -3.8006362778045875e-10 	 -2.690272664372402e-10 	 7.04681238050379e-5 	 -7.049059532067447e-5 	 -5.661182639131129e-6 	 5.455798716856665e-6 	 9.173213335834033e-8 	 -3.240344593645178e-8 	 -1.832478141444194e-7 	 1.9245072592236003e-7 	 6.166827018339114e-8 	 -5.6185792137558817e-8 	 -1.6942468073820775e-8 	 1.655829731107879e-8 	 3.866353250186565e-10 	 5.911257471822236e-10 	 1.7016811009108479e-9 	 -2.84591877439543e-9 	 -7.826504984644727e-10 	 6.727306314709992e-9 	 1.6373468553259988e-10 	 4.4385271314123275e-10 	 
104.27283094127554 	 -7.706007806755788e-5 	 -7.982857487717236e-5 	 -3.3503118153434165e-8 	 2.9505792409065254e-6 	 -3.8740145182919016e-10 	 -2.737188234733536e-10 	 6.914813517779944e-5 	 -6.917096717941187e-5 	 -5.591663845645264e-6 	 5.387022026230274e-6 	 9.10416027868248e-8 	 -3.230380110855594e-8 	 -1.8314388415775723e-7 	 1.9239793353428003e-7 	 6.15902155467432e-8 	 -5.6117299744452736e-8 	 -1.6929312424986032e-8 	 1.6538315047749904e-8 	 3.9160879492288853e-10 	 6.001261475809938e-10 	 1.7088040780098249e-9 	 -2.8732544558614187e-9 	 -7.775706383904982e-10 	 6.8138379727706555e-9 	 1.6713578747505175e-10 	 4.5117099773561516e-10 	 
106.11047879159794 	 -7.443227464366941e-5 	 -7.719084242285368e-5 	 -3.321947464123788e-8 	 2.9412261519952442e-6 	 -3.948905707706498e-10 	 -2.784908239756213e-10 	 6.783428596439602e-5 	 -6.785747841855205e-5 	 -5.523429067935884e-6 	 5.318809399578163e-6 	 9.029927629845278e-8 	 -3.219386581232162e-8 	 -1.830203821918167e-7 	 1.9231027056674634e-7 	 6.149745351402492e-8 	 -5.602727889775289e-8 	 -1.6912952052328033e-8 	 1.6515006291777513e-8 	 3.9662941059464346e-10 	 6.09208584363953e-10 	 1.7155229129987432e-9 	 -2.900528780172492e-9 	 -7.71949711194988e-10 	 6.900979853788164e-9 	 1.7061528363966582e-10 	 4.5860046797820124e-10 	 
107.98051235151794 	 -7.069214984475696e-5 	 -7.343820483390484e-5 	 -3.29163514898513e-8 	 2.9315665519198692e-6 	 -4.025342650625566e-10 	 -2.833445881799903e-10 	 6.648098081308089e-5 	 -6.65045176289561e-5 	 -5.456572031906213e-6 	 5.2497109320042514e-6 	 8.950541999225638e-8 	 -3.207345850487439e-8 	 -1.8287185947287964e-7 	 1.9217686276057364e-7 	 6.139688027887618e-8 	 -5.591769103704769e-8 	 -1.6893215951217626e-8 	 1.6488197901269878e-8 	 4.017021406826479e-10 	 6.183744480585507e-10 	 1.7218225290790866e-9 	 -2.9277268043914005e-9 	 -7.657635402303343e-10 	 6.98872093165061e-9 	 1.741751292164073e-10 	 4.66142547243761e-10 	 
109.8835023692267 	 -6.620655373150826e-5 	 -6.893733901483184e-5 	 -3.2594572912372484e-8 	 2.9216143774388813e-6 	 -4.103358787434507e-10 	 -2.8828145702772174e-10 	 6.505565002494032e-5 	 -6.50795014002696e-5 	 -5.38988733357976e-6 	 5.178319311649009e-6 	 8.866213327037486e-8 	 -3.194263424365618e-8 	 -1.826906918383213e-7 	 1.9198405952843197e-7 	 6.129811191702389e-8 	 -5.5792261108516675e-8 	 -1.686994419250282e-8 	 1.6457727774396848e-8 	 4.068299021960885e-10 	 6.276304889456908e-10 	 1.7276906393831073e-9 	 -2.9548347470448605e-9 	 -7.589891081689819e-10 	 7.077049107203205e-9 	 1.778173276794269e-10 	 4.737986754679237e-10 	 
111.82002965147176 	 -6.132730782909479e-5 	 -6.403792496078151e-5 	 -3.2255510903975065e-8 	 2.911380231418881e-6 	 -4.182988154563199e-10 	 -2.933027929639465e-10 	 6.35418826024198e-5 	 -6.3566009152479e-5 	 -5.322119869322228e-6 	 5.1012145664129625e-6 	 8.777294543819156e-8 	 -3.180164557372533e-8 	 -1.8246682986953181e-7 	 1.9171992222197026e-7 	 6.121009125592712e-8 	 -5.56568145657063e-8 	 -1.6842995824047463e-8 	 1.6423452748692028e-8 	 4.1201240943252467e-10 	 6.369898953460919e-10 	 1.733118400435435e-9 	 -2.981840831583138e-9 	 -7.516053656746308e-10 	 7.165951166478908e-9 	 1.8154393020902969e-10 	 4.81570312255941e-10 	 
113.79068524082398 	 -5.630394851442212e-5 	 -5.899914645921121e-5 	 -3.1900909783016926e-8 	 2.900887295907722e-6 	 -4.2642654620595335e-10 	 -2.9840998083006977e-10 	 6.193518773857634e-5 	 -6.195954392153828e-5 	 -5.252078528323543e-6 	 5.026815786783338e-6 	 8.684236079035762e-8 	 -3.1650894374099006e-8 	 -1.8218755570660456e-7 	 1.9138936908292803e-7 	 6.112896688073896e-8 	 -5.5519635785509764e-8 	 -1.6812254549968547e-8 	 1.6385254278164537e-8 	 4.172448115528512e-10 	 6.464677485714278e-10 	 1.7380981851944492e-9 	 -3.0087362640196664e-9 	 -7.435940827056158e-10 	 7.255412705643633e-9 	 1.85357034790303e-10 	 4.89458938538995e-10 	 
115.79607059606842 	 -5.141453292025586e-5 	 -5.409553120503053e-5 	 -3.153273415375036e-8 	 2.8900814463408112e-6 	 -4.347226009614415e-10 	 -3.0360442881868197e-10 	 6.024129910357607e-5 	 -6.026583670152026e-5 	 -5.178704718603436e-6 	 4.9505774945846395e-6 	 8.587546392475103e-8 	 -3.149088771996828e-8 	 -1.818388360055193e-7 	 1.9100403129576272e-7 	 6.104530574587724e-8 	 -5.5390661983241315e-8 	 -1.6777631774147054e-8 	 1.6343041475022045e-8 	 4.225162329340642e-10 	 6.560740071080205e-10 	 1.7426200888698218e-9 	 -3.0355162615929064e-9 	 -7.349404556974294e-10 	 7.345418168609356e-9 	 1.8925878422838813e-10 	 4.974660573843573e-10 	 
117.83679777577332 	 -4.678940132539146e-5 	 -4.945904275158088e-5 	 -3.115300675624663e-8 	 2.8790246560502993e-6 	 -4.4319057859565985e-10 	 -3.08887569059056e-10 	 5.847374127914377e-5 	 -5.849841257074057e-5 	 -5.102197283849556e-6 	 4.874255918454342e-6 	 8.487749822328242e-8 	 -3.132218829419928e-8 	 -1.8141893907968863e-7 	 1.9057382844413742e-7 	 6.095071338337076e-8 	 -5.5271364257439666e-8 	 -1.6739067893430917e-8 	 1.629675240140977e-8 	 4.27811394912657e-10 	 6.658126653795681e-10 	 1.7466715822790877e-9 	 -3.062179178168442e-9 	 -7.25633062873207e-10 	 7.435951148648215e-9 	 1.9325136456751827e-10 	 5.05593192856649e-10 	 
119.91348962509578 	 -4.250300191729616e-5 	 -4.516005694684278e-5 	 -3.07637090678495e-8 	 2.867681434494742e-6 	 -4.5183414526361423e-10 	 -3.142608577397732e-10 	 5.664793644147666e-5 	 -5.667269546129546e-5 	 -5.025639288691184e-6 	 4.796898765262854e-6 	 8.385360699439076e-8 	 -3.114538164665213e-8 	 -1.809389915822583e-7 	 1.901065020720231e-7 	 6.083831957606405e-8 	 -5.515376180568459e-8 	 -1.6696531265354412e-8 	 1.6246353035953748e-8 	 4.3311791407424553e-10 	 6.756826458945373e-10 	 1.7502380146609969e-9 	 -3.088722104547596e-9 	 -7.156632826034469e-10 	 7.526994911200636e-9 	 1.9733700446243867e-10 	 5.138418882254958e-10 	 
122.026779965878 	 -3.8645366734224755e-5 	 -4.1287130856709975e-5 	 -3.0366715142742775e-8 	 2.8560506227101667e-6 	 -4.6065703440558244e-10 	 -3.197257748658084e-10 	 5.478219459146946e-5 	 -5.480699902030353e-5 	 -4.949562170998247e-6 	 4.717567497114765e-6 	 8.280866095654273e-8 	 -3.0961053451710186e-8 	 -1.8040982219140782e-7 	 1.896075586327403e-7 	 6.070296198272051e-8 	 -5.502993621527919e-8 	 -1.6650016782665983e-8 	 1.6191835847089477e-8 	 4.3842889668839644e-10 	 6.856788783331169e-10 	 1.7533032088946848e-9 	 -3.1151392617893646e-9 	 -7.050245201470995e-10 	 7.618532780962837e-9 	 2.0151797768618158e-10 	 5.222137059575589e-10 	 
124.17731379009476 	 -3.51471907381104e-5 	 -3.777088024383624e-5 	 -2.9963726122617404e-8 	 2.844135793389577e-6 	 -4.696630524523981e-10 	 -3.252838239166917e-10 	 5.2893472662176166e-5 	 -5.2918284085069e-5 	 -4.873171400599716e-6 	 4.635388959206469e-6 	 8.174708705420105e-8 	 -3.0769765010975997e-8 	 -1.798403963017441e-7 	 1.890803652587481e-7 	 6.054123752012169e-8 	 -5.4893259831368695e-8 	 -1.6599542918146455e-8 	 1.6133216837037822e-8 	 4.437423690772844e-10 	 6.957933934844945e-10 	 1.7558500479857996e-9 	 -3.141422336968131e-9 	 -6.93711467034172e-10 	 7.710548173768338e-9 	 2.0579660570285594e-10 	 5.307102274379454e-10 	 
126.36574745671011 	 -3.205535565906464e-5 	 -3.4659287462913934e-5 	 -2.955628188434373e-8 	 2.831902659936437e-6 	 -4.788560756908881e-10 	 -3.309365315610337e-10 	 5.099719884790444e-5 	 -5.1021982906071074e-5 	 -4.795642152797886e-6 	 4.550677523402614e-6 	 8.067289811179784e-8 	 -3.0572053684979316e-8 	 -1.7923779056099565e-7 	 1.8852619598700522e-7 	 6.035157155444958e-8 	 -5.473848985527587e-8 	 -1.6545149192297365e-8 	 1.607053300858356e-8 	 4.4906042826809897e-10 	 7.060165577583418e-10 	 1.7578611160688425e-9 	 -3.1675609676787585e-9 	 -6.81719470232851e-10 	 7.80302462141851e-9 	 2.1017525945304183e-10 	 5.393330530252042e-10 	 
128.59274889200225 	 -2.9283740887254942e-5 	 -3.18703163996221e-5 	 -2.9145727258380906e-8 	 2.8193779266085e-6 	 -4.882400576308862e-10 	 -3.366854473661618e-10 	 4.910778605384841e-5 	 -4.913251280462805e-5 	 -4.716140334693913e-6 	 4.466661566316062e-6 	 7.958960405810428e-8 	 -3.0368418055329786e-8 	 -1.786072465186348e-7 	 1.8794411472351148e-7 	 6.013439216752825e-8 	 -5.4561779619363165e-8 	 -1.648689293683603e-8 	 1.6003839127888972e-8 	 4.543883909874875e-10 	 7.163383264982885e-10 	 1.7593193353297323e-9 	 -3.193543243044661e-9 	 -6.69043961656724e-10 	 7.895945721137094e-9 	 2.1465636167194973e-10 	 5.480838017188852e-10 	 
130.8589977934205 	 -2.682571265662544e-5 	 -2.939800563632149e-5 	 -2.8733241540237032e-8 	 2.806547368622268e-6 	 -4.978190249341707e-10 	 -3.425321435533334e-10 	 4.723615949990682e-5 	 -4.7260802522318434e-5 	 -4.634248472155499e-6 	 4.383613977891714e-6 	 7.850028804953764e-8 	 -3.015932393842397e-8 	 -1.7795221019692505e-7 	 1.873307211749966e-7 	 5.989240709806567e-8 	 -5.436067785470867e-8 	 -1.642484671207862e-8 	 1.593320514108867e-8 	 4.597338610409742e-10 	 7.267497585549227e-10 	 1.7602087191750976e-9 	 -3.2193562519469536e-9 	 -6.556799876276294e-10 	 7.989295095335955e-9 	 2.192423889216056e-10 	 5.569641129013234e-10 	 
133.16518583703325 	 -2.4635470872344283e-5 	 -2.7195172054819762e-5 	 -2.831983729770982e-8 	 2.7934030823741194e-6 	 -5.075970849509172e-10 	 -3.484782147403845e-10 	 4.53927004104979e-5 	 -4.5417237217186956e-5 	 -4.550545200750636e-6 	 4.300742478333144e-6 	 7.740760259912219e-8 	 -2.9945200307201544e-8 	 -1.7727419138944635e-7 	 1.8667962314371201e-7 	 5.963111136537598e-8 	 -5.4134246814292714e-8 	 -1.6359095425954795e-8 	 1.5858713292653613e-8 	 4.6510577864319097e-10 	 7.372448478308095e-10 	 1.7605152557819153e-9 	 -3.2449866418008e-9 	 -6.416218035022321e-10 	 8.083056383613286e-9 	 2.2393587320411436e-10 	 5.659756475707197e-10 	 
135.51201688863299 	 -2.2672355242580394e-5 	 -2.521676801399386e-5 	 -2.7906382244220008e-8 	 2.779970145806189e-6 	 -5.175784204363871e-10 	 -3.545252777811457e-10 	 4.358430940304203e-5 	 -4.360872027691161e-5 	 -4.4685731192964305e-6 	 4.217180191488072e-6 	 7.631382593195159e-8 	 -2.9726443469550497e-8 	 -1.7657248288765175e-7 	 1.859808271921587e-7 	 5.93594043778313e-8 	 -5.388329262458091e-8 	 -1.6289734203258106e-8 	 1.5780455993584072e-8 	 4.705132490483594e-10 	 7.478228435731963e-10 	 1.7602280226805736e-9 	 -3.2704213094136963e-9 	 -6.268625290061283e-10 	 8.177213147242753e-9 	 2.2873940309534368e-10 	 5.751200899480557e-10 	 
137.90020721856175 	 -2.0927704456294582e-5 	 -2.3453842254144864e-5 	 -2.749362083713746e-8 	 2.766227788973752e-6 	 -5.277673040465348e-10 	 -3.6067497156866983e-10 	 4.181742928380697e-5 	 -4.184169753935216e-5 	 -4.3877347020625985e-6 	 4.132063357517575e-6 	 7.522091759832899e-8 	 -2.9503420924615796e-8 	 -1.7584374357983901e-7 	 1.852203737885665e-7 	 5.909004195192676e-8 	 -5.3610721403891815e-8 	 -1.6216866070277952e-8 	 1.5698533504924232e-8 	 4.759641519535023e-10 	 7.584910727471221e-10 	 1.759340505144267e-9 	 -3.2956482344057696e-9 	 -6.113938907257475e-10 	 8.271748834273797e-9 	 2.3365562427429744e-10 	 5.843991511062752e-10 	 
140.3304857203213 	 -1.9347168098861033e-5 	 -2.1852835819343594e-5 	 -2.7082180199146252e-8 	 2.7521889696291932e-6 	 -5.381680811737651e-10 	 -3.6692895695425715e-10 	 4.009621243752375e-5 	 -4.012032361972636e-5 	 -4.307232846761884e-6 	 4.0453730254311924e-6 	 7.413053345931286e-8 	 -2.9276471287271834e-8 	 -1.750814284748535e-7 	 1.8438965455419194e-7 	 5.883247818603368e-8 	 -5.332205248304814e-8 	 -1.6140600440214402e-8 	 1.561305242221255e-8 	 4.814633088801843e-10 	 7.692662746823145e-10 	 1.7578511815258452e-9 	 -3.3206575985080123e-9 	 -5.952060331391695e-10 	 8.366646740867642e-9 	 2.3868723957498647e-10 	 5.938145736983867e-10 	 
142.80359413303793 	 -1.7928045217635685e-5 	 -2.04148715305921e-5 	 -2.667259734125087e-8 	 2.7378605084162785e-6 	 -5.487851874048475e-10 	 -3.7328891666789306e-10 	 3.842409087105336e-5 	 -3.8448032708465434e-5 	 -4.226248328106592e-6 	 3.960101710111916e-6 	 7.304409608132161e-8 	 -2.904591054141146e-8 	 -1.7427522716842056e-7 	 1.8350172209632085e-7 	 5.857885628074678e-8 	 -5.302597638578898e-8 	 -1.6061051278378692e-8 	 1.5524123839930043e-8 	 4.87010246505928e-10 	 7.801649537732692e-10 	 1.7557587965033289e-9 	 -3.3454431640160396e-9 	 -5.782873978753861e-10 	 8.461889890657453e-9 	 2.438370077178058e-10 	 6.033681346261704e-10 	 
145.32028726784566 	 -1.66241159630559e-5 	 -1.9095011647764766e-5 	 -2.626532193685779e-8 	 2.7232497792301125e-6 	 -5.596231455056798e-10 	 -3.7975655529949015e-10 	 3.6803153695320996e-5 	 -3.6826915622326794e-5 	 -4.143949213423809e-6 	 3.876686129783258e-6 	 7.196280166540533e-8 	 -2.8812031636150172e-8 	 -1.7341085681361728e-7 	 1.8257239576135917e-7 	 5.8318614664811726e-8 	 -5.273468321048426e-8 	 -1.597833610694483e-8 	 1.5431862355267635e-8 	 4.92596524140433e-10 	 7.911946710687242e-10 	 1.7530581472231733e-9 	 -3.3700039579541933e-9 	 -5.606246852419536e-10 	 8.55746099863486e-9 	 2.491077410127119e-10 	 6.130616442316965e-10 	 
147.88133323826136 	 -1.544117384121425e-5 	 -1.7898241917268238e-5 	 -2.5860740326655654e-8 	 2.708367332475357e-6 	 -5.706865617227644e-10 	 -3.863335993843457e-10 	 3.5234773069721975e-5 	 -3.52583460342729e-5 	 -4.0603074567320294e-6 	 3.794277434033003e-6 	 7.088768219434683e-8 	 -2.8575110309675115e-8 	 -1.7248008298383197e-7 	 1.8161391913928925e-7 	 5.804343118685386e-8 	 -5.245665155942192e-8 	 -1.58925746273509e-8 	 1.5336384689700504e-8 	 4.982047134433231e-10 	 8.023546957777899e-10 	 1.7497404214546943e-9 	 -3.3943449754210465e-9 	 -5.422029142826349e-10 	 8.653342401373859e-9 	 2.545023019994159e-10 	 6.228969420903323e-10 	 
150.48751369461772 	 -1.4353362607249263e-5 	 -1.679485332964995e-5 	 -2.5459174658421122e-8 	 2.6932216086481885e-6 	 -5.819801397417777e-10 	 -3.930217975532848e-10 	 3.3719770868516915e-5 	 -3.374314719181017e-5 	 -3.978276713278264e-6 	 3.711972269006226e-6 	 6.981960300010706e-8 	 -2.8335404022472444e-8 	 -1.71495959800152e-7 	 1.806347863458703e-7 	 5.7747549084958484e-8 	 -5.218462605285013e-8 	 -1.5803888103745473e-8 	 1.5237809071368163e-8 	 5.038177589725406e-10 	 8.136380704196359e-10 	 1.7457942136915714e-9 	 -3.4184714920671056e-9 	 -5.230055712393825e-10 	 8.749515913758073e-9 	 2.6002360115868907e-10 	 6.3287589573363e-10 	 
153.13962406262917 	 -1.3356735160029655e-5 	 -1.5779553211024837e-5 	 -2.506089947671677e-8 	 2.6778245802868988e-6 	 -5.935086701919095e-10 	 -3.998229208106461e-10 	 3.225820303677758e-5 	 -3.2281376076229496e-5 	 -3.8983097113131665e-6 	 3.6288709604697562e-6 	 6.875930569478398e-8 	 -2.809315586540007e-8 	 -1.7047400067401532e-7 	 1.7963986279474972e-7 	 5.742784313618164e-8 	 -5.1909124630740634e-8 	 -1.5712398319558403e-8 	 1.5136254190744387e-8 	 5.094267357524782e-10 	 8.25033765792465e-10 	 1.7412065724852882e-9 	 -3.4423842542796877e-9 	 -5.030148481019535e-10 	 8.845962773181066e-9 	 2.6567460019114644e-10 	 6.430003995649789e-10 	 
155.83847378616224 	 -1.2436270572504881e-5 	 -1.4838347213574897e-5 	 -2.4666147658190152e-8 	 2.662184788095865e-6 	 -6.052770404232421e-10 	 -4.0673876296820196e-10 	 3.0849829184324734e-5 	 -3.087279325400891e-5 	 -3.819613812361575e-6 	 3.545203564790993e-6 	 6.770742351253828e-8 	 -2.7848595965807176e-8 	 -1.694265712125217e-7 	 1.7863034899900826e-7 	 5.70840082755095e-8 	 -5.1622517538780075e-8 	 -1.5618227211668932e-8 	 1.5031838833664494e-8 	 5.150303222618219e-10 	 8.365290277027644e-10 	 1.7359641257384787e-9 	 -3.466079712839247e-9 	 -4.822120197051027e-10 	 8.942663564356465e-9 	 2.7145831715557633e-10 	 6.532723738840572e-10 	 
158.58488657428276 	 -1.1584647700468296e-5 	 -1.3967580875407416e-5 	 -2.4275117557464578e-8 	 2.646315376663164e-6 	 -6.172902330700408e-10 	 -4.137711413141531e-10 	 2.9494053984576652e-5 	 -2.9516804203651396e-5 	 -3.7413435326821635e-6 	 3.4637821955293254e-6 	 6.6664499736222e-8 	 -2.7601942850498655e-8 	 -1.6836278871064834e-7 	 1.7760346622222833e-7 	 5.6718983304155646e-8 	 -5.131920958197787e-8 	 -1.5521496171378005e-8 	 1.4924681181288874e-8 	 5.20633163123696e-10 	 8.481120402873059e-10 	 1.7300543326363438e-9 	 -3.489550941249749e-9 	 -4.6057792214643413e-10 	 9.039598037678513e-9 	 2.773778300440807e-10 	 6.636937656235992e-10 	 
161.37970065265932 	 -1.0790594253908693e-5 	 -1.31567740605946e-5 	 -2.3887975622795126e-8 	 2.6302218298990007e-6 	 -6.295533281921736e-10 	 -4.209218975162629e-10 	 2.8190104269149524e-5 	 -2.8212636507140838e-5 	 -3.6626213696535514e-6 	 3.3845196080159208e-6 	 6.563099442315587e-8 	 -2.7353403931089962e-8 	 -1.672885772169562e-7 	 1.7655174716062795e-7 	 5.6339729013794855e-8 	 -5.0995686861455954e-8 	 -1.542232577912007e-8 	 1.4814898543633812e-8 	 5.262441366139968e-10 	 8.597751730114855e-10 	 1.7234669847028064e-9 	 -3.5127886361896326e-9 	 -4.380936008236527e-10 	 9.136745022878629e-9 	 2.834362810268298e-10 	 6.742665505452143e-10 	 
164.22376901939475 	 -1.0048324959967509e-5 	 -1.2399595844617723e-5 	 -2.3504863009022992e-8 	 2.613913489945534e-6 	 -6.420715062244676e-10 	 -4.281928989134679e-10 	 2.6936888166654932e-5 	 -2.6959198856455002e-5 	 -3.583096057066112e-6 	 3.306512460418077e-6 	 6.46073015042608e-8 	 -2.7103176983927578e-8 	 -1.6620652655128989e-7 	 1.754621581483633e-7 	 5.595821515703871e-8 	 -5.065071248148315e-8 	 -1.5320835327590478e-8 	 1.470260688160482e-8 	 5.318744360487091e-10 	 8.71519140711787e-10 	 1.7161960947769934e-9 	 -3.5357822289104945e-9 	 -4.1474118047847036e-10 	 9.234082343387886e-9 	 2.896368788982845e-10 	 6.849927355399626e-10 	 
167.11795970536812 	 -9.358392501462224e-6 	 -1.169357824403943e-5 	 -2.3125900138463463e-8 	 2.5973937202989908e-6 	 -6.548500476204446e-10 	 -4.3558604019932957e-10 	 2.573324679959792e-5 	 -2.575533291609062e-5 	 -3.5048631258231064e-6 	 3.228833872056684e-6 	 6.35937606088161e-8 	 -2.6851451358746205e-8 	 -1.651155133357246e-7 	 1.7431853568030938e-7 	 5.558978587781568e-8 	 -5.028571926482881e-8 	 -1.5217142639550978e-8 	 1.458792062360727e-8 	 5.375354151983648e-10 	 8.833575990683585e-10 	 1.7082419236577459e-9 	 -3.5585211833082837e-9 	 -3.905050018850358e-10 	 9.331586552205479e-9 	 2.9598290180595747e-10 	 6.958743651853682e-10 	 
170.06315603916474 	 -8.716931993037874e-6 	 -1.1033760036191993e-5 	 -2.2751186777389464e-8 	 2.5806323976014273e-6 	 -6.678943373604279e-10 	 -4.4310324575070087e-10 	 2.45779697375973e-5 	 -2.4599828779772623e-5 	 -3.4292274431930234e-6 	 3.1517183871384087e-6 	 6.259065718302154e-8 	 -2.659840765133954e-8 	 -1.6401011218155525e-7 	 1.7312619290983506e-7 	 5.523299831124244e-8 	 -4.9905399270726904e-8 	 -1.511136379504634e-8 	 1.4470952391963468e-8 	 5.432358011822459e-10 	 8.95311803867433e-10 	 1.6996084279509544e-9 	 -3.580996675951752e-9 	 -3.653730862969204e-10 	 9.429232749781942e-9 	 3.0247769745404707e-10 	 7.069135277451298e-10 	 
173.06025691667327 	 -8.118317702086194e-6 	 -1.0413471861001871e-5 	 -2.23808051583076e-8 	 2.563729022888221e-6 	 -6.812098649006419e-10 	 -4.507464723588144e-10 	 2.346967638227729e-5 	 -2.3491306241485278e-5 	 -3.3553040369623447e-6 	 3.0731306577689594e-6 	 6.159823056415057e-8 	 -2.6344218427122694e-8 	 -1.6287981127667764e-7 	 1.7190415671225956e-7 	 5.487471126837104e-8 	 -4.951848900296875e-8 	 -1.5003612926206055e-8 	 1.4351812796964712e-8 	 5.489783406635538e-10 	 9.07393113894616e-10 	 1.6902952038754592e-9 	 -3.603203678228025e-9 	 -3.393382007612491e-10 	 9.526994398222296e-9 	 3.091246819398167e-10 	 7.181123560197736e-10 	 
176.1101770754371 	 -7.556166958829453e-6 	 -9.832370730840593e-6 	 -2.2014825481734265e-8 	 2.546603399894001e-6 	 -6.948022238404881e-10 	 -4.585177115087877e-10 	 2.240692968716106e-5 	 -2.2428328591180455e-5 	 -3.282239181619294e-6 	 2.9983303038786227e-6 	 6.061668828545783e-8 	 -2.6089049820360103e-8 	 -1.6170848886336962e-7 	 1.7066691313758674e-7 	 5.450464354256947e-8 	 -4.913837007170388e-8 	 -1.489400210661195e-8 	 1.4230610325058022e-8 	 5.547555827149446e-10 	 9.196005903811898e-10 	 1.6802964703287382e-9 	 -3.625143604216229e-9 	 -3.123979716965752e-10 	 9.624843441254189e-9 	 3.1592733564582476e-10 	 7.294730212535326e-10 	 
179.2138473738376 	 -7.035237010702569e-6 	 -9.29427239798774e-6 	 -2.1653302774699714e-8 	 2.5292094754146464e-6 	 -7.086771147690942e-10 	 -4.664189903161021e-10 	 2.1388481157396765e-5 	 -2.140964783491993e-5 	 -3.2091606909946158e-6 	 2.9255472517574573e-6 	 5.964619783439015e-8 	 -2.5833060324365013e-8 	 -1.6048504929738614e-7 	 1.694235528526991e-7 	 5.4116297817885986e-8 	 -4.877565421777045e-8 	 -1.4782641184334695e-8 	 1.4107451170661747e-8 	 5.60547515389859e-10 	 9.319245546126267e-10 	 1.6696027648776576e-9 	 -3.646825873631303e-9 	 -2.8455405953952986e-10 	 9.722751029098252e-9 	 3.228891981802575e-10 	 7.409977298646246e-10 	 
182.3722150751998 	 -6.548557491114748e-6 	 -8.791875003078056e-6 	 -2.129627033565173e-8 	 2.5116177933071234e-6 	 -7.228403543663237e-10 	 -4.744523707536172e-10 	 2.0413106089844415e-5 	 -2.0434039800267812e-5 	 -3.135546915061791e-6 	 2.853863293590194e-6 	 5.868686951106937e-8 	 -2.5576398571089066e-8 	 -1.5922416203812834e-7 	 1.6817793855742063e-7 	 5.370707379199598e-8 	 -4.842171638866476e-8 	 -1.4669637670668095e-8 	 1.3982439123212146e-8 	 5.663340751729315e-10 	 9.443504376653018e-10 	 1.6582027435522367e-9 	 -3.668260348160066e-9 	 -2.5581096969633626e-10 	 9.82068877246961e-9 	 3.3001386355608746e-10 	 7.526887222474083e-10 	 
185.58624413690444 	 -6.10132579743559e-6 	 -8.327280271070878e-6 	 -2.094374365241761e-8 	 2.4937768831991297e-6 	 -7.37297866691255e-10 	 -4.826199477305793e-10 	 1.9479477302297723e-5 	 -1.950017773779568e-5 	 -3.063509564847542e-6 	 2.782352742281642e-6 	 5.773876655229545e-8 	 -2.5319204185602126e-8 	 -1.579433078063147e-7 	 1.6692850866584888e-7 	 5.32786851437245e-8 	 -4.8065430214561795e-8 	 -1.4555096439947877e-8 	 1.3855675264533027e-8 	 5.721067211226826e-10 	 9.568629857203443e-10 	 1.6460850981240126e-9 	 -3.689450163208154e-9 	 -2.261746492209133e-10 	 9.918629738333777e-9 	 3.3730498511162755e-10 	 7.645482708947481e-10 	 
188.85691550459407 	 -5.694791488526195e-6 	 -7.90038238239285e-6 	 -2.0595715747470517e-8 	 2.475732351982265e-6 	 -7.520556918572783e-10 	 -4.909238466994353e-10 	 1.8586504256286552e-5 	 -1.860697178125548e-5 	 -2.9940877614126425e-6 	 2.710659894570478e-6 	 5.680189294441384e-8 	 -2.5061606221040732e-8 	 -1.5665536146384295e-7 	 1.656675032839818e-7 	 5.283809003164242e-8 	 -4.7698436872261573e-8 	 -1.4439119660946022e-8 	 1.3727257898448936e-8 	 5.778671845414766e-10 	 9.694512503994238e-10 	 1.6332407703805858e-9 	 -3.71039239550816e-9 	 -1.956512170127968e-10 	 1.0016548481087647e-8 	 3.447662833592097e-10 	 7.765786838656369e-10 	 
192.1852274115662 	 -5.314150788387309e-6 	 -7.499489782931196e-6 	 -2.025215428711432e-8 	 2.45743577228489e-6 	 -7.671199879852891e-10 	 -4.993662215259636e-10 	 1.7732880683738916e-5 	 -1.7753116118705303e-5 	 -2.9264893588416505e-6 	 2.6411583105508323e-6 	 5.587618575835037e-8 	 -2.480372175673682e-8 	 -1.5536852912889256e-7 	 1.6437973468568303e-7 	 5.239890039438047e-8 	 -4.7315383770002597e-8 	 -1.4321806420638904e-8 	 1.3597282173322515e-8 	 5.836244708218647e-10 	 9.821149778655554e-10 	 1.6196657119137921e-9 	 -3.731079770772676e-9 	 -1.6424602257152139e-10 	 1.0114420850635584e-8 	 3.524015520058501e-10 	 7.887823074623982e-10 	 
195.57219568344027 	 -4.945452137570089e-6 	 -7.111784362014345e-6 	 -1.9913018464724537e-8 	 2.438905298959649e-6 	 -7.824970266035056e-10 	 -5.079492525926955e-10 	 1.691692585564788e-5 	 -1.6936930035832708e-5 	 -2.859871484569534e-6 	 2.5741228819803173e-6 	 5.496155915981892e-8 	 -2.4545661188358473e-8 	 -1.5408626392906197e-7 	 1.6304811735972139e-7 	 5.1977210201453145e-8 	 -4.691413697159903e-8 	 -1.4203252680155094e-8 	 1.3465840036584087e-8 	 5.893917159069876e-10 	 9.948711322598936e-10 	 1.6053635932778204e-9 	 -3.751502530348111e-9 	 -1.3196285916455978e-10 	 1.0212223763327615e-8 	 3.6021466357759003e-10 	 8.011615353323877e-10 	 
199.01885404819578 	 -4.584862304102162e-6 	 -6.73340640606748e-6 	 -1.9578279100804893e-8 	 2.420136224483445e-6 	 -7.981932074927689e-10 	 -5.166751454134502e-10 	 1.613671141276093e-5 	 -1.6156484813394745e-5 	 -2.793374377196887e-6 	 2.5086670578958657e-6 	 5.405795686757942e-8 	 -2.4287534617607386e-8 	 -1.5280681501784962e-7 	 1.6168397615978265e-7 	 5.1566311667761484e-8 	 -4.649629421946346e-8 	 -1.408355129000331e-8 	 1.3333020248481637e-8 	 5.951824991115201e-10 	 1.0077425115303206e-9 	 1.5903407052487992e-9 	 -3.771650645945982e-9 	 -9.880347447307034e-11 	 1.0309935087798798e-8 	 3.6820957160577435e-10 	 8.137188168602772e-10 	 
202.5262544516745 	 -4.223531304765928e-6 	 -6.3550500479851155e-6 	 -1.9247929167462244e-8 	 2.4011513411295075e-6 	 -8.142150381748449e-10 	 -5.255461294626088e-10 	 1.5390278562534137e-5 	 -1.5409821124827053e-5 	 -2.7265759157734426e-6 	 2.443882770371677e-6 	 5.3165379743759817e-8 	 -2.4029455698247956e-8 	 -1.5152244742472572e-7 	 1.6030735153489854e-7 	 5.115140954820542e-8 	 -4.606798975030461e-8 	 -1.3962792385349798e-8 	 1.3198908775582507e-8 	 6.010064061258871e-10 	 1.0207362580756586e-9 	 1.574596650825483e-9 	 -3.791516529537678e-9 	 -6.476724085955486e-11 	 1.040753326472607e-8 	 3.763903113520915e-10 	 8.264566549334196e-10 	 
206.09546737864056 	 -3.858958429226186e-6 	 -5.972757825322762e-6 	 -1.8922001184469627e-8 	 2.381924747391314e-6 	 -8.305691626379774e-10 	 -5.345644574655744e-10 	 1.4675388709576941e-5 	 -1.4694699328085041e-5 	 -2.6616251498727867e-6 	 2.380481111061124e-6 	 5.2283931361941666e-8 	 -2.3771547687366526e-8 	 -1.5021841210832404e-7 	 1.5893119701348575e-7 	 5.072267956238151e-8 	 -4.564095205040258e-8 	 -1.3841063799329454e-8 	 1.306358920222098e-8 	 6.068634626147857e-10 	 1.0338448724686645e-9 	 1.5581249493268687e-9 	 -3.811098508376543e-9 	 -2.9851162251338614e-11 	 1.0504997127059622e-8 	 3.847609963027662e-10 	 8.39377597844103e-10 	 
209.7275821795022 	 -3.5126223197271136e-6 	 -5.604049231466311e-6 	 -1.860057345680161e-8 	 2.362417100933117e-6 	 -8.472623361520177e-10 	 -5.437324050842284e-10 	 1.3990295032130238e-5 	 -1.4009371970398985e-5 	 -2.5991620088257088e-6 	 2.3151768186916696e-6 	 5.141383454294747e-8 	 -2.351394632038013e-8 	 -1.4887531334444085e-7 	 1.5756130193612318e-7 	 5.027567375346899e-8 	 -4.5231101748301145e-8 	 -1.3718451754972907e-8 	 1.2927143420259941e-8 	 6.127379385222489e-10 	 1.0470522833689586e-9 	 1.5409157871638687e-9 	 -3.830404742736869e-9 	 5.949959513959124e-12 	 1.0602305649113984e-8 	 3.933258110220843e-10 	 8.524842362309475e-10 	 
213.42370740278793 	 -3.1825162544869837e-6 	 -5.253947540169096e-6 	 -1.828374010431204e-8 	 2.342836505773135e-6 	 -8.643014493729237e-10 	 -5.530522712229531e-10 	 1.3333816351700798e-5 	 -1.3352657851121171e-5 	 -2.5383888666774254e-6 	 2.253997656825275e-6 	 5.055535328378683e-8 	 -2.3256790937316843e-8 	 -1.474977156655786e-7 	 1.5619623682078113e-7 	 4.981173784516653e-8 	 -4.483725164898279e-8 	 -1.3595041348839698e-8 	 1.2789652110585454e-8 	 6.186040869233075e-10 	 1.0603404021425181e-9 	 1.5229588881697604e-9 	 -3.8494498838168265e-9 	 4.264307125098031e-11 	 1.0699437780764253e-8 	 4.020890007112528e-10 	 8.657792006620899e-10 	 
217.18497113348542 	 -2.8727957872533957e-6 	 -4.924942073929399e-6 	 -1.7971595703986973e-8 	 2.322987045701564e-6 	 -8.816935251905644e-10 	 -5.625263791034455e-10 	 1.2704910301703092e-5 	 -1.2723514711708395e-5 	 -2.4784935983543845e-6 	 2.1946696968114467e-6 	 4.970875269352087e-8 	 -2.300021967660594e-8 	 -1.4610639887161052e-7 	 1.5482637220054827e-7 	 4.933924795654245e-8 	 -4.444574234670349e-8 	 -1.3470916597446565e-8 	 1.2651194787631795e-8 	 6.244480173729798e-10 	 1.0736967850814134e-9 	 1.5042467451947927e-9 	 -3.868241715671547e-9 	 8.0236040879182e-11 	 1.0796372073782015e-8 	 4.110548732325704e-10 	 8.792651652125929e-10 	 
221.0125213373401 	 -2.596981770454701e-6 	 -4.6305606248535785e-6 	 -1.7664224004747865e-8 	 2.3029383719168034e-6 	 -8.994457131548686e-10 	 -5.721570782329892e-10 	 1.2102918137834586e-5 	 -1.212128442932809e-5 	 -2.4186661690300275e-6 	 2.136327935943831e-6 	 4.8874269539350725e-8 	 -2.2744366015124818e-8 	 -1.4471672862166636e-7 	 1.5343246568062275e-7 	 4.887531853129522e-8 	 -4.404620418823548e-8 	 -1.3346160529315459e-8 	 1.2511849889543147e-8 	 6.302705210603632e-10 	 1.087124402281772e-9 	 1.4847785898462487e-9 	 -3.8867792648963055e-9 	 1.1873638705034863e-10 	 1.0893086274621864e-8 	 4.202278098738061e-10 	 8.929448516032824e-10 	 
224.90752621122337 	 -2.3503526498596923e-6 	 -4.365398852644004e-6 	 -1.7361667952315897e-8 	 2.2827009657796695e-6 	 -9.175653052185856e-10 	 -5.819467478685454e-10 	 1.152747085078791e-5 	 -1.1545599082510757e-5 	 -2.3587859545969306e-6 	 2.0781619778077856e-6 	 4.805203378441769e-8 	 -2.248934865300969e-8 	 -1.4333773996117142e-7 	 1.5200352790587134e-7 	 4.8431365611376635e-8 	 -4.3632429208181406e-8 	 -1.322085471479631e-8 	 1.237169430738322e-8 	 6.360824527211909e-10 	 1.1006472242966474e-9 	 1.4645624621759054e-9 	 -3.9050554811144785e-9 	 1.5814947721755335e-10 	 1.0989556996248078e-8 	 4.296122754452338e-10 	 9.068210431576142e-10 	 
228.87117453967576 	 -2.1269314347671686e-6 	 -4.121390299168627e-6 	 -1.7063934906259667e-8 	 2.2622837981416673e-6 	 -9.360597266071824e-10 	 -5.918978018926737e-10 	 1.0977798987285057e-5 	 -1.0995689770916485e-5 	 -2.3011250025891916e-6 	 2.020341353471841e-6 	 4.724208206624862e-8 	 -2.2235272749970642e-8 	 -1.4197197946114017e-7 	 1.505603063546287e-7 	 4.7992163491948794e-8 	 -4.320270533904467e-8 	 -1.3095078945317227e-8 	 1.2230803062741655e-8 	 6.41899621210998e-10 	 1.1142841307727546e-9 	 1.443604309986088e-9 	 -3.923060279106483e-9 	 1.9847664033804126e-10 	 1.1085759123803742e-8 	 4.392128244857124e-10 	 9.208965917429941e-10 	 
232.90467605773122 	 -1.9311683467173048e-6 	 -3.9051207617304816e-6 	 -1.6771007584746006e-8 	 2.2416920667252536e-6 	 -9.549365436247018e-10 	 -6.020126943745618e-10 	 1.04532564594669e-5 	 -1.0470911165039764e-5 	 -2.245705508974632e-6 	 1.9650144637755873e-6 	 4.6444386114699245e-8 	 -2.198223269178607e-8 	 -1.406148436003281e-7 	 1.4912074306612002e-7 	 4.7543751247528394e-8 	 -4.276056131876583e-8 	 -1.2968910686660829e-8 	 1.2089248756975401e-8 	 6.477368353387146e-10 	 1.1280324969027103e-9 	 1.4219014160728533e-9 	 -3.940784114813883e-9 	 2.3971431622551583e-10 	 1.118166553150473e-8 	 4.49034104884604e-10 	 9.351744086790058e-10 	 
237.00926182013913 	 -1.75179198278454e-6 	 -3.7055667048986635e-6 	 -1.6482831918394773e-8 	 2.2208966721942674e-6 	 -9.74203461384125e-10 	 -6.122939234854437e-10 	 9.953178555706815e-6 	 -9.970599312005914e-6 	 -2.191781135177351e-6 	 1.9117082922769733e-6 	 4.5658820903937085e-8 	 -2.1730308131272745e-8 	 -1.3925343461178632e-7 	 1.4769332848321056e-7 	 4.707928861349177e-8 	 -4.2315933181037406e-8 	 -1.2842425003580924e-8 	 1.194710149300678e-8 	 6.536007143016219e-10 	 1.1418757243321262e-9 	 1.3994457070651507e-9 	 -3.958222419667874e-9 	 2.8185494197572916e-10 	 1.12772468746897e-8 	 4.590808564027962e-10 	 9.496574575289318e-10 	 
241.18618457708976 	 -1.5805304932934073e-6 	 -3.514494949003888e-6 	 -1.619933738935704e-8 	 2.1999802848964054e-6 	 -9.938683400139935e-10 	 -6.227440328594559e-10 	 9.47646608138381e-6 	 -9.493655045173528e-6 	 -2.1385823990482173e-6 	 1.8596052646500901e-6 	 4.4885217628572226e-8 	 -2.1479569642139515e-8 	 -1.3786620044039883e-7 	 1.4627722414593073e-7 	 4.6599459624521975e-8 	 -4.188583472517591e-8 	 -1.2715693939013062e-8 	 1.1804428253144614e-8 	 6.59480815195687e-10 	 1.1557929486379258e-9 	 1.376227800072256e-9 	 -3.975381113292775e-9 	 3.2488812068658943e-10 	 1.1372472635549537e-8 	 4.693579013345197e-10 	 9.643487505247227e-10 	 
245.43671915656367 	 -1.4273959553276905e-6 	 -3.341653779681888e-6 	 -1.5920454331150147e-8 	 2.1788601038967316e-6 	 -1.0139391581612508e-9 	 -6.333656098896757e-10 	 9.022186849771665e-6 	 -9.039146421041578e-6 	 -2.0854680522557408e-6 	 1.8078857775808692e-6 	 4.41234089968572e-8 	 -2.123008464970982e-8 	 -1.364478016977444e-7 	 1.4486112250898555e-7 	 4.611399089841324e-8 	 -4.147613639214972e-8 	 -1.2588786857565464e-8 	 1.1661293240301482e-8 	 6.653488400252638e-10 	 1.1697701601825772e-9 	 1.3522414460605109e-9 	 -3.99227731388801e-9 	 3.6880201581732226e-10 	 1.1467312824902664e-8 	 4.798701301830306e-10 	 9.792513507786976e-10 	 
249.7621628534194 	 -1.2775187066404517e-6 	 -3.174288113029261e-6 	 -1.5646094157716284e-8 	 2.157577303447091e-6 	 -1.0344240694238e-9 	 -6.441612811539415e-10 	 8.589487470646103e-6 	 -8.60622038631831e-6 	 -2.0325566280647028e-6 	 1.7587522222513082e-6 	 4.337317740139897e-8 	 -2.0981910660056843e-8 	 -1.3502053737947422e-7 	 1.434226120971656e-7 	 4.5642898633438946e-8 	 -4.107200525560132e-8 	 -1.246177006341824e-8 	 1.1517757494299053e-8 	 6.711858691662869e-10 	 1.1838141872057609e-9 	 1.3274888630554766e-9 	 -4.008922756461518e-9 	 4.135848937886295e-10 	 1.1561739732532017e-8 	 4.906224976719988e-10 	 9.94368380904305e-10 	 
254.16383582533592 	 -1.135228782397333e-6 	 -3.0120048977651503e-6 	 -1.5376177146306947e-8 	 2.1361305691442425e-6 	 -1.0553313707023738e-9 	 -6.551337063468485e-10 	 8.177107664993116e-6 	 -8.193616168438959e-6 	 -1.9821007600413317e-6 	 1.7097386855028383e-6 	 4.263432765522384e-8 	 -2.0735104449289556e-8 	 -1.33601948712626e-7 	 1.419596400362185e-7 	 4.519007556318214e-8 	 -4.066128324789978e-8 	 -1.2334707086235657e-8 	 1.1373879175522011e-8 	 6.769923351543036e-10 	 1.1979533994712542e-9 	 1.3019806640842125e-9 	 -4.025317518153732e-9 	 4.592264764722565e-10 	 1.1655729063925095e-8 	 5.016200370993963e-10 	 1.0097030391187824e-9 	 
258.64308149573657 	 -1.009399065497496e-6 	 -2.865268979651066e-6 	 -1.511063089106156e-8 	 2.114543910770996e-6 	 -1.0766695058507908e-9 	 -6.662855724303765e-10 	 7.78429002161091e-6 	 -7.800576708399302e-6 	 -1.9335999845583683e-6 	 1.6619105977448197e-6 	 4.190668296247025e-8 	 -2.0489721542676556e-8 	 -1.3220130704286374e-7 	 1.4049629666763828e-7 	 4.473662067547619e-8 	 -4.023731669746914e-8 	 -1.2207658655945022e-8 	 1.1229713537723625e-8 	 6.827815540053199e-10 	 1.212199726002491e-9 	 1.2757210234431982e-9 	 -4.0414538029293116e-9 	 5.057190346155912e-10 	 1.1749259036750389e-8 	 5.128678744895623e-10 	 1.0252586031274973e-9 	 
263.20126696381004 	 -8.82908290177399e-7 	 -2.7176237987207265e-6 	 -1.4849369443798982e-8 	 2.0928123004509797e-6 	 -1.0984470817373534e-9 	 -6.776195895224136e-10 	 7.410094736063113e-6 	 -7.426162138401428e-6 	 -1.886333766053391e-6 	 1.6152148109805126e-6 	 4.119003034490547e-8 	 -2.0245809886104314e-8 	 -1.3081934266631878e-7 	 1.390471424665907e-7 	 4.42705345936693e-8 	 -3.979945816489587e-8 	 -1.2080682937750588e-8 	 1.1085313160766233e-8 	 6.885719518916761e-10 	 1.2265410579334439e-9 	 1.2487050659289358e-9 	 -4.0573205768449564e-9 	 5.530576690159442e-10 	 1.1842309886021487e-8 	 5.243712375172548e-10 	 1.041038416273716e-9 	 
267.8397834217601 	 -7.651845482186599e-7 	 -2.5792296321309476e-6 	 -1.4592327569183875e-8 	 2.0709218678768012e-6 	 -1.120672849381964e-9 	 -6.891384881395527e-10 	 7.053456079133538e-6 	 -7.069306294817202e-6 	 -1.8395703780072708e-6 	 1.5696628554858075e-6 	 4.048421032968878e-8 	 -2.0003420596183536e-8 	 -1.294472989371933e-7 	 1.3761496257274287e-7 	 4.3789237302461524e-8 	 -3.935412230153447e-8 	 -1.1953835423636896e-8 	 1.0940727840220297e-8 	 6.943780122858233e-10 	 1.240954381005273e-9 	 1.2209241856099472e-9 	 -4.072909061433079e-9 	 6.012402902948733e-10 	 1.1934863214579052e-8 	 5.361354570726172e-10 	 1.0570458813391248e-9 	 
272.56004657940866 	 -6.604564561017477e-7 	 -2.4517400519253702e-6 	 -1.4339437314268353e-8 	 2.0488576659990475e-6 	 -1.143355730962916e-9 	 -7.008450185744015e-10 	 6.7137870751360706e-6 	 -6.729422687211459e-6 	 -1.7958054481604106e-6 	 1.525187744414315e-6 	 3.978905569745825e-8 	 -1.9762601082599164e-8 	 -1.280654214580139e-7 	 1.361900352130002e-7 	 4.330089596374238e-8 	 -3.891630696955062e-8 	 -1.1827169375332114e-8 	 1.0796005027308998e-8 	 7.001992090757276e-10 	 1.2554207159660646e-9 	 1.192371784836532e-9 	 -4.088219590859369e-9 	 6.502668934025619e-10 	 1.2026901260459573e-8 	 5.481659610538712e-10 	 1.0732844599164137e-9 	 
277.36349709627893 	 -5.499726093124361e-7 	 -2.3216839327436173e-6 	 -1.4090623619962895e-8 	 2.0268006518504577e-6 	 -1.166504792233099e-9 	 -7.127419522495914e-10 	 6.390139430527322e-6 	 -6.4055626568303195e-6 	 -1.7499825915218411e-6 	 1.4818314261245865e-6 	 3.910437991653603e-8 	 -1.9523393365158556e-8 	 -1.2665469777819776e-7 	 1.347489247143872e-7 	 4.282632360351887e-8 	 -3.850156413544527e-8 	 -1.1700735598605916e-8 	 1.0651189597920286e-8 	 7.060102516783237e-10 	 1.2699436069437835e-9 	 1.1630499694608647e-9 	 -4.1032677400490434e-9 	 7.001381692532611e-10 	 1.2118406496012242e-8 	 5.604682565560829e-10 	 1.089757680610904e-9 	 
282.25160102129786 	 -4.534414878031964e-7 	 -2.2044446527947996e-6 	 -1.384583589903995e-8 	 2.0046546220496903e-6 	 -1.1901292790541829e-9 	 -7.248320862888016e-10 	 6.081685175756188e-6 	 -6.0968980173131505e-6 	 -1.7062792986350601e-6 	 1.4395473524147048e-6 	 3.843005999673131e-8 	 -1.928584451007242e-8 	 -1.2523342463699834e-7 	 1.3328783159158143e-7 	 4.237070811690839e-8 	 -3.809791132851335e-8 	 -1.15745827442673e-8 	 1.0506324149240062e-8 	 7.117836408060954e-10 	 1.2845531045243965e-9 	 1.132970572214926e-9 	 -4.118070845233258e-9 	 7.508530808765254e-10 	 1.2209360720416461e-8 	 5.730479157972986e-10 	 1.1064691596013676e-9 	 
287.22585024024306 	 -3.6226773787405343e-7 	 -2.092424047764148e-6 	 -1.3605008410418951e-8 	 1.9823573119907474e-6 	 -1.2142385742218994e-9 	 -7.371182509875032e-10 	 5.787951805516145e-6 	 -5.802956818059313e-6 	 -1.6636207042411045e-6 	 1.3983224389203653e-6 	 3.776593265100731e-8 	 -1.9049994223398415e-8 	 -1.2382304048747519e-7 	 1.318320685790525e-7 	 4.191353657772175e-8 	 -3.769032016356309e-8 	 -1.144875746315431e-8 	 1.0361449152573059e-8 	 7.175157038045868e-10 	 1.299260348146127e-9 	 1.1021384240675009e-9 	 -4.132631875852375e-9 	 8.024066688890509e-10 	 1.2299743914445658e-8 	 5.859105876382248e-10 	 1.1234226049791323e-9 	 
292.2877629310785 	 -2.696143126957216e-7 	 -1.978867346745366e-6 	 -1.3368080252896632e-8 	 1.9599539411701185e-6 	 -1.2388422711284607e-9 	 -7.496033181057745e-10 	 5.507972640940327e-6 	 -5.5227716589606575e-6 	 -1.621940920006766e-6 	 1.3581283202905166e-6 	 3.7111846667693645e-8 	 -1.8815880969162346e-8 	 -1.224346144050582e-7 	 1.3039524324304925e-7 	 4.14431174707029e-8 	 -3.727065615672108e-8 	 -1.1323304216283468e-8 	 1.021660276143347e-8 	 7.23220482008175e-10 	 1.3140486467430493e-9 	 1.0705485578117201e-9 	 -4.146942983438983e-9 	 8.547898438486581e-10 	 1.2389533695759827e-8 	 5.990620185776164e-10 	 1.140621801271969e-9 	 
297.4388840273143 	 -1.9212050705459904e-7 	 -1.8803264620541888e-6 	 -1.3135011282268694e-8 	 1.9373553641823655e-6 	 -1.2639500839252536e-9 	 -7.622902068273097e-10 	 5.241214105282782e-6 	 -5.255809211525937e-6 	 -1.581239474307948e-6 	 1.31896703964896e-6 	 3.6467704815718984e-8 	 -1.8583547653883588e-8 	 -1.2106851020532468e-7 	 1.28976408662104e-7 	 4.095983537920168e-8 	 -3.683834964109893e-8 	 -1.1198265751771958e-8 	 1.0071821285418823e-8 	 7.289187072328903e-10 	 1.3288919862679672e-9 	 1.0381932187032072e-9 	 -4.160992080075769e-9 	 9.079908686222378e-10 	 1.2478705035282771e-8 	 6.125080651357546e-10 	 1.1580706008560539e-9 	 
302.6807856895305 	 -1.1378427652341816e-7 	 -1.7810488815079324e-6 	 -1.2905736111951936e-8 	 1.9148435751686193e-6 	 -1.2895719302668067e-9 	 -7.751818857326877e-10 	 4.987183941056638e-6 	 -5.001577540855803e-6 	 -1.5415035198568595e-6 	 1.2807926881960219e-6 	 3.583334307738227e-8 	 -1.835302671396151e-8 	 -1.1971324331716264e-7 	 1.2755841003028306e-7 	 4.0478744170139424e-8 	 -3.6401688331565856e-8 	 -1.1073682898444408e-8 	 9.927138981743771e-9 	 7.346251652263836e-10 	 1.3437768324865856e-9 	 1.005069605680866e-9 	 -4.1747705285620864e-9 	 9.619968389828073e-10 	 1.2567230668448005e-8 	 6.262546950221967e-10 	 1.1757729281501636e-9 	 
308.0150677852139 	 -3.8996066545031736e-8 	 -1.685147126637271e-6 	 -1.2680207993356885e-8 	 1.8921588666417451e-6 	 -1.3157178842157824e-9 	 -7.882813716448964e-10 	 4.745030519787664e-6 	 -4.7592242745256575e-6 	 -1.5027304090796852e-6 	 1.2435800296994795e-6 	 3.5208645856866745e-8 	 -1.8124354292274672e-8 	 -1.1834432192177812e-7 	 1.2611931090133123e-7 	 4.0019605614447666e-8 	 -3.597922565698516e-8 	 -1.09495947220983e-8 	 9.782588208917075e-9 	 7.403332983216639e-10 	 1.3587244500676566e-9 	 9.711871703668462e-10 	 -4.1882826678489255e-9 	 1.0167950904660305e-9 	 1.2655082718328506e-8 	 6.403079750278655e-10 	 1.193732794754262e-9 	 
313.44335837704745 	 2.3881284111855513e-8 	 -1.6011950453131243e-6 	 -1.2458385640825089e-8 	 1.8694762097759983e-6 	 -1.3423981991038955e-9 	 -8.015917242293624e-10 	 4.514418669638621e-6 	 -4.528414848117305e-6 	 -1.4648731118816793e-6 	 1.2073132152546472e-6 	 3.45935114607989e-8 	 -1.7897566198120364e-8 	 -1.1695303509375924e-7 	 1.2467922661115304e-7 	 3.9567116625562184e-8 	 -3.5578858734930795e-8 	 -1.0826038643405531e-8 	 9.638199542101052e-9 	 7.460098828673926e-10 	 1.3737602570225294e-9 	 9.36556679967023e-10 	 -4.2015493451156925e-9 	 1.0723741090509647e-9 	 1.2742234798493634e-8 	 6.546740466443512e-10 	 1.2119543205265658e-9 	 
318.9673142198097 	 9.048550601467847e-8 	 -1.5134889450136944e-6 	 -1.2240207504925706e-8 	 1.8467319777538728e-6 	 -1.3696233034978882e-9 	 -8.151160372911094e-10 	 4.294766928294194e-6 	 -4.308567660482235e-6 	 -1.4279326449520652e-6 	 1.171996398379444e-6 	 3.398778447887474e-8 	 -1.767268975823297e-8 	 -1.1556511813268303e-7 	 1.2325802971296002e-7 	 3.9103927763398645e-8 	 -3.518277683859777e-8 	 -1.0703050480508342e-8 	 9.49400181124025e-9 	 7.516346322130249e-10 	 1.3888737066267188e-9 	 9.011767444840296e-10 	 -4.2145838773331044e-9 	 1.1287244165013133e-9 	 1.2828663866025517e-8 	 6.693591163920527e-10 	 1.2304417195153294e-9 	 
324.5886212660263 	 1.486860934942065e-7 	 -1.4341410517532881e-6 	 -1.2025638238552536e-8 	 1.8239148639247322e-6 	 -1.3974037861773555e-9 	 -8.28857428755751e-10 	 4.085425221651843e-6 	 -4.099032179092854e-6 	 -1.3918687325450405e-6 	 1.137587170495713e-6 	 3.339137791071609e-8 	 -1.7449758554556212e-8 	 -1.1419843895693676e-7 	 1.2185795743934102e-7 	 3.8627544620301915e-8 	 -3.477800865666465e-8 	 -1.0580664387180012e-8 	 9.350022028281781e-9 	 7.572149434046634e-10 	 1.4040366856368594e-9 	 8.650406553205281e-10 	 -4.227382800885582e-9 	 1.1858391307420486e-9 	 1.2914351442852643e-8 	 6.843694796464086e-10 	 1.2491992865655758e-9 	 
330.30899518053633 	 2.0094377819175846e-7 	 -1.3608232629762174e-6 	 -1.1814631218007244e-8 	 1.801153768835838e-6 	 -1.4257504548866118e-9 	 -8.428190335964914e-10 	 3.8861381784727945e-6 	 -3.899553744277859e-6 	 -1.3566845567971943e-6 	 1.1040962315858636e-6 	 3.2804174722811565e-8 	 -1.7228800888896638e-8 	 -1.1285795017056501e-7 	 1.2046226583171138e-7 	 3.8152695578963315e-8 	 -3.436054870638938e-8 	 -1.0458913176555685e-8 	 9.206285703779332e-9 	 7.627725165429366e-10 	 1.41923174871951e-9 	 8.281459212190554e-10 	 -4.239933794350106e-9 	 1.2437134384662633e-9 	 1.2999282389324589e-8 	 6.997115416498888e-10 	 1.26823139859224e-9 	 
336.13018186412717 	 2.548943101679187e-7 	 -1.285694693257355e-6 	 -1.1607133001844234e-8 	 1.7782854804610909e-6 	 -1.4546742500907936e-9 	 -8.570040022520821e-10 	 3.696282657245448e-6 	 -3.709508690071739e-6 	 -1.3223842881378915e-6 	 1.071484834750338e-6 	 3.2226039486316796e-8 	 -1.7009840932391882e-8 	 -1.1153482724103194e-7 	 1.190482789608254e-7 	 3.769988571598557e-8 	 -3.393650989447093e-8 	 -1.0337828112719261e-8 	 9.062816638227127e-9 	 7.683272606751081e-10 	 1.4344806678217006e-9 	 7.905030225464646e-10 	 -4.25222542541596e-9 	 1.3023426412554865e-9 	 1.3083443287743486e-8 	 7.153918266776293e-10 	 1.2875425301698956e-9 	 
342.05395798639364 	 2.9975506098207806e-7 	 -1.2197357759415517e-6 	 -1.1403110668318723e-8 	 1.7554425178155777e-6 	 -1.484186339882197e-9 	 -8.714155057330823e-10 	 3.5154407235234315e-6 	 -3.5284791368913335e-6 	 -1.2889024309268143e-6 	 1.0397420738498451e-6 	 3.1656890374678766e-8 	 -1.6792907571064356e-8 	 -1.102047477581468e-7 	 1.1763778331180125e-7 	 3.725194570604653e-8 	 -3.352400518814684e-8 	 -1.0217439001589878e-8 	 8.919637012597284e-9 	 7.738780146444314e-10 	 1.4498083525601177e-9 	 7.521233461338992e-10 	 -4.264258984509027e-9 	 1.3617194173594987e-9 	 1.3166820788908238e-8 	 7.314169660113129e-10 	 1.3071372795728985e-9 	 
348.082131527994 	 3.4470946098596453e-7 	 -1.1536925886746752e-6 	 -1.1202514895809017e-8 	 1.7325778405410845e-6 	 -1.5142980292319598e-9 	 -8.860567451226698e-10 	 3.3432654604950686e-6 	 -3.356118422892642e-6 	 -1.2562516312668606e-6 	 1.0088533506949592e-6 	 3.109660203886831e-8 	 -1.6578023080386307e-8 	 -1.0885359485947208e-7 	 1.162494195647978e-7 	 3.679206181141118e-8 	 -3.3134723845132423e-8 	 -1.0097774551959939e-8 	 8.776767746377546e-9 	 7.793909969600397e-10 	 1.4651988942498773e-9 	 7.130054370839274e-10 	 -4.276055863532799e-9 	 1.4218325897808377e-9 	 1.3249400862620078e-8 	 7.477936685586278e-10 	 1.3270203489691888e-9 	 
354.2165423324566 	 3.8450723997411233e-7 	 -1.0928705484005977e-6 	 -1.1005306675562918e-8 	 1.709760996690721e-6 	 -1.5450208477208171e-9 	 -9.009309600661643e-10 	 3.179247308493035e-6 	 -3.1919165826512494e-6 	 -1.2244012206456969e-6 	 9.787823332647196e-7 	 3.054507584780664e-8 	 -1.6365210915257522e-8 	 -1.0750777517316821e-7 	 1.148807658132673e-7 	 3.6321730487271584e-8 	 -3.275027843306197e-8 	 -9.978861796006865e-9 	 8.634227916920452e-9 	 7.848428038249636e-10 	 1.4806217252488144e-9 	 6.731439927705564e-10 	 -4.287631513744861e-9 	 1.482668872018939e-9 	 1.3331166842844787e-8 	 7.645287021376302e-10 	 1.3471965336584169e-9 	 
360.45906266771465 	 4.212222853429418e-7 	 -1.035127909421805e-6 	 -1.0811443432999928e-8 	 1.686938009725976e-6 	 -1.5763664797324284e-9 	 -9.160414333204885e-10 	 3.0231366824666226e-6 	 -3.0356245302204844e-6 	 -1.1933370702949717e-6 	 9.495092120699779e-7 	 3.000220350006768e-8 	 -1.615449248627566e-8 	 -1.0618616368389945e-7 	 1.1350713443628084e-7 	 3.586310431290011e-8 	 -3.235683881966871e-8 	 -9.860727032801078e-9 	 8.492035697845994e-9 	 7.902426734763521e-10 	 1.4960701610906822e-9 	 6.325417409750919e-10 	 -4.2989816086578175e-9 	 1.544214555769307e-9 	 1.3412099270043252e-8 	 7.816289219689894e-10 	 1.3676707245633805e-9 	 
366.81159779753773 	 4.5683972083152854e-7 	 -9.785001708530825e-7 	 -1.06208817531333e-8 	 1.664139826195177e-6 	 -1.6083468360465588e-9 	 -9.313914911802391e-10 	 2.87441939545692e-6 	 -2.8867274861425313e-6 	 -1.1630539959704666e-6 	 9.210173953026884e-7 	 2.9467873994331436e-8 	 -1.5945886558975554e-8 	 -1.0489207107142133e-7 	 1.1212283163538938e-7 	 3.542279713883637e-8 	 -3.195147851480994e-8 	 -9.743394669054306e-9 	 8.350207190059337e-9 	 7.956153123437002e-10 	 1.511578169950931e-9 	 5.912137420477911e-10 	 -4.310092216746918e-9 	 1.6064571977192269e-9 	 1.3492176339210483e-8 	 7.991012970625736e-10 	 1.388447937239947e-9 	 
373.2760865630298 	 4.848419172599589e-7 	 -9.29531848865569e-7 	 -1.0433586498802242e-8 	 1.6413725048186555e-6 	 -1.6409739655889372e-9 	 -9.46984501433353e-10 	 2.7329135248690033e-6 	 -2.7450442021936114e-6 	 -1.1335410353928307e-6 	 8.933101501989144e-7 	 2.8941997978182424e-8 	 -1.5739414204464333e-8 	 -1.0361210401405215e-7 	 1.1075557060010509e-7 	 3.497651660677439e-8 	 -3.1543657560547394e-8 	 -9.626888793152078e-9 	 8.208757978312381e-9 	 8.009793053265224e-10 	 1.5271504049388954e-9 	 5.491661969756822e-10 	 -4.320952909582189e-9 	 1.6693862957344031e-9 	 1.3571374667816053e-8 	 8.169529190610482e-10 	 1.4095333197925686e-9 	 
379.8545019743811 	 5.187900071505554e-7 	 -8.746482140499427e-7 	 -1.0249504520491616e-8 	 1.6186121166411372e-6 	 -1.674260145856727e-9 	 -9.628238681549053e-10 	 2.59812575620625e-6 	 -2.610080683118094e-6 	 -1.1047675932260808e-6 	 8.663595062127206e-7 	 2.842443800487664e-8 	 -1.553508799881871e-8 	 -1.0231743822699714e-7 	 1.0941238874245085e-7 	 3.45172808391609e-8 	 -3.1155033125226156e-8 	 -9.511231311272666e-9 	 8.067701267689186e-9 	 8.06322008740023e-10 	 1.5427562394969523e-9 	 5.063955150526402e-10 	 -4.331572233162897e-9 	 1.7329932685531096e-9 	 1.3649670920647306e-8 	 8.351909796046867e-10 	 1.430932128273634e-9 	 
386.5488518130427 	 5.381206038075449e-7 	 -8.345042890309248e-7 	 -1.0068618935514409e-8 	 1.5959532336008154e-6 	 -1.708217839506651e-9 	 -9.789130246825963e-10 	 2.469826445807749e-6 	 -2.481607649541253e-6 	 -1.0767298641204023e-6 	 8.401638885920604e-7 	 2.7915152337895152e-8 	 -1.5332932374786854e-8 	 -1.0101225966901868e-7 	 1.0807446718262865e-7 	 3.406169947556862e-8 	 -3.0783838224049334e-8 	 -9.396444262067846e-9 	 7.9270501899635e-9 	 8.116042987730096e-10 	 1.5583750628504734e-9 	 4.6290189028021034e-10 	 -4.3419752040772366e-9 	 1.7972705953178617e-9 	 1.3727044546723972e-8 	 8.538227287810117e-10 	 1.4526497244213295e-9 	 
393.36117924451753 	 5.671855512219213e-7 	 -7.846648339677796e-7 	 -9.890858029026881e-9 	 1.5733326098892866e-6 	 -1.7428596821330216e-9 	 -9.952554258218494e-10 	 2.3478048633251037e-6 	 -2.3594148157080347e-6 	 -1.0494139369460395e-6 	 8.146981497331824e-7 	 2.7413953730970598e-8 	 -1.513295119884473e-8 	 -9.97249059116764e-8 	 1.0672345133437567e-7 	 3.362780028746731e-8 	 -3.040974959592275e-8 	 -9.282547291394995e-9 	 7.786815285713204e-9 	 8.168178949026968e-10 	 1.5740353754646384e-9 	 4.1869966505894853e-10 	 -4.352168373455044e-9 	 1.86221014670254e-9 	 1.3803479611507097e-8 	 8.728554759916038e-10 	 1.4746915963238591e-9 	 
400.2935634419512 	 5.871924629866456e-7 	 -7.439849210553433e-7 	 -9.71621102147228e-9 	 1.5508025156278165e-6 	 -1.7781985291199278e-9 	 -1.011854545615245e-9 	 2.2314491588622293e-6 	 -2.242888774865018e-6 	 -1.0227975257580282e-6 	 7.899484141471656e-7 	 2.6920815990898407e-8 	 -1.493516832008768e-8 	 -9.846689942528454e-8 	 1.0538680989368485e-7 	 3.319124467634087e-8 	 -3.002391146395333e-8 	 -9.169560339597557e-9 	 7.64700718606465e-9 	 8.219845545603957e-10 	 1.5897524124646353e-9 	 3.7379931866713117e-10 	 -4.362139941145257e-9 	 1.9278001519791123e-9 	 1.3878965414282317e-8 	 8.922966308218118e-10 	 1.4970633843352045e-9 	 
407.3481202207082 	 6.021389309181097e-7 	 -7.083922965700998e-7 	 -9.544627513270403e-9 	 1.528316322937244e-6 	 -1.8142473846354899e-9 	 -1.028713881244793e-9 	 2.120973983358934e-6 	 -2.132246588834326e-6 	 -9.968562942995615e-7 	 7.658620055702248e-7 	 2.6435607609584188e-8 	 -1.4739592033099735e-8 	 -9.723098211602377e-8 	 1.0407514874411615e-7 	 3.2741759589012804e-8 	 -2.963107908287116e-8 	 -9.057501065018455e-9 	 7.507634035079591e-9 	 8.27130099573879e-10 	 1.6054958574699846e-9 	 3.2819938772120234e-10 	 -4.3718753818831665e-9 	 1.9940255944470665e-9 	 1.3953491718890913e-8 	 9.121537268870655e-10 	 1.5197708509582777e-9 	 
414.5270026841376 	 6.280277154259627e-7 	 -6.619293321458655e-7 	 -9.376052250058654e-9 	 1.5058953443319902e-6 	 -1.8510194810731006e-9 	 -1.0458369572809323e-9 	 2.0156299851768745e-6 	 -2.0267364499193823e-6 	 -9.715753856223715e-7 	 7.424403683598453e-7 	 2.5958184019122257e-8 	 -1.4546229597869173e-8 	 -9.598966196780888e-8 	 1.0276943189626958e-7 	 3.2296362653629454e-8 	 -2.925150486358136e-8 	 -8.946387494195036e-9 	 7.368704109430196e-9 	 8.322542181711277e-10 	 1.62124286779263e-9 	 2.819014044353624e-10 	 -4.381375918294621e-9 	 2.060870398426415e-9 	 1.4027047924444376e-8 	 9.324344055179753e-10 	 1.5428198777945803e-9 	 
421.8324018807136 	 6.33252485522662e-7 	 -6.36288888874541e-7 	 -9.210487253127656e-9 	 1.483617417339363e-6 	 -1.888528250000839e-9 	 -1.063227326490591e-9 	 1.9154490359138427e-6 	 -1.9263916740855126e-6 	 -9.469343788389159e-7 	 7.19671987661697e-7 	 2.5488552005419684e-8 	 -1.4355103567112235e-8 	 -9.473341947110512e-8 	 1.0145306085625029e-7 	 3.187158073493715e-8 	 -2.889332916649545e-8 	 -8.836235175040516e-9 	 7.230222971027053e-9 	 8.373171361744026e-10 	 1.6370239354554593e-9 	 2.349211735731955e-10 	 -4.390667035657348e-9 	 2.1283201538200425e-9 	 1.4099621829903118e-8 	 9.531463677491993e-10 	 1.5662164874491633e-9 	 
429.266547472761 	 6.539695976140001e-7 	 -5.9525656678995e-7 	 -9.047844326674127e-9 	 1.4614241622762518e-6 	 -1.9267872515504877e-9 	 -1.080888567521865e-9 	 1.8202353440939106e-6 	 -1.831016762127077e-6 	 -9.229293211569486e-7 	 6.975597500096772e-7 	 2.5026479033181334e-8 	 -1.4166208864199146e-8 	 -9.349257984447578e-8 	 1.0015453065071907e-7 	 3.144160235685731e-8 	 -2.8534934333810512e-8 	 -8.727060675022266e-9 	 7.092196952151129e-9 	 8.423018048623601e-10 	 1.652849389367925e-9 	 1.8726916853938194e-10 	 -4.399760804666449e-9 	 2.1963632404236703e-9 	 1.4171199158655717e-8 	 9.742973558196638e-10 	 1.5899668654789448e-9 	 
436.8317084169661 	 6.633540198900137e-7 	 -5.656964486234715e-7 	 -8.888120079431094e-9 	 1.4393601625184575e-6 	 -1.965810325582618e-9 	 -1.0988242824107155e-9 	 1.7294291149471932e-6 	 -1.740050001674523e-6 	 -8.995545751494816e-7 	 6.760944687975048e-7 	 2.4571956961176542e-8 	 -1.3979563609117396e-8 	 -9.228173280882333e-8 	 9.88798655915325e-8 	 3.100006826733972e-8 	 -2.8165231637721043e-8 	 -8.618877335236592e-9 	 6.954628921667504e-9 	 8.472293797002017e-10 	 1.6686841979788925e-9 	 1.3894512103240986e-10 	 -4.40864601898821e-9 	 2.264990783371157e-9 	 1.4241763412725876e-8 	 9.958952009799153e-10 	 1.6140773341406457e-9 	 
444.53019365687624 	 6.720564209140887e-7 	 -5.367828121351416e-7 	 -8.731269040353957e-9 	 1.4172863753655906e-6 	 -2.0056114239313684e-9 	 -1.1170380952220256e-9 	 1.6432492378466477e-6 	 -1.6537128542996677e-6 	 -8.768076683441514e-7 	 6.552396663996416e-7 	 2.4124866071406373e-8 	 -1.379517474895665e-8 	 -9.109384985722804e-8 	 9.760305149006473e-8 	 3.057113786200624e-8 	 -2.7788746383770945e-8 	 -8.511700288540571e-9 	 6.817523284834054e-9 	 8.521281043543561e-10 	 1.6845168652919469e-9 	 8.995557174442229e-11 	 -4.417306915715919e-9 	 2.334195007427279e-9 	 1.4311296380175758e-8 	 1.0179478509527796e-9 	 1.6385543466312836e-9 	 
452.36435282761 	 6.832458958634307e-7 	 -5.055888453444837e-7 	 -8.577238958390193e-9 	 1.3954256916123908e-6 	 -2.046204768508475e-9 	 -1.135533655002651e-9 	 1.5611251211273037e-6 	 -1.5714325331093495e-6 	 -8.54659968016011e-7 	 6.349749015615707e-7 	 2.3685067884080138e-8 	 -1.3613042706486032e-8 	 -8.98995418116565e-8 	 9.632476500519749e-8 	 3.0155443303871674e-8 	 -2.742709208802937e-8 	 -8.405541216081991e-9 	 6.6808807444372646e-9 	 8.569962392932676e-10 	 1.7003843957559117e-9 	 4.031878184715243e-11 	 -4.425745759817818e-9 	 2.4039655841567874e-9 	 1.4379779176927864e-8 	 1.0404633562428985e-9 	 1.663404524172334e-9 	 
460.3365769729802 	 6.884113936896435e-7 	 -4.80518240711097e-7 	 -8.426011274719761e-9 	 1.3736754663861856e-6 	 -2.087604670271461e-9 	 -1.1543146418530807e-9 	 1.4830875563285721e-6 	 -1.4932412623499916e-6 	 -8.330924167269745e-7 	 6.152764344272909e-7 	 2.325251362141246e-8 	 -1.3433180994740721e-8 	 -8.869413678396781e-8 	 9.507085360899399e-8 	 2.9728567569638278e-8 	 -2.708480468320885e-8 	 -8.300413447038773e-9 	 6.544703358447797e-9 	 8.617911804555021e-10 	 1.716274579538874e-9 	 -9.958476586999459e-12 	 -4.4339899953304715e-9 	 2.4742877759078074e-9 	 1.4447195144360207e-8 	 1.0634498091096102e-9 	 1.6886346555113762e-9 	 
468.4492992752599 	 6.958881114091107e-7 	 -4.532723707816976e-7 	 -8.277535440838122e-9 	 1.3520792115808285e-6 	 -2.1298257289281953e-9 	 -1.1733847668724194e-9 	 1.4087888926302866e-6 	 -1.4187903490543667e-6 	 -8.121092996401663e-7 	 5.961512382613074e-7 	 2.2827068782499236e-8 	 -1.3255589086451727e-8 	 -8.750888055856199e-8 	 9.383184046364965e-8 	 2.929824157213324e-8 	 -2.6739384231983797e-8 	 -8.19632729532295e-9 	 6.408989889847119e-9 	 8.665020096767795e-10 	 1.7321519226173022e-9 	 -6.087367420133811e-11 	 -4.442048145092829e-9 	 2.545143110724986e-9 	 1.4513532583218572e-8 	 1.0869153321162217e-9 	 1.7142516746889028e-9 	 
476.7049957978088 	 6.98015010067799e-7 	 -4.3144040243874145e-7 	 -8.131781270817775e-9 	 1.3305490012757486e-6 	 -2.172882646953792e-9 	 -1.1927477630960223e-9 	 1.3382256034712595e-6 	 -1.3480774892973529e-6 	 -7.916693074714233e-7 	 5.775768056511028e-7 	 2.24086530978854e-8 	 -1.3080274941353436e-8 	 -8.635447085595656e-8 	 9.258328926987975e-8 	 2.8889700493693828e-8 	 -2.6382436713280007e-8 	 -8.093294471711797e-9 	 6.2737402019478726e-9 	 8.711560855123381e-10 	 1.7480377371125432e-9 	 -1.1241100008272434e-10 	 -4.449905417737976e-9 	 2.6165141058877113e-9 	 1.4578782163426836e-8 	 1.1108681305083408e-9 	 1.7402626723414409e-9 	 
485.10618624078336 	 7.061897941092527e-7 	 -4.038390975767902e-7 	 -7.988700249662703e-9 	 1.3092609014187926e-6 	 -2.216790383303226e-9 	 -1.2124073721627787e-9 	 1.2709879041273043e-6 	 -1.2806911953977953e-6 	 -7.717318073122354e-7 	 5.595442449942022e-7 	 2.1997136850880348e-8 	 -1.2907237109068342e-8 	 -8.521656551499415e-8 	 9.135203958569076e-8 	 2.8476731836204797e-8 	 -2.602392993118908e-8 	 -7.991323857114817e-9 	 6.138951049133121e-9 	 8.757788053046997e-10 	 1.76394920314103e-9 	 -1.6455557659537765e-10 	 -4.4575478638644966e-9 	 2.688386338791206e-9 	 1.4642936589532926e-8 	 1.1353165234059436e-9 	 1.7666749316448121e-9 	 
493.65543471017156 	 7.015327418454207e-7 	 -3.8918745323307285e-7 	 -7.848281866320209e-9 	 1.2881059524180739e-6 	 -2.261564007879585e-9 	 -1.232367334604276e-9 	 1.2071670384845252e-6 	 -1.2167245920530844e-6 	 -7.523447182551711e-7 	 5.42043880907615e-7 	 2.1592491846974304e-8 	 -1.2736488300069057e-8 	 -8.406375813320574e-8 	 9.014332174534365e-8 	 2.805390838746368e-8 	 -2.568723099045734e-8 	 -7.890425695036097e-9 	 6.0046202315316125e-9 	 8.803501555114114e-10 	 1.7798480977364956e-9 	 -2.1730352764756342e-10 	 -4.4649891072636306e-9 	 2.7607489461616004e-9 	 1.4705988329670878e-8 	 1.160268900058717e-9 	 1.7934958985663026e-9 	 
502.3553505003736 	 7.112949330258406e-7 	 -3.6019008892106347e-7 	 -7.71044338817867e-9 	 1.2670359463619976e-6 	 -2.3072188013953162e-9 	 -1.252631385654938e-9 	 1.1464253629741932e-6 	 -1.155838674196647e-6 	 -7.334878488716937e-7 	 5.250651414339365e-7 	 2.1194496264212122e-8 	 -1.2568014689486214e-8 	 -8.291414218511926e-8 	 8.89285333826337e-8 	 2.7648877808833368e-8 	 -2.5360152713437083e-8 	 -7.790607673896179e-9 	 5.870742655379755e-9 	 8.848300670265941e-10 	 1.7957344757324481e-9 	 -2.7064203514403456e-10 	 -4.472255366073319e-9 	 2.833592645430529e-9 	 1.47679283482769e-8 	 1.1857336555497538e-9 	 1.8207331804276194e-9 	 
511.2085888905816 	 7.040701575892584e-7 	 -3.485140687702707e-7 	 -7.575207242013286e-9 	 1.2463103291828203e-6 	 -2.353770244013135e-9 	 -1.2732032628785264e-9 	 1.0886276080619404e-6 	 -1.0978982365041126e-6 	 -7.151231850736274e-7 	 5.085765176439017e-7 	 2.080320961181176e-8 	 -1.240183774529817e-8 	 -8.179313498579993e-8 	 8.772409168645278e-8 	 2.72467658040691e-8 	 -2.5023896617864775e-8 	 -7.691878366917055e-9 	 5.737313757628176e-9 	 8.892297576880743e-10 	 1.8116400972124896e-9 	 -3.245519803552109e-10 	 -4.479341942387745e-9 	 2.9069054832389224e-9 	 1.4828745436720754e-8 	 1.2117192160260575e-9 	 1.8483945852861496e-9 	 
520.2178519551875 	 7.084579528647043e-7 	 -3.2515338507914387e-7 	 -7.442478784534516e-9 	 1.225548882660464e-6 	 -2.401233931285126e-9 	 -1.294086721096527e-9 	 1.0338199248642267e-6 	 -1.0429510389356303e-6 	 -6.972420891848191e-7 	 4.925439930306377e-7 	 2.0418377452553612e-8 	 -1.2237938927617965e-8 	 -8.069876665122708e-8 	 8.654411859180834e-8 	 2.6833101934371694e-8 	 -2.467918596094576e-8 	 -7.594244660651573e-9 	 5.604326957056677e-9 	 8.935829686772345e-10 	 1.8275312160351464e-9 	 -3.790263477936848e-10 	 -4.486230161553908e-9 	 2.9806707175818964e-9 	 1.4888425616648705e-8 	 1.238234096389972e-9 	 1.876488104552095e-9 	 
529.3858893884775 	 7.062313016253993e-7 	 -3.0860236353031377e-7 	 -7.312261213600652e-9 	 1.2049864686066036e-6 	 -2.4496256814756746e-9 	 -1.3152855439925623e-9 	 9.815138203442475e-7 	 -9.905055224470598e-7 	 -6.798580605509173e-7 	 4.770030999249693e-7 	 2.0040007370500253e-8 	 -1.2076331434497923e-8 	 -7.960111879595296e-8 	 8.536136602523795e-8 	 2.643439017661923e-8 	 -2.4347794656915815e-8 	 -7.497713369864986e-9 	 5.471775261272297e-9 	 8.978937399085081e-10 	 1.84339772555526e-9 	 -4.340524701172417e-10 	 -4.492919157840069e-9 	 3.0548692707396675e-9 	 1.494695323606574e-8 	 1.2652868947988863e-9 	 1.905021901429731e-9 	 
538.7154993438611 	 7.014032012698883e-7 	 -2.948046461769306e-7 	 -7.184510819113397e-9 	 1.1846181971966564e-6 	 -2.4989614109767718e-9 	 -1.3368035380273056e-9 	 9.319773107314314e-7 	 -9.408332473669589e-7 	 -6.6297085826908e-7 	 4.6191718371623496e-7 	 1.9667980938242935e-8 	 -1.1917012534904218e-8 	 -7.849483235913703e-8 	 8.418697653426401e-8 	 2.6040650775038693e-8 	 -2.4034617679633065e-8 	 -7.402290619065533e-9 	 5.339650606816335e-9 	 9.021166726174223e-10 	 1.8592745584574022e-9 	 -4.896094391012925e-10 	 -4.499438357415267e-9 	 3.1294835271572326e-9 	 1.5004314023202857e-8 	 1.2928862130923673e-9 	 1.9340043470199076e-9 	 
548.2095292878844 	 7.029121114476953e-7 	 -2.7488584426577856e-7 	 -7.059170084447476e-9 	 1.1644467302363655e-6 	 -2.549257279573784e-9 	 -1.3586445118489296e-9 	 8.847778781890699e-7 	 -8.93498862494493e-7 	 -6.465200765633696e-7 	 4.4729400029653335e-7 	 1.9302142144051494e-8 	 -1.175997435098943e-8 	 -7.741240396526919e-8 	 8.30367634474376e-8 	 2.5635577748996622e-8 	 -2.371608295654613e-8 	 -7.307981861841826e-9 	 5.207943845817775e-9 	 9.062452322860333e-10 	 1.875128941201025e-9 	 -5.456876025092309e-10 	 -4.505793988313113e-9 	 3.2044993667188125e-9 	 1.506049727906997e-8 	 1.3210406318342947e-9 	 1.963444013293205e-9 	 
557.8708768693028 	 6.957372352248167e-7 	 -2.638307194588035e-7 	 -6.9362400558266615e-9 	 1.1444136322817082e-6 	 -2.600529494305348e-9 	 -1.3808122526612162e-9 	 8.399324303212999e-7 	 -8.485205177563081e-7 	 -6.30491011582805e-7 	 4.3314368360950245e-7 	 1.8942492405293357e-8 	 -1.1605227740694687e-8 	 -7.635978897677607e-8 	 8.188325597377073e-8 	 2.5246339631502372e-8 	 -2.3387145239629157e-8 	 -7.21479211712999e-9 	 5.076644986581855e-9 	 9.103137273496769e-10 	 1.8909530249601763e-9 	 -6.022718497923586e-10 	 -4.511967336028402e-9 	 3.279904452406772e-9 	 1.5115500227264846e-8 	 1.3497587908492542e-9 	 1.9933496530875185e-9 	 
567.7024908034608 	 6.935811820345649e-7 	 -2.48119784722192e-7 	 -6.815654700223236e-9 	 1.124826564197048e-6 	 -2.652794533815375e-9 	 -1.4033105169788974e-9 	 7.973601160991859e-7 	 -8.058177139122907e-7 	 -6.149031403361089e-7 	 4.193534255878192e-7 	 1.858885215435075e-8 	 -1.1452761254310141e-8 	 -7.531132725809091e-8 	 8.074145727926814e-8 	 2.48588058941263e-8 	 -2.3066179898676093e-8 	 -7.1227258757049574e-9 	 4.9457431109837195e-9 	 9.143381729728479e-10 	 1.906778827793635e-9 	 -6.593405112976495e-10 	 -4.517950444912406e-9 	 3.3556853912487937e-9 	 1.5169319636857842e-8 	 1.3790494028176397e-9 	 2.023730244693405e-9 	 
577.707371772264 	 6.889987807353682e-7 	 -2.3474002685534333e-7 	 -6.697391795367755e-9 	 1.105159429684487e-6 	 -2.7060688550609e-9 	 -1.4261430414151403e-9 	 7.568319835669143e-7 	 -7.651602099602643e-7 	 -5.997337020446443e-7 	 4.0596405180260633e-7 	 1.8241159615451055e-8 	 -1.1302577216865069e-8 	 -7.425088364514382e-8 	 7.962118890388481e-8 	 2.446288179764061e-8 	 -2.2765832298364788e-8 	 -7.031787078684832e-9 	 4.815226319511094e-9 	 9.182759311047146e-10 	 1.9225683772417833e-9 	 -7.168819620192831e-10 	 -4.523771125542759e-9 	 3.4318236873339704e-9 	 1.5221950789931895e-8 	 1.408921168165745e-9 	 2.0545949698108846e-9 	 
587.8885733400108 	 6.828048490405357e-7 	 -2.2321246186759272e-7 	 -6.581422604785566e-9 	 1.085711695239019e-6 	 -2.7603691970907634e-9 	 -1.4493135536984671e-9 	 7.183637719044598e-7 	 -7.265650032314891e-7 	 -5.849620500374974e-7 	 3.930032091953845e-7 	 1.789933527069706e-8 	 -1.1154675357765371e-8 	 -7.321191118200533e-8 	 7.849547860230969e-8 	 2.4084284150514082e-8 	 -2.2461966571908866e-8 	 -6.941979151874639e-9 	 4.68508171720937e-9 	 9.221118948268904e-10 	 1.9383294560712506e-9 	 -7.748766993750112e-10 	 -4.5294409428182495e-9 	 3.508299676098654e-9 	 1.5273386387350524e-8 	 1.4393827305896195e-9 	 2.0859532139065447e-9 	 
598.2492028853594 	 6.776976902260569e-7 	 -2.107290762993102e-7 	 -6.467700210195351e-9 	 1.0664383212519246e-6 	 -2.8157123384168293e-9 	 -1.4728257743102235e-9 	 6.817930028797287e-7 	 -6.898688935287519e-7 	 -5.70641039086751e-7 	 3.8045823435497484e-7 	 1.756325008091637e-8 	 -1.1009049313783175e-8 	 -7.220310646237505e-8 	 7.738873553061885e-8 	 2.370043239313742e-8 	 -2.214755914554888e-8 	 -6.853305280186277e-9 	 4.555295695641873e-9 	 9.258808745135349e-10 	 1.9540797285756903e-9 	 -8.333035787716363e-10 	 -4.534941083828566e-9 	 3.5850961765000833e-9 	 1.532361601492635e-8 	 1.4704427515862725e-9 	 2.117814595241048e-9 	 
608.7924225497273 	 6.716843337826787e-7 	 -1.9950233556447039e-7 	 -6.3561979491680195e-9 	 1.0475261029318747e-6 	 -2.872115158816694e-9 	 -1.4966834072690156e-9 	 6.470521006983854e-7 	 -6.55004587661074e-7 	 -5.567058806053229e-7 	 3.682913363549084e-7 	 1.7232829547274652e-8 	 -1.0865698449656015e-8 	 -7.119863664238186e-8 	 7.629482890285678e-8 	 2.331615342501345e-8 	 -2.1841062901092784e-8 	 -6.765767808249703e-9 	 4.4258533465264476e-9 	 9.296008594106185e-10 	 1.9697793599662864e-9 	 -8.921480922665193e-10 	 -4.5402625778026486e-9 	 3.662198979049746e-9 	 1.537262730989358e-8 	 1.5021099409506173e-9 	 2.1501889441383443e-9 	 
619.5214502023969 	 6.650695823418815e-7 	 -1.8908048158344333e-7 	 -6.246884910498312e-9 	 1.0288451641685766e-6 	 -2.929594727986013e-9 	 -1.5208901314035378e-9 	 6.140132238129152e-7 	 -6.218437381828325e-7 	 -5.431435873224878e-7 	 3.564677313530114e-7 	 1.690798745293151e-8 	 -1.0724621038055612e-8 	 -7.018360018596896e-8 	 7.519991057261033e-8 	 2.2946406393470097e-8 	 -2.155416264683863e-8 	 -6.679369081968943e-9 	 4.296739230099224e-9 	 9.332277438306477e-10 	 1.9854593849261497e-9 	 -9.513858538754657e-10 	 -4.5454342693774625e-9 	 3.739593470037737e-9 	 1.542040941845567e-8 	 1.5343929628016955e-9 	 2.1830863129518735e-9 	 
630.4395604226339 	 6.572672653257545e-7 	 -1.798427635408504e-7 	 -6.139721122474223e-9 	 1.0102036976376435e-6 	 -2.988168093432886e-9 	 -1.5454495935434357e-9 	 5.826934742144474e-7 	 -5.904047567994617e-7 	 -5.29951491556201e-7 	 3.4498161123995493e-7 	 1.65886126121836e-8 	 -1.0585811871001765e-8 	 -6.919190174788566e-8 	 7.412868711513251e-8 	 2.2565316734542894e-8 	 -2.1262321680640576e-8 	 -6.5941107634441424e-9 	 4.167936655266587e-9 	 9.367502523818264e-10 	 2.00110497727057e-9 	 -1.010997589720031e-9 	 -4.55046557676193e-9 	 3.81726080584825e-9 	 1.5466955641391636e-8 	 1.5673003796138756e-9 	 2.2165169954945834e-9 	 
641.5500854991163 	 6.528543262713325e-7 	 -1.6765384372589293e-7 	 -6.03467124199777e-9 	 9.91983830982233e-7 	 -3.047852481492868e-9 	 -1.57036540308024e-9 	 5.528375543419155e-7 	 -5.604299967864423e-7 	 -5.171018261058731e-7 	 3.3386238991098524e-7 	 1.6274606060483475e-8 	 -1.04492670774649e-8 	 -6.822878490909762e-8 	 7.305674781635618e-8 	 2.2197977236590067e-8 	 -2.0960989858468833e-8 	 -6.509994105896993e-9 	 4.03942798908554e-9 	 9.40206473919285e-10 	 2.0167005154427296e-9 	 -1.0709626987957053e-9 	 -4.555335826203713e-9 	 3.895179029199752e-9 	 1.5512263884543032e-8 	 1.6008407487167189e-9 	 2.25049150256907e-9 	 
652.8564164469689 	 6.401898698064785e-7 	 -1.6358874872172425e-7 	 -5.931727122742363e-9 	 9.736301614745215e-7 	 -3.108665112916732e-9 	 -1.5956411183339337e-9 	 5.245797725340834e-7 	 -5.320566603131734e-7 	 -5.04603418518697e-7 	 3.2310284066926954e-7 	 1.5965942932732e-8 	 -1.031499204577427e-8 	 -6.72634726439046e-8 	 7.1998995688764e-8 	 2.1829393144260457e-8 	 -2.0672374762367562e-8 	 -6.4270203412847615e-9 	 3.911195024048127e-9 	 9.436056338142785e-10 	 2.032275457307452e-9 	 -1.131255394480923e-9 	 -4.560041520350381e-9 	 3.973328260309824e-9 	 1.5556333380042882e-8 	 1.6350226299324877e-9 	 2.285020593142463e-9 	 
664.3620040427313 	 6.38797238511523e-7 	 -1.4852491704690639e-7 	 -5.830804575270514e-9 	 9.555675696910137e-7 	 -3.1706233282815092e-9 	 -1.6212802301152937e-9 	 4.976668271403887e-7 	 -5.050288799948247e-7 	 -4.924629891781121e-7 	 3.1268445460177686e-7 	 1.566238997650395e-8 	 -1.0182966050003273e-8 	 -6.629431807115335e-8 	 7.095478300611057e-8 	 2.1459423641558894e-8 	 -2.039850275748734e-8 	 -6.3451897304349336e-9 	 3.7832179380595675e-9 	 9.468992257675854e-10 	 2.047790403119586e-9 	 -1.191855571554644e-9 	 -4.564614409319671e-9 	 4.051692246954745e-9 	 1.5599161854633974e-8 	 1.6698544682879957e-9 	 2.3201152608104923e-9 	 
676.0703598775564 	 6.237062968663822e-7 	 -1.474651245362497e-7 	 -5.7319466989287614e-9 	 9.37885132448264e-7 	 -3.233744455027059e-9 	 -1.6472861558299764e-9 	 4.721113139156847e-7 	 -4.793604069979462e-7 	 -4.806643918044943e-7 	 3.025428577982719e-7 	 1.536406235054933e-8 	 -1.0053211191773542e-8 	 -6.535309393201212e-8 	 6.991158228098503e-8 	 2.1101973193359176e-8 	 -2.01161017135538e-8 	 -6.264502960439155e-9 	 3.6554766853058057e-9 	 9.500929011428624e-10 	 2.063275577854801e-9 	 -1.2527357871049946e-9 	 -4.569053837558723e-9 	 4.130254661592389e-9 	 1.5640743810085746e-8 	 1.7053445760207624e-9 	 2.3557867381839268e-9 	 
687.985057428976 	 6.213424828580345e-7 	 -1.3379797315923833e-7 	 -5.635039131368883e-9 	 9.203757364077838e-7 	 -3.2980458534712226e-9 	 -1.6736622510115074e-9 	 4.478988609770859e-7 	 -4.5503772662179946e-7 	 -4.692105845215035e-7 	 2.9270207578714034e-7 	 1.507064288145484e-8 	 -9.925696254378734e-9 	 -6.443440920088221e-8 	 6.889012656071075e-8 	 2.0735272002862436e-8 	 -1.982842545413079e-8 	 -6.184959595736092e-9 	 3.527949478339833e-9 	 9.532266996206424e-10 	 2.0787098706861312e-9 	 -1.313872198509537e-9 	 -4.573338038952499e-9 	 4.20899662034953e-9 	 1.5681070109804364e-8 	 1.7415012294929965e-9 	 2.392046513685488e-9 	 
700.1097331515554 	 6.085414020015705e-7 	 -1.308261252492876e-7 	 -5.5401242411610766e-9 	 9.030956179502166e-7 	 -3.3635449184629174e-9 	 -1.7004118215270802e-9 	 4.2479195812777454e-7 	 -4.318204436100141e-7 	 -4.5806371987825787e-7 	 2.831948458932501e-7 	 1.4782244743347786e-8 	 -9.800443144680382e-9 	 -6.350423356160117e-8 	 6.786605763494567e-8 	 2.0382946048966883e-8 	 -1.9560211035951475e-8 	 -6.106559728614754e-9 	 3.4006143246020683e-9 	 9.562858314552159e-10 	 2.0940952232421057e-9 	 -1.3752378957293195e-9 	 -4.577478205946389e-9 	 4.287894354680788e-9 	 1.5720136215188967e-8 	 1.7783326336427596e-9 	 2.4289063114913557e-9 	 
712.4480875867604 	 6.021420526719393e-7 	 -1.2172406959846274e-7 	 -5.447120651881019e-9 	 8.861105189831838e-7 	 -3.430259018010166e-9 	 -1.7275381098231232e-9 	 4.0297653434520425e-7 	 -4.098986363496807e-7 	 -4.472254840952248e-7 	 2.7398103892485106e-7 	 1.4498640224429036e-8 	 -9.677431718491436e-9 	 -6.25845993047192e-8 	 6.686243529470931e-8 	 2.0022718328175407e-8 	 -1.9296290653233377e-8 	 -6.029302205154608e-9 	 3.2734472567950497e-9 	 9.592297012773961e-10 	 2.1094406787092817e-9 	 -1.4368047711588176e-9 	 -4.581501659185651e-9 	 4.3669276551193096e-9 	 1.5757934507629555e-8 	 1.815846789845438e-9 	 2.4663781170357604e-9 	 
725.0038864923972 	 5.923334262680778e-7 	 -1.1620164844876014e-7 	 -5.356023438930569e-9 	 8.692776253513786e-7 	 -3.498205473435602e-9 	 -1.7550442611813532e-9 	 3.8214358600371894e-7 	 -3.889588816791347e-7 	 -4.3665549430312615e-7 	 2.6506187114800633e-7 	 1.4219811946210484e-8 	 -9.556669077214886e-9 	 -6.169520491281528e-8 	 6.586055960624729e-8 	 1.9673666947134157e-8 	 -1.9021702099776045e-8 	 -5.953186866491612e-9 	 3.146424580944617e-9 	 9.620888855988926e-10 	 2.1247235180437018e-9 	 -1.4985452953730758e-9 	 -4.585392782915058e-9 	 4.446077974112407e-9 	 1.5794463231328282e-8 	 1.8540515511318535e-9 	 2.5044741633769306e-9 	 
737.7809619919432 	 5.836687393596461e-7 	 -1.0961750462439882e-7 	 -5.266794783777802e-9 	 8.526236416773775e-7 	 -3.5674015597937667e-9 	 -1.7829332955980773e-9 	 3.624462919058862e-7 	 -3.691581073162902e-7 	 -4.263946356624603e-7 	 2.56361065166462e-7 	 1.394565148534995e-8 	 -9.438149230568548e-9 	 -6.081227278243952e-8 	 6.487366393736573e-8 	 1.9321636756662505e-8 	 -1.875322719020495e-8 	 -5.878211545972521e-9 	 3.019519776792234e-9 	 9.648901129764037e-10 	 2.139970932568558e-9 	 -1.5604284963887045e-9 	 -4.589137877470895e-9 	 4.5253256595671805e-9 	 1.5829724685438097e-8 	 1.8929546876276846e-9 	 2.5432069409364503e-9 	 
750.7832137441454 	 5.737940568157897e-7 	 -1.0458296085939632e-7 	 -5.179409352470822e-9 	 8.363016401153066e-7 	 -3.6378645352751444e-9 	 -1.8112081077944334e-9 	 3.4368499353380585e-7 	 -3.5029385526368734e-7 	 -4.1642509444479333e-7 	 2.479589423924976e-7 	 1.3676084473978205e-8 	 -9.321873325287466e-9 	 -5.992116616846516e-8 	 6.389357744578593e-8 	 1.897504689416492e-8 	 -1.850219435207782e-8 	 -5.8043761723703695e-9 	 2.8927075348686627e-9 	 9.675878922509368e-10 	 2.1551502486459757e-9 	 -1.6224247566327268e-9 	 -4.592767063501955e-9 	 4.6046474423003454e-9 	 1.5863720280259762e-8 	 1.9325637636805815e-9 	 2.5825891999975694e-9 	 
764.014610133221 	 5.65962051422176e-7 	 -9.778216275161035e-8 	 -5.093826486335169e-9 	 8.202807953723647e-7 	 -3.7096114076087473e-9 	 -1.8398714738297018e-9 	 3.25915537947405e-7 	 -3.3242403187700554e-7 	 -4.0674741056321543e-7 	 2.3983509509563897e-7 	 1.3410993684586425e-8 	 -9.207833756007558e-9 	 -5.905595369019558e-8 	 6.292399303183444e-8 	 1.8630211581863264e-8 	 -1.824382866958984e-8 	 -5.731677557580254e-9 	 2.7659586443485224e-9 	 9.701789695709832e-10 	 2.1702936656920673e-9 	 -1.6845010636213478e-9 	 -4.596285394500128e-9 	 4.684019784024404e-9 	 1.589644831786767e-8 	 1.972886076250646e-9 	 2.6226339418284805e-9 	 
777.479189480039 	 5.549885627709228e-7 	 -9.423960641802557e-8 	 -5.010042462410531e-9 	 8.04407974616957e-7 	 -3.782659270775757e-9 	 -1.8689260422556655e-9 	 3.089924565856355e-7 	 -3.1540110196212906e-7 	 -3.973444494638856e-7 	 2.3196288943556037e-7 	 1.3150364346147596e-8 	 -9.096040066917875e-9 	 -5.821255563528737e-8 	 6.196417485745595e-8 	 1.828730952587177e-8 	 -1.7980744975068388e-8 	 -5.660115642851536e-9 	 2.639246011663511e-9 	 9.727066022551214e-10 	 2.185368129720252e-9 	 -1.7466249873948197e-9 	 -4.5996696275232905e-9 	 4.763422353939302e-9 	 1.592790366219894e-8 	 2.0139287606510236e-9 	 2.6633544373920875e-9 	 
791.1810612746491 	 5.469566693787713e-7 	 -8.788353108001289e-8 	 -4.927995846110651e-9 	 7.887472011677309e-7 	 -3.857024854330919e-9 	 -1.8983743216169492e-9 	 2.9299592625434836e-7 	 -2.9930795282321044e-7 	 -3.8822105949722025e-7 	 2.2428658195740835e-7 	 1.289402024667471e-8 	 -8.986478391126856e-9 	 -5.73574882916302e-8 	 6.101275854560836e-8 	 1.794828918851358e-8 	 -1.773629487426441e-8 	 -5.589686570641432e-9 	 2.512537844593124e-9 	 9.75152693114137e-10 	 2.200405242281996e-9 	 -1.8087616141057496e-9 	 -4.602933164800873e-9 	 4.842834561524899e-9 	 1.5958080051074835e-8 	 2.0556987487770878e-9 	 2.7047642061924877e-9 	 
805.1244074305225 	 5.364377603269322e-7 	 -8.393379564915742e-8 	 -4.847692040771786e-9 	 7.729595981019785e-7 	 -3.932724868305113e-9 	 -1.9282186713619325e-9 	 2.77718198911622e-7 	 -2.839330633719825e-7 	 -3.793057023740594e-7 	 2.1687098160116228e-7 	 1.2641971632933831e-8 	 -8.879162652232934e-9 	 -5.651748291607597e-8 	 6.00717070422469e-8 	 1.7610287200281327e-8 	 -1.74927231910091e-8 	 -5.520390052543069e-9 	 2.3858048700456167e-9 	 9.77482210850043e-10 	 2.215374297216967e-9 	 -1.8708754628705307e-9 	 -4.606100466677948e-9 	 4.922231575376074e-9 	 1.5986974938244566e-8 	 2.0982026222063282e-9 	 2.746877039815415e-9 	 
819.3134835609102 	 5.266826611141739e-7 	 -7.991735647684018e-8 	 -4.7690820228229074e-9 	 7.578936327656123e-7 	 -4.009775703247473e-9 	 -1.958461285385783e-9 	 2.633172096042419e-7 	 -2.6943904168130716e-7 	 -3.706469373776021e-7 	 2.097005086435075e-7 	 1.239407603928295e-8 	 -8.774083877913316e-9 	 -5.570548599194331e-8 	 5.913917615892834e-8 	 1.7275769916615818e-8 	 -1.7239570131531444e-8 	 -5.452221850466546e-9 	 2.2590127865497563e-9 	 9.797351396423782e-10 	 2.2303057797939524e-9 	 -1.932929565196184e-9 	 -4.609150513838154e-9 	 5.0015872167050455e-9 	 1.6014589883003174e-8 	 2.1414466804814236e-9 	 2.7897069779037143e-9 	 
833.7526202776816 	 5.183970304961952e-7 	 -7.431036888142847e-8 	 -4.692142205787691e-9 	 7.427239292779743e-7 	 -4.088193593532039e-9 	 -1.9891041530786126e-9 	 2.495482383340562e-7 	 -2.5557608963053584e-7 	 -3.6223293048393075e-7 	 2.0275708780064317e-7 	 1.2150261387959546e-8 	 -8.671246851320816e-9 	 -5.48892759912514e-8 	 5.821557970595813e-8 	 1.6943682143377337e-8 	 -1.699998638941147e-8 	 -5.385181394120001e-9 	 2.132129852129569e-9 	 9.81921851463995e-10 	 2.245171217779113e-9 	 -1.9948852601291075e-9 	 -4.612079872610889e-9 	 5.080878603177149e-9 	 1.604092972026666e-8 	 2.185436982452718e-9 	 2.8332683260944166e-9 	 
848.4462245130624 	 5.06565504558905e-7 	 -7.25079579428053e-8 	 -4.616863124393964e-9 	 7.27915943911453e-7 	 -4.167994400385668e-9 	 -2.0201490340688393e-9 	 2.3655757723506365e-7 	 -2.424951463332928e-7 	 -3.5407805361984673e-7 	 1.9597700869481005e-7 	 1.1910496060882147e-8 	 -8.57065705236543e-9 	 -5.407691532708338e-8 	 5.730247548177291e-8 	 1.661245341706698e-8 	 -1.676877353798814e-8 	 -5.319264101510658e-9 	 2.005119138115669e-9 	 9.839935689568955e-10 	 2.2600000495266993e-9 	 -2.0567033265926783e-9 	 -4.614921113066468e-9 	 5.160083094521222e-9 	 1.6065997997545135e-8 	 2.2301791794824036e-9 	 2.8775756431080186e-9 	 
863.3987808646654 	 4.992463682644e-7 	 -6.641973567278718e-8 	 -4.543187830566654e-9 	 7.133363064329119e-7 	 -4.249193703949116e-9 	 -2.0515974615287055e-9 	 2.2417510447001825e-7 	 -2.3002249546932371e-7 	 -3.4615447130406887e-7 	 1.894363040340653e-7 	 1.1674612280889348e-8 	 -8.472309732550397e-9 	 -5.329352055978012e-8 	 5.639526050111063e-8 	 1.628704125847697e-8 	 -1.652725912218804e-8 	 -5.25446924133251e-9 	 1.877946274766927e-9 	 9.859776261498902e-10 	 2.2747674358514305e-9 	 -2.1183418295604685e-9 	 -4.617661247154329e-9 	 5.239174490820055e-9 	 1.6089794384916452e-8 	 2.2756785057343077e-9 	 2.922643743478798e-9 	 
878.6148529642173 	 4.876755988540279e-7 	 -6.489946197410436e-8 	 -4.471127974389985e-9 	 6.990946164567118e-7 	 -4.331806721996511e-9 	 -2.0834507485432933e-9 	 2.124449939423496e-7 	 -2.1820440714138553e-7 	 -3.384596855182852e-7 	 1.8310841267846623e-7 	 1.1442637953278831e-8 	 -8.376219305919336e-9 	 -5.2513840581175747e-8 	 5.550167826704607e-8 	 1.5958513585415186e-8 	 -1.62932580063834e-8 	 -5.190791914186803e-9 	 1.750571465394994e-9 	 9.879025952587336e-10 	 2.289498493786943e-9 	 -2.1797589471648765e-9 	 -4.620286073588989e-9 	 5.318125412437998e-9 	 1.6112315334741373e-8 	 2.321939881537572e-9 	 2.968487694726639e-9 	 
894.0990848704206 	 4.793019229182317e-7 	 -6.013140041976567e-8 	 -4.400627544561465e-9 	 6.84822403406708e-7 	 -4.415848209566027e-9 	 -2.115709966117503e-9 	 2.013093869062878e-7 	 -2.069822740268195e-7 	 -3.3097364904201787e-7 	 1.769715440340261e-7 	 1.1214406428299785e-8 	 -8.282382897083727e-9 	 -5.173092265201923e-8 	 5.4610450836316354e-8 	 1.563953193359871e-8 	 -1.6072431537302302e-8 	 -5.128231235823283e-9 	 1.6229574408470968e-9 	 9.89719583752466e-10 	 2.3041781552702436e-9 	 -2.2409096615214904e-9 	 -4.62282833933353e-9 	 5.396911090334061e-9 	 1.6133558072744323e-8 	 2.36896775325591e-9 	 3.0151228087224275e-9 	 
909.8562024863477 	 4.6975143551036477e-7 	 -5.7701309684805615e-8 	 -4.331682182477161e-9 	 6.717540107695598e-7 	 -4.501332552104577e-9 	 -2.1483759016393337e-9 	 1.9073353664040863e-7 	 -1.9632116831680946e-7 	 -3.236684770114526e-7 	 1.7098686878475868e-7 	 1.0989899303989143e-8 	 -8.190811182414944e-9 	 -5.0975891785214234e-8 	 5.3734933826501325e-8 	 1.5313335344015113e-8 	 -1.5841965276525945e-8 	 -5.066782223767204e-9 	 1.495061488014695e-9 	 9.914429647955744e-10 	 2.3188190432419044e-9 	 -2.3017487385511373e-9 	 -4.62528305603778e-9 	 5.475504655197225e-9 	 1.615351993778105e-8 	 2.416766019657401e-9 	 3.0625646442442213e-9 	 
925.8910150018253 	 4.595951451327388e-7 	 -5.4413504820456985e-8 	 -4.264261902165928e-9 	 6.572343414136835e-7 	 -4.5882735380303e-9 	 -2.1814490362617582e-9 	 1.807024780201966e-7 	 -1.8620653756277773e-7 	 -3.1658899229038534e-7 	 1.6521819136304022e-7 	 1.0769023217240204e-8 	 -8.101512093713221e-9 	 -5.022941958272582e-8 	 5.286108397022334e-8 	 1.4999893708542198e-8 	 -1.5615250801971855e-8 	 -5.006443620417521e-9 	 1.3668429305357343e-9 	 9.931109181963875e-10 	 2.3334253566022116e-9 	 -2.362228776512022e-9 	 -4.627630586632414e-9 	 5.5538777166837014e-9 	 1.617221397261845e-8 	 2.4653381627735905e-9 	 3.11082899445353e-9 	 
942.2084163612376 	 4.5005837089090413e-7 	 -5.167929336158241e-8 	 -4.19834028863848e-9 	 6.439313935395029e-7 	 -4.676684511031534e-9 	 -2.214929508690789e-9 	 1.7118515643544555e-7 	 -1.766071972040032e-7 	 -3.097250190012708e-7 	 1.5962652271835548e-7 	 1.0551695240292351e-8 	 -8.01449179187729e-9 	 -4.9476576569967905e-8 	 5.200030933478288e-8 	 1.4681689441619477e-8 	 -1.5403651205927048e-8 	 -4.9472107123177365e-9 	 1.2382561046164698e-9 	 9.946779747030342e-10 	 2.34799065616904e-9 	 -2.422299958599569e-9 	 -4.629901685129266e-9 	 5.63200466888405e-9 	 1.6189651593264106e-8 	 2.5146870954185485e-9 	 3.1599318868865036e-9 	 
958.8133867571879 	 4.406111746786272e-7 	 -4.8753115489333025e-8 	 -4.133900231930574e-9 	 6.305999974335816e-7 	 -4.7665781138793215e-9 	 -2.248817095199576e-9 	 1.6214363258104701e-7 	 -1.6748474643811588e-7 	 -3.0306834758406936e-7 	 1.541792974183169e-7 	 1.0337858042950246e-8 	 -7.929764727603093e-9 	 -4.8750472918210226e-8 	 5.114662350725941e-8 	 1.4367295291830487e-8 	 -1.5183037514437413e-8 	 -4.8890816573041665e-9 	 1.1092563503424753e-9 	 9.961511566828268e-10 	 2.3625379720678753e-9 	 -2.4819129948164705e-9 	 -4.632096080587453e-9 	 5.709858199069294e-9 	 1.620583294693653e-8 	 2.5648150551036447e-9 	 3.209889568925362e-9 	 
975.7109941504982 	 4.308251746676605e-7 	 -4.660147587194412e-8 	 -4.0709186063260625e-9 	 6.177161729936476e-7 	 -4.857966385905465e-9 	 -2.283111199987794e-9 	 1.5357640076569406e-7 	 -1.58838512709733e-7 	 -2.965931125045863e-7 	 1.4890840226712958e-7 	 1.0127436983897138e-8 	 -7.847341596196563e-9 	 -4.803434076308841e-8 	 5.0298752744504744e-8 	 1.405791899788656e-8 	 -1.496490182472347e-8 	 -4.832052216993745e-9 	 9.797948796864646e-10 	 9.975725402207135e-10 	 2.3770531007195974e-9 	 -2.5410134951659763e-9 	 -4.6341920206291015e-9 	 5.787408798754448e-9 	 1.6220757550709722e-8 	 2.615723736529816e-9 	 3.2607185035599263e-9 	 
992.9063958169821 	 4.221098784859903e-7 	 -4.361719177136465e-8 	 -4.0093685009665205e-9 	 6.05071511371728e-7 	 -4.950860532912737e-9 	 -2.3178108507621453e-9 	 1.4543724057880591e-7 	 -1.50621386075678e-7 	 -2.902856925237369e-7 	 1.4380906982580127e-7 	 9.920344871064792e-9 	 -7.767235547197349e-9 	 -4.731136346205285e-8 	 4.946383094653976e-8 	 1.3743432002312641e-8 	 -1.476193072153101e-8 	 -4.776120002185774e-9 	 8.498226906470601e-10 	 9.988981152519364e-10 	 2.3915556770939046e-9 	 -2.599548395667263e-9 	 -4.636219628936945e-9 	 5.864625452646724e-9 	 1.6234425459218265e-8 	 2.6674141508563946e-9 	 3.3124353570159077e-9 	 
1010.4048399214864 	 4.1230624159068424e-7 	 -4.18294857252683e-8 	 -3.9492404416676005e-9 	 5.925707873099115e-7 	 -5.045270905409348e-9 	 -2.3529146474625603e-9 	 1.3771652591177097e-7 	 -1.428242063207925e-7 	 -2.841441423605365e-7 	 1.388488184756159e-7 	 9.71654576395836e-9 	 -7.689465882058381e-9 	 -4.6614830997321635e-8 	 4.8631790895530554e-8 	 1.3439400471416672e-8 	 -1.4549886044556327e-8 	 -4.7212812449200846e-9 	 7.192873724667074e-10 	 1.0001347701281004e-9 	 2.406052326380868e-9 	 -2.6574613280503783e-9 	 -4.638178914001216e-9 	 5.941479144820518e-9 	 1.6246840477281587e-8 	 2.7198864838895458e-9 	 3.365056999557535e-9 	 
1028.2116671196736 	 4.0311608611411346e-7 	 -3.934959949405097e-8 	 -3.890501994476107e-9 	 5.800599814025518e-7 	 -5.141207281437818e-9 	 -2.38842071275912e-9 	 1.3039646805889794e-7 	 -1.3542932784944697e-7 	 -2.781997165609415e-7 	 1.3402559634443637e-7 	 9.515934731082363e-9 	 -7.61404719787298e-9 	 -4.592651417649913e-8 	 4.780945721361146e-8 	 1.3133901115037254e-8 	 -1.4341333937132372e-8 	 -4.667533151670926e-9 	 5.881352238820177e-10 	 1.0013247883177825e-9 	 2.4205398771954965e-9 	 -2.7146927260656372e-9 	 -4.640048331169822e-9 	 6.017939025921243e-9 	 1.625801103665936e-8 	 2.7731402335736765e-9 	 3.418600476469968e-9 	 
1046.3323121880223 	 3.940302369149197e-7 	 -3.727678118885687e-8 	 -3.8331411883393605e-9 	 5.680679834230173e-7 	 -5.238678187507925e-9 	 -2.4243266558499704e-9 	 1.2344116925997512e-7 	 -1.2840012076102374e-7 	 -2.7242955056412264e-7 	 1.2937320708171434e-7 	 9.318466942859493e-9 	 -7.541002694741597e-9 	 -4.523304959184593e-8 	 4.6997289267972204e-8 	 1.2827179599239056e-8 	 -1.4146441603112487e-8 	 -4.6148724093640346e-9 	 4.563096753599379e-10 	 1.0024217746917583e-9 	 2.4350421066065023e-9 	 -2.7711843994197205e-9 	 -4.641859641783767e-9 	 6.093972597483921e-9 	 1.6267947023005584e-8 	 2.827174059841162e-9 	 3.4730829891215e-9 	 
1064.77230568257 	 3.845179754914139e-7 	 -3.5620895791329356e-8 	 -3.777138281112424e-9 	 5.561358558661349e-7 	 -5.3376911657877805e-9 	 -2.460629544072596e-9 	 1.1685279052275311e-7 	 -1.2173971167593757e-7 	 -2.6684106088925575e-7 	 1.2484488752197838e-7 	 9.12407372452134e-9 	 -7.47035491653733e-9 	 -4.456649362804464e-8 	 4.618814635759389e-8 	 1.2528330581064376e-8 	 -1.3941821925146954e-8 	 -4.563295871603236e-9 	 3.2375182291291625e-10 	 1.0034404436817117e-9 	 2.4495621739976277e-9 	 -2.8268726743003402e-9 	 -4.643608488196134e-9 	 6.1695492802653394e-9 	 1.6276654491323522e-8 	 2.881985648266459e-9 	 3.528521908244392e-9 	 
1083.5372756268719 	 3.758560310489489e-7 	 -3.3253892478652727e-8 	 -3.7224676425259007e-9 	 5.443921036856758e-7 	 -5.438252691193623e-9 	 -2.4973258791499465e-9 	 1.1059557888461246e-7 	 -1.1541148512469932e-7 	 -2.6140766101238854e-7 	 1.2042868757614623e-7 	 8.932667409641941e-9 	 -7.402127531718602e-9 	 -4.3903432459556526e-8 	 4.538856126089742e-8 	 1.222848479071494e-8 	 -1.3743841131774887e-8 	 -4.512800758459699e-9 	 1.9040036510311205e-10 	 1.0044181311800127e-9 	 2.4641056086463117e-9 	 -2.8816926149155932e-9 	 -4.64527651285928e-9 	 6.24463695798606e-9 	 1.6284135642099006e-8 	 2.9375718387297655e-9 	 3.584934735410508e-9 	 
1102.6329492297234 	 3.66298246956541e-7 	 -3.2025202422326434e-8 	 -3.6691241706714213e-9 	 5.328684136100907e-7 	 -5.540368201747794e-9 	 -2.5344115767285807e-9 	 1.0465917482414877e-7 	 -1.0940538819743106e-7 	 -2.561006156328954e-7 	 1.1616907925320072e-7 	 8.744222051194524e-9 	 -7.336353674406341e-9 	 -4.3239605891366094e-8 	 4.459837009935204e-8 	 1.1925972344060338e-8 	 -1.355610842059345e-8 	 -4.463383597400571e-9 	 5.619050263534402e-11 	 1.0053049451216086e-9 	 2.4786959848420333e-9 	 -2.935579321670771e-9 	 -4.646897950646441e-9 	 6.319201271321679e-9 	 1.6290393622164416e-8 	 2.9939284272961948e-9 	 3.6423390789969427e-9 	 
1122.0651546331405 	 3.5853823848920186e-7 	 -2.9939673272527e-8 	 -3.6170776289433476e-9 	 5.223323852742932e-7 	 -5.644041159689684e-9 	 -2.5718819085489817e-9 	 9.903404328225611e-8 	 -1.0371225660877253e-7 	 -2.509422636325929e-7 	 1.1202019079590652e-7 	 8.558633616357764e-9 	 -7.273061394096733e-9 	 -4.26028185343858e-8 	 4.381189130384481e-8 	 1.1633332309553914e-8 	 -1.3358177224985612e-8 	 -4.415042201322842e-9 	 -7.894441080457602e-11 	 1.0061301374238094e-9 	 2.4933435651706433e-9 	 -2.9884630592775775e-9 	 -4.6484599814089485e-9 	 6.39320965703282e-9 	 1.62954368387958e-8 	 3.0510500724375055e-9 	 3.7007526534855733e-9 	 
1141.8398226911547 	 3.4880787272820775e-7 	 -2.857271292510796e-8 	 -3.566320282029006e-9 	 5.106178402515427e-7 	 -5.749274545726254e-9 	 -2.6097314353831345e-9 	 9.368779086366852e-8 	 -9.829871679892447e-8 	 -2.459594212194392e-7 	 1.0797904751234558e-7 	 8.375866663063931e-9 	 -7.212288307222192e-9 	 -4.196254954973764e-8 	 4.3032813645369995e-8 	 1.1340278463197509e-8 	 -1.3171679026359075e-8 	 -4.367772884569533e-9 	 -2.1507579047463653e-10 	 1.006917883511726e-9 	 2.508056183309502e-9 	 -3.040271445929012e-9 	 -4.649952450637463e-9 	 6.4666276742432e-9 	 1.6299276605585773e-8 	 3.10893039535887e-9 	 3.760193248550005e-9 	 
1161.9629887799572 	 3.400321606497745e-7 	 -2.7046643715820634e-8 	 -3.5168341021668896e-9 	 4.997297062047372e-7 	 -5.85606915743045e-9 	 -2.6479539609222464e-9 	 8.862640461348038e-8 	 -9.317196493932056e-8 	 -2.4112631120351973e-7 	 1.0406655111605897e-7 	 8.195852021257665e-9 	 -7.1540745092530314e-9 	 -4.132916643500276e-8 	 4.2262970603566366e-8 	 1.1045481399958787e-8 	 -1.2989657018807606e-8 	 -4.321573950716771e-9 	 -3.5227665364488675e-10 	 1.007619732596297e-9 	 2.522857334138568e-9 	 -3.090931939258082e-9 	 -4.6514091002206085e-9 	 6.539419619646597e-9 	 1.6301924264789016e-8 	 3.167561736244011e-9 	 3.820678689385007e-9 	 
1182.4407946399335 	 3.3154582915999974e-7 	 -2.554087058375283e-8 	 -3.4685990402252405e-9 	 4.891994132093411e-7 	 -5.9644243923917624e-9 	 -2.6865424913271458e-9 	 8.381891380096083e-8 	 -8.829997633920568e-8 	 -2.3643313640378622e-7 	 1.002564816033192e-7 	 8.018514137981154e-9 	 -7.098460433836055e-9 	 -4.0720498492048655e-8 	 4.1499255237542884e-8 	 1.0754945870973323e-8 	 -1.2799094740346824e-8 	 -4.276441752439342e-9 	 -4.906256900950018e-10 	 1.0082826073658074e-9 	 2.537768819938242e-9 	 -3.140369253534139e-9 	 -4.652806912566736e-9 	 6.611550709711957e-9 	 1.6303387735772193e-8 	 3.226935120249324e-9 	 3.88222683239941e-9 	 
1203.2794902501767 	 3.22730417073863e-7 	 -2.4232420774852915e-8 	 -3.421609432469578e-9 	 4.785768131688822e-7 	 -6.074337789219499e-9 	 -2.725489204790231e-9 	 7.925951696493046e-8 	 -8.367739639800222e-8 	 -2.3188093680461946e-7 	 9.655239483087662e-8 	 7.843819811182212e-9 	 -7.0454987977255765e-9 	 -4.010173995316701e-8 	 4.073990736895216e-8 	 1.046610380802514e-8 	 -1.2623739602575079e-8 	 -4.2323749020818166e-9 	 -6.302035311042883e-10 	 1.0089058298639493e-9 	 2.552804367201677e-9 	 -3.1885028531928973e-9 	 -4.654150722022591e-9 	 6.68298443893433e-9 	 1.6303671404388077e-8 	 3.2870403223686578e-9 	 3.94485552408067e-9 	 
1224.4854357360205 	 3.14321819122682e-7 	 -2.3062441734452693e-8 	 -3.3758439354137355e-9 	 4.6849937888400627e-7 	 -6.1858049900007726e-9 	 -2.7647854005271615e-9 	 7.493924097802715e-8 	 -7.929551646242135e-8 	 -2.2741339867683376e-7 	 9.294397276374975e-8 	 7.671686732242569e-9 	 -6.995238791248746e-9 	 -3.949987397425934e-8 	 3.998791118920254e-8 	 1.0179099054276888e-8 	 -1.2445738788849545e-8 	 -4.189370064375395e-9 	 -7.710970762382242e-10 	 1.00945687105282e-9 	 2.5679845070306624e-9 	 -3.23525120019312e-9 	 -4.655465424115568e-9 	 6.753683184630094e-9 	 1.630278337131675e-8 	 3.3478655334831265e-9 	 4.008582572592756e-9 	 
1246.0651033101992 	 3.060695348892214e-7 	 -2.152625985605225e-8 	 -3.331291259565714e-9 	 4.58272869401542e-7 	 -6.298819731832114e-9 	 -2.8044214208951602e-9 	 7.083457443977269e-8 	 -7.51299592284573e-8 	 -2.2310159549558034e-7 	 8.94411887963831e-8 	 7.502061128856051e-9 	 -6.947741142151536e-9 	 -3.891469281937221e-8 	 3.924363866916186e-8 	 9.891422002782332e-9 	 -1.2263861954339472e-8 	 -4.147426044378931e-9 	 -9.13395930019116e-10 	 1.0099935108550134e-9 	 2.5833375281188716e-9 	 -3.2805308515072946e-9 	 -4.6567216559440625e-9 	 6.823609219066342e-9 	 1.6300734397357088e-8 	 3.4093974723147735e-9 	 4.0734257131067905e-9 	 
1268.0250792482202 	 2.9725521504540013e-7 	 -2.0903484151588623e-8 	 -3.287945462897065e-9 	 4.4845293107379495e-7 	 -6.413373263585081e-9 	 -2.8443865751869106e-9 	 6.694827866718277e-8 	 -7.11845563894074e-8 	 -2.1893027670996153e-7 	 8.603073603306445e-8 	 7.334906803062155e-9 	 -6.903071910245434e-9 	 -3.8319511947597465e-8 	 3.8505681550859435e-8 	 9.602966301174104e-9 	 -1.2098405330841664e-8 	 -4.1065399534762635e-9 	 -1.0571964486875003e-9 	 1.010482918627044e-9 	 2.598892007193767e-9 	 -3.3242554738083442e-9 	 -4.657943992153281e-9 	 6.892723673045863e-9 	 1.6297539777080424e-8 	 3.471621278655367e-9 	 4.139402571096266e-9 	 
1290.3720658985355 	 2.9007374272592616e-7 	 -1.9128291658082096e-8 	 -3.245780119953646e-9 	 4.3917335830162694e-7 	 -6.529454833207905e-9 	 -2.8846690787193674e-9 	 6.325866852860574e-8 	 -6.74367494040818e-8 	 -2.148832802822119e-7 	 8.26927860708609e-8 	 7.170117562370818e-9 	 -6.861297954935936e-9 	 -3.7749329739993624e-8 	 3.777232578910588e-8 	 9.322610782594945e-9 	 -1.1923343494993776e-8 	 -4.066710791592276e-9 	 -1.2025987844614471e-9 	 1.0109278356613937e-9 	 2.614674662801012e-9 	 -3.366333830915394e-9 	 -4.659136646151738e-9 	 6.960987890187634e-9 	 1.6293211036768903e-8 	 3.534520254321262e-9 	 4.206530630321788e-9 	 
1313.1128837281576 	 2.811373891213749e-7 	 -1.8806717724915013e-8 	 -3.204806626701803e-9 	 4.2960643975669354e-7 	 -6.647050821199997e-9 	 -2.9252560029744545e-9 	 5.975790352412442e-8 	 -6.387886024280249e-8 	 -2.1095504196161002e-7 	 7.94691747884692e-8 	 7.00771065977094e-9 	 -6.8225060200014686e-9 	 -3.718155661234392e-8 	 3.704429598030158e-8 	 9.041756468986351e-9 	 -1.175460948548205e-8 	 -4.027936185205503e-9 	 -1.3497104329166566e-9 	 1.0113749842485862e-9 	 2.630714145728913e-9 	 -3.406672415186962e-9 	 -4.66027711381607e-9 	 7.028361787345545e-9 	 1.6287755494802066e-8 	 3.5980759968977203e-9 	 4.2748271791623374e-9 	 
1336.254473404309 	 2.733626417294656e-7 	 -1.716879482472228e-8 	 -3.1649910290948515e-9 	 4.199293424963742e-7 	 -6.766145271217049e-9 	 -2.966133226381873e-9 	 5.6444637450865004e-8 	 -6.051032200110651e-8 	 -2.071185903879297e-7 	 7.630116530568518e-8 	 6.847550299864888e-9 	 -6.78677430409429e-9 	 -3.6614808521613754e-8 	 3.6322493408542964e-8 	 8.761768475880274e-9 	 -1.1593701336484512e-8 	 -3.9902153747597695e-9 	 -1.498643927524919e-9 	 1.011772447925495e-9 	 2.647045299146699e-9 	 -3.4451747069093138e-9 	 -4.661402038171503e-9 	 7.0948043114221356e-9 	 1.6281181769673147e-8 	 3.6622681428248437e-9 	 4.344309271271002e-9 	 
1359.8038979127691 	 2.6533510288798115e-7 	 -1.67609989881328e-8 	 -3.1263472627965565e-9 	 4.1127919805011557e-7 	 -6.886718887287358e-9 	 -3.0072853337504546e-9 	 5.3291633220460035e-8 	 -5.7302149441455616e-8 	 -2.033940738262831e-7 	 7.320961865130679e-8 	 6.689659107102706e-9 	 -6.7542073319076455e-9 	 -3.607316925503228e-8 	 3.5606860406794956e-8 	 8.482026832801443e-9 	 -1.1423345410339164e-8 	 -3.953546579534857e-9 	 -1.6495199276708674e-9 	 1.0121656420579102e-9 	 2.6637070332390473e-9 	 -3.4817412376516026e-9 	 -4.662490551105527e-9 	 7.160270536463729e-9 	 1.627348952187218e-8 	 3.727074238604096e-9 	 4.414993680110405e-9 	 
1383.768344713554 	 2.5735803093276763e-7 	 -1.5527038601977524e-8 	 -3.0888487702657676e-9 	 4.018721641012579e-7 	 -7.008749514835802e-9 	 -3.048695548799401e-9 	 5.031523862514676e-8 	 -5.427322979238899e-8 	 -1.9979707931180063e-7 	 7.023193195587723e-8 	 6.533920109513017e-9 	 -6.724904197655534e-9 	 -3.552085221498637e-8 	 3.489696573981949e-8 	 8.202891649906104e-9 	 -1.1267570870486428e-8 	 -3.917929247285962e-9 	 -1.8024657639513254e-9 	 1.0125597390936404e-9 	 2.6807410614581674e-9 	 -3.5162689475257088e-9 	 -4.6635450542370525e-9 	 7.224725295767733e-9 	 1.6264703813783064e-8 	 3.79246982996545e-9 	 4.486896847375593e-9 	 
1408.1551279345736 	 2.4951014717558704e-7 	 -1.4849470613662488e-8 	 -3.0525009875686697e-9 	 3.932557219215579e-7 	 -7.13221161427269e-9 	 -3.0903455984568508e-9 	 4.747835757191077e-8 	 -5.138339389036384e-8 	 -1.963087152761077e-7 	 6.727034299725632e-8 	 6.3803229535352205e-9 	 -6.698986419311692e-9 	 -3.498616519454731e-8 	 3.419231860163956e-8 	 7.924425910568328e-9 	 -1.11079046874091e-8 	 -3.883362308192455e-9 	 -1.957617795609507e-9 	 1.0129234278237077e-9 	 2.6981919638711244e-9 	 -3.54865091534574e-9 	 -4.664590832992035e-9 	 7.288127792143961e-9 	 1.62548672765472e-8 	 3.858428057852441e-9 	 4.560034834720541e-9 	 
1432.9716906039691 	 2.4203941451871404e-7 	 -1.4023632683069764e-8 	 -3.017293363327585e-9 	 3.848478912162723e-7 	 -7.2570760212316496e-9 	 -3.1322156794145434e-9 	 4.480095898205522e-8 	 -4.865573296974341e-8 	 -1.9292658395148057e-7 	 6.444961880346232e-8 	 6.2287992629955836e-9 	 -6.676582292294252e-9 	 -3.446335724837153e-8 	 3.3492526280707594e-8 	 7.645507457857707e-9 	 -1.0947260322003486e-8 	 -3.8498453871852676e-9 	 -2.115121117949028e-9 	 1.0133208420395009e-9 	 2.716107789032761e-9 	 -3.5787765005725087e-9 	 -4.665595983654382e-9 	 7.350437446165285e-9 	 1.6243976947427404e-8 	 3.924919756979435e-9 	 4.6344232540168705e-9 	 
1458.2256069217708 	 2.3435482577841892e-7 	 -1.3208697567322783e-8 	 -2.983221318284575e-9 	 3.763351553979992e-7 	 -7.38330982455568e-9 	 -3.174284382284101e-9 	 4.225180927295118e-8 	 -4.60561978000756e-8 	 -1.896362516690501e-7 	 6.161920086006013e-8 	 6.079297878695777e-9 	 -6.6578349812601756e-9 	 -3.3933369302428527e-8 	 3.279734475840176e-8 	 7.376644918491648e-9 	 -1.0799722401900899e-8 	 -3.817378258318029e-9 	 -2.2751310153590206e-9 	 1.0137075548098349e-9 	 2.7345408225220235e-9 	 -3.606529847739419e-9 	 -4.666593231572756e-9 	 7.4116102293478514e-9 	 1.6232045180883635e-8 	 3.991913284790483e-9 	 4.710077219617158e-9 	 
1483.9245845716043 	 2.2688922476376093e-7 	 -1.2577123081346804e-8 	 -2.9502849060402004e-9 	 3.6825133152494993e-7 	 -7.510875589582286e-9 	 -3.2165285873345416e-9 	 3.98418609241114e-8 	 -4.3597999652157e-8 	 -1.8642158062991975e-7 	 5.8862649615529856e-8 	 5.931781073126101e-9 	 -6.642905356423115e-9 	 -3.342960901577561e-8 	 3.210675587493772e-8 	 7.1012600611522926e-9 	 -1.0641100637255597e-8 	 -3.78596072601268e-9 	 -2.43781409827486e-9 	 1.0141112934898927e-9 	 2.7535483120392322e-9 	 -3.631791543047599e-9 	 -4.667573119112415e-9 	 7.471602313852532e-9 	 1.6219085200569102e-8 	 4.0593742319471276e-9 	 4.7870112803381985e-9 	 
1510.0764670731387 	 2.1954703870205599e-7 	 -1.182895002469414e-8 	 -2.9184782336093416e-9 	 3.6017937652759083e-7 	 -7.639733588036487e-9 	 -3.258923346451954e-9 	 3.755227309410826e-8 	 -4.1260702204939925e-8 	 -1.8332392435259964e-7 	 5.622289141842967e-8 	 5.786184640922861e-9 	 -6.631968518841287e-9 	 -3.2918038326146856e-8 	 3.1420770578187886e-8 	 6.827746899890321e-9 	 -1.049532275421951e-8 	 -3.7555934398020824e-9 	 -2.603348778844942e-9 	 1.014560181833206e-9 	 2.7731930177243246e-9 	 -3.654438710213265e-9 	 -4.668525476422088e-9 	 7.530369856832202e-9 	 1.6205115339997135e-8 	 4.127265579317921e-9 	 4.865239322042916e-9 	 
1536.6892361759749 	 2.122382072802184e-7 	 -1.119277102492522e-8 	 -2.8878034650225964e-9 	 3.523825896515539e-7 	 -7.769832868300297e-9 	 -3.3014417760843518e-9 	 3.538344099696127e-8 	 -3.9045650286334464e-8 	 -1.8032519204793632e-7 	 5.3565358649411186e-8 	 5.642470529914629e-9 	 -6.625221782940322e-9 	 -3.2419088269275575e-8 	 3.073927903664657e-8 	 6.555504641224852e-9 	 -1.034830380121664e-8 	 -3.726276464587997e-9 	 -2.77192793069012e-9 	 1.015010032952021e-9 	 2.7935435021242417e-9 	 -3.6743427996574563e-9 	 -4.6694837282199075e-9 	 7.587868332197265e-9 	 1.619015625567288e-8 	 4.1955472932303005e-9 	 4.944774603520621e-9 	 
1563.7710142957494 	 2.050011868114754e-7 	 -1.0636678732707719e-8 	 -2.8582623647755223e-9 	 3.4468132183505046e-7 	 -7.901127084111626e-9 	 -3.344054956147932e-9 	 3.332601050451179e-8 	 -3.694301291314942e-8 	 -1.7741439880809735e-7 	 5.1065431204653764e-8 	 5.500592321903022e-9 	 -6.622884979863021e-9 	 -3.193503207629155e-8 	 3.0062122220942814e-8 	 6.284049044236779e-9 	 -1.0197621174058923e-8 	 -3.6980112745395943e-9 	 -2.9437586415344448e-9 	 1.0155306428450042e-9 	 2.8146745565780123e-9 	 -3.6913703644185505e-9 	 -4.670413747787186e-9 	 7.644053208170037e-9 	 1.6174222625386032e-8 	 4.264176162647681e-9 	 5.025629602032761e-9 	 
1591.3300669931418 	 1.9856787696881456e-7 	 -9.927570025496107e-9 	 -2.829853526965107e-9 	 3.378076624898118e-7 	 -8.033556570943261e-9 	 -3.386731852928843e-9 	 3.137579554363498e-8 	 -3.494886355932016e-8 	 -1.745943828551738e-7 	 4.848719247337908e-8 	 5.360487901148531e-9 	 -6.625199948362717e-9 	 -3.1441408056208724e-8 	 2.9389122099573106e-8 	 6.013202719481983e-9 	 -1.0061307870273677e-8 	 -3.670798350708411e-9 	 -3.1190661763640528e-9 	 1.0160825376659002e-9 	 2.8366678012699807e-9 	 -3.7053826315243196e-9 	 -4.671346030568154e-9 	 7.698878742283783e-9 	 1.6157330265239404e-8 	 4.333105961721119e-9 	 5.107815888442273e-9 	 
1619.3748054966 	 1.9091694289975126e-7 	 -9.524435147013547e-9 	 -2.802590289882407e-9 	 3.298926018767017e-7 	 -8.16705942075679e-9 	 -3.4294391862121005e-9 	 2.952501848707588e-8 	 -3.3055021023833704e-8 	 -1.718276752216938e-7 	 4.610974965618255e-8 	 5.2221426637331895e-9 	 -6.63244480274445e-9 	 -3.097390543119685e-8 	 2.872009507641982e-8 	 5.742912943646181e-9 	 -9.913493676040806e-9 	 -3.6446398936018364e-9 	 -3.2980935978555753e-9 	 1.016690060732659e-9 	 2.8596123693329382e-9 	 -3.7162350823077396e-9 	 -4.672274131447899e-9 	 7.752299109793309e-9 	 1.6139496575945716e-8 	 4.402286823236279e-9 	 5.191344161538524e-9 	 
1647.9137892694969 	 1.8406721200652004e-7 	 -8.849463665134274e-9 	 -2.776469855705791e-9 	 3.227481179482295e-7 	 -8.301565947084912e-9 	 -3.472141304086052e-9 	 2.7772655056704302e-8 	 -3.1261262329973525e-8 	 -1.6916709504268302e-7 	 4.360585258272674e-8 	 5.085474344936796e-9 	 -6.64492133891633e-9 	 -3.049802179358318e-8 	 2.805485110605745e-8 	 5.473303366801722e-9 	 -9.778385763967892e-9 	 -3.6195369960506303e-9 	 -3.4811066485537102e-9 	 1.0173864806793109e-9 	 2.883605738547072e-9 	 -3.723777057214231e-9 	 -4.673185757082509e-9 	 7.804267241251883e-9 	 1.612074198464935e-8 	 4.471665547079408e-9 	 5.2762241088925645e-9 	 
1676.9557286225488 	 1.7837457274124215e-7 	 -8.480774162258593e-9 	 -2.751511448125511e-9 	 3.170924518613225e-7 	 -8.43700007617951e-9 	 -3.5148000450128176e-9 	 2.610769405420759e-8 	 -2.9555373083008162e-8 	 -1.665906383360529e-7 	 4.1174854969853475e-8 	 4.950476499975211e-9 	 -6.662980475725015e-9 	 -3.00351707479315e-8 	 2.7393181147292386e-8 	 5.204922538045486e-9 	 -9.64126567583919e-9 	 -3.595492482789195e-9 	 -3.668394067028521e-9 	 1.0181270849475878e-9 	 2.908754631329353e-9 	 -3.727851362336902e-9 	 -4.674115514550502e-9 	 7.854737102005002e-9 	 1.610109096247674e-8 	 4.54118501035566e-9 	 5.362464356269501e-9 	 
1706.5094873722715 	 1.7075669740803397e-7 	 -7.918765998435136e-9 	 -2.7277178373045886e-9 	 3.0930098199207464e-7 	 -8.573278402798242e-9 	 -3.5573746212918795e-9 	 2.453312388711344e-8 	 -2.7942007028658068e-8 	 -1.6408952192883464e-7 	 3.885273848565378e-8 	 4.8170690446026174e-9 	 -6.687006546580025e-9 	 -2.9584811118069033e-8 	 2.6734834472995196e-8 	 4.9370575374934435e-9 	 -9.50176420506779e-9 	 -3.572508176559224e-9 	 -3.860273134728097e-9 	 1.018987238943346e-9 	 2.935176142631044e-9 	 -3.728293877947961e-9 	 -4.675026999250067e-9 	 7.903660858949377e-9 	 1.6080561060599373e-8 	 4.6107842034324e-9 	 5.45007235907002e-9 	 
1736.5840855462714 	 1.641286837878485e-7 	 -7.485056472087016e-9 	 -2.7051112562307805e-9 	 3.027773064484217e-7 	 -8.710308818618706e-9 	 -3.5998215180437508e-9 	 2.3035259556461617e-8 	 -2.6405382827889784e-8 	 -1.6167226716512736e-7 	 3.648343372491159e-8 	 4.685237699956176e-9 	 -6.717445257544511e-9 	 -2.9126309921991497e-8 	 2.6079456889698183e-8 	 4.660736453396277e-9 	 -9.37501468991492e-9 	 -3.5505874646480533e-9 	 -4.057091298471161e-9 	 1.0199209265486982e-9 	 2.9629990871915122e-9 	 -3.7249298861652995e-9 	 -4.6759555014081185e-9 	 7.950991237346351e-9 	 1.6059171434755605e-8 	 4.6803980604549e-9 	 5.539054346846925e-9 	 
1767.1887021362386 	 1.5726263454815522e-7 	 -7.09657699635013e-9 	 -2.6837070306142385e-9 	 2.959720725365395e-7 	 -8.847991445104767e-9 	 -3.642094345896476e-9 	 2.1619175052384732e-8 	 -2.4952867557300648e-8 	 -1.5930220203709573e-7 	 3.426253743609925e-8 	 4.554929067602356e-9 	 -6.754796018810749e-9 	 -2.8693672616780547e-8 	 2.5426834070953257e-8 	 4.39507718626766e-9 	 -9.23697800667197e-9 	 -3.5297330158668223e-9 	 -4.259232567618332e-9 	 1.0209670829639969e-9 	 2.9923656023499994e-9 	 -3.717580235972514e-9 	 -4.676886986935443e-9 	 7.996679839431046e-9 	 1.603694329660362e-8 	 4.749957019544918e-9 	 5.629415218433264e-9 	 
1798.3326778994324 	 1.5061038322585152e-7 	 -6.6081235279841835e-9 	 -2.663527202235489e-9 	 2.89474760781425e-7 	 -8.986216038669585e-9 	 -3.6841436935752902e-9 	 2.0272818705568807e-8 	 -2.3570342675061928e-8 	 -1.5701958629386124e-7 	 3.194605963423473e-8 	 4.426099380386915e-9 	 -6.799631160516431e-9 	 -2.824885606457481e-8 	 2.477689262587809e-8 	 4.127365204355966e-9 	 -9.112945040649198e-9 	 -3.5099487773515135e-9 	 -4.467121095207279e-9 	 1.0221458912343641e-9 	 3.0234325331740435e-9 	 -3.7060556149427264e-9 	 -4.677817642969986e-9 	 8.040678054345825e-9 	 1.6013899589178663e-8 	 4.819387171153589e-9 	 5.72115848251519e-9 	 
1830.025518209555 	 1.441216778244785e-7 	 -6.325141430951435e-9 	 -2.644600980407692e-9 	 2.832694993531739e-7 	 -9.124862026763567e-9 	 -3.725916980045912e-9 	 1.8998275205503356e-8 	 -2.226157471813525e-8 	 -1.5481405258621356e-7 	 2.9807016413670095e-8 	 4.298721694192711e-9 	 -6.852607607928024e-9 	 -2.782220809950148e-8 	 2.412962001810584e-8 	 3.858441851063817e-9 	 -8.983231013870323e-9 	 -3.4912382910635277e-9 	 -4.6812289125726705e-9 	 1.0234252712613078e-9 	 3.0563730086477973e-9 	 -3.6901548172302284e-9 	 -4.678775801273558e-9 	 8.082937272825693e-9 	 1.5990065150329797e-8 	 4.8886096655849716e-9 	 5.814286186076525e-9 	 
1862.2768959578668 	 1.3796883813967545e-7 	 -5.858700317469175e-9 	 -2.62695567180938e-9 	 2.7743098931795177e-7 	 -9.263797969972025e-9 	 -3.767358323901474e-9 	 1.7788436968153325e-8 	 -2.1018470058756086e-8 	 -1.5266960791802173e-7 	 2.7533027658592903e-8 	 4.172734351082478e-9 	 -6.9144783960173365e-9 	 -2.740034858912201e-8 	 2.348497095021353e-8 	 3.58813497434882e-9 	 -8.856135728844155e-9 	 -3.47360605875591e-9 	 -4.902082362801149e-9 	 1.0248818174419867e-9 	 3.0913783037412407e-9 	 -3.6696650019507382e-9 	 -4.679725261940886e-9 	 8.123409063638974e-9 	 1.5965466853122433e-8 	 4.957540721844936e-9 	 5.90879881890508e-9 	 
1895.0966545054139 	 1.318206154855743e-7 	 -5.578317038366132e-9 	 -2.6106331707203366e-9 	 2.716652101998582e-7 	 -9.402879348450949e-9 	 -3.808408422224101e-9 	 1.6640699931839368e-8 	 -1.983871183726956e-8 	 -1.505975499061509e-7 	 2.5467233795651512e-8 	 4.0481206047568515e-9 	 -6.9861201183476e-9 	 -2.697672740299725e-8 	 2.2842695321852807e-8 	 3.3171339365757923e-9 	 -8.736810280633086e-9 	 -3.4570565191338433e-9 	 -5.130272035857718e-9 	 1.0264578541685903e-9 	 3.1286605911041994e-9 	 -3.6443601110067746e-9 	 -4.680709116748623e-9 	 8.162045025860477e-9 	 1.5940126927751494e-8 	 5.026091326821776e-9 	 6.0046952772400745e-9 	 
1928.494810687309 	 1.2529541516434036e-7 	 -5.20139041127153e-9 	 -2.5956748690489995e-9 	 2.6568975314188664e-7 	 -9.541948019690623e-9 	 -3.849004394774842e-9 	 1.5552595496465936e-8 	 -1.8720204978536457e-8 	 -1.4857834137560365e-7 	 2.3220988513718156e-8 	 3.924826765939413e-9 	 -7.068548888707456e-9 	 -2.657542708692943e-8 	 2.2202044611043563e-8 	 3.03875642286535e-9 	 -8.604933989161076e-9 	 -3.4415947336052432e-9 	 -5.366463334981758e-9 	 1.0282201315522565e-9 	 3.16845744397297e-9 	 -3.6140007293118605e-9 	 -4.681698609712171e-9 	 8.198794062110524e-9 	 1.591407036398911e-8 	 5.0941668409109455e-9 	 6.101972791220646e-9 	 
1962.4815578699313 	 1.1947468750750723e-7 	 -4.899891317298207e-9 	 -2.5821353815220777e-9 	 2.603372530914012e-7 	 -9.680830593358684e-9 	 -3.889079637582925e-9 	 1.451904680967906e-8 	 -1.7657142005744236e-8 	 -1.466289483757857e-7 	 2.1212067242972546e-8 	 3.802826745278834e-9 	 -7.1629587963140884e-9 	 -2.615961632171317e-8 	 2.156222956669256e-8 	 2.7719573718729177e-9 	 -8.494838714841628e-9 	 -3.4272260825366373e-9 	 -5.611410305473897e-9 	 1.0301556733428824e-9 	 3.2110386584615995e-9 	 -3.578325967601014e-9 	 -4.6827083353344204e-9 	 8.23360613703894e-9 	 1.5887324175248687e-8 	 5.161666985349603e-9 	 6.200626885275082e-9 	 
1997.0672690620238 	 1.1298975334842814e-7 	 -4.631385565914955e-9 	 -2.5700752878379982e-9 	 2.5466727804951783e-7 	 -9.819336537553955e-9 	 -3.928563664622877e-9 	 1.3539939061646794e-8 	 -1.6650754127249355e-8 	 -1.4473929319362502e-7 	 1.898356477566315e-8 	 3.6820764732712685e-9 	 -7.2707565312442234e-9 	 -2.5768220492680453e-8 	 2.0923873577870413e-8 	 2.498556348170428e-9 	 -8.370865294425378e-9 	 -3.4139561692457517e-9 	 -5.865972453198776e-9 	 1.0322673373960068e-9 	 3.256707487432487e-9 	 -3.537067004614021e-9 	 -4.683749077569581e-9 	 8.266429785225263e-9 	 1.5859919339247785e-8 	 5.228485174023254e-9 	 6.300651338745814e-9 	 
2032.2625000806186 	 1.0667334224997116e-7 	 -4.258939164871494e-9 	 -2.5595675095372023e-9 	 2.4891331989772924e-7 	 -9.95725606376042e-9 	 -3.9673819825418314e-9 	 1.2608859025224984e-8 	 -1.5693012952680565e-8 	 -1.4290770500498083e-7 	 1.6986129507153144e-8 	 3.5625337770529457e-9 	 -7.393615854983744e-9 	 -2.537007073875701e-8 	 2.0287105936821343e-8 	 2.221780076413849e-9 	 -8.257245149816168e-9 	 -3.4017912788513965e-9 	 -6.1311353315956885e-9 	 1.0346118186338794e-9 	 3.3058028540534067e-9 	 -3.4899223045648154e-9 	 -4.684796460812473e-9 	 8.297212439126296e-9 	 1.5831879942935662e-8 	 5.294508592945662e-9 	 6.402038179634355e-9 	 
2068.077992772737 	 1.0037764760954453e-7 	 -4.0997963531119196e-9 	 -2.550702839778205e-9 	 2.4369031349157595e-7 	 -1.0094358268630407e-8 	 -4.00545598627173e-9 	 1.172608432160982e-8 	 -1.4785832051571525e-8 	 -1.4113364452931322e-7 	 1.4787899515112412e-8 	 3.444186567911896e-9 	 -7.533547354912853e-9 	 -2.498199810043866e-8 	 1.965067669412873e-8 	 1.938290235598366e-9 	 -8.142613271675201e-9 	 -3.390737568070696e-9 	 -6.408037325707998e-9 	 1.0371355274923552e-9 	 3.3587119149141397e-9 	 -3.4365666064276363e-9 	 -4.685892154386902e-9 	 8.325901167403262e-9 	 1.58032353737638e-8 	 5.359617502688787e-9 	 6.50477770764197e-9 	 
2104.524678293899 	 9.47464366585281e-8 	 -3.7270703272494024e-9 	 -2.543581696015199e-9 	 2.3881165767060084e-7 	 -1.023038687594189e-8 	 -4.04270278634343e-9 	 1.0887229646725225e-8 	 -1.3923969903694e-8 	 -1.3941215907574367e-7 	 1.2775759762359342e-8 	 3.326967874317444e-9 	 -7.692981462158542e-9 	 -2.4605143929446213e-8 	 1.901379955762038e-8 	 1.6620943333531132e-9 	 -8.025442416306375e-9 	 -3.380802237858066e-9 	 -6.698002171359172e-9 	 1.039925874174253e-9 	 3.4158880808742505e-9 	 -3.376647878711649e-9 	 -4.686995292732614e-9 	 8.352440554022951e-9 	 1.577401580034712e-8 	 5.423685053253706e-9 	 6.608858504439721e-9 	 
2141.6136804443754 	 8.892822292689305e-8 	 -3.5832703275077443e-9 	 -2.53833346915825e-9 	 2.342494480883918e-7 	 -1.0365058359157811e-8 	 -4.0790351115155354e-9 	 1.009038465561697e-8 	 -1.3106018836387436e-8 	 -1.377517993280466e-7 	 1.0591420420162978e-8 	 3.2108727832597832e-9 	 -7.874899957598885e-9 	 -2.422045445758939e-8 	 1.837749171761106e-8 	 1.3769603949664977e-9 	 -7.919635543929998e-9 	 -3.371991963395774e-9 	 -7.002582664566621e-9 	 1.042930906577159e-9 	 3.4778497752676106e-9 	 -3.309780245128773e-9 	 -4.68814637503125e-9 	 8.376773647453615e-9 	 1.574425276376063e-8 	 5.486576860174986e-9 	 6.7142675526639805e-9 	 
2179.3563190642653 	 8.416832561660587e-8 	 -3.2431413648313062e-9 	 -2.5351085153158552e-9 	 2.3054297122997556e-7 	 -1.049805642934808e-8 	 -4.114361162747667e-9 	 9.332881316878518e-9 	 -1.2329296100022728e-8 	 -1.3613908150116237e-7 	 8.51878391120924e-9 	 3.095843448178137e-9 	 -8.08299447760617e-9 	 -2.385998144238405e-8 	 1.7740327101813404e-8 	 1.0845607430941049e-9 	 -7.80560826227349e-9 	 -3.3643147734109002e-9 	 -7.323614767735181e-9 	 1.0462065655850627e-9 	 3.5451991873756976e-9 	 -3.2355272468928977e-9 	 -4.689324747365733e-9 	 8.398841521036497e-9 	 1.5713980781398887e-8 	 5.548150286912149e-9 	 6.8209903142450235e-9 	 
2217.7641134883993 	 7.656478155744581e-8 	 -3.127141156266661e-9 	 -2.534095621194261e-9 	 2.240556868442148e-7 	 -1.0629026796344587e-8 	 -4.148584545131557e-9 	 8.612466198468226e-9 	 -1.1591836361418916e-8 	 -1.345780486850698e-7 	 6.691561649032996e-9 	 2.9818717422457053e-9 	 -8.321910099752783e-9 	 -2.3484340863230784e-8 	 1.7101397232816736e-8 	 7.950783123145483e-10 	 -7.70077535526278e-9 	 -3.3577779192419744e-9 	 -7.663291378736493e-9 	 1.0497575080948554e-9 	 3.618663909763677e-9 	 -3.1534122675021025e-9 	 -4.690534435903717e-9 	 8.418581340149881e-9 	 1.5683226996954637e-8 	 5.60825434088606e-9 	 6.929010967560095e-9 	 
2256.8487860621126 	 6.999533980309664e-8 	 -2.79955582903967e-9 	 -2.5355242080811253e-9 	 2.1921034047685046e-7 	 -1.0757570366879068e-8 	 -4.181604185573033e-9 	 7.926844860643113e-9 	 -1.089160140303364e-8 	 -1.3306928605920855e-7 	 4.16765095398915e-9 	 2.868897449206286e-9 	 -8.597573970113384e-9 	 -2.3131008037980044e-8 	 1.6461460204746285e-8 	 4.987517138192133e-10 	 -7.589216440599858e-9 	 -3.3523901396493826e-9 	 -8.024256962675904e-9 	 1.0535725038478526e-9 	 3.699102740196658e-9 	 -3.062894052203009e-9 	 -4.691796508299814e-9 	 8.435926730419455e-9 	 1.5652029192293075e-8 	 5.666728539971104e-9 	 7.038312600450483e-9 	 
2296.6222657190083 	 6.44661060973209e-8 	 -2.7126417461515223e-9 	 -2.5396859833916045e-9 	 2.1529035326025768e-7 	 -1.088323478872103e-8 	 -4.213314233789559e-9 	 7.273488531596482e-9 	 -1.0226078337358517e-8 	 -1.3160969488454825e-7 	 2.124923610820537e-9 	 2.75691890587068e-9 	 -8.917704475125734e-9 	 -2.277255626455066e-8 	 1.581789812617488e-8 	 1.891678364930634e-10 	 -7.486210259408466e-9 	 -3.3481592435241584e-9 	 -8.409737295673918e-9 	 1.0577204654325876e-9 	 3.787569266312363e-9 	 -2.9633410804515774e-9 	 -4.693080070658973e-9 	 8.450806800775993e-9 	 1.5620417625524015e-8 	 5.7234026342463026e-9 	 7.1488776971702796e-9 	 
2337.0966916217417 	 5.9600752707855924e-8 	 -2.392020167258262e-9 	 -2.546949825028824e-9 	 2.124233314001194e-7 	 -1.1005503153967149e-8 	 -4.243604054918074e-9 	 6.650570229551904e-9 	 -9.59439103171526e-9 	 -1.3019805353532775e-7 	 -4.091378047105339e-10 	 2.645871172814435e-9 	 -9.292558801595113e-9 	 -2.242177931530812e-8 	 1.5171535744731205e-8 	 -1.2382617050360157e-10 	 -7.383317352486928e-9 	 -3.3450945701446983e-9 	 -8.823710919691096e-9 	 1.0621415972447852e-9 	 3.885377070530075e-9 	 -2.854057344985284e-9 	 -4.694430898891767e-9 	 8.463144288295382e-9 	 1.5588432291160183e-8 	 5.778095394858846e-9 	 7.260688465082178e-9 	 
2378.2844168669976 	 5.092373172700204e-8 	 -2.324116474250853e-9 	 -2.5577985870948545e-9 	 2.0593015768651132e-7 	 -1.1123779269922648e-8 	 -4.272358151767115e-9 	 6.054993515781426e-9 	 -8.992670724974339e-9 	 -1.2882551541900312e-7 	 -2.725047133584922e-9 	 2.535763541196354e-9 	 -9.736148152281437e-9 	 -2.208258777904454e-8 	 1.4519778160809811e-8 	 -4.499258436883752e-10 	 -7.277081423616464e-9 	 -3.3432044531544987e-9 	 -9.271142390414882e-9 	 1.0669274013333134e-9 	 3.994185010099425e-9 	 -2.7341939983582364e-9 	 -4.695806624688648e-9 	 8.472853593909442e-9 	 1.5556107868149646e-8 	 5.8306137450916165e-9 	 7.373727629964611e-9 	 
2420.198012255736 	 4.4631710273661415e-8 	 -2.0437719637430654e-9 	 -2.5728752558439595e-9 	 2.0212282990148613e-7 	 -1.1237368202919094e-8 	 -4.299456256183359e-9 	 5.485515770649361e-9 	 -8.42254331719571e-9 	 -1.274969379854972e-7 	 -5.383611476981226e-9 	 2.426525644053158e-9 	 -1.0268227078744727e-8 	 -2.17347687693831e-8 	 1.3862411494714601e-8 	 -7.833013753632078e-10 	 -7.182154541063901e-9 	 -3.3424987222403046e-9 	 -9.758284442020962e-9 	 1.0720241053717974e-9 	 4.116181717981723e-9 	 -2.602781106532522e-9 	 -4.69724902354051e-9 	 8.479840823558906e-9 	 1.5523479534247638e-8 	 5.880751532685168e-9 	 7.487979266165786e-9 	 
2462.8502701298967 	 3.717281497337264e-8 	 -1.946473449746893e-9 	 -2.5930663717388637e-9 	 1.9766883634205232e-7 	 -1.1345450848506916e-8 	 -4.324773330581848e-9 	 4.93815608300148e-9 	 -7.87762831959286e-9 	 -1.2621643891829094e-7 	 -8.148555702643899e-9 	 2.3181617130073638e-9 	 -1.0917890915959372e-8 	 -2.1410430225671348e-8 	 1.3196278973715976e-8 	 -1.13308084502699e-9 	 -7.079566501720895e-9 	 -3.342986145607917e-9 	 -1.0293036186288742e-8 	 1.0774892515958991e-9 	 4.25431780628084e-9 	 -2.4586165514087883e-9 	 -4.6987375419966896e-9 	 8.483998793453621e-9 	 1.549059019316176e-8 	 5.928287634479962e-9 	 7.60343003740637e-9 	 
2506.2542082767286 	 3.045554819732751e-8 	 -1.7324556820268661e-9 	 -2.6196487541825066e-9 	 1.9356776040473884e-7 	 -1.1447052328570974e-8 	 -4.348179697383245e-9 	 4.41127142078096e-9 	 -7.361596722186192e-9 	 -1.2498924666161008e-7 	 -1.0368976697760917e-8 	 2.210619348938888e-9 	 -1.1730728043642797e-8 	 -2.1070474214338817e-8 	 1.2520108888370802e-8 	 -1.502483318008632e-9 	 -6.984820602183735e-9 	 -3.34467688997826e-9 	 -1.0885181390618655e-8 	 1.0833245122274007e-9 	 4.412807710554543e-9 	 -2.300278117807837e-9 	 -4.7002763809620605e-9 	 8.485205063525872e-9 	 1.5457471045589995e-8 	 5.972984404240768e-9 	 7.720070899621014e-9 	 
2550.4230739018953 	 2.1538006362419993e-8 	 -1.5921769579896714e-9 	 -2.6545635856267024e-9 	 1.8969504845651936e-7 	 -1.1541005965372267e-8 	 -4.369541211680287e-9 	 3.900222233317154e-9 	 -6.867022686033374e-9 	 -1.237943914088884e-7 	 -1.462306441360681e-8 	 2.103883542653567e-9 	 -1.2783610859349228e-8 	 -2.0752764672264968e-8 	 1.1828746654368507e-8 	 -1.8547688311911376e-9 	 -6.883450396762285e-9 	 -3.3475800777172053e-9 	 -1.1545620251182236e-8 	 1.0895201323371826e-9 	 4.5980353001973964e-9 	 -2.12597644726078e-9 	 -4.701887265662645e-9 	 8.483317398119704e-9 	 1.5424173692187812e-8 	 6.014584648576443e-9 	 7.837899334730883e-9 	 
2595.370347672644 	 1.2988012301939572e-8 	 -1.443843974865142e-9 	 -2.701028488656195e-9 	 1.8653707287929344e-7 	 -1.162594714387453e-8 	 -4.388719435406128e-9 	 3.4007431757593727e-9 	 -6.397779706932034e-9 	 -1.226262135979207e-7 	 -1.879255141883545e-8 	 1.9979262181888356e-9 	 -1.4209533487285721e-8 	 -2.042807982015999e-8 	 1.1117618097427174e-8 	 -2.18586673569506e-9 	 -6.791356849572734e-9 	 -3.3517060335669836e-9 	 -1.22809853895149e-8 	 1.0961421473287695e-9 	 4.820636958840148e-9 	 -1.9336020196444984e-9 	 -4.703540359428069e-9 	 8.478169899998636e-9 	 1.5390725617617978e-8 	 6.05280939636968e-9 	 7.95692237247366e-9 	 
2641.109747832185 	 1.960334728952385e-9 	 -1.2693919917525534e-9 	 -2.765132170774586e-9 	 1.818947291351207e-7 	 -1.17004735481131e-8 	 -4.4055721049970775e-9 	 2.9047952660550164e-9 	 -5.946780273213762e-9 	 -1.214990866137466e-7 	 -2.3557839920877445e-8 	 1.892708962491335e-9 	 -1.6163406259140635e-8 	 -2.0112491389667587e-8 	 1.0377418996832731e-8 	 -2.3338920008993702e-9 	 -6.697890329769428e-9 	 -3.3570641102742467e-9 	 -1.3069692360886442e-8 	 1.103127778173917e-9 	 5.101250513176126e-9 	 -1.7209688551767628e-9 	 -4.705282394336893e-9 	 8.469575300190137e-9 	 1.535717768828882e-8 	 6.087355903653082e-9 	 8.077159508596959e-9 	 
2687.655234386611 	 -8.507137186239267e-9 	 -1.1629075115856944e-9 	 -2.861875262269708e-9 	 1.7820542515077817e-7 	 -1.1763809873275848e-8 	 -4.419953206102506e-9 	 2.3951494076038836e-9 	 -5.516029949732306e-9 	 -1.2041778660628295e-7 	 -2.901613568985419e-8 	 1.788224061466091e-9 	 -1.842799835607148e-8 	 -1.9805652676451064e-8 	 9.59684285806164e-9 	 -1.8189847433070665e-9 	 -6.602584113610676e-9 	 -3.3636646006870767e-9 	 -1.3821927758568753e-8 	 1.1105706541189231e-9 	 5.492478711873962e-9 	 -1.4868641328412657e-9 	 -4.70706934414931e-9 	 8.457324415156781e-9 	 1.5323546858553684e-8 	 6.117902893220051e-9 	 8.198641627717464e-9 	 
2735.0210133656037 	 -1.1113553048709964e-8 	 -9.605026619175478e-10 	 -3.078243723898435e-9 	 1.7492406988422786e-7 	 -1.1817913349123941e-8 	 -4.431713756702252e-9 	 1.7838496138084249e-9 	 -5.096906513572489e-9 	 -1.1939063973273827e-7 	 -3.2812387048009725e-8 	 1.6845015242202172e-9 	 -1.936828359935048e-8 	 -1.9491953447820974e-8 	 8.76420749684147e-9 	 2.5625120512705423e-9 	 -6.516802763905281e-9 	 -3.3714313025267016e-9 	 -1.4171820714062924e-8 	 1.1184052239577158e-9 	 6.30955312497021e-9 	 -1.239413040804704e-9 	 -4.708948464455131e-9 	 8.441300233644942e-9 	 1.5289806447856062e-8 	 6.144135265586322e-9 	 8.321066203795143e-9 	 
2783.2215411581997 	 -9.099691500022802e-9 	 -8.801777128772918e-10 	 -3.1732517170981005e-9 	 1.7127133309469303e-7 	 -1.1863791407900226e-8 	 -4.440721911759683e-9 	 1.2975426535338246e-9 	 -4.689214642491317e-9 	 -1.1838767268759782e-7 	 -2.9507121624258133e-8 	 1.5844389916730675e-9 	 -1.671418195689089e-8 	 -1.9199918423493746e-8 	 7.940164465751389e-9 	 7.449325661300372e-10 	 -6.41552104834305e-9 	 -3.3773944202016314e-9 	 -1.3521048735151566e-8 	 1.1266907604902013e-9 	 6.642855739275883e-9 	 -1.1036002092025854e-9 	 -4.710893546480523e-9 	 8.421593087248164e-9 	 1.5256152675229357e-8 	 6.1658518563005896e-9 	 8.433262653398202e-9 	 
2832.2715289250114 	 -3.951337581944993e-9 	 -6.697647259241819e-10 	 -3.168658854416679e-9 	 1.680170436565109e-7 	 -1.1895747653721693e-8 	 -4.4468925759700605e-9 	 9.271573302661325e-10 	 -4.3013673703193935e-9 	 -1.1739482736665816e-7 	 -2.4316542744783472e-8 	 1.4892826324128116e-9 	 -1.3931203426784482e-8 	 -1.8891920597781074e-8 	 7.215808492989843e-9 	 -6.31261763817553e-10 	 -6.339177800381946e-9 	 -3.380292451975927e-9 	 -1.2607950516278274e-8 	 1.135390908402049e-9 	 6.667253203109999e-9 	 -1.0501064804961643e-9 	 -4.712916640171901e-9 	 8.398446959152695e-9 	 1.5222700791564006e-8 	 6.18305755939902e-9 	 8.531151853728523e-9 	 
2882.1859470881627 	 7.515104345439195e-10 	 -5.792804436086282e-10 	 -3.116684074298686e-9 	 1.6522039532622396e-7 	 -1.1913137960964736e-8 	 -4.450150015712682e-9 	 6.262042968841894e-10 	 -3.9369699870923944e-9 	 -1.1644594051208343e-7 	 -1.9987594315500367e-8 	 1.3988813522447885e-9 	 -1.173525440980059e-8 	 -1.8606955192334605e-8 	 6.581852976849898e-9 	 -1.3275702158602335e-9 	 -6.246622674009729e-9 	 -3.3803962031985218e-9 	 -1.1695002068075648e-8 	 1.1444812746263652e-9 	 6.577460941815751e-9 	 -1.0347955535882797e-9 	 -4.7150331396761715e-9 	 8.372206766429201e-9 	 1.5189414510820564e-8 	 6.195830825057626e-9 	 8.616168929396275e-9 	 
2932.9800299003823 	 3.981642685598341e-9 	 -4.1780567049021553e-10 	 -3.0357396385352287e-9 	 1.6225699033779233e-7 	 -1.191708131627672e-8 	 -4.450421099784795e-9 	 3.7735621378004417e-10 	 -3.5978574654452717e-9 	 -1.1553651456502252e-7 	 -1.6747894452077946e-8 	 1.3130142189257196e-9 	 -1.0107171164902822e-8 	 -1.8312076823418648e-8 	 6.021121494866822e-9 	 -1.683003166256089e-9 	 -6.164829438592715e-9 	 -3.3779556476875104e-9 	 -1.085739646968199e-8 	 1.1539938077411547e-9 	 6.428933922834814e-9 	 -1.040030054869112e-9 	 -4.717217467221306e-9 	 8.343230634829027e-9 	 1.5156339993320437e-8 	 6.204257846793766e-9 	 8.68939865497714e-9 	 
2984.6692800946194 	 6.285456342017442e-9 	 -2.8984099091285705e-10 	 -2.9359712525190836e-9 	 1.5938236508229917e-7 	 -1.1909043081056247e-8 	 -4.447635522749653e-9 	 1.7202445143884853e-10 	 -3.2823988820916777e-9 	 -1.1466155403533145e-7 	 -1.4233719710777963e-8 	 1.2315094332585403e-9 	 -8.842133072514696e-9 	 -1.802887171783633e-8 	 5.520184346463143e-9 	 -1.8624691511352171e-9 	 -6.079524633869592e-9 	 -3.373202256352612e-9 	 -1.0103499033162764e-8 	 1.1638414383571198e-9 	 6.24678179451588e-9 	 -1.0573485503922276e-9 	 -4.719514578630732e-9 	 8.311855110668045e-9 	 1.5123504542433114e-8 	 6.208414008861985e-9 	 8.751702603054671e-9 	 
3037.269473615574 	 7.283638046095259e-9 	 -1.8849563707350599e-10 	 -2.8238945626586146e-9 	 1.5596958374006794e-7 	 -1.1890345102778338e-8 	 -4.441726645331826e-9 	 2.0035323279897064e-12 	 -2.991343097110139e-9 	 -1.1384584858348029e-7 	 -1.2230000952776083e-8 	 1.1541809361765734e-9 	 -7.819626883928928e-9 	 -1.7751064044481702e-8 	 5.069481137707155e-9 	 -1.941154144657565e-9 	 -5.9942952664383465e-9 	 -3.366349199897855e-9 	 -9.423764007157688e-9 	 1.1740963892435391e-9 	 6.044702470160783e-9 	 -1.0820867797684306e-9 	 -4.721877194980021e-9 	 8.278376327149713e-9 	 1.5090936239173264e-8 	 6.208361637686776e-9 	 8.803787738920854e-9 	 
3090.796664434656 	 9.213854564036868e-9 	 -5.909617469873471e-11 	 -2.704027025714421e-9 	 1.539417519046706e-7 	 -1.1862083415773619e-8 	 -4.432631979720691e-9 	 -1.3756525593019883e-10 	 -2.7230600406221193e-9 	 -1.1301060173083433e-7 	 -1.0595331679690122e-8 	 1.0808369228380733e-9 	 -6.970206697538815e-9 	 -1.746855174005726e-8 	 4.661866541876237e-9 	 -1.9581127434689264e-9 	 -5.91667583017274e-9 	 -3.3575934770634708e-9 	 -8.80708328910125e-9 	 1.1846572839498482e-9 	 5.831005231313828e-9 	 -1.11141332206527e-9 	 -4.724356857411059e-9 	 8.24305725854432e-9 	 1.5058670926792835e-8 	 6.204151717659544e-9 	 8.846248036254626e-9 	 
3145.267189449756 	 1.0292956832613273e-8 	 3.8112777538964506e-11 	 -2.579624234138194e-9 	 1.5152023131288101e-7 	 -1.1825160341789633e-8 	 -4.420293988224283e-9 	 -2.5068420909047174e-10 	 -2.475958520164381e-9 	 -1.122126197707367e-7 	 -9.239392817652296e-9 	 1.0113109689329309e-9 	 -6.250697294419369e-9 	 -1.7206032044819738e-8 	 4.291752196642602e-9 	 -1.935849523630592e-9 	 -5.825584886312187e-9 	 -3.347115992387799e-9 	 -8.243947825955719e-9 	 1.195577779698756e-9 	 5.61107636064353e-9 	 -1.1434992529367215e-9 	 -4.72691758277983e-9 	 8.206129153058606e-9 	 1.502672573542604e-8 	 6.19582658240617e-9 	 8.879592250422544e-9 	 
3200.6976734713967 	 9.635318274048549e-9 	 1.1269694326560327e-10 	 -2.453105388674912e-9 	 1.4772727218919978e-7 	 -1.178032057165496e-8 	 -4.404660669212351e-9 	 -3.4214413086916625e-10 	 -2.249874924537969e-9 	 -1.1144925432091523e-7 	 -8.098430799482123e-9 	 9.45427848803002e-10 	 -5.632166012898837e-9 	 -1.692725998247415e-8 	 3.954625979409818e-9 	 -1.8882599710759712e-9 	 -5.756756498969294e-9 	 -3.335083608247035e-9 	 -7.726677708786402e-9 	 1.2068031054775128e-9 	 5.388564261022195e-9 	 -1.1771134088950622e-9 	 -4.729579646398936e-9 	 8.167797418545532e-9 	 1.4995132194406577e-8 	 6.183422925003731e-9 	 8.904263052007209e-9 	 
3257.10503429676 	 9.832366866623756e-9 	 2.3012748778699115e-10 	 -2.326291961934655e-9 	 1.450266550937759e-7 	 -1.1728186183170425e-8 	 -4.3856862397917306e-9 	 -4.139042957972556e-10 	 -2.042294794436378e-9 	 -1.1071563172017445e-7 	 -7.128741449410257e-9 	 8.830122805982931e-10 	 -5.0942454303854546e-9 	 -1.6672225626213414e-8 	 3.6467588219389143e-9 	 -1.824338018617977e-9 	 -5.672225194627972e-9 	 -3.321649029182631e-9 	 -7.249119365913786e-9 	 1.2183163856962436e-9 	 5.166015321246169e-9 	 -1.211403192939045e-9 	 -4.732348635883957e-9 	 8.128245049472897e-9 	 1.4963903204838854e-8 	 6.166973418577625e-9 	 8.920650941171263e-9 	 
3314.506487873102 	 1.0087915963474092e-8 	 2.6398579150975387e-10 	 -2.200551850960835e-9 	 1.4274869523800917e-7 	 -1.1669281717917459e-8 	 -4.363331798325265e-9 	 -4.692807373934911e-10 	 -1.8524963180563445e-9 	 -1.1006172867745902e-7 	 -6.2978982373207996e-9 	 8.239211145047603e-10 	 -4.6220665174759445e-9 	 -1.6405086922680895e-8 	 3.3650145565431822e-9 	 -1.7501065916594078e-9 	 -5.599334925340157e-9 	 -3.306952677218703e-9 	 -6.806313863292096e-9 	 1.2301418772007101e-9 	 4.945242969496988e-9 	 -1.2457666102463999e-9 	 -4.735200596153038e-9 	 8.087634915894539e-9 	 1.493306336720416e-8 	 6.146509340799724e-9 	 8.929104833810973e-9 	 
3372.919553552214 	 1.010837755604958e-8 	 3.517875002606574e-10 	 -2.0769384915089186e-9 	 1.403042018319231e-7 	 -1.1604054104889087e-8 	 -4.3375658737979625e-9 	 -5.111027588048002e-10 	 -1.679649321369614e-9 	 -1.0935260383807805e-7 	 -5.580692850309268e-9 	 7.679780337203852e-10 	 -4.2044389723891505e-9 	 -1.6150973485467022e-8 	 3.106718551282157e-9 	 -1.6697000315131785e-9 	 -5.521774675004892e-9 	 -3.2911227304779843e-9 	 -6.394223610368554e-9 	 1.2421862578925584e-9 	 4.727555111379904e-9 	 -1.279773298371202e-9 	 -4.738180192598224e-9 	 8.046112993913573e-9 	 1.490262961004127e-8 	 6.122061621692565e-9 	 8.929940278891306e-9 	 
3432.362059437434 	 9.669005468756347e-9 	 4.098508177299354e-10 	 -1.9562314321537268e-9 	 1.3761477924282902e-7 	 -1.1532890114353517e-8 	 -4.308365115293348e-9 	 -5.399849847880183e-10 	 -1.5211084535605303e-9 	 -1.0868284184413482e-7 	 -4.958114972069274e-9 	 7.150470176203083e-10 	 -3.8327450172818495e-9 	 -1.5900985867323433e-8 	 2.8695620042532643e-9 	 -1.5860075177069663e-9 	 -5.4447695023240295e-9 	 -3.2742763967965736e-9 	 -6.0095240488913995e-9 	 1.254525700253316e-9 	 4.513900822964404e-9 	 -1.3131136035883293e-9 	 -4.7412344602602775e-9 	 8.003809172668957e-9 	 1.4872615183935441e-8 	 6.093662768723355e-9 	 8.923446068304464e-9 	 
3492.8521478249413 	 9.428245131589075e-9 	 4.2713010908981303e-10 	 -1.8390165884596394e-9 	 1.3532693762780098e-7 	 -1.1456127213537976e-8 	 -4.275714818943482e-9 	 -5.595167085676627e-10 	 -1.3774231220776209e-9 	 -1.0804854762135296e-7 	 -4.414694965497581e-9 	 6.649847612532747e-10 	 -3.500202236337453e-9 	 -1.564606245412039e-8 	 2.651536011103291e-9 	 -1.5010726346680678e-9 	 -5.375142337780893e-9 	 -3.2565204979398264e-9 	 -5.649446766364379e-9 	 1.2670436542023955e-9 	 4.304968708479742e-9 	 -1.3455645336560562e-9 	 -4.744419205521731e-9 	 7.960840720019099e-9 	 1.4843037569390016e-8 	 6.061348004058178e-9 	 8.909889671017983e-9 	 
3554.408280740901 	 9.144464807966664e-9 	 5.077772102436882e-10 	 -1.7257292928567106e-9 	 1.3306838623448094e-7 	 -1.1374064410016048e-8 	 -4.2396095615238384e-9 	 -5.699916421627028e-10 	 -1.2462362474039678e-9 	 -1.0743925395334321e-7 	 -3.938507421918469e-9 	 6.176401471912639e-10 	 -3.2013741843328536e-9 	 -1.5411728090417182e-8 	 2.4508754880136437e-9 	 -1.4163498437664915e-9 	 -5.290041655592519e-9 	 -3.237952076358664e-9 	 -5.311661654887698e-9 	 1.2797980022297822e-9 	 4.101254746718288e-9 	 -1.3769664044127066e-9 	 -4.747693061351095e-9 	 7.917311988659475e-9 	 1.4813902428438527e-8 	 6.025156251053201e-9 	 8.889521811282013e-9 	 
3617.049245576217 	 8.547623125469876e-9 	 5.049412889311473e-10 	 -1.6166615145717836e-9 	 1.3078006196896609e-7 	 -1.1286970075035218e-8 	 -4.200053681454753e-9 	 -5.729478610776046e-10 	 -1.1266434312989665e-9 	 -1.0692988270899875e-7 	 -3.51947427823727e-9 	 5.729019034532066e-10 	 -2.9318465829761036e-9 	 -1.5159337359199603e-8 	 2.2660215971783993e-9 	 -1.3328764095272588e-9 	 -5.230573327039215e-9 	 -3.218659241078128e-9 	 -4.994187897782375e-9 	 1.2927262803156727e-9 	 3.903110409101158e-9 	 -1.407206336977227e-9 	 -4.7510746559379835e-9 	 7.873316251952386e-9 	 1.4785226811966925e-8 	 5.985131685545795e-9 	 8.862580289251354e-9 	 
3680.7941608205992 	 8.53509457243881e-9 	 5.391957821860741e-10 	 -1.5120252292690836e-9 	 1.290384485253553e-7 	 -1.1195088637039173e-8 	 -4.157061764045985e-9 	 -5.706526515908898e-10 	 -1.0186993598545472e-9 	 -1.0632993707453258e-7 	 -3.149599165452444e-9 	 5.306274039172383e-10 	 -2.6879699144357e-9 	 -1.4931223767317212e-8 	 2.095589225013021e-9 	 -1.251387804365662e-9 	 -5.1534447569346656e-9 	 -3.1987216538187273e-9 	 -4.695325867467309e-9 	 1.3058009451046526e-9 	 3.710777400034903e-9 	 -1.4362064409105768e-9 	 -4.7545732943140646e-9 	 7.8289368370521e-9 	 1.4757018229881452e-8 	 5.941323978087631e-9 	 8.82929362715506e-9 	 
3745.662481897642 	 8.859627876739513e-9 	 5.774651943090719e-10 	 -1.4119406528574234e-9 	 1.2773947536368692e-7 	 -1.1098647034216715e-8 	 -4.110659131323417e-9 	 -5.623841628742649e-10 	 -9.19748526692211e-10 	 -1.0576974967465747e-7 	 -2.8222201984947615e-9 	 4.907018522340326e-10 	 -2.466702785532871e-9 	 -1.4691241656609756e-8 	 1.9383398571770695e-9 	 -1.172399325019549e-9 	 -5.087453533407074e-9 	 -3.1782111823075665e-9 	 -4.413604656151155e-9 	 1.3190554813594572e-9 	 3.5244132905282526e-9 	 -1.4639151868882941e-9 	 -4.7581553563449354e-9 	 7.784249069143219e-9 	 1.4729287348067708e-8 	 5.8937898904641806e-9 	 8.789883593147079e-9 	 
3811.6740071027934 	 7.930960611205552e-9 	 5.517822731294632e-10 	 -1.3164616772389173e-9 	 1.2535676070202208e-7 	 -1.099785834453694e-8 	 -4.060882223697791e-9 	 -5.506984573942765e-10 	 -8.30548619641394e-10 	 -1.0524186430436101e-7 	 -2.5316263888116406e-9 	 4.53020325262998e-10 	 -2.265480977519991e-9 	 -1.4461807271430153e-8 	 1.7931644032195979e-9 	 -1.096263760261637e-9 	 -5.018168369999565e-9 	 -3.1571923652236006e-9 	 -4.147741078836295e-9 	 1.3323721543044373e-9 	 3.3441106061017517e-9 	 -1.4903009644030562e-9 	 -4.761874766232306e-9 	 7.739318665040506e-9 	 1.4702039664641297e-8 	 5.842593346415353e-9 	 8.744568040656656e-9 	 
3878.848883645918 	 6.609839884425788e-9 	 5.98052780924203e-10 	 -1.2256064116949865e-9 	 1.2260048663489867e-7 	 -1.0892926117426791e-8 	 -4.007779019604316e-9 	 -5.356210908618592e-10 	 -7.495532017544214e-10 	 -1.047416859094106e-7 	 -2.2731441160503007e-9 	 4.1745586309077177e-10 	 -2.0821120496982265e-9 	 -1.4240465568821283e-8 	 1.6590627041965783e-9 	 -1.0232122880877014e-9 	 -4.946366985599246e-9 	 -3.135723360229006e-9 	 -3.896607577842937e-9 	 1.3458389405254423e-9 	 3.169911347995536e-9 	 -1.5153473356204109e-9 	 -4.765668591834443e-9 	 7.694204029499606e-9 	 1.4675277526768886e-8 	 5.7878065164408e-9 	 8.693563164621822e-9 	 
3947.2076138003845 	 5.969952589713442e-9 	 5.79896382301115e-10 	 -1.1393321023877293e-9 	 1.2066089592522916e-7 	 -1.0784048086324299e-8 	 -3.951409248727087e-9 	 -5.175331511680736e-10 	 -6.757127191711053e-10 	 -1.0426107623392754e-7 	 -2.042783723144662e-9 	 3.839228972671906e-10 	 -1.9147229890108976e-9 	 -1.4008430227693276e-8 	 1.5351316827520534e-9 	 -9.533855865125449e-10 	 -4.885463902604887e-9 	 -3.113855480721157e-9 	 -3.6592061258166996e-9 	 1.3593267005609067e-9 	 3.001817993005175e-9 	 -1.5390493773185155e-9 	 -4.769594977749709e-9 	 7.648956755961484e-9 	 1.464901228002473e-8 	 5.729510370325414e-9 	 8.63708553456439e-9 	 
4016.7710611605276 	 5.8852954641254045e-9 	 5.764261737069283e-10 	 -1.0575792204086454e-9 	 1.1941831099267566e-7 	 -1.0671419615993065e-8 	 -3.891844646621702e-9 	 -4.980929224635231e-10 	 -6.094351364085745e-10 	 -1.0387077763454826e-7 	 -1.8370783093973987e-9 	 3.5231424164447364e-10 	 -1.7616847138312276e-9 	 -1.3801363325014268e-8 	 1.420553582179351e-9 	 -8.86855893038665e-10 	 -4.81756311332739e-9 	 -3.0916353808984885e-9 	 -3.434648266851872e-9 	 1.3728789062499178e-9 	 2.839802090800921e-9 	 -1.5614109237006845e-9 	 -4.7736185765233605e-9 	 7.603621576802565e-9 	 1.462324679940677e-8 	 5.6677947463381275e-9 	 8.575354033347824e-9 	 
4087.560457009342 	 1.2845534268224975e-8 	 5.925886566352674e-10 	 -9.802588205033818e-10 	 1.2513584823914548e-7 	 -1.0555234947878286e-8 	 -3.829169130654837e-9 	 -4.766895553891182e-10 	 -5.489510936986653e-10 	 -1.0339090083517725e-7 	 -1.6531362503030632e-9 	 3.225331497598075e-10 	 -1.62157823753594e-9 	 -1.3573528883380312e-8 	 1.3145841938355373e-9 	 -8.236437870060294e-10 	 -4.7533478168898325e-9 	 -3.0691032111359627e-9 	 -3.2221374630694237e-9 	 1.3864583617928256e-9 	 2.6838108289044086e-9 	 -1.5824424852681066e-9 	 -4.777736828228119e-9 	 7.55823636974349e-9 	 1.459798293331147e-8 	 5.602759524239156e-9 	 8.50859135697586e-9 	 
4159.5974067984625 	 4.118398310916841e-9 	 5.617643473472761e-10 	 -9.072549151387709e-10 	 1.1531199074122457e-7 	 -1.0435691310242947e-8 	 -3.763478923053099e-9 	 -4.543182584586021e-10 	 -4.942596714688203e-10 	 -1.0295385232972089e-7 	 -1.4884076707185542e-9 	 2.945035901048157e-10 	 -1.4931648515011983e-9 	 -1.3367636778250314e-8 	 1.216546900381137e-9 	 -7.637313783525737e-10 	 -4.684569112306106e-9 	 -3.0462957932979205e-9 	 -3.020956420123424e-9 	 1.3999879185188933e-9 	 2.5337722571805534e-9 	 -1.6021595903631052e-9 	 -4.781986259760669e-9 	 7.512836279636153e-9 	 1.4573219808909817e-8 	 5.5345139610202355e-9 	 8.4370257693504e-9 	 
4232.903896742278 	 3.4603044855568122e-9 	 5.623952163113284e-10 	 -8.384496283684556e-10 	 1.1358586326341612e-7 	 -1.0312989046822447e-8 	 -3.694882594005683e-9 	 -4.3165748452618195e-10 	 -4.451682901246034e-10 	 -1.0253992204580639e-7 	 -1.3406796698022014e-9 	 2.681274407434558e-10 	 -1.3753430868341662e-9 	 -1.3157359788958769e-8 	 1.125823697752584e-9 	 -7.070714120464975e-10 	 -4.621429547133985e-9 	 -3.0232442642647145e-9 	 -2.8304547963462834e-9 	 1.4135447604067414e-9 	 2.3895993137855405e-9 	 -1.620581583783058e-9 	 -4.786305143526292e-9 	 7.46745369123755e-9 	 1.4548965203790763e-8 	 5.463177863180747e-9 	 8.360892417281699e-9 	 
4307.502300528305 	 2.709331134119456e-9 	 5.586482760789509e-10 	 -7.737033584156898e-10 	 1.1181627079083055e-7 	 -1.0187336640810575e-8 	 -3.6235009505619377e-9 	 -4.0807664014336775e-10 	 -4.001800761970019e-10 	 -1.0213680277310056e-7 	 -1.2080867437281916e-9 	 2.433324159667126e-10 	 -1.267143957476815e-9 	 -1.294623208203164e-8 	 1.0418490168708862e-9 	 -6.535950291720271e-10 	 -4.562411558274687e-9 	 -2.999977233654569e-9 	 -2.650040753856801e-9 	 1.426971085009975e-9 	 2.2511930503992616e-9 	 -1.637730679209829e-9 	 -4.790765744784216e-9 	 7.422111922500703e-9 	 1.4525222910678784e-8 	 5.388881130901992e-9 	 8.280434756299549e-9 	 
4383.41538614581 	 1.7727424318786906e-9 	 5.189565627611591e-10 	 -7.128703329962923e-10 	 1.1006680350846209e-7 	 -1.0058948210636884e-8 	 -3.549466947691252e-9 	 -3.8494870900061485e-10 	 -3.6005523689899515e-10 	 -1.0186790425644213e-7 	 -1.0889192898574517e-9 	 2.2004532624632511e-10 	 -1.167703491340858e-9 	 -1.275567822699164e-8 	 9.641057831293788e-10 	 -6.032175447476028e-10 	 -4.48812639444972e-9 	 -2.9765185245362684e-9 	 -2.47917226404992e-9 	 1.440357505362478e-9 	 2.1184451337547526e-9 	 -1.6536312291572226e-9 	 -4.795303573308822e-9 	 7.3768312119654956e-9 	 1.4501992256187372e-8 	 5.3117638614176855e-9 	 8.195905514697622e-9 	 
4460.666322834745 	 2.874039609485841e-9 	 5.338607139290699e-10 	 -6.558069861161702e-10 	 1.1015000117823142e-7 	 -9.928048916077266e-9 	 -3.4729255293510992e-9 	 -3.617528154739152e-10 	 -3.235807081276974e-10 	 -1.014178994684643e-7 	 -9.817388943168153e-10 	 1.981832834098891e-10 	 -1.0762439289360418e-9 	 -1.2542771930664717e-8 	 8.921185397417822e-10 	 -5.558424729143181e-10 	 -4.440305162817374e-9 	 -2.9528904937583005e-9 	 -2.3173513839563466e-9 	 1.4536074936186409e-9 	 1.991239869235099e-9 	 -1.6683092438572403e-9 	 -4.799951065445198e-9 	 7.331628401796847e-9 	 1.447927347012064e-8 	 5.231976967238602e-9 	 8.10756869244064e-9 	 
4539.278688157207 	 2.842170641660272e-9 	 4.918168296051169e-10 	 -6.023527632424298e-10 	 1.0924400899731405e-7 	 -9.79487525485561e-9 	 -3.3940334429023077e-9 	 -3.388039095671032e-10 	 -2.905285194839852e-10 	 -1.0102245112852989e-7 	 -8.852714514566598e-10 	 1.7769214225555294e-10 	 -9.920773152081473e-10 	 -1.2357273390373868e-8 	 8.25450996326953e-10 	 -5.113654550355287e-10 	 -4.373131604494247e-9 	 -2.9291110440587214e-9 	 -2.1641177023951907e-9 	 1.466688142348014e-9 	 1.869455756894002e-9 	 -1.6817919848569578e-9 	 -4.804715523061231e-9 	 7.2865168545142075e-9 	 1.4457060100213781e-8 	 5.149681018000838e-9 	 8.01570029370963e-9 	 
4619.276475193451 	 1.6821650956197109e-10 	 4.845497955764883e-10 	 -5.523588081137526e-10 	 1.057300010199869e-7 	 -9.659677280934959e-9 	 -3.312959007330582e-9 	 -3.1668035338098065e-10 	 -2.610595706257711e-10 	 -1.0067435749325181e-7 	 -7.983567763917518e-10 	 1.5849664007289596e-10 	 -9.145748756820763e-10 	 -1.2159338263226454e-8 	 7.637019147261438e-10 	 -4.696766074482861e-10 	 -4.316716151061773e-9 	 -2.9051981466496126e-9 	 -2.0190447151448378e-9 	 1.4796577187744273e-9 	 1.7529667734757863e-9 	 -1.6941077330078825e-9 	 -4.80954601160142e-9 	 7.241507419947494e-9 	 1.4435349444677805e-8 	 5.065047431746779e-9 	 7.920590144429188e-9 	 
4700.684099864773 	 -6.210252020024496e-10 	 4.672296053763614e-10 	 -5.056678538387594e-10 	 1.0415943047999118e-7 	 -9.522719475170507e-9 	 -3.2298817235194622e-9 	 -2.9484124771944074e-10 	 -2.3410078214558823e-10 	 -1.0034960936466897e-7 	 -7.20026696267627e-10 	 1.4053900322129042e-10 	 -8.431744545135202e-10 	 -1.196666594916178e-8 	 7.065011065098163e-10 	 -4.306626263478804e-10 	 -4.2602193743239095e-9 	 -2.881165514043163e-9 	 -1.88173454051066e-9 	 1.492348549576549e-9 	 1.641643353167274e-9 	 -1.7052856670569308e-9 	 -4.814519481123618e-9 	 7.196609097526528e-9 	 1.4414147583405958e-8 	 4.97825729496373e-9 	 7.822543474670676e-9 	 
4783.526408385447 	 -1.4170692681236663e-9 	 4.3900687252549995e-10 	 -4.6212470080974473e-10 	 1.0263456854048208e-7 	 -9.384284751617218e-9 	 -3.144992048408016e-9 	 -2.739317931495808e-10 	 -2.1002215806425617e-10 	 -1.0004021035259198e-7 	 -6.493775646573108e-10 	 1.2376459223830082e-10 	 -7.773674877562791e-10 	 -1.1791848339865212e-8 	 6.535079893574858e-10 	 -3.9420866322806717e-10 	 -4.192691537283739e-9 	 -2.8570281734824295e-9 	 -1.75181570063584e-9 	 1.504879451724981e-9 	 1.5353531936644002e-9 	 -1.715355785862535e-9 	 -4.81955513992926e-9 	 7.151827554574936e-9 	 1.4393451824667113e-8 	 4.889501726662286e-9 	 7.721883183320732e-9 	 
4867.828684845938 	 -6.410254862252727e-10 	 4.260626022140042e-10 	 -4.215797258507483e-10 	 1.0284812844765679e-7 	 -9.244676503069405e-9 	 -3.0584912075519905e-9 	 -2.538106256681059e-10 	 -1.8831982990587366e-10 	 -9.989651454817391e-8 	 -5.856237410493546e-10 	 1.0811171609560075e-10 	 -7.166881523258286e-10 	 -1.1593833664574392e-8 	 6.044078863995009e-10 	 -3.601992587331403e-10 	 -4.146654651958085e-9 	 -2.8327977950854393e-9 	 -1.6289389518849465e-9 	 1.5171234798753619e-9 	 1.4339618959366083e-9 	 -1.7243489895103378e-9 	 -4.824704540661512e-9 	 7.10716734578447e-9 	 1.437325858918753e-8 	 4.798982164623663e-9 	 7.618952572004257e-9 	 
4953.616658929837 	 -1.8060934843212826e-9 	 4.054467407324557e-10 	 -3.8388077807212823e-10 	 1.0091424091355937e-7 	 -9.104222307706489e-9 	 -2.9705911316217997e-9 	 -2.3441103697905534e-10 	 -1.6861170532220913e-10 	 -9.951144593289217e-8 	 -5.280805212263888e-10 	 9.353430091085841e-11 	 -6.607184606301343e-10 	 -1.1425511944114049e-8 	 5.589101024483965e-10 	 -3.28519571758745e-10 	 -4.082325158594218e-9 	 -2.808488032587278e-9 	 -1.5127757649134408e-9 	 1.5290669501375573e-9 	 1.337333473488738e-9 	 -1.732297201309377e-9 	 -4.8299625077398724e-9 	 7.062631525841147e-9 	 1.4353556770731369e-8 	 4.706909326283629e-9 	 7.514118467012567e-9 	 
5040.9165137667105 	 -3.4319739532479194e-9 	 3.779183301441564e-10 	 -3.4888171075232336e-10 	 9.862685789923012e-8 	 -8.963279222894733e-9 	 -2.8815145755604675e-9 	 -2.1607579867192e-10 	 -1.5107579107940863e-10 	 -9.921423833658206e-8 	 -4.761089362266735e-10 	 7.998156830760087e-11 	 -6.090743970184652e-10 	 -1.1242662989116055e-8 	 5.167464481871529e-10 	 -2.9905610966748346e-10 	 -4.029827307374825e-9 	 -2.7841106595638445e-9 	 -1.4030151893162766e-9 	 1.5407747058156772e-9 	 1.2453307853644746e-9 	 -1.7392335960004048e-9 	 -4.835276343033619e-9 	 7.018222674383041e-9 	 1.4334343588570021e-8 	 4.613504898306601e-9 	 7.407776111301799e-9 	 
5129.7548939234275 	 -4.281828384276683e-9 	 3.6922206554056314e-10 	 -3.164407649899929e-10 	 9.714954500119839e-8 	 -8.822239378050873e-9 	 -2.7914953759787188e-9 	 -1.9854847541971644e-10 	 -1.3516663930892967e-10 	 -9.895138738109534e-8 	 -4.291608591118247e-10 	 6.74048366724784e-11 	 -5.6140505497221e-10 	 -1.1064274050388685e-8 	 4.776684194627346e-10 	 -2.7169718629492765e-10 	 -3.9776812913803754e-9 	 -2.7596802894738267e-9 	 -1.2993627353364049e-9 	 1.5520626578457855e-9 	 1.1578158770053997e-9 	 -1.745192976457779e-9 	 -4.840732676617487e-9 	 6.973942936015507e-9 	 1.431561882696632e-8 	 4.51900080966858e-9 	 7.300355320224647e-9 	 
5220.1589135362465 	 -4.29389703463775e-9 	 3.3837453079535686e-10 	 -2.864163040904932e-10 	 9.656586729657863e-8 	 -8.681540104850715e-9 	 -2.700779323592918e-9 	 -1.8195470567338408e-10 	 -1.2085989870817022e-10 	 -9.870548373298565e-8 	 -3.867467297688897e-10 	 5.576637090255529e-11 	 -5.173936615643932e-10 	 -1.0907137309082076e-8 	 4.4144639648694807e-10 	 -2.46333581978871e-10 	 -3.908365324138743e-9 	 -2.7352112002096118e-9 	 -1.20153800120466e-9 	 1.5630687809236305e-9 	 1.0746502906650442e-9 	 -1.7502122500934966e-9 	 -4.8462441463691355e-9 	 6.9297945179009855e-9 	 1.429738113945728e-8 	 4.4236407517316315e-9 	 7.192329164231395e-9 	 
5312.156164586265 	 -5.696903424126476e-9 	 3.2555190348276054e-10 	 -2.5867569129389893e-10 	 9.460504410100358e-8 	 -8.541674148561396e-9 	 -2.6096257547772978e-9 	 -1.6637230885412995e-10 	 -1.081074697868207e-10 	 -9.847530476273613e-8 	 -3.484095082279586e-10 	 4.5021064048104026e-11 	 -4.767454132875392e-10 	 -1.0722593768445155e-8 	 4.078679687993619e-10 	 -2.228587546552626e-10 	 -3.870517623999109e-9 	 -2.7107222435674695e-9 	 -1.1092739258741327e-9 	 1.5736761653659797e-9 	 9.956953173652623e-10 	 -1.754331133268337e-9 	 -4.851853935568567e-9 	 6.885780073970138e-9 	 1.4279618002422207e-8 	 4.327682341887351e-9 	 7.084226080431981e-9 	 
5405.774725320715 	 -6.582969032402641e-9 	 3.04585828733097e-10 	 -2.3308699355274347e-10 	 9.338963100812509e-8 	 -8.403211344935239e-9 	 -2.518310146794229e-9 	 -1.5160019919924609e-10 	 -9.650157522547213e-11 	 -9.844702372030117e-8 	 -3.137643971446056e-10 	 3.5135229032088914e-11 	 -4.3919418379131567e-10 	 -1.0567448912230521e-8 	 3.7673611201100875e-10 	 -2.0116910984198457e-10 	 -3.810937906869272e-9 	 -2.686234058060019e-9 	 -1.0223149261338531e-9 	 1.583843792032495e-9 	 9.208122496198164e-10 	 -1.7575931407992613e-9 	 -4.857578622706097e-9 	 6.841899748519244e-9 	 1.4262310533461989e-8 	 4.231398532041141e-9 	 6.976647171606429e-9 	 
5501.043168822617 	 -7.117869703656617e-9 	 2.8414205364865113e-10 	 -2.0952447240494936e-10 	 9.221463382036431e-8 	 -8.266817668021244e-9 	 -2.4271286048154944e-9 	 -1.37826894046201e-10 	 -8.620083433204663e-11 	 -9.809908686822564e-8 	 -2.824403610648767e-10 	 2.6075780806866277e-11 	 -4.0449460751345173e-10 	 -1.0404472830209275e-8 	 3.4786885319223655e-10 	 -1.8116430339404538e-10 	 -3.758359362871114e-9 	 -2.661774630969964e-9 	 -9.404164414577487e-10 	 1.5936881984083847e-9 	 8.498625897464325e-10 	 -1.760046935066173e-9 	 -4.863339472050754e-9 	 6.798162652240864e-9 	 1.4245416846663983e-8 	 4.135083494043636e-9 	 6.870290293671002e-9 	 
5597.990571731539 	 -7.731450207757671e-9 	 2.685845603630839e-10 	 -1.878673392494713e-10 	 9.108215926457225e-8 	 -8.133297285951778e-9 	 -2.3364040597603726e-9 	 -1.2490136095068389e-10 	 -7.690411948032317e-11 	 -9.786679822398163e-8 	 -2.5412098843859083e-10 	 1.781219037705085e-11 	 -3.7242061738107097e-10 	 -1.0235312758899472e-8 	 3.210973593691217e-10 	 -1.6274722627757785e-10 	 -3.713022104043168e-9 	 -2.6373779816537503e-9 	 -8.633435392280807e-10 	 1.6030002719748312e-9 	 7.827082893737735e-10 	 -1.7617483494446201e-9 	 -4.869238537754667e-9 	 6.754611113957928e-9 	 1.42290349172231e-8 	 4.039058393935945e-9 	 6.765987923590498e-9 	 
5696.646523117965 	 -7.11660941001866e-9 	 2.4974033289438425e-10 	 -1.6799829183141194e-10 	 9.124372706923757e-8 	 -8.003645968918311e-9 	 -2.2464968791770266e-9 	 -1.128314525097603e-10 	 -6.855422504373932e-11 	 -9.76704211229947e-8 	 -2.2852046935141686e-10 	 1.0323169617640008e-11 	 -3.427667847997532e-10 	 -1.0096213374836554e-8 	 2.9626532835938376e-10 	 -1.4582422074393065e-10 	 -3.6554375556988087e-9 	 -2.613090557534914e-9 	 -7.908705806639463e-10 	 1.6119082553815872e-9 	 7.192119506714605e-10 	 -1.7627633128540865e-9 	 -4.8751991661367846e-9 	 6.711271892629556e-9 	 1.4213133824294613e-8 	 3.943681975824071e-9 	 6.664760754166221e-9 	 
5797.0411335141225 	 -8.218818220472757e-9 	 2.3202881640865234e-10 	 -1.4980583231205887e-10 	 8.969316886242025e-8 	 -7.879135543262667e-9 	 -2.1578222227227947e-9 	 -1.0162323671776103e-10 	 -6.111204600141102e-11 	 -9.749025308723999e-8 	 -2.0537445548691514e-10 	 3.5905447581029467e-12 	 -3.153426826635449e-10 	 -9.927612534249589e-9 	 2.732281825488163e-10 	 -1.3030509228191075e-10 	 -3.609068010779211e-9 	 -2.588973765527075e-9 	 -7.227803003226759e-10 	 1.620380361410765e-9 	 6.592370777876637e-10 	 -1.7631723257055246e-9 	 -4.881221962148167e-9 	 6.668177666679328e-9 	 1.4197702700120779e-8 	 3.8493687693930314e-9 	 6.567901895421149e-9 	 
5899.205044103951 	 -8.817910057538003e-9 	 2.1796769662579696e-10 	 -1.3318289252656484e-10 	 8.86762938936648e-8 	 -7.761448199202404e-9 	 -2.0708775808852774e-9 	 -9.119249032699998e-11 	 -5.441060405668223e-11 	 -9.732123795173658e-8 	 -1.8445287403811094e-10 	 -2.393957913329033e-12 	 -2.899738053639839e-10 	 -9.779256471210306e-9 	 2.518517962035549e-10 	 -1.1610311269099171e-10 	 -3.5578242111397316e-9 	 -2.5651136249146147e-9 	 -6.588635258167606e-10 	 1.6282834317600191e-9 	 6.026483071922274e-10 	 -1.7630775103727997e-9 	 -4.8873776441032865e-9 	 6.62538446712534e-9 	 1.4182722849929272e-8 	 3.756614706105698e-9 	 6.477109250153711e-9 	 
6003.169436074985 	 -9.362822413431819e-9 	 1.9999358490363095e-10 	 -1.1802658657873905e-10 	 8.785978583289517e-8 	 -7.652895489340028e-9 	 -1.9862894798966156e-9 	 -8.153371351264828e-11 	 -4.841812724587039e-11 	 -9.728167624176973e-8 	 -1.655450911529291e-10 	 -7.624640145023413e-12 	 -2.6650044562381425e-10 	 -9.643207065065219e-9 	 2.3201216615567555e-10 	 -1.031350672323917e-10 	 -3.5000733423746344e-9 	 -2.5416320348105075e-9 	 -5.989186449540822e-10 	 1.6358083578865373e-9 	 5.493116984802061e-10 	 -1.7626140690540235e-9 	 -4.893555537203825e-9 	 6.582977280675108e-9 	 1.4168186984801191e-8 	 3.6660445335172233e-9 	 6.394702723213507e-9 	 
6108.966040135128 	 -1.096038434874029e-8 	 1.8653037456200613e-10 	 -1.0423948682821448e-10 	 8.584585101835216e-8 	 -7.556791794725717e-9 	 -1.9048949195286026e-9 	 -7.262027607333756e-11 	 -4.308133844537821e-11 	 -9.710051430461612e-8 	 -1.4845524126477773e-10 	 -1.2079865409942937e-11 	 -2.447742106398172e-10 	 -9.481047932024917e-9 	 2.1359450507240694e-10 	 -9.132119439799865e-11 	 -3.462807203139093e-9 	 -2.51870953814201e-9 	 -5.427514492305612e-10 	 1.6427832361180175e-9 	 4.990950396152178e-10 	 -1.7619698654348004e-9 	 -4.8998419996461554e-9 	 6.541087487384306e-9 	 1.4154089390455516e-8 	 3.5784914030722213e-9 	 6.323993816175307e-9 	 
