###################################
#   ____       ____  ____  _____  #
#  / ___| __ _|  _ \/ ___|| ____| #
# | |  _ / _` | |_) \___ \|  _|   #
# | |_| | (_| |  __/ ___) | |___  # 
#  \____|\__,_|_|   |____/|_____| #
###################################
# 
#
# This is an integration map on mu of the sum of all the ξ_GNC L=3 multipole GR effects
# concerning the relativistic galaxy number counts.
# In input was set "single = true", so, together with their sum, all the CFs are here reported.
#
# The Cosmology considered had the following paremeters:
# 
# - Matter Power Spectrum input file: "../test/datatest/file_pk.txt"
# - Background data input file: "../data/WideA_ZA_background.dat"
# - F window function input file: "../data/F_REFERENCE_pi2.txt"
# - Integrated F window function input file: "../data/IntegrF_REFERENCE_pi2_z115.txt"
#
# - Basic CosmoParams considered: 
#	 z_min = 1.0 	 z_max = 1.5
#	 θ_max = 1.5707963267948966 [rad] 	 h_0 = 0.7
#	 Ω_b = 0.0489 	 Ω_cdm = 0.25102 	 Ω_M0 = 0.29992
#	 b1 = 1.5 	 f_evo1 = 0.0 	 s_b1 = 0.0
#	 b2 = 1.5 	 f_evo2 = 0.0 	 s_b2 = 0.0
#
# - CosmoParams about the Input Power Spectrum: 
#	 fit_left_min = 1.0e-6 	 fit_right_min = 10.0 	 
#	 fit_left_max = 3.0e-6 	 fit_right_max = 20.0 	 
#
# - CosmoParams about the Input Power Spectrum Tools: 
#	 fit_max = 0.5 	 N = 1024 	 k_min = 1.0e-8 	 
#	 k_max = 10.0 	 con = true 	 fit_min = 0.05 	 
#
# - Computed quantities: 
# 	 effective redshift z_eff = 1.2613556177172358 
# 	 comoving s_min = 2312.577431755554 Mpc/h_0
# 	 comoving s_max = 3054.4830200675656 Mpc/h_0
# 	 comoving s_eff = 2725.87720083235 Mpc/h_0
# 	 comoving s_spline_lim = 9519.354221542957 Mpc/h_0
# 	 Volume of the survey V_survey = 3.3783056930052998e10 Mpc^3/h_0^3
# 	 σ_0 = 15.593462966741178
# 	 σ_1 = 15.074895881392283
# 	 σ_2 = 100.85852368830226
# 	 σ_3 = 3735.122618151795
# 	 σ_4 = 3.4159300153114656e6
# 	 (where σ_i = \int_{k_{min}}^{k_{max}}\frac{dq}{2 π^2} q^{2-i} P(q))
# 
# computational time needed (in s) : 1058.7830
# kwards passed: 
# 		L = 3
# 		use_windows = false
# 		alg = lobatto
# 		obs = noobsvel
# 		enhancer = 1.0e8
# 		N_trap = 200
# 		N_lob = 1000
# 		atol_quad = 0.0
# 		rtol_quad = 0.01
# 		N_χs = 100
# 		N_χs_2 = 50
# 		suit_sampling = true
# 
# 1: s [Mpc/h_0] 	 2: xi_SUM 	 3: xi_auto_newton 	 4: xi_auto_doppler 	 5: xi_auto_lensing 	 6: xi_auto_localgp 	 7: xi_auto_integratedgp 	 8: xi_newton_doppler 	 9: xi_doppler_newton 	 10: xi_newton_lensing 	 11: xi_lensing_newton 	 12: xi_newton_localgp 	 13: xi_localgp_newton 	 14: xi_newton_integratedgp 	 15: xi_integratedgp_newton 	 16: xi_lensing_doppler 	 17: xi_doppler_lensing 	 18: xi_doppler_localgp 	 19: xi_localgp_doppler 	 20: xi_doppler_integratedgp 	 21: xi_integratedgp_doppler 	 22: xi_lensing_localgp 	 23: xi_localgp_lensing 	 24: xi_lensing_integratedgp 	 25: xi_integratedgp_lensing 	 26: xi_localgp_integratedgp 	 27: xi_integratedgp_localgp 	 
1.0 	 0.00033672560826277913 	 0.00033645733619411413 	 2.291643051614752e-11 	 2.67994754574778e-7 	 -6.085079826541345e-20 	 -1.6785464390026998e-18 	 -2.1023442682511906e-5 	 2.1023573111798682e-5 	 -1.9308652512894873e-8 	 1.9433020711742895e-8 	 -6.690106056171521e-12 	 6.233913203785831e-12 	 -1.4550644940894181e-12 	 1.433026564126771e-12 	 2.3758046488367154e-12 	 -2.305605014341857e-12 	 1.280915676913719e-16 	 2.3608916974318486e-16 	 -1.1978101261007519e-15 	 1.2339800283486986e-15 	 7.091668063989476e-15 	 -7.160226033015582e-15 	 3.8681094756894815e-15 	 4.007937481920633e-15 	 -1.8948937481502745e-17 	 1.8185678317123e-17 	 
1.0176234579394636 	 0.00041206065250791045 	 0.0004117892417398379 	 2.3880116799802526e-11 	 2.7104499263607254e-7 	 -6.413595640963811e-20 	 -1.768134977656542e-18 	 -2.1256585848547887e-5 	 2.125679647496153e-5 	 -2.034567680488407e-8 	 2.04773589803076e-8 	 -6.97069210579821e-12 	 6.496986384993473e-12 	 -1.5335662916439392e-12 	 1.5114748741425584e-12 	 2.503481990295716e-12 	 -2.4295042749100834e-12 	 1.3494763512949242e-16 	 2.487254964080662e-16 	 -1.2616790623802911e-15 	 1.3000046195127086e-15 	 7.472856533081913e-15 	 -7.544978465581589e-15 	 3.9956049486982505e-15 	 4.207181158670063e-15 	 -1.995780976937973e-17 	 1.9151351797741096e-17 	 
1.0355575021486711 	 0.00021438026524787414 	 0.00021410581490664105 	 2.488298090783608e-11 	 2.7412942510433017e-7 	 -6.758836879365565e-20 	 -1.8625052855496855e-18 	 -2.149205445416854e-5 	 2.149221249380475e-5 	 -2.1438914636599357e-8 	 2.1577339820889385e-8 	 -7.265290610869372e-12 	 6.7688527575829534e-12 	 -1.6163500227618525e-12 	 1.5942489880361837e-12 	 2.6380178233985174e-12 	 -2.560060483045241e-12 	 1.42168773551307e-16 	 2.620372620747055e-16 	 -1.3292174746504498e-15 	 1.3698123198071295e-15 	 7.874684041921816e-15 	 -7.95056363016582e-15 	 4.126322774001067e-15 	 4.416476181321927e-15 	 -2.102034968055779e-17 	 2.0168296571227327e-17 	 
1.0538076062316843 	 0.0007780069479805071 	 0.000777729315123578 	 2.592655432831533e-11 	 2.772477635611496e-7 	 -7.121679277999672e-20 	 -1.96193878928013e-18 	 -2.172973587785318e-5 	 2.1729950283112553e-5 	 -2.259098533496783e-8 	 2.2736192066456247e-8 	 -7.56824368700281e-12 	 7.053695293019792e-12 	 -1.703635865128295e-12 	 1.6815726120917223e-12 	 2.7797816241871232e-12 	 -2.697629536503664e-12 	 1.4977658035829687e-16 	 2.760584565860476e-16 	 -1.4005985799954587e-15 	 1.4435790381109874e-15 	 8.298243136572902e-15 	 -8.378086422357566e-15 	 4.26014471454657e-15 	 4.636197673081887e-15 	 -2.2139457392256977e-17 	 2.1239273307421008e-17 	 
1.072379340256395 	 0.00029185748004354226 	 0.00029157671490046287 	 2.7012393522015277e-11 	 2.8040050656088524e-7 	 -7.504015466576884e-20 	 -2.066716990946073e-18 	 -2.1969745273993414e-5 	 2.1969930172189174e-5 	 -2.3804458294949753e-8 	 2.395764803666866e-8 	 -7.886752427319156e-12 	 7.34867147761944e-12 	 -1.795653815345749e-12 	 1.7736800394197588e-12 	 2.929159410240521e-12 	 -2.842588324026245e-12 	 1.5779047308197899e-16 	 2.908277955319492e-16 	 -1.4759992291995739e-15 	 1.5214840307979106e-15 	 8.744681014943369e-15 	 -8.828707739046199e-15 	 4.397141978375546e-15 	 4.866942129036507e-15 	 -2.331817118791497e-17 	 2.236716884917868e-17 	 
1.0912783724545534 	 0.00022879567940728833 	 0.00022851167762076474 	 2.8142126225538535e-11 	 2.835874126298563e-7 	 -7.91067288392956e-20 	 -2.1771518118960588e-18 	 -2.2211938149691132e-5 	 2.2212163105433216e-5 	 -2.5082788849440965e-8 	 2.5244546428051812e-8 	 -8.21636243852313e-12 	 7.655333083638356e-12 	 -1.8926438812219642e-12 	 1.870816878701282e-12 	 3.0865587506644084e-12 	 -2.9953308092216562e-12 	 1.662310334068472e-16 	 3.0638626692479637e-16 	 -1.555599815714364e-15 	 1.6037110878640798e-15 	 9.21520332865402e-15 	 -9.303646789512994e-15 	 4.537155467954478e-15 	 5.109109691404269e-15 	 -2.455966432450738e-17 	 2.3555007604617535e-17 	 
1.1105104709517524 	 0.0003551339413666166 	 0.00035484668690709725 	 2.9317454175348285e-11 	 2.868099427973864e-7 	 -8.333854816336296e-20 	 -2.293548678700034e-18 	 -2.2456439705627963e-5 	 2.245668529896745e-5 	 -2.643005657641404e-8 	 2.6600160282995013e-8 	 -8.558672743457601e-12 	 7.975884960805204e-12 	 -1.9948593781656577e-12 	 1.973238498649102e-12 	 3.2524092830289437e-12 	 -3.156275101843836e-12 	 1.751231119837053e-16 	 3.22773370964541e-16 	 -1.6395856688799061e-15 	 1.6904480939202962e-15 	 9.711076340015319e-15 	 -9.804185495213077e-15 	 4.68040012172997e-15 	 5.363510517836338e-15 	 -2.586728043397309e-17 	 2.480595996518545e-17 	 
1.1300815055279045 	 0.0004738491749897729 	 0.0004735586346011045 	 3.054011273922653e-11 	 2.900672132839975e-7 	 -8.782060198723522e-20 	 -2.416255604539219e-18 	 -2.2703205879666853e-5 	 2.2703469531846857e-5 	 -2.784929378531519e-8 	 2.8028792107458877e-8 	 -8.91489129056802e-12 	 8.308771751704362e-12 	 -2.1025629022880037e-12 	 2.081214881810393e-12 	 3.4271626965537233e-12 	 -3.3258593545275745e-12 	 1.8448913088517402e-16 	 3.400348927670564e-16 	 -1.728146092980827e-15 	 1.7818886340145132e-15 	 1.0233631754315535e-14 	 -1.0331670253417097e-14 	 4.826664589454162e-15 	 5.630566774124085e-15 	 -2.7244505171165476e-17 	 2.6123378899545772e-17 	 
1.1499974494087413 	 0.00027017616092722723 	 0.0002698823760141786 	 3.181189555438125e-11 	 2.933604731330841e-7 	 -9.255043572843371e-20 	 -2.545618424947369e-18 	 -2.295226007637552e-5 	 2.2952464270413875e-5 	 -2.9344819728359205e-8 	 2.9533790042423623e-8 	 -9.287577997151468e-12 	 8.65410667796906e-12 	 -2.2160313824444767e-12 	 2.1950303838163087e-12 	 3.6112958388374345e-12 	 -3.504545257309532e-12 	 1.9435303767205763e-16 	 3.5821841574792654e-16 	 -1.821477652606658e-15 	 1.8782396092244215e-15 	 1.0784274130547261e-14 	 -1.0887518021796082e-14 	 4.9760184693448986e-15 	 5.9110221847722385e-15 	 -2.869501876052378e-17 	 2.7510781838161053e-17 	 
1.1702643810888866 	 0.00046858595450391193 	 0.0004682887815996529 	 3.313468842934422e-11 	 2.966890619681949e-7 	 -9.754516377778687e-20 	 -2.682016704952512e-18 	 -2.320351804362806e-5 	 2.3203770394326987e-5 	 -3.0920459373711286e-8 	 3.111937155813503e-8 	 -9.673327852893579e-12 	 9.014262441625557e-12 	 -2.3355599752161484e-12 	 2.3149915144399915e-12 	 3.805310923612297e-12 	 -3.692820948987071e-12 	 2.0474451344635243e-16 	 3.773698134289859e-16 	 -1.919798356660882e-15 	 1.979740225951595e-15 	 1.1364497016439986e-14 	 -1.1473228303573882e-14 	 5.128258256376766e-15 	 6.2053905392610325e-15 	 -3.022269103725434e-17 	 2.897186690953096e-17 	 
1.190888486187059 	 0.000519760395264844 	 0.0005194597935711501 	 3.451042316273442e-11 	 3.000545848295429e-7 	 -1.0277204822668872e-19 	 -2.8258210148912266e-18 	 -2.345704922555153e-5 	 2.3457352678670426e-5 	 -3.258039257840542e-8 	 3.279011278344132e-8 	 -1.0074376563998827e-11 	 9.388640783365503e-12 	 -2.4614676786705965e-12 	 2.441427972266755e-12 	 4.009736455326043e-12 	 -3.891199530153033e-12 	 2.1568978575578172e-16 	 3.975419757005426e-16 	 -2.023361687428986e-15 	 2.086664081375104e-15 	 1.1975887257769809e-14 	 -1.2090396433462522e-14 	 5.283567377669446e-15 	 6.514618338740257e-15 	 -3.183159533262683e-17 	 3.051049541911382e-17 	 
1.2118760593339681 	 0.0004972440348884298 	 0.0004969399869293235 	 3.5941099685554304e-11 	 3.034562074642015e-7 	 -1.083170630077688e-19 	 -2.977454854450652e-18 	 -2.3712842794567218e-5 	 2.3713178208912208e-5 	 -3.432976406134358e-8 	 3.4550756856190675e-8 	 -1.0492212011676376e-11 	 9.777237948204841e-12 	 -2.5940960627165672e-12 	 2.5746951389235067e-12 	 4.225130686710456e-12 	 -4.10022186687721e-12 	 2.2721778973703043e-16 	 4.1878980340238926e-16 	 -2.132455903803369e-15 	 2.1993172857096704e-15 	 1.262012862057005e-14 	 -1.2740716317023675e-14 	 5.441644556867495e-15 	 6.8392160680604765e-15 	 -3.352598628586662e-17 	 3.213073730049825e-17 	 
1.2332335060934831 	 0.00035408108436472084 	 0.0003537721023919931 	 3.742879268771247e-11 	 3.083846896671211e-7 	 -1.1414849491225984e-19 	 -3.137339530815609e-18 	 -2.39709079519365e-5 	 2.3971236044522708e-5 	 -3.6172568665680715e-8 	 3.640494913498104e-8 	 -1.092683960158607e-11 	 1.0181663472785866e-11 	 -2.733812665621812e-12 	 2.7151711535628914e-12 	 4.4520813396318e-12 	 -4.320458179021891e-12 	 2.3935957064751654e-16 	 4.411700733311016e-16 	 -2.2474020184544975e-15 	 2.3180347686160846e-15 	 1.329900277815081e-14 	 -1.342598387776524e-14 	 5.6073037085641126e-15 	 7.180314951838575e-15 	 -3.531035783304091e-17 	 3.3836889293233185e-17 	 
1.2549673449176588 	 0.0004184828510683467 	 0.0004181703742811707 	 3.897564040946676e-11 	 3.1187746017880713e-7 	 -1.2030777365097245e-19 	 -3.3059243447142914e-18 	 -2.4231206150119476e-5 	 2.423152233846982e-5 	 -3.8114013880332645e-8 	 3.8358818938845894e-8 	 -1.1378986748419064e-11 	 1.0602022613179816e-11 	 -2.881008700814767e-12 	 2.8632603704449905e-12 	 4.691207801063826e-12 	 -4.552509612964249e-12 	 2.5214925195652483e-16 	 4.647413755430775e-16 	 -2.368550560760937e-15 	 2.443181086032966e-15 	 1.4014394245923428e-14 	 -1.414809913011739e-14 	 5.7710349106772625e-15 	 7.538207303764605e-15 	 -3.71894650125166e-17 	 3.563353829157074e-17 	 
1.2770842091362153 	 0.0003349952214149241 	 0.0003346791564297572 	 4.0583887473901336e-11 	 3.1540808840345846e-7 	 -1.2675655545040845e-19 	 -3.4836803458392724e-18 	 -2.4493688145437227e-5 	 2.4494046986250556e-5 	 -4.015907560969986e-8 	 4.0417211928277325e-8 	 -1.1848281750847873e-11 	 1.1040044084012926e-11 	 -3.0361021395964557e-12 	 3.019392180901156e-12 	 4.9431617768693045e-12 	 -4.797009606316716e-12 	 2.656194167176003e-16 	 4.895685016892251e-16 	 -2.4962817336963506e-15 	 2.575151051291716e-15 	 1.476829551177487e-14 	 -1.4909070889891066e-14 	 5.937343413132028e-15 	 7.914027121807446e-15 	 -3.916837114295189e-17 	 3.752556297035603e-17 	 
1.2995908489810806 	 0.00046092542351965456 	 0.00046060577926271967 	 4.225579485841222e-11 	 3.1897650528590527e-7 	 -1.3357415219047918e-19 	 -3.671111116310441e-18 	 -2.4758425265542825e-5 	 2.4758779738072523e-5 	 -4.231380904671979e-8 	 4.2585518941198844e-8 	 -1.233567121372644e-11 	 1.1495465278563734e-11 	 -3.199535624816624e-12 	 3.1840247209338413e-12 	 5.208631866152264e-12 	 -5.054624690899438e-12 	 2.798069889521102e-16 	 5.15717321799696e-16 	 -2.6310058377598213e-15 	 2.7143695359075948e-15 	 1.556281122825764e-14 	 -1.5711021611214985e-14 	 6.106003699713478e-15 	 8.308586456689837e-15 	 -4.125245531188418e-17 	 3.951816112231962e-17 	 
1.3224941336466105 	 0.0003631549405267078 	 0.00036283159861337283 	 4.399373151579626e-11 	 3.22583073747986e-7 	 -1.407712950738511e-19 	 -3.868740291645521e-18 	 -2.5025314181318242e-5 	 2.5025743925972207e-5 	 -4.458440785794268e-8 	 4.487022029154131e-8 	 -1.284372262978214e-11 	 1.1968580837767382e-11 	 -3.37178038694357e-12 	 3.3576431911372437e-12 	 5.4883403643939324e-12 	 -5.326057592576934e-12 	 2.9474952548362345e-16 	 5.432582477255333e-16 	 -2.7731641935029364e-15 	 2.861291057462136e-15 	 1.6400163015694054e-14 	 -1.6556193179386927e-14 	 6.276880968144133e-15 	 8.722853497763404e-15 	 -4.344743086984283e-17 	 4.1616825508376736e-17 	 
1.3458010533861189 	 0.00046901093657722665 	 0.0004686839187492964 	 4.58001668787108e-11 	 3.2622828187221406e-7 	 -1.4833630432496545e-19 	 -4.077118613220393e-18 	 -2.529443186227802e-5 	 2.529487499368721e-5 	 -4.6975573701097154e-8 	 4.727692318406993e-8 	 -1.3370095517713575e-11 	 1.2460253560194719e-11 	 -3.553336344584359e-12 	 3.5407617689376157e-12 	 5.7830507985257575e-12 	 -5.612048486681333e-12 	 3.104872083261543e-16 	 5.722647804419999e-16 	 -2.923229601252666e-15 	 3.0164004942983482e-15 	 1.728269498381064e-14 	 -1.7446952304340446e-14 	 6.449841548303017e-15 	 9.1578669297144e-15 	 -4.575931476909115e-17 	 4.382731226338569e-17 	 
1.3695187216453548 	 0.00047342875383683434 	 0.00047309805265313373 	 4.767762227420055e-11 	 3.29912456301988e-7 	 -1.5633368840799348e-19 	 -4.296837492860519e-18 	 -2.5565719150440878e-5 	 2.5566143693682765e-5 	 -4.9495251983907355e-8 	 4.9812520741197534e-8 	 -1.3918974887145881e-11 	 1.297027941229784e-11 	 -3.744732198632768e-12 	 3.733926120030916e-12 	 6.093566903082045e-12 	 -5.9133763450980165e-12 	 3.2706281693768803e-16 	 6.028139195073561e-16 	 -3.0817056915679152e-15 	 3.1802143405492717e-15 	 1.8212880097682208e-14 	 -1.8385795571431974e-14 	 6.624610326924919e-15 	 9.614597646270373e-15 	 -4.819441343941083e-17 	 4.615566334628088e-17 	 
1.3936543772335797 	 0.00042052467094882815 	 0.0004201902348150159 	 4.9628723750951086e-11 	 3.33635546328348e-7 	 -1.647502999834356e-19 	 -4.528514640073999e-18 	 -2.5839175457644918e-5 	 2.5839593222881595e-5 	 -5.214956109501429e-8 	 5.248354325684147e-8 	 -1.4488361384762062e-11 	 1.3500879157547786e-11 	 -3.946528489234616e-12 	 3.937711800801766e-12 	 6.420734450110437e-12 	 -6.230863682667155e-12 	 3.4451961889302196e-16 	 6.349883791286208e-16 	 -3.249128119207552e-15 	 3.35327858111741e-15 	 1.9193324483012725e-14 	 -1.9375356132486824e-14 	 6.800960452098383e-15 	 1.0094142848787895e-14 	 -5.0759347920470904e-17 	 4.860820505625676e-17 	 
1.4182153865329048 	 0.0005046692966074203 	 0.0005043310256869563 	 5.165617695843319e-11 	 3.3739819578165006e-7 	 -1.7360153652944302e-19 	 -4.7728026339114814e-18 	 -2.6114697183176812e-5 	 2.6115167035810435e-5 	 -5.494545908371958e-8 	 5.529749026208262e-8 	 -1.5080269809089444e-11 	 1.4052969990877406e-11 	 -4.159314803574591e-12 	 4.152720388321742e-12 	 6.76544334180988e-12 	 -6.565374958391621e-12 	 3.6290491067860023e-16 	 6.688734237876689e-16 	 -3.426056053499989e-15 	 3.5361463803478785e-15 	 2.02267603841911e-14 	 -2.0418404724265402e-14 	 6.97868243992731e-15 	 1.0597700034741554e-14 	 -5.346106605254559e-17 	 5.119161376689264e-17 	 
1.4432092457465677 	 0.0005482339335159984 	 0.000547891886872436 	 5.376276615082976e-11 	 3.412007228400694e-7 	 -1.8293183036362185e-19 	 -5.030395901073415e-18 	 -2.639236636200503e-5 	 2.639278909580843e-5 	 -5.789119978137723e-8 	 5.826146632447225e-8 	 -1.5694654965811386e-11 	 1.4626304330934084e-11 	 -4.383702676622044e-12 	 4.379574031758227e-12 	 7.128631758583383e-12 	 -6.917820247086666e-12 	 3.8226743044658413e-16 	 7.045599823913005e-16 	 -3.6130434226703015e-15 	 3.729356954752026e-15 	 2.1316040190975984e-14 	 -2.151783928307791e-14 	 7.157432392308412e-15 	 1.1126420593397292e-14 	 -5.630689127980239e-17 	 5.3912938082582455e-17 	 
1.4686435831868272 	 0.00045329644262071645 	 0.0004529504609814844 	 5.5951369689774823e-11 	 3.4504304383231697e-7 	 -1.9279780805762308e-19 	 -5.3020312716450426e-18 	 -2.6672066288927396e-5 	 2.6672559421294527e-5 	 -6.099375484479808e-8 	 6.138413905636181e-8 	 -1.6334330563386565e-11 	 1.522099582211433e-11 	 -4.620324170461205e-12 	 4.618916867690579e-12 	 7.511285417303116e-12 	 -7.289157223411746e-12 	 4.026581733948367e-16 	 7.421439765948548e-16 	 -3.81062947125908e-15 	 3.933435586872766e-15 	 2.2464143259009322e-14 	 -2.2676686254066846e-14 	 7.336841830259566e-15 	 1.1681526080323127e-14 	 -5.930455329020979e-17 	 5.677962367739184e-17 	 
1.4945261616031833 	 0.000437780760164571 	 0.000437430849998357 	 5.822498334637738e-11 	 3.4892565474703303e-7 	 -2.0318627364671866e-19 	 -5.58847764711233e-18 	 -2.6953816163182615e-5 	 2.6954332271247558e-5 	 -6.426214162668101e-8 	 6.467322256816776e-8 	 -1.6998284101935258e-11 	 1.583924660468605e-11 	 -4.869834253189552e-12 	 4.871415424779975e-12 	 7.914443945089014e-12 	 -7.68039438087124e-12 	 4.2413287210929886e-16 	 7.817243009811682e-16 	 -4.01934013128682e-15 	 4.148894590517107e-15 	 2.3674183298597458e-14 	 -2.3898108715823635e-14 	 7.51658704215675e-15 	 1.2264384731165148e-14 	 -6.246222465575278e-17 	 5.97995263565077e-17 	 
1.520864880551625 	 0.0004576047439479603 	 0.0004572508937621541 	 6.05866940688953e-11 	 3.5284886666367287e-7 	 -2.1409843690885078e-19 	 -5.890557015781778e-18 	 -2.7237599180838308e-5 	 2.7238108450919095e-5 	 -6.770527808647392e-8 	 6.813767174182027e-8 	 -1.768689157953795e-11 	 1.6482412919948502e-11 	 -5.1329115757574364e-12 	 5.137761346327677e-12 	 8.339199910959985e-12 	 -8.092593250889729e-12 	 4.46748631307293e-16 	 8.234065410544546e-16 	 -4.23968895666198e-15 	 4.376234588199365e-15 	 2.494941677117058e-14 	 -2.5185414316235524e-14 	 7.69627244704738e-15 	 1.2876402423644019e-14 	 -6.578852933284231e-17 	 6.298094249828837e-17 	 
1.5476677788056337 	 0.00046702820955433073 	 0.00046667035579269986 	 6.303965918733444e-11 	 3.5681284917226187e-7 	 -2.2561331719101793e-19 	 -6.20914719526997e-18 	 -2.7523339208788225e-5 	 2.75238627203225e-5 	 -7.133151828871518e-8 	 7.178684245233145e-8 	 -1.840327412973013e-11 	 1.714951026093948e-11 	 -5.4102594548140596e-12 	 5.418673888771594e-12 	 8.78670246690532e-12 	 -8.526869349912268e-12 	 4.705650675219568e-16 	 8.673023339269655e-16 	 -4.472178553877123e-15 	 4.615945643890598e-15 	 2.6293251287268153e-14 	 -2.6542064129320155e-14 	 7.875415855847667e-15 	 1.3519015772548796e-14 	 -6.9292569097018e-17 	 6.633264329607868e-17 	 
1.574943036809678 	 0.0005259918309119102 	 0.0005256299092879696 	 6.558717366749376e-11 	 3.6081784200340664e-7 	 -2.377434979802362e-19 	 -6.545181102392471e-18 	 -2.78110101001466e-5 	 2.781157021669423e-5 	 -7.515145645933122e-8 	 7.563052784479038e-8 	 -1.9146144655238437e-11 	 1.7843384800359154e-11 	 -5.702609092515684e-12 	 5.714899982424161e-12 	 9.258163866591458e-12 	 -8.984399989153234e-12 	 4.956453997848759e-16 	 9.135288083492793e-16 	 -4.7173012155546285e-15 	 4.868508455679066e-15 	 2.770925464045058e-14 	 -2.7971681226517654e-14 	 8.053453059721606e-15 	 1.419370508422609e-14 	 -7.298398953284079e-17 	 6.986398247862876e-17 	 
1.6026989791759443 	 0.0005399725234590048 	 0.000539606493254752 	 6.823258070818171e-11 	 3.648640243288979e-7 	 -2.5057130140669974e-19 	 -6.899643571136227e-18 	 -2.8100569172035033e-5 	 2.8101163217650123e-5 	 -7.917425181866108e-8 	 7.967918129127941e-8 	 -1.991906828451951e-11 	 1.8561902246768677e-11 	 -6.010719844971189e-12 	 6.027217496658654e-12 	 9.754858483245672e-12 	 -9.466422407147094e-12 	 5.220577256629994e-16 	 9.62207497507047e-16 	 -4.975540310310458e-15 	 5.134394807332957e-15 	 2.920116328874776e-14 	 -2.9478060382877256e-14 	 8.229834218608151e-15 	 1.490209937647628e-14 	 -7.687308138051153e-17 	 7.358494758947061e-17 	 
1.6309440772250727 	 0.0004946644924196449 	 0.0004942943433499292 	 7.0979418546604e-11 	 3.6895196608691047e-7 	 -2.640359299387369e-19 	 -7.273574146556459e-18 	 -2.8391996741936546e-5 	 2.839259281945679e-5 	 -8.341216159778896e-8 	 8.39432693592673e-8 	 -2.0721064792492827e-11 	 1.930957006536312e-11 	 -6.335384323184993e-12 	 6.356440815764887e-12 	 1.0278127702399235e-11 	 -9.974237716829884e-12 	 5.498714398040249e-16 	 1.013468455691459e-15 	 -5.24737358782179e-15 	 5.4140867462576575e-15 	 3.077290405783607e-14 	 -3.1065179454862036e-14 	 8.404008730397739e-15 	 1.5645970163356393e-14 	 -8.097081397039217e-17 	 7.75061374125801e-17 	 
1.6596869515716661 	 0.0005140915745709155 	 0.0005137161001850293 	 7.383126700483437e-11 	 3.7423157616100453e-7 	 -2.7825870127563627e-19 	 -7.668098059860486e-18 	 -2.868521439289028e-5 	 2.8685824863989993e-5 	 -8.78749343554318e-8 	 8.84345364822279e-8 	 -2.1553055853320843e-11 	 2.008560880766293e-11 	 -6.677438646201786e-12 	 6.703443291569388e-12 	 1.0829385428033192e-11 	 -1.0509219386190998e-11 	 5.791596427385633e-16 	 1.0674489215825217e-15 	 -5.5333105630003235e-15 	 5.708129627219553e-15 	 3.242863841309581e-14 	 -3.27372328666465e-14 	 8.579934579825465e-15 	 1.6427133842374056e-14 	 -8.52887532538923e-17 	 8.16387144911336e-17 	 
1.6889363747553658 	 0.00048321684592443815 	 0.0004828371193510386 	 7.679185385349335e-11 	 3.7841634425993535e-7 	 -2.9321943793204517e-19 	 -8.084374632797802e-18 	 -2.8980176909605458e-5 	 2.898082298268768e-5 	 -9.257598619548406e-8 	 9.31644810584743e-8 	 -2.241780411201062e-11 	 2.0890881901366154e-11 	 -7.037782179996144e-12 	 7.069161013900869e-12 	 1.14101205393257e-11 	 -1.1072810976384287e-11 	 6.100008683463998e-16 	 1.1242910661888642e-15 	 -5.833936677833975e-15 	 6.017147753571167e-15 	 3.4172782080176836e-14 	 -3.449867148246393e-14 	 8.747585071779602e-15 	 1.7247222025379306e-14 	 -8.983908597977903e-17 	 8.599441858340087e-17 	 
1.718701273918297 	 0.0005156807761120816 	 0.0005152967510930405 	 7.986499146808989e-11 	 3.8264328134820416e-7 	 -3.0902722645084548e-19 	 -8.523659195392033e-18 	 -2.9276829328811227e-5 	 2.927751268441174e-5 	 -9.752596361593058e-8 	 9.814564744448598e-8 	 -2.331483267072756e-11 	 2.172683810785133e-11 	 -7.417377284588659e-12 	 7.454597252679776e-12 	 1.202190302808408e-11 	 -1.1666536189917214e-11 	 6.424763367558299e-16 	 1.1841465573633146e-15 	 -6.149915748760545e-15 	 6.341844578795448e-15 	 3.6010016610275613e-14 	 -3.6354214100434006e-14 	 8.91055254084516e-15 	 1.8108219908647613e-14 	 -9.463462405172558e-17 	 9.058562057437357e-17 	 
1.7489907335296988 	 0.0005117938638781472 	 0.0005114055234503851 	 8.305463916754443e-11 	 3.869129440438852e-7 	 -3.256391804956164e-19 	 -8.987239743475787e-18 	 -2.957513277151324e-5 	 2.9575825707039845e-5 	 -1.0273890554163044e-7 	 1.0339160266370408e-7 	 -2.424591239467528e-11 	 2.259456125428779e-11 	 -7.81725420996829e-12 	 7.860821166317876e-12 	 1.2666383383874619e-11 	 -1.2291996835300321e-11 	 6.766732726596852e-16 	 1.2471725269794059e-15 	 -6.481990189346705e-15 	 6.683000697721345e-15 	 3.794529826374007e-14 	 -3.830885986445374e-14 	 9.068091748392244e-15 	 1.9012369001859022e-14 	 -9.968888140612291e-17 	 9.542532788317388e-17 	 
1.7798139981585708 	 0.0004945052568729843 	 0.0004941125312312245 	 8.636487170039749e-11 	 3.912252521335726e-7 	 -3.4315500080880626e-19 	 -9.476495350572376e-18 	 -2.9874993116470244e-5 	 2.9875722127044113e-5 	 -1.0822960073777265e-7 	 1.089158562699369e-7 	 -2.521231271083344e-11 	 2.3495058689894164e-11 	 -8.238509561272735e-12 	 8.28897285398344e-12 	 1.3345303455882659e-11 	 -1.2950883238208063e-11 	 7.126809523232484e-16 	 1.3135373990277496e-15 	 -6.83097883963664e-15 	 7.0414744098417786e-15 	 3.998387098022559e-14 	 -4.0367897874336694e-14 	 9.219059729728676e-15 	 1.9961701615222343e-14 	 -1.0501607821214148e-16 	 1.0052719026955705e-16 	 
1.811180475295187 	 0.0005192653152985038 	 0.0005188681602750913 	 8.979987586576663e-11 	 3.955803969233984e-7 	 -3.616289639242136e-19 	 -9.992853074955177e-18 	 -3.017636307420077e-5 	 3.0177125781558586e-5 	 -1.1401008163068696e-7 	 1.1473348071763116e-7 	 -2.621500337807647e-11 	 2.4429442686788706e-11 	 -8.682310171434361e-12 	 8.740263437837495e-12 	 1.4060494798164345e-11 	 -1.3644973740907892e-11 	 7.505956399396598e-16 	 1.38341581492333e-15 	 -7.197777488684828e-15 	 7.418200609026089e-15 	 4.213127731161477e-14 	 -4.253692039611019e-14 	 9.362383659623769e-15 	 2.095851823834533e-14 	 -1.1063116847603658e-16 	 1.0590543509340649e-16 	 
1.8430997382223293 	 0.0005392251444978352 	 0.0005388235371819201 	 9.336398996858773e-11 	 3.9997862352197e-7 	 -3.810800817801995e-19 	 -1.0537812369505409e-17 	 -3.0479178546239446e-5 	 3.0479954755118807e-5 	 -1.200979487445642e-7 	 1.208583868803945e-7 	 -2.7255295131716137e-11 	 2.5399316587626703e-11 	 -9.149895319095341e-12 	 9.215978734757482e-12 	 1.481388827446802e-11 	 -1.4376141098370806e-11 	 7.905167397482346e-16 	 1.4569933134585128e-15 	 -7.583359030747637e-15 	 7.8141992937803e-15 	 4.439337670199099e-14 	 -4.4821836002465256e-14 	 9.496877121946501e-15 	 2.2005214026572602e-14 	 -1.1654979947058406e-16 	 1.115749046710204e-16 	 
1.8755815289371267 	 0.000515041117206767 	 0.0005146349859689804 	 9.706164650138138e-11 	 4.044200032915285e-7 	 -4.0161151334330446e-19 	 -1.1112943298130488e-17 	 -3.078334316471197e-5 	 3.078415895612525e-5 	 -1.2650813941966013e-7 	 1.273078801511395e-7 	 -2.833514364053505e-11 	 2.6404917239758015e-11 	 -9.64257854687238e-12 	 9.71748502854069e-12 	 1.560751639610921e-11 	 -1.514635762845633e-11 	 8.325510843372953e-16 	 1.5344629791845795e-15 	 -7.988779563126049e-15 	 8.230590332710615e-15 	 4.6776368417726564e-14 	 -4.722888693467042e-14 	 9.621244173137395e-15 	 2.3104293667023567e-14 	 -1.2278832200525575e-16 	 1.1755110371265158e-16 	 
1.908635761124385 	 0.0005504539336340904 	 0.0005500432543477478 	 1.008974607275008e-10 	 4.089046467541669e-7 	 -4.232201063421187e-19 	 -1.1719896581687087e-17 	 -3.1088810114040274e-5 	 3.1089643561515094e-5 	 -1.3325704178495856e-7 	 1.3409873592362527e-7 	 -2.9454542454886947e-11 	 2.744851769984771e-11 	 -1.0161754435116344e-11 	 1.024623016366427e-11 	 1.6443519859235838e-11 	 -1.5957700105671234e-11 	 8.768074391106228e-16 	 1.6160314656072189e-15 	 -8.415194374036164e-15 	 8.668595423235977e-15 	 4.9286806864814274e-14 	 -4.9764673768312346e-14 	 9.73413951280416e-15 	 2.425844343824541e-14 	 -1.29363859197479e-16 	 1.2385033428764676e-16 	 
1.9422725231823168 	 0.0005590720183540316 	 0.0005586567217944068 	 1.0487614778670467e-10 	 4.134327691524195e-7 	 -4.4599227677921e-19 	 -1.2360406392762645e-17 	 -3.139545689735709e-5 	 3.139633189352176e-5 	 -1.4036263645463736e-7 	 1.4124799521398178e-7 	 -3.061586890752456e-11 	 2.8530959937315302e-11 	 -1.0708899138068297e-11 	 1.0803741349196882e-11 	 1.73241508813195e-11 	 -1.6812355780393746e-11 	 9.234050364534021e-16 	 1.701911449132147e-15 	 -8.863859465263683e-15 	 9.129515124508593e-15 	 5.193160313962174e-14 	 -5.243617137263896e-14 	 9.83402789628542e-15 	 2.547040312359486e-14 	 -1.3629442977456207e-16 	 1.3048973144703404e-16 	 
1.9765020813015959 	 0.0005809244023121667 	 0.000580504445748146 	 1.0900257287438274e-10 	 4.180044354740642e-7 	 -4.699904460022824e-19 	 -1.3036297527038604e-17 	 -3.1703220154245926e-5 	 3.1704133446442014e-5 	 -1.478434634061807e-7 	 1.487747792522679e-7 	 -3.182017147014756e-11 	 2.965374900756268e-11 	 -1.128555921394497e-11 	 1.1391605206647199e-11 	 1.8251781438222678e-11 	 -1.7712626850575694e-11 	 9.724648188124809e-16 	 1.7923311207853436e-15 	 -9.33608026300053e-15 	 9.614653235539554e-15 	 5.4717997001046263e-14 	 -5.525071552368192e-14 	 9.919292383296525e-15 	 2.674308784608428e-14 	 -1.4359892544790056e-16 	 1.374872372947591e-16 	 
2.011334882598677 	 0.0005577035224445651 	 0.0005572788734451157 	 1.1328174963406566e-10 	 4.2261966366518414e-7 	 -4.952940756928544e-19 	 -1.3749488235687676e-17 	 -3.2012014478431865e-5 	 3.2012951979270876e-5 	 -1.5571871678311777e-7 	 1.5669879503863658e-7 	 -3.306966120296084e-11 	 3.081781438878605e-11 	 -1.189333562096065e-11 	 1.201146325223862e-11 	 1.9228905648216625e-11 	 -1.866093467444878e-11 	 1.024116454989505e-15 	 1.8875280418784775e-15 	 -9.833145546344893e-15 	 1.0125291111975629e-14 	 5.765355858323334e-14 	 -5.821598134207991e-14 	 9.988207574525871e-15 	 2.8079576049185423e-14 	 -1.5129712766649956e-16 	 1.4486164381414916e-16 	 
2.0467815583043305 	 0.0005932481891088242 	 0.0005928187963688994 	 1.177188466098821e-10 	 4.272787141389123e-7 	 -5.219314516900636e-19 	 -1.4501993272723717e-17 	 -3.2321726749350496e-5 	 3.232269372620665e-5 	 -1.6400842332039087e-7 	 1.6503932109898316e-7 	 -3.4364367469447085e-11 	 3.202494296737099e-11 	 -1.25338850938614e-11 	 1.2665014887200887e-11 	 2.0258147242119057e-11 	 -1.965982712010952e-11 	 1.0784969603591469e-15 	 1.987751495309759e-15 	 -1.0356320536335744e-14 	 1.0662688921223447e-14 	 6.074620648394781e-14 	 -6.13399972177669e-14 	 1.003895310936252e-14 	 2.948313837751903e-14 	 -1.594097824993403e-16 	 1.5263268579992405e-16 	 
2.0828529270083767 	 0.0005843714861667655 	 0.0005839372832634006 	 1.2231916110241137e-10 	 4.319812682785185e-7 	 -5.500470530061076e-19 	 -1.5295946698625532e-17 	 -3.263224970668743e-5 	 3.263326635585197e-5 	 -1.7273375576634726e-7 	 1.7381803450096707e-7 	 -3.570755108336322e-11 	 3.327626507398819e-11 	 -1.3208922327820307e-11 	 1.3354024434496303e-11 	 2.1342266868242198e-11 	 -2.071198361825171e-11 	 1.1357467571377016e-15 	 2.0932675854293066e-15 	 -1.0906848846678151e-14 	 1.1228097332956212e-14 	 6.400423361366947e-14 	 -6.463116409585358e-14 	 1.006942053664345e-14 	 3.09570611991768e-14 	 -1.6795864516089367e-16 	 1.6082124846283939e-16 	 
2.119559997961597 	 0.00058005191924131 	 0.0005796128677289319 	 1.270881656386467e-10 	 4.367277726556714e-7 	 -5.796337043640092e-19 	 -1.6133567866843384e-17 	 -3.294349451293438e-5 	 3.2944551888793686e-5 	 -1.8191791853294323e-7 	 1.8305885075063743e-7 	 -3.709990453363673e-11 	 3.4573689182760264e-11 	 -1.3920233387939617e-11 	 1.4080348569647146e-11 	 2.2484170730438188e-11 	 -2.1820224603225842e-11 	 1.196018383174538e-15 	 2.2043509071973482e-15 	 -1.1485978740914496e-14 	 1.18228421072066e-14 	 6.743638130012053e-14 	 -6.809829264539003e-14 	 1.0077605607553135e-14 	 3.2505056224404705e-14 	 -1.7696665233222228e-16 	 1.6944950420256823e-16 	 
2.156913974435843 	 0.0005856389653727536 	 0.0005851950210197606 	 1.320314889223093e-10 	 4.415178535559301e-7 	 -6.108470376281963e-19 	 -1.701723493364143e-17 	 -3.3255338350925124e-5 	 3.325643499929593e-5 	 -1.915836093497014e-7 	 1.9278313033357463e-7 	 -3.854296658174618e-11 	 3.5918496460555374e-11 	 -1.4669714180040115e-11 	 1.4845975576164347e-11 	 2.3686918598769895e-11 	 -2.298751787090926e-11 	 1.2594701290346635e-15 	 2.321293093941352e-15 	 -1.209507993006138e-14 	 1.2448424037069699e-14 	 7.105192674556923e-14 	 -7.175070033272214e-14 	 1.0061016270280484e-14 	 3.413068702896378e-14 	 -1.8645809320918472e-16 	 1.785410155045907e-16 	 
2.1949262571433543 	 0.0005849449246842146 	 0.0005844960519823953 	 1.371549096042577e-10 	 4.4635177103786226e-7 	 -6.437245868608549e-19 	 -1.7949426897057635e-17 	 -3.356768037766218e-5 	 3.356880443219034e-5 	 -2.0175560427082554e-7 	 2.030170724694613e-7 	 -4.0038687117105636e-11 	 3.731222393315526e-11 	 -1.54593952879243e-11 	 1.5653029564776785e-11 	 2.4953731763420597e-11 	 -2.421699022940936e-11 	 1.3262673252711396e-15 	 2.444401372680845e-15 	 -1.2735705658270933e-14 	 1.3106525579814234e-14 	 7.48607076433893e-14 	 -7.559827536806839e-14 	 1.001732142244869e-14 	 3.583803722630725e-14 	 -1.9645876018111334e-16 	 1.8812075369135643e-16 	 
2.2336084477163447 	 0.0006067672351458429 	 0.0006063133595653892 	 1.4246438828133322e-10 	 4.5122932168501124e-7 	 -6.783714595110151e-19 	 -1.8932802565812657e-17 	 -3.388037261591973e-5 	 3.388155201227828e-5 	 -2.1245943502389533e-7 	 2.1378562497936468e-7 	 -4.1588201909112746e-11 	 3.875673910595236e-11 	 -1.6291443571741454e-11 	 1.6503773922226403e-11 	 2.628800282376917e-11 	 -2.551193201950212e-11 	 1.3965840748712074e-15 	 2.5739990795968804e-15 	 -1.3409589258922299e-14 	 1.3799004027060999e-14 	 7.887314141870758e-14 	 -7.965149623811017e-14 	 9.943793688674646e-15 	 3.763117352113265e-14 	 -2.0699594362542121e-16 	 1.982150931761997e-16 	 
2.272972352247904 	 0.0006119860494709977 	 0.0006115271425863379 	 1.4796604015619917e-10 	 4.561504942370555e-7 	 -7.148853854535954e-19 	 -1.9970186295302628e-17 	 -3.419331210306476e-5 	 3.419452883608449e-5 	 -2.237221957327574e-7 	 2.2511572516097948e-7 	 -4.3194417247654746e-11 	 4.025332226671982e-11 	 -1.716816502437992e-11 	 1.740061062917573e-11 	 2.7693301086761752e-11 	 -2.6875808178150776e-11 	 1.4706073036643709e-15 	 2.710422184482957e-15 	 -1.411863936147544e-14 	 1.4527862883872438e-14 	 8.310023070636343e-14 	 -8.39214531453887e-14 	 9.837609744573327e-15 	 3.9514467401575555e-14 	 -2.1809846001462781e-16 	 2.0885193780279137e-16 	 
2.3130299848953086 	 0.0006031546471826209 	 0.0006026906414782855 	 1.536661735984352e-10 	 4.6111512500497414e-7 	 -7.533610443956491e-19 	 -2.1064583603284803e-17 	 -3.450635000752479e-5 	 3.450762338966708e-5 	 -2.355705342042803e-7 	 2.3703594879254205e-7 	 -4.485820697212345e-11 	 4.1804314407315886e-11 	 -1.8092004880988862e-11 	 1.8346081405353907e-11 	 2.917338397987943e-11 	 -2.831226481686441e-11 	 1.5485275569392013e-15 	 2.8540302339076425e-15 	 -1.4864915008428538e-14 	 1.5295234301856778e-14 	 8.7553577556643e-14 	 -8.841985775602571e-14 	 9.695695102716587e-15 	 4.149246197905834e-14 	 -2.2979684379089616e-16 	 2.2006088616719303e-16 	 
2.353793571546829 	 0.0006159295310847402 	 0.0006154603973107114 	 1.5957125411009917e-10 	 4.661232447085357e-7 	 -7.938889593865685e-19 	 -2.2219180269430928e-17 	 -3.481936317337267e-5 	 3.482067617127614e-5 	 -2.480356053442676e-7 	 2.4957549480425593e-7 	 -4.658170403474325e-11 	 4.341079283740413e-11 	 -1.9065548487843906e-11 	 1.9342871205412418e-11 	 3.073220452579472e-11 	 -2.9825139923103547e-11 	 1.6305492114808866e-15 	 3.005197134128305e-15 	 -1.565060460977296e-14 	 1.6103376150834168e-14 	 9.224540681501343e-14 	 -9.315905681541452e-14 	 9.514828879220609e-15 	 4.3570000114728924e-14 	 -2.421234629947366e-16 	 2.3187330779478406e-16 	 
2.395275553553164 	 0.0006143064414654198 	 0.0006138321309408954 	 1.6568793406414556e-10 	 4.7117454841388257e-7 	 -8.366291684675453e-19 	 -2.343734884372423e-17 	 -3.5132205433638486e-5 	 3.513355887027267e-5 	 -2.611460433165105e-7 	 2.627648703554104e-7 	 -4.8367419705748056e-11 	 4.507477988713992e-11 	 -2.009152406746548e-11 	 2.039381298508876e-11 	 3.2373921661270337e-11 	 -3.1418470215171916e-11 	 1.7168857711792943e-15 	 3.1643176513053523e-15 	 -1.6478022465689052e-14 	 1.6954671146924218e-14 	 9.718859263168218e-14 	 -9.815205692685145e-14 	 9.291486175660754e-15 	 4.5752091150723156e-14 	 -2.551126203379498e-16 	 2.443223841946604e-16 	 
2.437488591524634 	 0.0006218012210370358 	 0.0006213216733350489 	 1.7202307480993433e-10 	 4.7626890838892976e-7 	 -8.816476073482466e-19 	 -2.472262078635372e-17 	 -3.544471661961544e-5 	 3.544612639972585e-5 	 -2.7493635588787477e-7 	 2.7663536697808233e-7 	 -5.0216325173325875e-11 	 4.679850199457421e-11 	 -2.1172808080558094e-11 	 2.1501890100841258e-11 	 3.410291069565857e-11 	 -3.309650192429798e-11 	 1.8077631347552364e-15 	 3.331805478094897e-15 	 -1.734960753356269e-14 	 1.7851625069676002e-14 	 1.0239668478396447e-13 	 -1.0341255224717816e-13 	 9.021945768974631e-15 	 4.8044045892960335e-14 	 -2.6880059772399443e-16 	 2.574430738048979e-16 	 
2.4804455691952905 	 0.0006231050861424013 	 0.0006226194709948071 	 1.7858368435896014e-10 	 4.821871795515919e-7 	 -9.291117474455072e-19 	 -2.6078697619878557e-17 	 -3.575675910502511e-5 	 3.575822485908879e-5 	 -2.8943771524744876e-7 	 2.9122341267901123e-7 	 -5.213190063478006e-11 	 4.8582897029668035e-11 	 -2.2312427192469445e-11 	 2.2670235439754437e-11 	 3.5923774143931673e-11 	 -3.486370477193501e-11 	 1.903417808883045e-15 	 3.5080963900659687e-15 	 -1.8267920987219844e-14 	 1.879684008528039e-14 	 1.0788392249571043e-13 	 -1.0895495277140304e-13 	 8.706919337945846e-15 	 5.045161547538661e-14 	 -2.832256436671295e-16 	 2.7127218470290075e-16 	 
2.5241595973551325 	 0.0006280011375625471 	 0.0006275101907153428 	 1.8537701857070526e-10 	 4.873758978171141e-7 	 -9.791447907265527e-19 	 -2.7509475161061483e-17 	 -3.6068170531740226e-5 	 3.6069683313534495e-5 	 -3.0468580500296286e-7 	 3.065607077607464e-7 	 -5.4114694757989e-11 	 5.043099055636311e-11 	 -2.3513543188791992e-11 	 2.3902092365077245e-11 	 3.7841350000897393e-11 	 -3.672477621841019e-11 	 2.004098421809646e-15 	 3.6936491243334935e-15 	 -1.9235570559003348e-14 	 1.9792858127737148e-14 	 1.1366517622059552e-13 	 -1.1479437191699048e-13 	 8.332924660552628e-15 	 5.29802814795687e-14 	 -2.9842795694988994e-16 	 2.8584824088921597e-16 	 
2.568644017851614 	 0.0006335249351838336 	 0.0006330286020087117 	 1.9241050930490802e-10 	 4.926071145593494e-7 	 -1.031830233431878e-18 	 -2.9018999433959097e-17 	 -3.637878881048267e-5 	 3.638035400415603e-5 	 -3.2071581255888666e-7 	 3.226864257909621e-7 	 -5.6167795605342455e-11 	 5.23445870901132e-11 	 -2.4779416421105006e-11 	 2.520081456962503e-11 	 3.9860724390975346e-11 	 -3.8684654771306405e-11 	 2.1100659521306734e-15 	 3.888945743664916e-15 	 -2.0255061206646648e-14 	 2.0842116682038442e-14 	 1.1975595960637043e-13 	 -1.209465764789221e-13 	 7.899991258130612e-15 	 5.563647943055171e-14 	 -3.1444950192939167e-16 	 3.012113376189269e-16 	 
2.6139124076616764 	 0.0006392396083988476 	 0.000638737836858593 	 1.9969178947486831e-10 	 4.978804562675047e-7 	 -1.0873630506875646e-18 	 -3.061153518741268e-17 	 -3.66884364529669e-5 	 3.6690061299557955e-5 	 -3.3756686166289706e-7 	 3.3963560826369686e-7 	 -5.82930620077933e-11 	 5.432539497613919e-11 	 -2.6113445262510513e-11 	 2.656994393392259e-11 	 4.198724415132216e-11 	 -4.0748533261734746e-11 	 2.2215959229919786e-15 	 4.0944925245631694e-15 	 -2.1328883875510436e-14 	 2.1947155715488462e-14 	 1.2617260475417578e-13 	 -1.2742808520163957e-13 	 7.403128849832077e-15 	 5.842659325376926e-14 	 -3.31334160261058e-16 	 3.174036405225795e-16 	 
2.659978583035544 	 0.0006409660645295297 	 0.0006404588040506569 	 2.0722870025460572e-10 	 5.031955144516445e-7 	 -1.1459227372118876e-18 	 -3.229153529752311e-17 	 -3.699695465337893e-5 	 3.699864389926468e-5 	 -3.5527809553163754e-7 	 3.5744883007823176e-7 	 -6.04932654556361e-11 	 5.637576100552104e-11 	 -2.7519235180062692e-11 	 2.801324103614825e-11 	 4.422653624741922e-11 	 -4.2921872041634954e-11 	 2.338975677025055e-15 	 4.3108237849882e-15 	 -2.2459689061805342e-14 	 2.3110690390397535e-14 	 1.3293234729847276e-13 	 -1.3425632488826155e-13 	 6.8370320564136784e-15 	 6.135737750775121e-14 	 -3.491282423266201e-16 	 3.344696707824842e-16 	 
2.706856603713545 	 0.0006474405473132595 	 0.0006469277557749318 	 2.150293321258977e-10 	 5.085519705577358e-7 	 -1.2076008219670343e-18 	 -3.4063640024534933e-17 	 -3.7304162989420186e-5 	 3.730591036613013e-5 	 -3.738881250705345e-7 	 3.7616757414809577e-7 	 -6.277027016394132e-11 	 5.849786986361408e-11 	 -2.9000610311071163e-11 	 2.953468759620219e-11 	 4.658451739757266e-11 	 -4.5210415437388285e-11 	 2.4625118453679826e-15 	 4.538496588437553e-15 	 -2.3650300530954367e-14 	 2.4335600835528715e-14 	 1.4005335795348786e-13 	 -1.4144967870392009e-13 	 6.196132760826979e-15 	 6.443605338595281e-14 	 -3.678807072233553e-16 	 3.524563748337341e-16 	 
2.75456077721725 	 0.0006573877724948267 	 0.0006568694030989282 	 2.2310195495536607e-10 	 5.139493752294785e-7 	 -1.2726026832798503e-18 	 -3.5932711255719326e-17 	 -3.760987882568299e-5 	 3.7611686750434186e-5 	 -3.934421810356482e-7 	 3.9583350363993844e-7 	 -6.512647553412507e-11 	 6.069404099355892e-11 	 -3.0561614612604995e-11 	 3.1138491406441647e-11 	 4.9067410263731225e-11 	 -4.76202044816699e-11 	 2.592520649619673e-15 	 4.778102810872553e-15 	 -2.4903702901289102e-14 	 2.5624927333497936e-14 	 1.4755477911558793e-13 	 -1.4902751863111412e-13 	 5.4743515235261704e-15 	 6.767010390482681e-14 	 -3.87643260820325e-16 	 3.7141332240720205e-16 	 
2.803105663216234 	 0.0006561310061397834 	 0.0006556070051379374 	 2.3145509336373983e-10 	 5.193872549702667e-7 	 -1.3411200551391804e-18 	 -3.790383415827434e-17 	 -3.791391502636069e-5 	 3.7915790709966225e-5 	 -4.1398155383420334e-7 	 4.164905309800077e-7 	 -6.75648528817999e-11 	 6.296650037042218e-11 	 -3.2206515801058535e-11 	 3.282909104074646e-11 	 5.168175768961746e-11 	 -5.0157590963474926e-11 	 2.72934243533597e-15 	 5.0302566138535954e-15 	 -2.6223030253922162e-14 	 2.698188451884509e-14 	 1.5545677495848482e-13 	 -1.5701024013591406e-13 	 4.6651940079369895e-15 	 7.106741314897161e-14 	 -4.084704979773287e-16 	 3.913926937520835e-16 	 
2.8525060779717974 	 0.0006645448674360493 	 0.0006640151916764502 	 2.400975019795619e-10 	 5.248651183134272e-7 	 -1.4133075365370766e-18 	 -3.9982349179235514e-17 	 -3.8216086293200173e-5 	 3.8218028438203126e-5 	 -4.3555405132367684e-7 	 4.381848575055786e-7 	 -7.008734591349157e-11 	 6.531773279498914e-11 	 -3.3939809838655567e-11 	 3.4611167903200507e-11 	 5.4434440057721494e-11 	 -5.282925315711818e-11 	 2.8733243982702985e-15 	 5.295614073286372e-15 	 -2.7611564158898073e-14 	 2.840990892929899e-14 	 1.6378060511345594e-13 	 -1.65419304970956e-13 	 3.761745035432038e-15 	 7.463630174624133e-14 	 -4.304197759401396e-16 	 4.1244906160081265e-16 	 
2.9027770988589974 	 0.000668088833934101 	 0.0006675534336862438 	 2.4903816762566715e-10 	 5.30382419267527e-7 	 -1.4893779831222848e-18 	 -4.217388578044133e-17 	 -3.851619837220727e-5 	 3.85182103261006e-5 	 -4.5820395896448267e-7 	 4.609632398782044e-7 	 -7.269717469741235e-11 	 6.775009756146055e-11 	 -3.5766232305856144e-11 	 3.6489654585101736e-11 	 5.733269156360387e-11 	 -5.564221223756333e-11 	 3.0248425543659444e-15 	 5.5748536572596104e-15 	 -2.907278504907357e-14 	 2.9912673751803805e-14 	 1.725486787517683e-13 	 -1.7427731972738905e-13 	 2.7566300427145007e-15 	 7.838553006664443e-14 	 -4.535510904363458e-16 	 4.3463958873280616e-16 	 
2.953934068968377 	 0.0006731444548150694 	 0.0006726032866082187 	 2.5828633154490226e-10 	 5.359385490722947e-7 	 -1.569564796164554e-18 	 -4.4484402816130455e-17 	 -3.881405781054322e-5 	 3.8816140046798535e-5 	 -4.81980526908493e-7 	 4.848721414303312e-7 	 -7.539655454936053e-11 	 7.026597254684616e-11 	 -3.769076785500579e-11 	 3.846973854775628e-11 	 6.038411737477061e-11 	 -5.860384993948092e-11 	 3.184283656969203e-15 	 5.868697133964691e-15 	 -3.061040355120195e-14 	 3.149407795769556e-14 	 1.8178459428314364e-13 	 -1.8360810356005073e-13 	 1.6418882912547005e-15 	 8.232421577997114e-14 	 -4.779273404079503e-16 	 4.580245998209945e-16 	 
3.00599260178879 	 0.0006746736699866755 	 0.0006741266876793299 	 2.678514869333948e-10 	 5.415328653743956e-7 	 -1.6540454822974898e-18 	 -4.692014160666183e-17 	 -3.910946528255267e-5 	 3.911161893308469e-5 	 -5.06934826890281e-7 	 5.099652788937926e-7 	 -7.818860524026722e-11 	 7.286821009152286e-11 	 -3.971865554885397e-11 	 4.0556875275357316e-11 	 6.359671196289443e-11 	 -6.172192573429213e-11 	 3.3520585019525544e-15 	 6.1778984324161744e-15 	 -3.2228355295515807e-14 	 3.315826140630844e-14 	 1.915131983160788e-13 	 -1.9343673415818638e-13 	 4.091826946924478e-16 	 8.646209055622512e-14 	 -5.03615094544565e-16 	 4.82668023740498e-16 	 
3.0589685859727536 	 0.0006783299947262793 	 0.0006777771453139792 	 2.7774338348436896e-10 	 5.4716463090628e-7 	 -1.743124611816552e-18 	 -4.9487651932639874e-17 	 -3.940221474902294e-5 	 3.94044493398218e-5 	 -5.33115700399163e-7 	 5.362906901806073e-7 	 -8.107613801125329e-11 	 7.555908318244009e-11 	 -4.185542199954359e-11 	 4.275685684528571e-11 	 6.697887972826535e-11 	 -6.500459700706693e-11 	 3.528597562047397e-15 	 6.50325144620051e-15 	 -3.393087175050508e-14 	 3.49097481071793e-14 	 2.0176075231353602e-13 	 -2.0378965167834238e-13 	 -9.505068077069509e-16 	 9.080924326967437e-14 	 -5.306849058560232e-16 	 5.08637365708538e-16 	 
3.1128781901857843 	 0.0006855043940331382 	 0.0006849456449228857 	 2.8797205781947716e-10 	 5.528331903617238e-7 	 -1.8369408743777437e-18 	 -5.2193749308074995e-17 	 -3.969211479108852e-5 	 3.9694421260896144e-5 	 -5.605788790400283e-7 	 5.63902926382548e-7 	 -8.406156315535427e-11 	 7.834204455036336e-11 	 -4.4106945324605865e-11 	 4.5075825251478605e-11 	 7.053945611392788e-11 	 -6.846043795782718e-11 	 3.714353697846769e-15 	 6.8455896477618834e-15 	 -3.5722584494672093e-14 	 3.67534032343725e-14 	 2.1255499377760028e-13 	 -2.1469481887414207e-13 	 -2.4466097718958112e-15 	 9.537644607809288e-14 	 -5.592110817014489e-16 	 5.360034281259943e-16 	 
3.167737868041197 	 0.0006876858166140222 	 0.000687121113425433 	 2.985477967009841e-10 	 5.585376960669389e-7 	 -1.935835781016148e-18 	 -5.504558327109622e-17 	 -3.9978951455590844e-5 	 3.998134053391941e-5 	 -5.893746775125992e-7 	 5.928551371892597e-7 	 -8.714847302538727e-11 	 8.121915804120521e-11 	 -4.647944276252084e-11 	 4.752026483188901e-11 	 7.428772722406052e-11 	 -7.209846319602133e-11 	 3.909803023705969e-15 	 7.205788876647481e-15 	 -3.760842515613127e-14 	 3.869435958223414e-14 	 2.2392515345082077e-13 	 -2.261817383577419e-13 	 -4.089300665830016e-15 	 1.0017487483042016e-13 	 -5.892712777390215e-16 	 5.648402543593898e-16 	 
3.223564363121867 	 0.0006907544739393131 	 0.0006901837727904908 	 3.0948117486502347e-10 	 5.642773005120883e-7 	 -2.0400957971983127e-18 	 -5.80506230241965e-17 	 -4.026252678004633e-5 	 4.0265002055805106e-5 	 -6.195600829569006e-7 	 6.232017883830367e-7 	 -9.034001130303927e-11 	 8.419341773066736e-11 	 -4.897946916657111e-11 	 5.00970007078862e-11 	 7.823344889659417e-11 	 -7.592814304331768e-11 	 4.11544352108183e-15 	 7.58477174350923e-15 	 -3.959358468575234e-14 	 4.073798058653926e-14 	 2.3590199095442177e-13 	 -2.3828148942138256e-13 	 -5.889299063444788e-15 	 1.0521636793368034e-13 	 -6.2094670134925405e-16 	 5.952253257548083e-16 	 
3.2803747140904993 	 0.0006955641414544223 	 0.0006949873986523348 	 3.2078308823145297e-10 	 5.700511712861916e-7 	 -2.1499099608533698e-18 	 -6.121669305821411e-17 	 -4.0542636580363664e-5 	 4.054520047220265e-5 	 -6.511888117172078e-7 	 6.549983980244747e-7 	 -9.363887885363171e-11 	 8.726814480344339e-11 	 -5.16139177615959e-11 	 5.2813198268570896e-11 	 8.238687090319858e-11 	 -7.995942804129655e-11 	 4.331801994793688e-15 	 7.983503837313016e-15 	 -4.168348459487791e-14 	 4.288982621476455e-14 	 2.485178351461422e-13 	 -2.510267727104215e-13 	 -7.857945342167562e-15 	 1.1051341292799337e-13 	 -6.5432248871799e-16 	 6.272400876779021e-16 	 
3.3381862598899525 	 0.0006973581377743438 	 0.0006967753124754183 	 3.324646963850537e-10 	 5.758583014791561e-7 	 -2.2656771322449656e-18 	 -6.45520341838747e-17 	 -4.0819076539708446e-5 	 4.0821731164397346e-5 	 -6.843216936963731e-7 	 6.883042442607393e-7 	 -9.704851431717596e-11 	 9.04461189863963e-11 	 -5.4390017906357606e-11 	 5.567635815304963e-11 	 8.675875617003567e-11 	 -8.420276984887852e-11 	 4.5594300418249934e-15 	 8.403002077621897e-15 	 -4.3883742216381265e-14 	 4.515556444326249e-14 	 2.6180659499219397e-13 	 -2.6445195318256036e-13 	 -1.0007426513691852e-14 	 1.1607898654756134e-13 	 -6.894884953303022e-16 	 6.609709566131985e-16 	 
3.3970166450352193 	 0.0007043773697267904 	 0.0007037884277593161 	 3.4453749791052214e-10 	 5.816977102583605e-7 	 -2.3876464374123104e-18 	 -6.806529414496499e-17 	 -4.109164894444901e-5 	 4.1094388088756704e-5 	 -7.190117987639799e-7 	 7.23175023888549e-7 	 -1.005722208863591e-10 	 9.373059966850053e-11 	 -5.7315331698714166e-11 	 5.869430572887067e-11 	 9.136040769549541e-11 	 -8.866914534915192e-11 	 4.7989045940330016e-15 	 8.844336940551913e-15 	 -4.620009036101922e-14 	 4.7540862546142896e-14 	 2.7580375962268223e-13 	 -2.785930800242185e-13 	 -1.2350492674082599e-14 	 1.2192691018537444e-13 	 -7.265399578263771e-16 	 6.9650946481376e-16 	 
3.4568838249986547 	 0.0007060133072451203 	 0.0007054181989588345 	 3.5701328609377947e-10 	 5.875683493150237e-7 	 -2.5161983409187525e-18 	 -7.176560119308475e-17 	 -4.1360146350217735e-5 	 4.136298405736643e-5 	 -7.553186989565495e-7 	 7.596665677258297e-7 	 -1.0421380678839623e-10 	 9.712459538206329e-11 	 -6.039774379357336e-11 	 6.187521446828719e-11 	 9.62036873129954e-11 	 -9.337007617286373e-11 	 5.050839039586259e-15 	 9.308625998257176e-15 	 -4.8638276795069496e-14 	 5.005139887660078e-14 	 2.905464786177394e-13 	 -2.9348789613933214e-13 	 -1.4900759174641082e-14 	 1.280716289583569e-13 	 -7.655771907402887e-16 	 7.339524779538031e-16 	 
3.51780607169013 	 0.0007089162138909243 	 0.00070831490845394 	 3.6990419889451476e-10 	 5.934690758382741e-7 	 -2.651687527148224e-18 	 -7.566261132609584e-17 	 -4.162438126114401e-5 	 4.1627313023891495e-5 	 -7.932997306443415e-7 	 7.978370739175534e-7 	 -1.079764938932757e-10 	 1.0063153867205724e-10 	 -6.364553307643408e-11 	 6.522777497820818e-11 	 1.0130105669333421e-10 	 -9.83176610134697e-11 	 5.315869169330801e-15 	 9.797051922959458e-15 	 -5.120422127346924e-14 	 5.2693313959998293e-14 	 3.0607394971014386e-13 	 -3.091760245662889e-13 	 -1.767271338921352e-14 	 1.3452830094634633e-13 	 -8.067062060766314e-16 	 7.734025411909408e-16 	 
3.579801979033751 	 0.0007122296897734642 	 0.0007116221383223883 	 3.832227105678075e-10 	 5.993987472104321e-7 	 -2.7944547442082974e-18 	 -7.976656263638897e-17 	 -4.188415547847293e-5 	 4.1887190528261375e-5 	 -8.330095921839385e-7 	 8.377466629381304e-7 	 -1.1186376949355214e-10 	 1.0425491691906052e-10 	 -6.706756714499921e-11 	 6.876131762903347e-11 	 1.0666560427744261e-10 	 -1.0352460647747295e-10 	 5.594668717151362e-15 	 1.0310851012112868e-14 	 -5.3904517662995034e-14 	 5.547354181368888e-14 	 3.224277285323138e-13 	 -3.256994018170434e-13 	 -2.0681697017304763e-14 	 1.413129183818454e-13 	 -8.500393100634657e-16 	 8.14967938911761e-16 	 
3.6428904686428605 	 0.0007155583018121407 	 0.0007149444774424179 	 3.9698164045956617e-10 	 6.053561013977805e-7 	 -2.9449390397974517e-18 	 -8.40883360279404e-17 	 -4.213928625994059e-5 	 4.214242326157243e-5 	 -8.745100599664602e-7 	 8.794469682047979e-7 	 -1.1587972140238385e-10 	 1.0799800175891326e-10 	 -7.067332840825004e-11 	 7.24857311178067e-11 	 1.1231107545588048e-10 	 -1.0900425967098027e-10 	 5.8879441165008355e-15 	 1.0851323260254934e-14 	 -5.6746448382644555e-14 	 5.839948998740253e-14 	 3.396516328919447e-13 	 -3.431023866391222e-13 	 -2.3944079884983308e-14 	 1.4844224371603756e-13 	 -8.956953973200466e-16 	 8.587623666236389e-16 	 
3.7070907955950605 	 0.0007189327267761802 	 0.0007183125912951509 	 4.111941651158225e-10 	 6.113398956769884e-7 	 -3.103523783888239e-18 	 -8.863944324073781e-17 	 -4.2389591732551024e-5 	 4.239283553754219e-5 	 -9.178519883808122e-7 	 9.229951742723212e-7 	 -1.2002804086763027e-10 	 1.1186448345005506e-10 	 -7.44727881762817e-11 	 7.64113453640102e-11 	 1.1825189106886366e-10 	 -1.1477062952179322e-10 	 6.196435358206232e-15 	 1.141983591365863e-14 	 -5.973751065421636e-14 	 6.147857903859098e-14 	 3.577915669389189e-13 	 -3.6143158465851677e-13 	 -2.74772205657578e-14 	 1.5593396220366773e-13 	 -9.437998202131515e-16 	 9.049049883851006e-16 	 
3.7724225543090033 	 0.000720923886244475 	 0.000720297405067677 	 4.258738474020593e-10 	 6.173487527587689e-7 	 -3.2706248124085384e-18 	 -9.34320692921756e-17 	 -4.2634897279609194e-5 	 4.263825265264225e-5 	 -9.63091987916725e-7 	 9.684457333097505e-7 	 -1.2431267013683815e-10 	 1.1585818200695355e-10 	 -7.847633790283561e-11 	 8.054891968716874e-11 	 1.245031819250886e-10 	 -1.2083841064148246e-10 	 6.52091994302417e-15 	 1.201782480214434e-14 	 -6.288514515276701e-14 	 6.471818601801074e-14 	 3.768955765461375e-13 	 -3.8073578451484213e-13 	 -3.129964103734473e-14 	 1.6380662441749928e-13 	 -9.944841159442186e-16 	 9.53520953678835e-16 	 
3.838905684524751 	 0.0007236541143224908 	 0.0007230212585844982 	 4.4103460966476085e-10 	 6.233812435864301e-7 	 -3.446768196062398e-18 	 -9.847910508155852e-17 	 -4.2875039426579296e-5 	 4.2878506465428425e-5 	 -1.0102777402341932e-6 	 1.0158466897054827e-6 	 -1.2873771558077472e-10 	 1.199826278184218e-10 	 -8.269478496798404e-11 	 8.490965754065038e-11 	 1.3108081811246133e-10 	 -1.272230163440596e-10 	 6.862219151129556e-15 	 1.2646793243586722e-14 	 -6.619670629414116e-14 	 6.812572438482614e-14 	 3.9701399059130115e-13 	 -4.010660305686847e-13 	 -3.543110074146269e-14 	 1.7207969099247813e-13 	 -1.0478863642132002e-15 	 1.0047419711614696e-15 	 
3.9065604773895406 	 0.000726721518297759 	 0.0007260822531612495 	 4.566907733543334e-10 	 6.294359568882986e-7 	 -3.632385186347543e-18 	 -1.0379415001145841e-16 	 -4.310986036224664e-5 	 4.311344438456985e-5 	 -1.0594573606357743e-6 	 1.0652483069140994e-6 	 -1.3330733278085564e-10 	 1.2424184845863503e-10 	 -8.713937227374114e-11 	 8.95052574734523e-11 	 1.3800144707798354e-10 	 -1.3394061276252732e-10 	 7.221188544570342e-15 	 1.330832653000429e-14 	 -6.967955583570754e-14 	 7.170876766517773e-14 	 4.181996014414402e-13 	 -4.2247578009466423e-13 	 -3.989249236120261e-14 	 1.8077375391393696e-13 	 -1.1041516616468303e-15 	 1.0587064163160003e-15 	 
3.9754075816507863 	 0.0007293089536317063 	 0.0007286632531192433 	 4.728570720676922e-10 	 6.355113250166079e-7 	 -3.828009151426265e-18 	 -1.0939158899578316e-16 	 -4.333921354182217e-5 	 4.334291790146928e-5 	 -1.1106785683151765e-6 	 1.1166929599313077e-6 	 -1.3802574267551167e-10 	 1.2863994493635682e-10 	 -9.182192271160734e-11 	 9.4348181923023e-11 	 1.4528254135914184e-10 	 -1.410081591787326e-10 	 7.598730833954849e-15 	 1.4004085354929638e-14 	 -7.334145899379091e-14 	 7.547574698374456e-14 	 4.4050826005773487e-13 	 -4.450212835849756e-13 	 -4.470614220432478e-14 	 1.8991034930043903e-13 	 -1.1634318477147172e-15 	 1.1155586955107012e-15 	 
4.045468009958233 	 0.0007316495320606127 	 0.0007309973728375761 	 4.895486453146937e-10 	 6.416057957680456e-7 	 -4.034145870077399e-18 	 -1.1528658535097624e-16 	 -4.356296473669277e-5 	 4.3566795245268524e-5 	 -1.163983091461482e-6 	 1.1702188128344053e-6 	 -1.428975749112534e-10 	 1.33180926949682e-10 	 -9.67551062145315e-11 	 9.945178647921703e-11 	 1.5294243630117137e-10 	 -1.4844345428424573e-10 	 7.995794216883688e-15 	 1.473581286831106e-14 	 -7.719127660615064e-14 	 7.943625749013448e-14 	 4.639992005009683e-13 	 -4.687621884691295e-13 	 -4.989562668822797e-14 	 1.9951225631723055e-13 	 -1.2258854424613377e-15 	 1.175450621912922e-15 	 
4.1167631452771785 	 0.0007341814702853865 	 0.0007335228232708746 	 5.067810610697173e-10 	 6.477176867226405e-7 	 -4.251417465328913e-18 	 -1.214951690065721e-16 	 -4.378099270095773e-5 	 4.3784952284745186e-5 	 -1.2193944325998355e-6 	 1.225859665336224e-6 	 -1.479270884120867e-10 	 1.3786907970893018e-10 	 -1.0195247194916051e-10 	 1.0483029833928584e-10 	 1.6100036901418843e-10 	 -1.562651742983494e-10 	 8.413371376121093e-15 	 1.5505342692952485e-14 	 -8.123900502465835e-14 	 8.360092114316011e-14 	 4.887350571437896e-13 	 -4.937616812418103e-13 	 -5.548610642475744e-14 	 2.0960328487455995e-13 	 -1.2916794754670406e-15 	 1.2385437968280164e-15 	 
4.189314747414704 	 0.0007356413090741641 	 0.0007349761549834663 	 5.245703164341502e-10 	 6.538453371574106e-7 	 -4.480404101973442e-18 	 -1.28034220429645e-16 	 -4.3993191240203744e-5 	 4.3997281748239565e-5 	 -1.2769452231749786e-6 	 1.283641074198275e-6 	 -1.5311922518926386e-10 	 1.4270860416790584e-10 	 -1.0742841775063816e-10 	 1.1049873780241977e-10 	 1.6947650867897458e-10 	 -1.6449290688713265e-10 	 8.852507092358747e-15 	 1.631459680444111e-14 	 -8.54956339774905e-14 	 8.798103033960326e-14 	 5.147817597441306e-13 	 -5.20086506163832e-13 	 -6.150409365406951e-14 	 2.2020863825225205e-13 	 -1.3609911430063484e-15 	 1.3050098499511152e-15 	 
4.263144959660941 	 0.0007381282569571283 	 0.0007374565883312964 	 5.429328774690635e-10 	 6.59986983090524e-7 	 -4.721706972023284e-18 	 -1.3492154279567367e-16 	 -4.419946285309985e-5 	 4.420369023280438e-5 	 -1.336658846903574e-6 	 1.3435722452760416e-6 	 -1.584785559257912e-10 	 1.4770420904163152e-10 	 -1.1319804647336573e-10 	 1.164727037789327e-10 	 1.7839198447927338e-10 	 -1.7314718287154754e-10 	 9.314295929645442e-15 	 1.7165595598800567e-14 	 -8.997255473815255e-14 	 9.258771003701053e-14 	 5.422081766940074e-13 	 -5.478067423392298e-13 	 -6.797776138604909e-14 	 2.313547407258524e-13 	 -1.434008030822424e-15 	 1.3750288453206441e-15 	 
4.338276315547362 	 0.00074055934463798 	 0.000739881132235726 	 5.618856466690207e-10 	 6.661407870524614e-7 	 -4.976033876981365e-18 	 -1.4217586936432783e-16 	 -4.439973493517053e-5 	 4.440410218168025e-5 	 -1.3985359401814924e-6 	 1.4056803696997498e-6 	 -1.64010195036234e-10 	 1.528602998731996e-10 	 -1.1927697025746348e-10 	 1.2276834460413088e-10 	 1.8776892518925237e-10 	 -1.8224950271228895e-10 	 9.799888801270637e-15 	 1.8060457979142455e-14 	 -9.468076361196296e-14 	 9.743170256737218e-14 	 5.710861345936593e-13 	 -5.76995479807669e-13 	 -7.49369140149089e-14 	 2.430694138243646e-13 	 -1.5109270721891184e-15 	 1.448789329378224e-15 	 
4.414731745724182 	 0.0007424076476489244 	 0.0007417228886478811 	 5.814460084496137e-10 	 6.723049131569086e-7 	 -5.244064425978117e-18 	 -1.4981691382831466e-16 	 -4.459394245741575e-5 	 4.4598454272838925e-5 	 -1.4625739794077436e-6 	 1.4699366150940478e-6 	 -1.6971904663953496e-10 	 1.5818172312862145e-10 	 -1.2568146333258373e-10 	 1.2940271021536895e-10 	 1.9763051567374255e-10 	 -1.9182238570867214e-10 	 1.0310493783906427e-14 	 1.9001408223241344e-14 	 -9.96311957149762e-14 	 1.0252421262389636e-13 	 6.014911695375523e-13 	 -6.077292102784135e-13 	 -8.241310804623711e-14 	 2.5538191869262653e-13 	 -1.5919556019264653e-15 	 1.5264904392606734e-15 	 
4.492534584958967 	 0.000743361087846872 	 0.0007426697699430185 	 6.016318257393675e-10 	 6.784774251808974e-7 	 -5.526543571010535e-18 	 -1.578654326298863e-16 	 -4.478204463321561e-5 	 4.478670669622078e-5 	 -1.5287627702827482e-6 	 1.536341209664918e-6 	 -1.75610528533948e-10 	 1.636733396074471e-10 	 -1.3242881912891488e-10 	 1.363939032695894e-10 	 2.0800104680455691e-10 	 -2.0188942728950683e-10 	 1.0847378276659361e-14 	 1.9990781516402397e-14 	 -1.0483559566491946e-13 	 1.0787715628742678e-13 	 6.3350286769508e-13 	 -6.400886094560479e-13 	 -9.043976130601861e-14 	 2.683230386035614e-13 	 -1.6773131087936965e-15 	 1.6083425301039523e-15 	 
4.571708579258576 	 0.0007455714200296266 	 0.0007448735533542067 	 6.224614517119769e-10 	 6.846563707893675e-7 	 -5.824262152113345e-18 	 -1.6634327973278864e-16 	 -4.496401710480437e-5 	 4.4968832716556015e-5 	 -1.5970730200390509e-6 	 1.6048467356623369e-6 	 -1.8168985994470294e-10 	 1.693400615993003e-10 	 -1.3953735861849835e-10 	 1.4376102971175996e-10 	 2.18905956516793e-10 	 -2.1247533910419408e-10 	 1.1411871262288633e-14 	 2.1031030040569984e-14 	 -1.1030635949677164e-13 	 1.1350294932769475e-13 	 6.672048568907108e-13 	 -6.741585964293776e-13 	 -9.90523103742595e-14 	 2.819251319296743e-13 	 -1.7672305725555554e-15 	 1.6945662367231309e-15 	 
4.652277893116625 	 0.0007468283337341362 	 0.000746123909193209 	 6.43953740645051e-10 	 6.908397259819668e-7 	 -6.137993847734049e-18 	 -1.7527345150183616e-16 	 -4.513985644301647e-5 	 4.5144829180364615e-5 	 -1.6674456013590414e-6 	 1.6754150191638886e-6 	 -1.8796249920070143e-10 	 1.7518707888653524e-10 	 -1.4702636959911203e-10 	 1.515241455702268e-10 	 2.3037186897156178e-10 	 -2.23605993700718e-10 	 1.200537032915715e-14 	 2.2124724309283267e-14 	 -1.1605628324032897e-13 	 1.1941431119571294e-13 	 7.026848037065281e-13 	 -7.100283039976948e-13 	 -1.0828830054113566e-13 	 2.962222652315797e-13 	 -1.8619504207846895e-15 	 1.7853928595404908e-15 	 
4.734267116888661 	 0.0007485872592852554 	 0.0007478762842128582 	 6.661280467318612e-10 	 6.970254306411521e-7 	 -6.4686515632166774e-18 	 -1.8468013533596634e-16 	 -4.530957503190322e-5 	 4.531471200911719e-5 	 -1.7398156977416505e-6 	 1.7479633178301768e-6 	 -1.9443413759426508e-10 	 1.8121969924605571e-10 	 -1.549160528939409e-10 	 1.5970424962809e-10 	 2.4242664899261124e-10 	 -2.3530846486574277e-10 	 1.2629339038462294e-14 	 2.3274565087090837e-14 	 -1.2209839113219557e-13 	 1.2562430219273313e-13 	 7.400345754278967e-13 	 -7.477910957192863e-13 	 -1.1818760287188382e-13 	 3.112502246322625e-13 	 -1.96172701382053e-15 	 1.881065194440818e-15 	 
4.817701274297335 	 0.0007497609024300749 	 0.0007490433898906477 	 6.890042411782046e-10 	 7.032113822652483e-7 	 -6.8171628268067544e-18 	 -1.9458869993262185e-16 	 -4.547321171058487e-5 	 4.5478515391211446e-5 	 -1.8140933321054813e-6 	 1.8224026562243676e-6 	 -2.0111060543787702e-10 	 1.8744322635008914e-10 	 -1.6322756341586499e-10 	 1.6832349363769317e-10 	 2.5509945534905795e-10 	 -2.4761107409327e-10 	 1.3285316344732527e-14 	 2.448338307221162e-14 	 -1.2844602124007736e-13 	 1.3214681279539562e-13 	 7.793508611698847e-13 	 -7.875448089285414e-13 	 -1.287925253506439e-13 	 3.2704664430432843e-13 	 -2.066827502769904e-15 	 1.9818386554098595e-15 	 
4.902605830069813 	 0.0007510283379823627 	 0.0007503038972779214 	 7.126027257690415e-10 	 7.097903755390723e-7 	 -7.184410097179427e-18 	 -2.0502572824749112e-16 	 -4.563082010985446e-5 	 4.563629817276037e-5 	 -1.8901553290021898e-6 	 1.8986155893096674e-6 	 -2.0799785111779115e-10 	 1.9386325461389113e-10 	 -1.719832897883452e-10 	 1.7740534741388074e-10 	 2.684208012878077e-10 	 -2.6054346078563326e-10 	 1.3974914096467072e-14 	 2.5754150960609232e-14 	 -1.351133763418478e-13 	 1.3899667819611127e-13 	 8.207356004451448e-13 	 -8.293925191612548e-13 	 -1.4014348276465397e-13 	 3.436512365738783e-13 	 -2.1775336212233634e-15 	 2.0879824419973288e-15 	 
4.989006697709819 	 0.0007527456174182154 	 0.0007520146836767426 	 7.369444210597518e-10 	 7.159748855259241e-7 	 -7.571501187190528e-18 	 -2.1601924714204936e-16 	 -4.578247886742332e-5 	 4.578813502531221e-5 	 -1.967873043913888e-6 	 1.9764391151478826e-6 	 -2.1510188812434553e-10 	 2.0048548680551473e-10 	 -1.8120690142994985e-10 	 1.8697452702097736e-10 	 2.8242259514823265e-10 	 -2.741366242231458e-10 	 1.4699826027032912e-14 	 2.7089985652779828e-14 	 -1.4211548485241594e-13 	 1.461893922222142e-13 	 8.64295966269284e-13 	 -8.734427939708816e-13 	 -1.5229663197828357e-13 	 3.611055596777053e-13 	 -2.2941427748940853e-15 	 2.1997798969990047e-15 	 
5.076930247406609 	 0.0007535500301099938 	 0.0007528126101037777 	 7.620507664226491e-10 	 7.221531740204405e-7 	 -7.979463306489459e-18 	 -2.2759886612203305e-16 	 -4.592828685203631e-5 	 4.5934126313128845e-5 	 -2.0470369532558986e-6 	 2.0557022857139414e-6 	 -2.2242911202564302e-10 	 2.07315736917386e-10 	 -1.9092325290438972e-10 	 1.9705690282742838e-10 	 2.971381967373154e-10 	 -2.8842297674813754e-10 	 1.5461824509114228e-14 	 2.8494160881776163e-14 	 -1.4946787886534e-13 	 1.537408861475759e-13 	 9.101443604570629e-13 	 -9.19809635177306e-13 	 -1.6529812590258758e-13 	 3.7945354697811974e-13 	 -2.416967214014851e-15 	 2.317527699858308e-15 	 
5.166403314083369 	 0.0007548562322813485 	 0.0007541123794602371 	 7.879437532121583e-10 	 7.283230002198895e-7 	 -8.409417001882135e-18 	 -2.3979591216590436e-16 	 -4.6068360065594e-5 	 4.6074390189377776e-5 	 -2.1274658457025296e-6 	 2.1361772779156566e-6 	 -2.2998584175690513e-10 	 2.143600232581977e-10 	 -2.0115828925252942e-10 	 2.0767948537913323e-10 	 3.1260246132075446e-10 	 -3.034363845457844e-10 	 1.6262776965641548e-14 	 2.9970102968823155e-14 	 -1.571863265767326e-13 	 1.6166746259255937e-13 	 9.583985283791586e-13 	 -9.686124488500427e-13 	 -1.7920124649994839e-13 	 3.987413767005362e-13 	 -2.5463341821845256e-15 	 2.441539214419912e-15 	 
5.2574532055874235 	 0.0007557612235818458 	 0.0007550109576592854 	 8.146458990414436e-10 	 7.344821011361289e-7 	 -8.862566580328524e-18 	 -2.5264352234487904e-16 	 -4.6202838392187295e-5 	 4.62090627419485e-5 	 -2.2088813500975384e-6 	 2.217625491648021e-6 	 -2.377786456969677e-10 	 2.2162441042612502e-10 	 -2.1193923075813251e-10 	 2.1887097632601663e-10 	 3.2885181802356313e-10 	 -3.192122299559197e-10 	 1.7104632307197333e-14 	 3.152141576901685e-14 	 -1.6528734762968175e-13 	 1.6998718178200207e-13 	 1.009182764057686e-12 	 -1.0199765976442935e-12 	 -1.9406233040044645e-13 	 4.190176291788745e-13 	 -2.682590212561856e-15 	 2.572146459428069e-15 	 
5.350107711024791 	 0.0007570923970612898 	 0.0007563357995447087 	 8.421802477283249e-10 	 7.406281934207848e-7 	 -9.340161278718372e-18 	 -2.6617671536781726e-16 	 -4.6331877501575316e-5 	 4.633830298384085e-5 	 -2.291004814770384e-6 	 2.299705396088797e-6 	 -2.4581428819124545e-10 	 2.2911523248280957e-10 	 -2.2329521698005083e-10 	 2.3066208844839416e-10 	 3.45924338151605e-10 	 -3.35787491719204e-10 	 1.7989441663299174e-14 	 3.315187208055151e-14 	 -1.7378984234375325e-13 	 1.7872057554844354e-13 	 1.06262866207947e-12 	 -1.0740348161779433e-12 	 -2.0994085360125976e-13 	 4.403334619693856e-13 	 -2.826101545867959e-15 	 2.7096980577390617e-15 	 
5.444395109241635 	 0.0007578198591026575 	 0.0007570569909152923 	 8.705703822120652e-10 	 7.467589917258774e-7 	 -9.843495365040117e-18 	 -2.8043239347204616e-16 	 -4.6455652719753316e-5 	 4.646228510093023e-5 	 -2.373476615630895e-6 	 2.38208135123248e-6 	 -2.5409957639350656e-10 	 2.3683890716860996e-10 	 -2.352572427676252e-10 	 2.430850864781894e-10 	 3.638597619270803e-10 	 -3.532007941085027e-10 	 1.8919354849770433e-14 	 3.4865429964491253e-14 	 -1.827146785041374e-13 	 1.8788894600403702e-13 	 1.1188743185228764e-12 	 -1.1309272190902412e-12 	 -2.2689964384838743e-13 	 4.627427081438194e-13 	 -2.9772529406566998e-15 	 2.8545586410800072e-15 	 
5.540344177455178 	 0.0007585285988302672 	 0.0007577595336938585 	 8.998404048197163e-10 	 7.52872199658101e-7 	 -1.0373989574554335e-17 	 -2.954493296955711e-16 	 -4.6574354475583006e-5 	 4.658119880828848e-5 	 -2.4559059518441833e-6 	 2.464352742273587e-6 	 -2.626416594441823e-10 	 2.448019070990422e-10 	 -2.478576132058248e-10 	 2.5617335844432083e-10 	 3.8269953093786576e-10 	 -3.714924305435563e-10 	 1.9896622074777455e-14 	 3.666624448437063e-14 	 -1.920827148391099e-13 	 1.9751263690986277e-13 	 1.1780634985868465e-12 	 -1.1908003553344938e-12 	 -2.45005139442722e-13 	 4.863019693384275e-13 	 -3.1364481872369388e-15 	 3.00711101993182e-15 	 
5.63798420003671 	 0.0007597526880081755 	 0.0007589774413885219 	 9.300149427740235e-10 	 7.589655016447409e-7 	 -1.0933099603898024e-17 	 -3.112682812635582e-16 	 -4.668818574720292e-5 	 4.669524914585292e-5 	 -2.5378035009382445e-6 	 2.5460887293872124e-6 	 -2.7144753764666255e-10 	 2.530110549870314e-10 	 -2.611297699860511e-10 	 2.699617721133469e-10 	 4.0248685123057333e-10 	 -3.907044076109582e-10 	 2.0923610581646136e-14 	 3.855866501495433e-14 	 -2.0191402713128128e-13 	 2.076117064094274e-13 	 1.2403464065829297e-12 	 -1.2538069614324715e-12 	 -2.643275809736864e-13 	 5.110707997780964e-13 	 -3.3041121028164476e-15 	 3.1677577176743253e-15 	 
5.737344977449417 	 0.0007604591159112091 	 0.0007596778594779769 	 9.611191276761779e-10 	 7.65036609483205e-7 	 -1.1522377005612915e-17 	 -3.2793220378983366e-16 	 -4.679736547123512e-5 	 4.680465367002384e-5 	 -2.618699423325059e-6 	 2.6266669100852918e-6 	 -2.8052474154226874e-10 	 2.6147308422010953e-10 	 -2.751089839013509e-10 	 2.84487462134516e-10 	 4.232667846696668e-10 	 -4.108805232747915e-10 	 2.2002796250327684e-14 	 4.054725782870152e-14 	 -2.1222943003544728e-13 	 2.1820806555972965e-13 	 1.3058814988722105e-12 	 -1.3201074033107187e-12 	 -2.849412395222647e-13 	 5.371118653015587e-13 	 -3.480691903114613e-15 	 3.3369220478001937e-15 	 
5.83845683534369 	 0.0007611993306489117 	 0.0007604121284281601 	 9.93178600098634e-10 	 7.710832162126738e-7 	 -1.2143479217790743e-17 	 -3.454864706364328e-16 	 -4.6902118783084496e-5 	 4.690963857324875e-5 	 -2.6980274054908107e-6 	 2.7056298360842635e-6 	 -2.8988067231599154e-10 	 2.701949760386591e-10 	 -2.898327857380255e-10 	 2.9978973836631176e-10 	 4.4508629507285207e-10 	 -4.3206643898193774e-10 	 2.3136777002006934e-14 	 4.263680844697372e-14 	 -2.2305167442607416e-13 	 2.2932511682705736e-13 	 1.3748354389881719e-12 	 -1.3898708056921033e-12 	 -3.069247146765029e-13 	 5.644910489973033e-13 	 -3.666656683341494e-15 	 3.5150467897666273e-15 	 
5.941350633812743 	 0.0007619736582765549 	 0.0007611806623000756 	 1.0262194885229937e-9 	 7.771030567121039e-7 	 -1.279805606428634e-17 	 -3.6397891262734606e-16 	 -4.700267848823301e-5 	 4.701043680879789e-5 	 -2.7751002967214033e-6 	 2.7822044395459533e-6 	 -2.995228685598622e-10 	 2.791838988175502e-10 	 -3.05340749882001e-10 	 3.1590981173214725e-10 	 4.679942862046473e-10 	 -4.543097196932611e-10 	 2.432827617788909e-14 	 4.483233348404499e-14 	 -2.344048348225318e-13 	 2.4098690953459375e-13 	 1.4473826904946305e-12 	 -1.4632748056409435e-12 	 -3.3036103373241643e-13 	 5.932777599315661e-13 	 -3.862497541650912e-15 	 3.702597050451866e-15 	 
6.046057776811348 	 0.0007628609047342932 	 0.0007620621692206575 	 1.0602683997670823e-9 	 7.830938574757001e-7 	 -1.3487984654525422e-17 	 -3.834598052317115e-16 	 -4.709928095571046e-5 	 4.710728462130089e-5 	 -2.8491501057057567e-6 	 2.855722911075441e-6 	 -3.0945914787651143e-10 	 2.8844707998622805e-10 	 -3.2167427395405566e-10 	 3.328908915689322e-10 	 4.920416559754203e-10 	 -4.776598713299887e-10 	 2.5580147715348423e-14 	 4.713909278584536e-14 	 -2.4631340990202996e-13 	 2.5321778858252385e-13 	 1.523705820387272e-12 	 -1.5405052169222418e-12 	 -3.553381215657567e-13 	 6.235449023227155e-13 	 -4.0687317974876735e-15 	 3.900061117642534e-15 	 
6.152610221740549 	 0.0007634935237935584 	 0.000762689245089943 	 1.0953524028125234e-9 	 7.890533977771617e-7 	 -1.4215126267924876e-17 	 -4.0398180040283343e-16 	 -4.719216318158166e-5 	 4.720041893914016e-5 	 -2.919533869483981e-6 	 2.925402417564691e-6 	 -3.19697453512289e-10 	 2.979918615780511e-10 	 -3.3887696698150753e-10 	 3.5077863352752635e-10 	 5.172813588286752e-10 	 -5.021683994869996e-10 	 2.6895385250134384e-14 	 4.956259663603822e-14 	 -2.5880248470866336e-13 	 2.660428477200724e-13 	 1.6039964830368935e-12 	 -1.6217569203863072e-12 	 -3.8194878397182403e-13 	 6.553693114661004e-13 	 -4.285900241316593e-15 	 4.1079518482414725e-15 	 
6.2610404892013065 	 0.0007642972572729836 	 0.0007634877283024521 	 1.1314990120631345e-9 	 7.949794632327215e-7 	 -1.4981547835775705e-17 	 -4.256001913752443e-16 	 -4.728155733397326e-5 	 4.7290072029515696e-5 	 -2.985399658085288e-6 	 2.9902965380931096e-6 	 -3.302457391417582e-10 	 3.0782570893195755e-10 	 -3.569948138580582e-10 	 3.696208926966231e-10 	 5.437684441147371e-10 	 -5.278888644666586e-10 	 2.8277124193186164e-14 	 5.2108622859631214e-14 	 -2.718977313405407e-13 	 2.7948716130739976e-13 	 1.6884550983198938e-12 	 -1.7072343453358121e-12 	 -4.1029117831623734e-13 	 6.888317239713936e-13 	 -4.514568292731603e-15 	 4.326812424677668e-15 	 
6.371381672920025 	 0.0007651616340657871 	 0.0007643466965817346 	 1.1687361815920063e-9 	 8.008698897138036e-7 	 -1.578931967647711e-17 	 -4.483733381097755e-16 	 -4.7367688667677574e-5 	 4.7376469895797106e-5 	 -3.0456755890839094e-6 	 3.0497859446074482e-6 	 -3.4111214924047737e-10 	 3.179563048663596e-10 	 -3.7607580657922876e-10 	 3.894674963347513e-10 	 5.715600867510851e-10 	 -5.548769063703807e-10 	 2.9728651593290757e-14 	 5.478322477160591e-14 	 -2.8562441459909124e-13 	 2.9357518260779894e-13 	 1.7772905893694239e-12 	 -1.7971509243503494e-12 	 -4.4046889090267985e-13 	 7.240171835972292e-13 	 -4.755333243375383e-15 	 4.5572185411777565e-15 	 
6.4836674498489995 	 0.0007657749046637627 	 0.000764954516464511 	 1.207092271126566e-9 	 8.067225596508072e-7 	 -1.6640714513392234e-17 	 -4.723631276016305e-16 	 -4.745077135249644e-5 	 4.745982670952704e-5 	 -3.0995964461746196e-6 	 3.1029914598099513e-6 	 -3.523050051006895e-10 	 3.283912799133314e-10 	 -3.9617012519322663e-10 	 4.1037124070526106e-10 	 6.007156791927304e-10 	 -5.831902958310337e-10 	 3.125340966223035e-14 	 5.759274797935226e-14 	 -3.0000780169407245e-13 	 3.08333362217087e-13 	 1.8707226108829235e-12 	 -1.8917296316389797e-12 	 -4.725914253340331e-13 	 7.610150975973157e-13 	 -5.008828370580075e-15 	 4.799778325701795e-15 	 
6.597932090444882 	 0.0007664956188033792 	 0.0007656700406539991 	 1.2465960409433393e-9 	 8.125353972070045e-7 	 -1.7538064314601744e-17 	 -4.976350096234037e-16 	 -4.753100257438291e-5 	 4.754033886748917e-5 	 -3.1463350630678644e-6 	 3.1487857829730136e-6 	 -3.6383268069852427e-10 	 3.391385195123384e-10 	 -4.173312749755413e-10 	 4.323883805765745e-10 	 6.312968940481217e-10 	 -6.128890186733122e-10 	 3.285500949674286e-14 	 6.054383676084409e-14 	 -3.150759571909139e-13 	 3.2379151614284267e-13 	 1.9689829352383586e-12 	 -1.991205435808175e-12 	 -5.067744780493497e-13 	 7.999195428710954e-13 	 -5.275721706571237e-15 	 5.055127555993099e-15 	 
6.714210469128275 	 0.0007672582921857625 	 0.0007664311992464499 	 1.2872766374545447e-9 	 8.183063711071012e-7 	 -1.848386583538636e-17 	 -5.242578396176545e-16 	 -4.76085591161513e-5 	 4.761818450728888e-5 	 -3.1865508905460284e-6 	 3.1844146137561013e-6 	 -3.757036037988724e-10 	 3.502059396960621e-10 	 -4.396157489376897e-10 	 4.555775679905476e-10 	 6.633676649139892e-10 	 -6.440353028567851e-10 	 3.453722955790894e-14 	 6.364345736377476e-14 	 -3.3085877886778796e-13 	 3.39979226882569e-13 	 2.0723135949639654e-12 	 -2.0958250989491353e-12 	 -5.431403392630717e-13 	 8.408294703178497e-13 	 -5.5567131818973696e-15 	 5.3239325603668874e-15 	 
6.832538074927663 	 0.0007679810119282711 	 0.000767142043573531 	 1.3291635650763455e-9 	 8.240335210964936e-7 	 -1.9480753321774917e-17 	 -5.523037779460742e-16 	 -4.768359432144128e-5 	 4.769351671825448e-5 	 -3.220446582482584e-6 	 3.2241185731217717e-6 	 -3.879264532566559e-10 	 3.616015447270828e-10 	 -4.630821609328436e-10 	 4.800000058909164e-10 	 6.969942175707251e-10 	 -6.766936060611482e-10 	 3.630403241213928e-14 	 6.689890315691204e-14 	 -3.4738501832568285e-13 	 3.569255079500477e-13 	 2.1809672650302318e-12 	 -2.2058457922433856e-12 	 -5.818181628972904e-13 	 8.838490246687864e-13 	 -5.852539878722635e-15 	 5.60689161852816e-15 	 
6.952951022310933 	 0.000768730044183198 	 0.0007678431253849943 	 1.3722866897233252e-9 	 8.297149411523249e-7 	 -2.0531487297232874e-17 	 -5.818484213847134e-16 	 -4.7756232788037525e-5 	 4.776645977803927e-5 	 -3.2292204565811637e-6 	 3.274812573158368e-6 	 -4.0050990804518884e-10 	 3.733334755414018e-10 	 -4.877922554675484e-10 	 5.057205999697507e-10 	 7.3224514071717e-10 	 -7.109306790481862e-10 	 3.815956656188646e-14 	 7.031781639913682e-14 	 -3.646842654840465e-13 	 3.746615407799467e-13 	 2.2952096914247883e-12 	 -2.321537178481367e-12 	 -6.229443570938661e-13 	 9.290877728160388e-13 	 -6.163975129875844e-15 	 5.9047373481094075e-15 	 
7.075486062207781 	 0.0007692626912893211 	 0.0007684634910414879 	 1.416676209777833e-9 	 8.353487928509881e-7 	 -2.163898154153444e-17 	 -6.129710991735915e-16 	 -4.7826566262694896e-5 	 4.783710604400555e-5 	 -3.2639748129588355e-6 	 3.2158560857208253e-6 	 -4.134628127796901e-10 	 3.8540992732589063e-10 	 -5.13811364062057e-10 	 5.328074900342058e-10 	 7.691913857787268e-10 	 -7.468156006946579e-10 	 4.010817710830668e-14 	 7.390820158599104e-14 	 -3.8278802391548983e-13 	 3.932195192641981e-13 	 2.4153189746176427e-12 	 -2.4431825270717937e-12 	 -6.666628562118296e-13 	 9.766610635225301e-13 	 -6.491830234867142e-15 	 6.218239020911568e-15 	 
7.20018059322636 	 0.0007699600573706103 	 0.0007691110885451033 	 1.4623626696170921e-9 	 8.409333072685778e-7 	 -2.2806283670378656e-17 	 -6.457552170174334e-16 	 -4.789465121356749e-5 	 4.790551228770149e-5 	 -3.2654338507830323e-6 	 3.2611308622128047e-6 	 -4.2679395988210695e-10 	 3.9783924922400084e-10 	 -5.412078262489851e-10 	 5.613321756865403e-10 	 8.0790627563205e-10 	 -7.844197623342126e-10 	 4.2154414014172753e-14 	 7.767844277899808e-14 	 -4.017283152846883e-13 	 4.126327915798441e-13 	 2.5415859671501093e-12 	 -2.5710777787373744e-12 	 -7.131255917699374e-13 	 1.026690237445911e-12 	 -6.836958708094159e-15 	 6.548206245799981e-15 	 
7.327072673067628 	 0.0007705716994179857 	 0.0007697153892744792 	 1.5093769251580402e-9 	 8.464667795947153e-7 	 -2.403668179756734e-17 	 -6.802885123205114e-16 	 -4.796050522647216e-5 	 4.7971695618534724e-5 	 -3.2718546379766655e-6 	 3.268981728523324e-6 	 -4.4051247550171547e-10 	 4.106298092871343e-10 	 -5.700538061696441e-10 	 5.913702988876803e-10 	 8.484655339041664e-10 	 -8.238169037942916e-10 	 4.430304416352511e-14 	 8.163731774195964e-14 	 -4.215392216741263e-13 	 4.3293643778750613e-13 	 2.6743158329997847e-12 	 -2.7055333608967204e-12 	 -7.624929204310885e-13 	 1.0793029567408666e-12 	 -7.200257187190199e-15 	 6.8954865359630305e-15 	 
7.456201030140828 	 0.0007712027981071348 	 0.0007703390620607567 	 1.5577501729598661e-9 	 8.519475812808366e-7 	 -2.5333554279630335e-17 	 -7.166633499791751e-16 	 -4.8024104650380524e-5 	 4.8035633040945425e-5 	 -3.2817846759215986e-6 	 3.2804689680636794e-6 	 -4.5462732119350304e-10 	 4.2379010432340963e-10 	 -6.004252376666133e-10 	 6.230006889386132e-10 	 8.909472283911407e-10 	 -8.650830953753298e-10 	 4.655906076551267e-14 	 8.579401605231486e-14 	 -4.42255321144138e-13 	 4.5416405861271e-13 	 2.813826370645359e-12 	 -2.8468742322255902e-12 	 -8.149340694896336e-13 	 1.134633558682868e-12 	 -7.582663535659158e-15 	 7.260969833615101e-15 	 
7.587605075383698 	 0.00077168715517904 	 0.0007708174022608673 	 1.6075139339233411e-9 	 8.57374157732825e-7 	 -2.6700509769684113e-17 	 -7.549771083745744e-16 	 -4.8085383261086216e-5 	 4.809725821441249e-5 	 -3.2933030935387057e-6 	 3.292179728207884e-6 	 -4.691477915975735e-10 	 4.373287193997313e-10 	 -6.3240094701489e-10 	 6.563058260859545e-10 	 9.354317748538205e-10 	 -9.08296682621694e-10 	 4.892768661579088e-14 	 9.015816452454593e-14 	 -4.639093020925741e-13 	 4.763493204895913e-13 	 2.9604494138895782e-12 	 -2.9954384389458018e-12 	 -8.706276294006007e-13 	 1.1928233606306137e-12 	 -7.9851618221901e-15 	 7.645595012941082e-15 	 
7.721324914290984 	 0.000772126646410646 	 0.0007712506574991501 	 1.6587000677831007e-9 	 8.627450260671475e-7 	 -2.8141370863910216e-17 	 -7.953324701164935e-16 	 -4.814423129071374e-5 	 4.8156461739673526e-5 	 -3.306312172263779e-6 	 3.305645519483796e-6 	 -4.840831270533777e-10 	 4.512542768873881e-10 	 -6.660641684178884e-10 	 6.913733733976686e-10 	 9.820019753891836e-10 	 -9.535383272171535e-10 	 5.14143940594191e-14 	 9.47398372014036e-14 	 -4.865359674841239e-13 	 4.995294647980562e-13 	 3.1145339364372336e-12 	 -3.1515805831318685e-12 	 -9.29761980177063e-13 	 1.2540210604666557e-12 	 -8.408787756088112e-15 	 8.05035016109897e-15 	 
7.857401359154923 	 0.0007725329968707059 	 0.0007716506038537627 	 1.7113407914331152e-9 	 8.680587775326936e-7 	 -2.966011163531315e-17 	 -8.378378457434885e-16 	 -4.820049538528896e-5 	 4.8213090666079917e-5 	 -3.3214244396137e-6 	 3.321428827966756e-6 	 -4.994426925327608e-10 	 4.6557560937671687e-10 	 -7.015031021311512e-10 	 7.282952266435722e-10 	 1.0307429129462402e-9 	 -1.0008909949711122e-9 	 5.402490876137164e-14 	 9.954958251582074e-14 	 -5.101736044181126e-13 	 5.237423739118292e-13 	 3.276444167922518e-12 	 -3.315673158201872e-12 	 -9.92535719622199e-13 	 1.318383127313463e-12 	 -8.854628737425074e-15 	 8.476274292001191e-15 	 
7.995875941521473 	 0.0007727669777853797 	 0.0007718782152435788 	 1.7654686932530468e-9 	 8.733140716486629e-7 	 -3.126096495568123e-17 	 -8.826077787559531e-16 	 -4.825398071837318e-5 	 4.826694961147077e-5 	 -3.3389762592419593e-6 	 3.3396651826942296e-6 	 -5.152360267620484e-10 	 4.803015463736066e-10 	 -7.388098717043299e-10 	 7.671676193298224e-10 	 1.0817418864791388e-9 	 -1.0504398309979907e-9 	 5.67652261155464e-14 	 1.0459843932507215e-13 	 -5.348602135879486e-13 	 5.49024923144289e-13 	 3.446559797982814e-12 	 -3.488104375734225e-12 	 -1.0591581669395452e-12 	 1.3860741884707029e-12 	 -9.323829320298612e-15 	 8.924463711563091e-15 	 
8.136790924866046 	 0.0007730184435575885 	 0.0007721232416163247 	 1.8211167576504994e-9 	 8.785096326318535e-7 	 -3.294839114907422e-17 	 -9.297631385436665e-16 	 -4.830445255901036e-5 	 4.831780370730193e-5 	 -3.359396809458931e-6 	 3.3608895919051325e-6 	 -5.314726975376989e-10 	 4.954410664551263e-10 	 -7.780813154564116e-10 	 8.080914943276434e-10 	 1.1350883471139414e-9 	 -1.1022721076734677e-9 	 5.964161817650764e-14 	 1.0989796395726805e-13 	 -5.606329940311166e-13 	 5.75412702938913e-13 	 3.6252767467536027e-12 	 -3.6692796450014345e-12 	 -1.129849979565059e-12 	 1.457267400577996e-12 	 -9.817595563363223e-15 	 9.39606687138679e-15 	 
8.280189317492631 	 0.0007731075921267644 	 0.0007722059083706758 	 1.8783184003973115e-9 	 8.836442609494742e-7 	 -3.472706081806289e-17 	 -9.794309618352171e-16 	 -4.8351639356913846e-5 	 4.836538309115981e-5 	 -3.3829849075893207e-6 	 3.3853728863774607e-6 	 -5.481624568260103e-10 	 5.110032614599316e-10 	 -8.194184305121363e-10 	 8.511719097989368e-10 	 1.190873767196864e-9 	 -1.1564771068896843e-9 	 6.266065365790118e-14 	 1.1546024482271086e-13 	 -5.875268411852549e-13 	 6.029388730371715e-13 	 3.813006262582895e-12 	 -3.859620750354403e-12 	 -1.2048438709142051e-12 	 1.532144891049037e-12 	 -1.0337192424217529e-14 	 9.892282097722617e-15 	 
8.426114885660258 	 0.0007730532451269781 	 0.0007721450724472382 	 1.9371074944976473e-9 	 8.887168046515684e-7 	 -3.6601970867870264e-17 	 -1.0317444416579449e-15 	 -4.8395239436563295e-5 	 4.84093848966517e-5 	 -3.4100086660253282e-6 	 3.4133501736912917e-6 	 -5.653151897524269e-10 	 5.269973353500377e-10 	 -8.629269828507159e-10 	 8.965202840006717e-10 	 1.249191648782881e-9 	 -1.213146035115831e-9 	 6.5829200253354e-14 	 1.2129793724014323e-13 	 -6.155759960696137e-13 	 6.316402725553056e-13 	 4.010179977350865e-12 	 -4.059567290486221e-12 	 -1.2843855108658907e-12 	 1.6108981150016941e-12 	 -1.0883944133069437e-14 	 1.0414369235840408e-14 	 
8.574612166940781 	 0.0007728800119732837 	 0.0007719653419867696 	 1.997518418366939e-9 	 8.937261765677904e-7 	 -3.857827811398619e-17 	 -1.0868434933637833e-15 	 -4.8434925046094714e-5 	 4.844948232395132e-5 	 -3.4407523230768756e-6 	 3.445107060806319e-6 	 -5.829408749481836e-10 	 5.434326739793867e-10 	 -9.087190465773203e-10 	 9.442534762100724e-10 	 1.3101373306465844e-9 	 -1.2723719741846109e-9 	 6.915444936008654e-14 	 1.274242760632153e-13 	 -6.448183228710345e-13 	 6.615548479655805e-13 	 4.217248461398384e-12 	 -4.269580389984664e-12 	 -1.3687341107760273e-12 	 1.6937284881295249e-12 	 -1.1459242331844805e-14 	 1.0963651083339555e-14 	 
8.725726483812073 	 0.0007725494332079761 	 0.0007716282919217354 	 2.0595860886322768e-9 	 8.986713365010313e-7 	 -4.066150776551087e-17 	 -1.1448756342863974e-15 	 -4.847035077392863e-5 	 4.8485329868301234e-5 	 -3.4754328664517386e-6 	 3.4808272367764966e-6 	 -6.010497084183783e-10 	 5.603187647768078e-10 	 -9.569114858731576e-10 	 9.94493788918049e-10 	 1.3738078038843576e-9 	 -1.3342496529597295e-9 	 7.264391854871456e-14 	 1.3385311332254389e-13 	 -6.752906183670669e-13 	 6.927195381084677e-13 	 4.434681285132546e-12 	 -4.490140136110314e-12 	 -1.4581630480328295e-12 	 1.7808478771554398e-12 	 -1.206454909308642e-14 	 1.1541516458271602e-14 	 
8.879503957490801 	 0.000772132613681815 	 0.0007712050020858846 	 2.123345999190232e-9 	 9.035512821896737e-7 	 -4.2857516956264776e-17 	 -1.2059962666249442e-15 	 -4.850116134165284e-5 	 4.8516572286881446e-5 	 -3.5141961555673523e-6 	 3.520682502378679e-6 	 -6.196520082816931e-10 	 5.776652492752094e-10 	 -1.0076271819348075e-9 	 1.0473694328741257e-9 	 1.4403015301552714e-9 	 -1.3988753040700173e-9 	 7.630547735115547e-14 	 1.4059893347181792e-13 	 -7.070296195763265e-13 	 7.251707845277907e-13 	 4.662967921933798e-12 	 -4.721747999451212e-12 	 -1.552960389532734e-12 	 1.872479187190555e-12 	 -1.2701402569630613e-14 	 1.2149423505794611e-14 	 
9.035991522008938 	 0.0007715497433073688 	 0.0007706156747788211 	 2.188834270060099e-9 	 9.083650584375518e-7 	 -4.517235717523863e-17 	 -1.2703687885124225e-15 	 -4.852700027301314e-5 	 4.854285337823965e-5 	 -3.5572085434163647e-6 	 3.564827460656252e-6 	 -6.387583292148905e-10 	 5.95481957642807e-10 	 -1.060994355180271e-9 	 1.1030144016798335e-9 	 1.5097181856956239e-9 	 -1.466346405045717e-9 	 8.014735285554093e-14 	 1.4767688986250207e-13 	 -7.400705974185284e-13 	 7.589433773685195e-13 	 4.902617069941776e-12 	 -4.9649256005169045e-12 	 -1.6534294398680566e-12 	 1.9688570309951547e-12 	 -1.3371412521547351e-14 	 1.2788895988348638e-14 	 
9.195236938538413 	 0.0007707962917425689 	 0.000769855807376937 	 2.256087676416398e-9 	 9.131117317698586e-7 	 -4.761251008602721e-17 	 -1.3381652903258998e-15 	 -4.854751994663867e-5 	 4.85638258686072e-5 	 -3.604598646600232e-6 	 3.6133635511701084e-6 	 -6.583793072801288e-10 	 6.137789206300568e-10 	 -1.1171480851630628e-9 	 1.161569946581919e-9 	 1.5821584680120735e-9 	 -1.536761478957883e-9 	 8.4178150077873e-14 	 1.5510282986278425e-13 	 -7.744501578619538e-13 	 7.94072901635397e-13 	 5.154159467644203e-12 	 -5.220217456776818e-12 	 -1.7598897752394764e-12 	 2.0702280786600212e-12 	 -1.4076263240147803e-14 	 1.3461533678010654e-14 	 
9.357288809968146 	 0.0007698956924084127 	 0.0007689488219550742 	 2.3251436766558307e-9 	 9.177903954843191e-7 	 -5.01847930744985e-17 	 -1.4095673174254886e-15 	 -4.856239152396287e-5 	 4.857916086678303e-5 	 -3.656440341338822e-6 	 3.666376911102872e-6 	 -6.785259384573904e-10 	 6.325662961914891e-10 	 -1.176229589031311e-9 	 1.223183133663668e-9 	 1.6577237401509975e-9 	 -1.610219760211379e-9 	 8.84068707721614e-14 	 1.628933211838909e-13 	 -8.102026687352059e-13 	 8.305916065421939e-13 	 5.418146095633564e-12 	 -5.488189423285379e-12 	 -1.8726780709539395e-12 	 2.1768518107165935e-12 	 -1.4817726959452883e-14 	 1.4169014006815549e-14 	 
9.522196595738032 	 0.0007688642387221448 	 0.0007679110321066898 	 2.396040449801456e-9 	 9.224001540316229e-7 	 -5.28963715729078e-17 	 -1.4847665936614077e-15 	 -4.857131468987623e-5 	 4.858855890194608e-5 	 -3.712799179173251e-6 	 3.723912920544845e-6 	 -6.992092633518348e-10 	 6.518545059460754e-10 	 -1.2383863438925057e-9 	 1.2880083301233233e-9 	 1.7365157573176845e-9 	 -1.686820885775782e-9 	 9.284292227244958e-14 	 1.7106569173520947e-13 	 -8.473590053013e-13 	 8.685307518628205e-13 	 5.695151172748019e-12 	 -5.769429709073068e-12 	 -1.9921490460953145e-12 	 2.2890011060575792e-12 	 -1.5597660198089994e-14 	 1.491309239114414e-14 	 
9.690010626934324 	 0.000767667272573991 	 0.0007667077860603974 	 2.4688168857994244e-9 	 9.269401212680612e-7 	 -5.575482070708529e-17 	 -1.5639656767240696e-15 	 -4.857402784399575e-5 	 4.859175795360402e-5 	 -3.7736925988638898e-6 	 3.7859839393045906e-6 	 -7.204406651528593e-10 	 6.716540977666031e-10 	 -1.303772663771969e-9 	 1.3562066586022364e-9 	 1.8186362458775488e-9 	 -1.7666645529340905e-9 	 9.749614289089517e-14 	 1.7963805334283698e-13 	 -8.859484208886909e-13 	 9.079195722729192e-13 	 5.9857709130698325e-12 	 -6.0645505044446066e-12 	 -2.1186761698200353e-12 	 2.406963027805644e-12 	 -1.641800900782341e-14 	 1.5695611792700537e-14 	 
9.860782121651058 	 0.000766340851650746 	 0.0007653751541357887 	 2.543512601667971e-9 	 9.314094080591943e-7 	 -5.87681428481703e-17 	 -1.6473785209473299e-15 	 -4.857031654189376e-5 	 4.858854379444827e-5 	 -3.8391074943921226e-6 	 3.852564852165827e-6 	 -7.422316461057635e-10 	 6.91975870416319e-10 	 -1.372550570298881e-9 	 1.4279477839453054e-9 	 1.904186515797126e-9 	 -1.8498501347571001e-9 	 1.0237681458953546e-13 	 1.8862934141157182e-13 	 -9.260008165422503e-13 	 9.487883328339354e-13 	 6.290626538036337e-12 	 -6.374189644393808e-12 	 -2.252652467559361e-12 	 2.531039538306237e-12 	 -1.7280815754426033e-14 	 1.6518496472819407e-14 	 
10.03456320062219 	 0.0007648746826244908 	 0.0007639028564422124 	 2.6201679179859115e-9 	 9.358071225228147e-7 	 -6.194473656633877e-17 	 -1.735230779643797e-15 	 -4.8560020744712354e-5 	 4.85787570500868e-5 	 -3.908987968752862e-6 	 3.923586504234019e-6 	 -7.645939579938267e-10 	 7.128307918915626e-10 	 -1.4448896859391086e-9 	 1.503408175094494e-9 	 1.993266870576176e-9 	 -1.936476188753538e-9 	 1.0749568831813245e-13 	 1.9805934260145216e-13 	 -9.675450040863346e-13 	 9.911615817250271e-13 	 6.610360734207967e-12 	 -6.699010172194289e-12 	 -2.3944914642458086e-12 	 2.6615482453399697e-12 	 -1.818821901926299e-14 	 1.738375817737545e-14 	 
10.211406903129243 	 0.0007633025484025534 	 0.0007623246835112176 	 2.6988238234206165e-9 	 9.401323588026424e-7 	 -6.529345521444215e-17 	 -1.8277602709020403e-15 	 -4.854304196982314e-5 	 4.856229915891834e-5 	 -3.9832339000033974e-6 	 3.998942084584592e-6 	 -7.875394989716273e-10 	 7.342300224106974e-10 	 -1.5209668377239137e-9 	 1.5827724519640205e-9 	 2.085976121309982e-9 	 -2.0266398874086517e-9 	 1.1286399471761436e-13 	 2.0794874017930984e-13 	 -1.0106046809097123e-12 	 1.0350597954031692e-12 	 6.945640500577524e-12 	 -7.039699475282563e-12 	 -2.5446283821595226e-12 	 2.7988230892897763e-12 	 -1.9142461456170563e-14 	 1.829350225077389e-14 	 
10.391367203189287 	 0.0007616325026882365 	 0.0007606487088641077 	 2.779521920866097e-9 	 9.443841872535937e-7 	 -6.882374605261466e-17 	 -1.9252172015355117e-15 	 -4.8519345912912186e-5 	 4.853913605843539e-5 	 -4.061704467586136e-6 	 4.078471592071219e-6 	 -8.110804052736663e-10 	 7.561848613853621e-10 	 -1.6009665254161513e-9 	 1.666233432517663e-9 	 2.182410937765914e-9 	 -2.120436456866718e-9 	 1.1849347282128318e-13 	 2.1831914329922656e-13 	 -1.0551996720117394e-12 	 1.0804990984588213e-12 	 7.29715669922904e-12 	 -7.396970552506476e-12 	 -2.703521329802558e-12 	 2.9432151143829632e-12 	 -2.0145887333264103e-14 	 1.9249926674891703e-14 	 
10.574499026028219 	 0.0007598505306422217 	 0.0007588609290146215 	 2.862304361012662e-9 	 9.48561663659768e-7 	 -7.254547302771177e-17 	 -2.0278636350939493e-15 	 -4.84889644627184e-5 	 4.850929985004173e-5 	 -4.144199587018105e-6 	 4.1619642700198726e-6 	 -8.3522895929617e-10 	 7.787067847810868e-10 	 -1.6850824656636655e-9 	 1.7539930791278962e-9 	 2.2826651778281554e-9 	 -2.2179585535150867e-9 	 1.2439638476390415e-13 	 2.2919313166178034e-13 	 -1.1013483709780887e-12 	 1.1274932203989726e-12 	 7.665625853461757e-12 	 -7.771564344393888e-12 	 -2.8716522616523223e-12 	 3.095093487891538e-12 	 -2.1200948612741095e-14 	 2.0255339004316246e-14 	 
10.760858264844325 	 0.000757999393735375 	 0.0007570041275991463 	 2.947213750804782e-9 	 9.526638138383564e-7 	 -7.646903684964812e-17 	 -2.135974151246578e-15 	 -4.845199406235174e-5 	 4.84728872427691e-5 	 -4.2304726535297e-6 	 4.249152005182483e-6 	 -8.599975316719842e-10 	 8.018073939322908e-10 	 -1.7735164041530156e-9 	 1.8462616849299851e-9 	 2.38682906319145e-9 	 -2.319295451585606e-9 	 1.3058554570796012e-13 	 2.40594288251797e-13 	 -1.1490626958774688e-12 	 1.1760482598539302e-12 	 8.051788398640153e-12 	 -8.164246780316872e-12 	 -3.0495282703130925e-12 	 3.254846351052148e-12 	 -2.2310212588741855e-14 	 2.131215856333346e-14 	 
10.950501797867338 	 0.0007560812583510105 	 0.0007550804900647765 	 3.0342930443014767e-9 	 9.566896349879792e-7 	 -8.060546160952038e-17 	 -2.2498375949183773e-15 	 -4.840859182183639e-5 	 4.843005534642066e-5 	 -4.320204882626339e-6 	 4.339697900772245e-6 	 -8.853986342243912e-10 	 8.254983622993947e-10 	 -1.8664783444749925e-9 	 1.9432580972803463e-9 	 2.4949883526052514e-9 	 -2.4245322159310354e-9 	 1.370743358499201e-13 	 2.5254725192487306e-13 	 -1.1983455860577534e-12 	 1.2261630827311871e-12 	 8.456409451629005e-12 	 -8.575809258852734e-12 	 -3.2376830679642967e-12 	 3.422881676274377e-12 	 -2.3476368494657334e-14 	 2.242291956600102e-14 	 
11.14348750571807 	 0.0007541085753616344 	 0.0007531024840847102 	 3.1235854274987192e-9 	 9.60638096966208e-7 	 -8.49663226443198e-17 	 -2.369758586531906e-15 	 -4.83589669513376e-5 	 4.838101395883391e-5 	 -4.413017251568614e-6 	 4.433206522450356e-6 	 -9.114448216227215e-10 	 8.497914617316342e-10 	 -1.9641872136356646e-9 	 2.04521186855248e-9 	 2.6072235131182415e-9 	 -2.5337488468648386e-9 	 1.4387673165586578e-13 	 2.650777528876324e-13 	 -1.2491947133562993e-12 	 1.2778355923933968e-12 	 8.880283203072518e-12 	 -9.007070902454654e-12 	 -3.4366782173950683e-12 	 3.5996283257149473e-12 	 -2.4702226911619443e-14 	 2.359027060158207e-14 	 
11.33987428907403 	 0.0007520995135165549 	 0.0007510883016050564 	 3.215134180742975e-9 	 9.645081391903243e-7 	 -8.956392183287423e-17 	 -2.496058574463198e-15 	 -4.830337212672505e-5 	 4.832601518220759e-5 	 -4.508448199914041e-6 	 4.529194694883421e-6 	 -9.381487098850682e-10 	 8.746984339828586e-10 	 -2.066872395510928e-9 	 2.1523624113167346e-9 	 2.7236086171119096e-9 	 -2.6470193738064165e-9 	 1.5100733063835639e-13 	 2.78212657896825e-13 	 -1.301607163828799e-12 	 1.3310578049817982e-12 	 9.324229917619337e-12 	 -9.458881874723575e-12 	 -3.647104182920318e-12 	 3.78553721986657e-12 	 -2.5990713832562404e-14 	 2.4816987547503088e-14 	 
11.539722086646336 	 0.0007500598119047502 	 0.0007490437197850972 	 3.308982561102801e-9 	 9.682986742611851e-7 	 -9.441112029905475e-17 	 -2.629076894174674e-15 	 -4.824208809145418e-5 	 4.8265340646292417e-5 	 -4.605971142234176e-6 	 4.627097912745478e-6 	 -9.65522845936406e-10 	 9.00231079605882e-10 	 -2.174773016933472e-9 	 2.264957658620254e-9 	 2.8442101056627843e-9 	 -2.7644107037957806e-9 	 1.5848137201762682e-13 	 2.919800212954382e-13 	 -1.3555729754327414e-12 	 1.3858059814195894e-12 	 9.789091376793498e-12 	 -9.932120821170374e-12 	 -3.869581336112642e-12 	 3.981082558867586e-12 	 -2.7344891818801654e-14 	 2.6105981289145182e-14 	 
11.743091893473444 	 0.0007479895337647386 	 0.0007469688130574151 	 3.405173657709604e-9 	 9.720085898433e-7 	 -9.95215829926686e-17 	 -2.76917220550491e-15 	 -4.817541042258025e-5 	 4.819928547555084e-5 	 -4.704953870773467e-6 	 4.726274287482496e-6 	 -9.93579783467355e-10 	 9.264011095233785e-10 	 -2.2881366243244772e-9 	 2.3832555560056755e-9 	 2.9690856510973882e-9 	 -2.8859813370799414e-9 	 1.663147679041353e-13 	 3.0640912911626954e-13 	 -1.4110670994600456e-12 	 1.4420455523612793e-12 	 1.0275734344167343e-11 	 -1.0427690391706221e-11 	 -4.104761507835134e-12 	 4.186762848542581e-12 	 -2.8767965878864274e-14 	 2.7460300144098798e-14 	 
11.950045779537328 	 0.00074589752178076 	 0.0007448724576999634 	 3.5037502800465165e-9 	 9.756367535303447e-7 	 -1.0490965174014425e-16 	 -2.916723866925294e-15 	 -4.8103631111131925e-5 	 4.812814201863134e-5 	 -4.8046770617010956e-6 	 4.825971624003476e-6 	 -1.0223319626277586e-9 	 9.532201743230362e-10 	 -2.4072207688657673e-9 	 2.50752532193146e-9 	 3.0982829261898454e-9 	 -3.0117801501154874e-9 	 1.7452412618481817e-13 	 3.215305533473412e-13 	 -1.4680538053555818e-12 	 1.4997377026895496e-12 	 1.0785054383148944e-11 	 -1.0946519951970767e-11 	 -4.353329750224279e-12 	 4.403102020203789e-12 	 -3.026329576657247e-14 	 2.8883130057142734e-14 	 
12.160646908707667 	 0.0007437774994642082 	 0.0007427484177485102 	 3.6047548544776865e-9 	 9.791820143977504e-7 	 -1.1059051412157704e-16 	 -3.0721325961702933e-15 	 -4.8027021873543666e-5 	 4.8052181992323196e-5 	 -4.90432641073192e-6 	 4.925336193706042e-6 	 -1.0517917201149166e-9 	 9.80699813951431e-10 	 -2.5322940084229632e-9 	 2.6380463436330726e-9 	 3.2318380956780807e-9 	 -3.1418450881660187e-9 	 1.8312678133273253e-13 	 3.3737620212078865e-13 	 -1.5264899586272642e-12 	 1.5588326489651664e-12 	 1.1317972821256667e-11 	 -1.148956837436022e-11 	 -4.616005896349645e-12 	 4.6306507203134995e-12 	 -3.1834393121610973e-14 	 3.0377795219020804e-14 	 
12.374959558019944 	 0.000741630382091421 	 0.0007405976272883323 	 3.708229348512147e-9 	 9.826432114379699e-7 	 -1.1658014752971527e-16 	 -3.2358213756636627e-15 	 -4.794581604789043e-5 	 4.797163889127948e-5 	 -5.002982931427419e-6 	 5.023431155726758e-6 	 -1.0819712435149385e-9 	 1.0088514475897085e-9 	 -2.6636343213347875e-9 	 2.7751078937046337e-9 	 3.369774193048364e-9 	 -3.2762015906096215e-9 	 1.9214082685390459e-13 	 3.5397937016604477e-13 	 -1.5863179361368313e-12 	 1.6192662568381623e-12 	 1.187543503696894e-11 	 -1.2057820908859916e-11 	 -4.893545812049501e-12 	 4.869987803587597e-12 	 -3.348493509831604e-14 	 3.194777013727678e-14 	 
12.59304913729327 	 0.0007394385123329998 	 0.0007384024474668301 	 3.814215226591576e-9 	 9.860191736931018e-7 	 -1.2289547606276868e-16 	 -3.408236052510804e-15 	 -4.786019353971854e-5 	 4.788669248234475e-5 	 -5.099597817478731e-6 	 5.1191904862924445e-6 	 -1.1128826003979332e-9 	 1.0376863590070589e-9 	 -2.8015296467022148e-9 	 2.919010750437944e-9 	 3.5120995501764212e-9 	 -3.414861010188282e-9 	 2.015851373812804e-13 	 3.713748039272728e-13 	 -1.6474674690205212e-12 	 1.6809660197628111e-12 	 1.2458413764789762e-11 	 -1.265228968544819e-11 	 -5.186743066453126e-12 	 5.1217216373909364e-12 	 -3.521878001895578e-14 	 3.359665875270671e-14 	 
12.814982209093962 	 0.0007371957391249361 	 0.0007361568263904463 	 3.922753441959784e-9 	 9.893087359077585e-7 	 -1.2955425768950017e-16 	 -3.589844572285854e-15 	 -4.777026674785341e-5 	 4.7797455336025744e-5 	 -5.1930940292033655e-6 	 5.211438920374696e-6 	 -1.144537672827093e-9 	 1.067215684913259e-9 	 -2.946279323430833e-9 	 3.070066506124659e-9 	 3.6588059696951713e-9 	 -3.5578189492900703e-9 	 2.1147941019006799e-13 	 3.8959874870057616e-13 	 -1.709860834337252e-12 	 1.7438449033415501e-12 	 1.306790600843526e-11 	 -1.3274016654552185e-11 	 -5.4964307039771925e-12 	 5.386491500490303e-12 	 -3.703995115078793e-14 	 3.532820523876946e-14 	 
13.040826509050902 	 0.0007348801871264087 	 0.0007338388201942521 	 4.0338844756763805e-9 	 9.925107305505553e-7 	 -1.365753446299225e-16 	 -3.781135778808672e-15 	 -4.767607171976138e-5 	 4.770396365362188e-5 	 -5.28221027287506e-6 	 5.298984656142686e-6 	 -1.1769482308715631e-9 	 1.0974504400397535e-9 	 -3.098192690811705e-9 	 3.228595584819856e-9 	 3.809866688484059e-9 	 -3.7050533280177013e-9 	 2.2184419120359316e-13 	 4.086890175180457e-13 	 -1.773403412943938e-12 	 1.8077898959940835e-12 	 1.3704926615844316e-11 	 -1.3924069917670267e-11 	 -5.823482946501937e-12 	 5.66496911626131e-12 	 -3.895264818183496e-14 	 3.714630779882113e-14 	 
13.270650966529 	 0.0007324849237850252 	 0.0007314415043014026 	 4.1476484084199e-9 	 9.95624004093534e-7 	 -1.4397849908304475e-16 	 -3.982620593717472e-15 	 -4.757756328676771e-5 	 4.760617229652011e-5 	 -5.365705059683916e-6 	 5.380579306719969e-6 	 -1.2101258915894726e-9 	 1.128401535910647e-9 	 -3.257587987458401e-9 	 3.394928482427818e-9 	 3.965234471374599e-9 	 -3.856522338404741e-9 	 2.327009103472519e-13 	 4.2868505070569157e-13 	 -1.837976921650742e-12 	 1.872668339350888e-12 	 1.437051098935729e-11 	 -1.4603539232521243e-11 	 -6.168816812004181e-12 	 5.9578604117719115e-12 	 -4.096124772967731e-14 	 3.905503861792751e-14 	 
13.504525725666925 	 0.000729986708285782 	 0.0007289418207627681 	 4.264085031198001e-9 	 9.98647415065124e-7 	 -1.5178465971039826e-16 	 -4.1948351606597664e-15 	 -4.747461628210806e-5 	 4.750395610725015e-5 	 -5.442402409523929e-6 	 5.454865112051058e-6 	 -1.244082214016337e-9 	 1.160079797247557e-9 	 -3.4247933592324593e-9 	 3.569406926454824e-9 	 4.12483963203912e-9 	 -4.012162460703673e-9 	 2.4407191898671687e-13 	 4.4962797892088277e-13 	 -1.9034446929993036e-12 	 1.9383350767557458e-12 	 1.5065719403791318e-11 	 -1.5313537310532588e-11 	 -6.5333943990310124e-12 	 6.265906903245142e-12 	 -4.307031243648602e-14 	 4.105863290992175e-14 	 
13.742522166785617 	 0.0007273657002165698 	 0.0007263192846564393 	 4.383233985301115e-9 	 1.0015798407459777e-6 	 -1.6001594057435937e-16 	 -4.418343616951286e-15 	 -4.736703225325545e-5 	 4.739711690537828e-5 	 -5.5107509664363355e-6 	 5.520936032781034e-6 	 -1.2788287118302166e-9 	 1.1924960027326684e-9 	 -3.600146802548361e-9 	 3.7523812497732344e-9 	 4.288587653584865e-9 	 -4.171886357392357e-9 	 2.5598052085450266e-13 	 4.715606942491937e-13 	 -1.969653205264703e-12 	 2.004619883554408e-12 	 1.5791629823714142e-11 	 -1.6055202079785267e-11 	 -6.918224533413533e-12 	 6.589887585086889e-12 	 -4.528457947947918e-14 	 4.316152458919713e-14 	 
13.984712928174115 	 0.0007246150714864232 	 0.0007235677112306806 	 4.505134925768296e-9 	 1.004420179645505e-6 	 -1.6869559703401088e-16 	 -4.653739923904917e-15 	 -4.725455314441277e-5 	 4.7285396592016266e-5 	 -5.570227137033459e-6 	 5.577626238310717e-6 	 -1.3143768944112109e-9 	 1.225660943002527e-9 	 -3.78399459762488e-9 	 3.944209870351485e-9 	 4.456356794335991e-9 	 -4.335580538646604e-9 	 2.684510170212862e-13 	 4.945279112082809e-13 	 -2.0364255350421155e-12 	 2.0713246348929734e-12 	 1.6549334561085008e-11 	 -1.6829692823558364e-11 	 -7.324364336142651e-12 	 6.9306208789814104e-12 	 -4.7608991820542825e-14 	 4.5368328357607156e-14 	 
14.231171928259263 	 0.0007217136314569953 	 0.0007206732780624512 	 4.629827678570979e-9 	 1.007167352353726e-6 	 -1.7784815871970232e-16 	 -4.9016496384173584e-15 	 -4.713687972408873e-5 	 4.7168496341760504e-5 	 -5.649572795462111e-6 	 5.6463100182730565e-6 	 -1.3507382817928207e-9 	 1.2595854596146153e-9 	 -3.976691275962635e-9 	 4.145260193440701e-9 	 4.627995768108764e-9 	 -4.503102943867991e-9 	 2.8150873584039863e-13 	 5.185762463327914e-13 	 -2.103561144715893e-12 	 2.1382293450278584e-12 	 1.7339943342424382e-11 	 -1.7638187297637644e-11 	 -7.752921713680429e-12 	 7.288966323075574e-12 	 -5.0048716923926984e-14 	 4.768383275703545e-14 	 
14.481974388166215 	 0.0007186841986829472 	 0.0007176280635378483 	 4.75735238127061e-9 	 1.0098203030955592e-6 	 -1.8749961206491132e-16 	 -5.162731072039339e-15 	 -4.701369537655517e-5 	 4.704609941859546e-5 	 -5.659026713171342e-6 	 5.667967448585768e-6 	 -1.387924539898184e-9 	 1.2942804699326433e-9 	 -4.178598829081585e-9 	 4.3559056540415275e-9 	 4.803321080990465e-9 	 -4.67428046797736e-9 	 2.951800817137722e-13 	 5.437542824364316e-13 	 -2.1708328525365287e-12 	 2.2050797391560144e-12 	 1.816457638053744e-11 	 -1.8481880349947957e-11 	 -8.205057724645714e-12 	 7.665826223299118e-12 	 -5.260912933876093e-14 	 5.0113008430006876e-14 	 
14.73719685467645 	 0.0007154877832975423 	 0.0007144325252336631 	 4.88774959999117e-9 	 1.0123780008572141e-6 	 -1.9767728316795995e-16 	 -5.437677806330331e-15 	 -4.688469203089533e-5 	 4.6917898189465923e-5 	 -5.703589812582652e-6 	 5.708152561617082e-6 	 -1.425947433399208e-9 	 1.3297570051697318e-9 	 -4.390084376967065e-9 	 4.576525046909001e-9 	 4.9821143949430715e-9 	 -4.848906308175038e-9 	 3.0949256612806904e-13 	 5.701126533315983e-13 	 -2.2379783532935686e-12 	 2.271588531192388e-12 	 1.9024362873153825e-11 	 -1.9361979060045067e-11 	 -8.681988676967788e-12 	 8.062148159837405e-12 	 -5.529580094120227e-14 	 5.266104865523708e-14 	 
14.996917223590433 	 0.000712151156721971 	 0.0007110917303957745 	 5.021060377427333e-9 	 1.014839438373558e-6 	 -2.084100567659712e-16 	 -5.727221531349521e-15 	 -4.6749597811296325e-5 	 4.678362081044104e-5 	 -5.746836747434145e-6 	 5.752145121474002e-6 	 -1.4648188561807318e-9 	 1.366026228054594e-9 	 -4.611520112518698e-9 	 4.80750348112854e-9 	 5.164119976059631e-9 	 -5.026737339689389e-9 	 3.2447486191274166e-13 	 5.977041102117645e-13 	 -2.3047049186232785e-12 	 2.337445096323203e-12 	 1.992044500939594e-11 	 -2.027970200332753e-11 	 -9.18498818463209e-12 	 8.478926966678897e-12 	 -5.811453237074149e-14 	 5.533334465861399e-14 	 
15.261214763501995 	 0.0007086856573616541 	 0.000707621283901664 	 5.157326216073022e-9 	 1.0172036317730954e-6 	 -2.197285035657295e-16 	 -6.032133037362697e-15 	 -4.6608202403979887e-5 	 4.664305726043232e-5 	 -5.79308112808652e-6 	 5.7999929209448e-6 	 -1.5045508288314563e-9 	 1.4030994487988151e-9 	 -4.843282776102762e-9 	 5.049227985507578e-9 	 5.3490416849222995e-9 	 -5.207491484144133e-9 	 3.401568330023343e-13 	 6.265836147779683e-13 	 -2.3706924896599436e-12 	 2.402296697037794e-12 	 2.085396651536378e-11 	 -2.1236280944121792e-11 	 -9.715389315705687e-12 	 8.917206995108482e-12 	 -6.107136450347532e-14 	 5.813549884770536e-14 	 
15.530170139991698 	 0.0007051017936723685 	 0.000704032398873754 	 5.296588977399794e-9 	 1.0194696222883667e-6 	 -2.316660495315507e-16 	 -6.353221527341678e-15 	 -4.646037871618921e-5 	 4.649608053626228e-5 	 -5.843689473051925e-6 	 5.8523586464201734e-6 	 -1.5451554932255478e-9 	 1.4409880339340622e-9 	 -5.085750075071025e-9 	 5.302085685638594e-9 	 5.536540057616404e-9 	 -5.3908447736688925e-9 	 3.565695928546746e-13 	 6.568084088771636e-13 	 -2.4355802080703922e-12 	 2.4657453350191414e-12 	 2.182606759808343e-11 	 -2.2232952510107952e-11 	 -1.0274586666720728e-11 	 9.378084692887087e-12 	 -6.417258283242184e-14 	 6.107330958804865e-14 	 
15.803865440246554 	 0.0007014211069786005 	 0.0007003466061623812 	 5.4388906900862964e-9 	 1.0216364755244025e-6 	 -2.442595221085284e-16 	 -6.691335676016103e-15 	 -4.6306097537472396e-5 	 4.634266160575328e-5 	 -5.899082076833252e-6 	 5.909673787887112e-6 	 -1.5866450287089647e-9 	 1.4797034260855278e-9 	 -5.33929938202312e-9 	 5.566464425123362e-9 	 5.726229708046875e-9 	 -5.5764284604271285e-9 	 3.7374554205701327e-13 	 6.884381080636562e-13 	 -2.4989657444856495e-12 	 2.5273616394564215e-12 	 2.283789109853503e-11 	 -2.3270952805267245e-11 	 -1.0864039052173692e-11 	 9.862710698484558e-12 	 -6.742474284293768e-14 	 6.415276300346059e-14 	 
16.08238419811368 	 0.0006976643158813356 	 0.000696584697533467 	 5.584273276964299e-9 	 1.0237032751936006e-6 	 -2.575490890876107e-16 	 -7.047364319904724e-15 	 -4.6145433380797265e-5 	 4.618287512303781e-5 	 -5.959637502523593e-6 	 5.972244487699918e-6 	 -1.6290315810979087e-9 	 1.5192570231435392e-9 	 -5.604306150032808e-9 	 5.842747784601686e-9 	 5.917676368068533e-9 	 -5.76382629998063e-9 	 3.917184185720868e-13 	 7.215347869349961e-13 	 -2.560406250363226e-12 	 2.5866721008619944e-12 	 2.3890573637883453e-11 	 -2.4351517129783338e-11 	 -1.1485272096627063e-11 	 1.0372292251743145e-11 	 -7.083465315542576e-14 	 6.738007008343624e-14 	 
16.365811419595428 	 0.0006938551167689124 	 0.0006927704535391486 	 5.7327782180705e-9 	 1.0256691394569914e-6 	 -2.715772315320071e-16 	 -7.422237484795983e-15 	 -4.5978560165479465e-5 	 4.601689500046111e-5 	 -6.0254943243403e-6 	 6.040126015564074e-6 	 -1.672327145251963e-9 	 1.559660118473843e-9 	 -5.8811399756602765e-9 	 6.131313644382715e-9 	 6.1103942910339906e-9 	 -5.9525717324776465e-9 	 4.1052334741682134e-13 	 7.561630691708322e-13 	 -2.6194114964197245e-12 	 2.643162698624247e-12 	 2.4985244082358147e-11 	 -2.5475873863218152e-11 	 -1.213987999858484e-11 	 1.090809634097648e-11 	 -7.440938068257839e-14 	 7.076168302841641e-14 	 
16.65423360879386 	 0.0006900077510972365 	 0.0006889181501404817 	 5.8844461617713284e-9 	 1.0275332124846524e-6 	 -2.863884383716024e-16 	 -7.816931171322919e-15 	 -4.5805735846101126e-5 	 4.5844979204611937e-5 	 -6.0966468497097105e-6 	 6.113278992128261e-6 	 -1.716543496810656e-9 	 1.6009237642552248e-9 	 -6.170163662638016e-9 	 6.4325311698863615e-9 	 6.303843703805995e-9 	 -6.142145447360447e-9 	 4.301968920761559e-13 	 7.923902210030067e-13 	 -2.6754550746775017e-12 	 2.696274699515667e-12 	 2.6123017926066348e-11 	 -2.6645245691741515e-11 	 -1.2829527987117478e-11 	 1.147145218803183e-11 	 -7.815626172552236e-14 	 7.430430163921834e-14 	 
16.947738794312446 	 0.0006861386959359071 	 0.0006850443153415324 	 6.039316542207178e-9 	 1.0292946753704254e-6 	 -3.020291761049236e-16 	 -8.232471813925134e-15 	 -4.562727732500887e-5 	 4.566744456125705e-5 	 -6.1729482011420615e-6 	 6.191506482610447e-6 	 -1.7616920388039303e-9 	 1.643058687548431e-9 	 -6.471728634043155e-9 	 6.746753614653521e-9 	 6.497428264576316e-9 	 -6.331972967774808e-9 	 4.507771074361488e-13 	 8.302862474748723e-13 	 -2.7279632210336006e-12 	 2.7453831139953737e-12 	 2.7304981887123718e-11 	 -2.7860842833680216e-11 	 -1.3555954555206902e-11 	 1.2063754174877585e-11 	 -8.208287423097085e-14 	 7.801487981248297e-14 	 
17.246416556123023 	 0.0006822538826559554 	 0.0006811549432655153 	 6.197427229231839e-9 	 1.03095275162102e-6 	 -3.1854805826631376e-16 	 -8.669938185351733e-15 	 -4.5443527119864324e-5 	 4.548463349214856e-5 	 -6.254140470954142e-6 	 6.274488682105518e-6 	 -1.8077837183162554e-9 	 1.6860751869164354e-9 	 -6.786168656714209e-9 	 7.0743179163966005e-9 	 6.690493580242048e-9 	 -6.521422455696615e-9 	 4.723035915830191e-13 	 8.69923994176932e-13 	 -2.7763015168088644e-12 	 2.789817327315278e-12 	 2.853220212351546e-11 	 -2.912385019246804e-11 	 -1.4320974017540086e-11 	 1.2686464754546569e-11 	 -8.619704024279367e-14 	 8.190063754248874e-14 	 
17.550358052906326 	 0.0006783525305844949 	 0.0006772493005532623 	 6.358814259228968e-9 	 1.0325067143716961e-6 	 -3.3599610631010183e-16 	 -9.130462076131885e-15 	 -4.525481565067001e-5 	 4.5296876297101554e-5 	 -6.3398285716485285e-6 	 6.361784025813759e-6 	 -1.854828941592817e-9 	 1.7299830633363239e-9 	 -7.113798465902797e-9 	 7.415537783553781e-9 	 6.882325861215714e-9 	 -6.709803469592756e-9 	 4.948175442598368e-13 	 9.113792491497321e-13 	 -2.8197923992291624e-12 	 2.828854159483684e-12 	 2.980571450442457e-11 	 -3.0435432685914604e-11 	 -1.5126479389303427e-11 	 1.3341117137555613e-11 	 -9.050688535366261e-14 	 8.59690470990445e-14 	 
17.859656049874243 	 0.0006744255890774518 	 0.0006733183949978454 	 6.523511688736998e-9 	 1.0339558988585927e-6 	 -3.5442678450315283e-16 	 -9.615229951418763e-15 	 -4.506142325612811e-5 	 4.5104453038741986e-5 	 -6.429512087106067e-6 	 6.452834596322425e-6 	 -1.9028375276158496e-9 	 1.7747915834729619e-9 	 -7.454905655043921e-9 	 7.770696385085995e-9 	 7.072151466527394e-9 	 -6.896366027355735e-9 	 5.183618258731748e-13 	 9.547308468428307e-13 	 -2.857702178434119e-12 	 2.8617087627047353e-12 	 3.1126517238972084e-11 	 -3.17967247785276e-11 	 -1.5974444274144322e-11 	 1.4029318890375981e-11 	 -9.502082034309541e-14 	 9.022783658496354e-14 	 
18.174404947082486 	 0.0006704567238885344 	 0.0006693459477064099 	 6.691551594425282e-9 	 1.0352997105610027e-6 	 -3.738963173928418e-16 	 -1.0125487778214577e-14 	 -4.486354684584052e-5 	 4.490756061435939e-5 	 -6.522564911680316e-6 	 6.546959541675208e-6 	 -1.951818721620569e-9 	 1.8205094680368046e-9 	 -7.809744703966875e-9 	 8.140040111451199e-9 	 7.259137678487122e-9 	 -7.080300722005648e-9 	 5.429810153852149e-13 	 1.0000607808527804e-12 	 -2.889242492101181e-12 	 2.8875381738215283e-12 	 3.249556574547504e-11 	 -3.3208825390212865e-11 	 -1.6866925650030945e-11 	 1.4752754793763938e-11 	 -9.974755366915604e-14 	 9.468497185670162e-14 	 
18.49470080824217 	 0.0006664245769456415 	 0.0006653106639028661 	 6.862964233668451e-9 	 1.0365376400975938e-6 	 -3.9446380763775884e-16 	 -1.0662545267572366e-14 	 -4.466127647022087e-5 	 4.470628884797836e-5 	 -6.618245139244574e-6 	 6.643354402730126e-6 	 -2.001781230195061e-9 	 1.867144942867498e-9 	 -8.178529208469284e-9 	 8.523768294034912e-9 	 7.442394670106691e-9 	 -7.2607400051127425e-9 	 5.687214709141708e-13 	 1.0474543163439525e-12 	 -2.913569231112503e-12 	 2.9054358574472208e-12 	 3.391376685597801e-11 	 -3.467279182476513e-11 	 -1.7806066022839625e-11 	 1.5513190704007907e-11 	 -1.0469612098008291e-13 	 9.934865195512307e-14 	 
18.8206413900392 	 0.000662305570270525 	 0.000661189029347904 	 7.0377783543247976e-9 	 1.0376692734501947e-6 	 -4.161914290937487e-16 	 -1.1227777190076012e-14 	 -4.445458576332146e-5 	 4.450061135560982e-5 	 -6.715677894279375e-6 	 6.74108100681532e-6 	 -2.052733315598502e-9 	 1.914705827956932e-9 	 -8.561419891071659e-9 	 8.922024235847303e-9 	 7.620979246676011e-9 	 -7.436760853722107e-9 	 5.956313962677049e-13 	 1.0970001039907492e-12 	 -2.929769411832072e-12 	 2.914441858440869e-12 	 3.538197820781071e-11 	 -3.618962889998929e-11 	 -1.8794095538954746e-11 	 1.6312476843999195e-11 	 -1.0987586252041609e-13 	 1.0422733807165315e-13 	 
19.15232617197028 	 0.0006580788535406866 	 0.0006569602630236847 	 7.216021606029408e-9 	 1.0386943060600773e-6 	 -4.391446649751932e-16 	 -1.1822625988627164e-14 	 -4.424333879081843e-5 	 4.4290392127417964e-5 	 -6.813850872671181e-6 	 6.839058141272479e-6 	 -2.1046829071801923e-9 	 1.963199642493414e-9 	 -8.958517671254313e-9 	 9.334883478339448e-9 	 7.793900229454983e-9 	 -7.607389539915218e-9 	 6.237609037523688e-13 	 1.1487902993519534e-12 	 -2.93688593720909e-12 	 2.9135436700061893e-12 	 3.690100062915164e-11 	 -3.776029584675099e-11 	 -1.983333378231511e-11 	 1.7152551720017722e-11 	 -1.15296424951302e-13 	 1.0932974573938167e-13 	 
19.489856386704883 	 0.0006537263085228571 	 0.000652606320008785 	 7.397720999836773e-9 	 1.0396125550913066e-6 	 -4.633925326848389e-16 	 -1.244860486231384e-14 	 -4.4027314381562704e-5 	 4.407541006265116e-5 	 -6.91161763812931e-6 	 6.9360661910956845e-6 	 -2.1576377571347646e-9 	 2.0126337245993103e-9 	 -9.369848484732139e-9 	 9.76233841782523e-9 	 7.960126181631373e-9 	 -7.771607918776016e-9 	 6.531620784590545e-13 	 1.202920688222965e-12 	 -2.9339053102759643e-12 	 2.9016670595108645e-12 	 3.8471571832311975e-11 	 -3.938569252735009e-11 	 -2.092619201748483e-11 	 1.8035445890773318e-11 	 -1.209677616588263e-13 	 1.1466486140681818e-13 	 
19.83333505098216 	 0.0006492392982779451 	 0.0006481186207750194 	 7.582903329916097e-9 	 1.0404239729227036e-6 	 -4.890077514408966e-16 	 -1.3107299872240318e-14 	 -4.3806244570538064e-5 	 4.3855397252821065e-5 	 -7.007676751598832e-6 	 7.030746319102563e-6 	 -2.211605538025985e-9 	 2.06301536219674e-9 	 -9.795348872643982e-9 	 1.0204285450686169e-8 	 8.118595949950582e-9 	 -7.928362354841217e-9 	 6.838890521969036e-13 	 1.2594908032695717e-12 	 -2.9197559898777163e-12 	 2.8776957138037345e-12 	 4.0094368613580324e-11 	 -4.106665434186927e-11 	 -2.2075175336840075e-11 	 1.8963285109559194e-11 	 -1.269001622178829e-13 	 1.2024196044711278e-13 	 
20.182866997052432 	 0.0006446190215794845 	 0.0006434984386977684 	 7.771595467163641e-9 	 1.0411286583283977e-6 	 -5.160670890126117e-16 	 -1.3800373514774968e-14 	 -4.357986387578488e-5 	 4.3630088290724735e-5 	 -7.100602177812374e-6 	 7.121597740249675e-6 	 -2.2665939502603453e-9 	 2.114351857548679e-9 	 -1.0234851623188557e-8 	 1.066050600672212e-8 	 8.268231875799735e-9 	 -8.076575465165491e-9 	 7.159980671799652e-13 	 1.318604058799187e-12 	 -2.893327079497436e-12 	 2.8404638496167153e-12 	 4.176999783296584e-11 	 -4.2803954139854274e-11 	 -2.328288507873984e-11 	 1.993829462954827e-11 	 -1.3310427140766608e-13 	 1.2607056990214078e-13 	 
20.53855890467278 	 0.0006398776868216261 	 0.0006387580022304438 	 7.963824452585888e-9 	 1.0417268715223107e-6 	 -5.446515187431132e-16 	 -1.452956942816369e-14 	 -4.334795985930395e-5 	 4.339927091007227e-5 	 -7.188847750638228e-6 	 7.207053824714343e-6 	 -2.3226107247287314e-9 	 2.1666505624017716e-9 	 -1.0688066577759723e-8 	 1.1130647498822132e-8 	 8.40795643828503e-9 	 -8.215161017043401e-9 	 7.495475495666004e-13 	 1.3803678760913296e-12 	 -2.8534676852330415e-12 	 2.7887632909646264e-12 	 4.349899385821439e-11 	 -4.459830059555141e-11 	 -2.4552019746371637e-11 	 2.096280314014018e-11 	 -1.3959106916778066e-13 	 1.3216053472616477e-13 	 
20.900519333666473 	 0.0006350368326689725 	 0.0006339188519263487 	 8.15961732441142e-9 	 1.042219046051937e-6 	 -5.748465732849407e-16 	 -1.529671831352178e-14 	 -4.3110419267958593e-5 	 4.31628318595979e-5 	 -7.270842159092116e-6 	 7.285540965141259e-6 	 -2.379663600114085e-9 	 2.2199188218678677e-9 	 -1.1154561805885061e-8 	 1.1614203823247682e-8 	 8.536712955156632e-9 	 -8.343042132113953e-9 	 7.845981820217416e-13 	 1.4448938183496962e-12 	 -2.798999109559442e-12 	 2.7213633452877422e-12 	 4.5281824610153627e-11 	 -4.645033368030854e-11 	 -2.5885376474331494e-11 	 2.2039247435807806e-11 	 -1.463718648767097e-13 	 1.3852201377310086e-13 	 
21.26885875705629 	 0.0006301235342639427 	 0.0006290079811220771 	 8.359000677998386e-9 	 1.0426058057693517e-6 	 -6.067425581637582e-16 	 -1.6103743833419266e-14 	 -4.286725754534974e-5 	 4.292078660133289e-5 	 -7.344967271504868e-6 	 7.355522220399209e-6 	 -2.4377601781464723e-9 	 2.2741638611170733e-9 	 -1.1633740377475083e-8 	 1.2110490799614802e-8 	 8.65349057652812e-9 	 -8.459173548985747e-9 	 8.212129795012108e-13 	 1.5122977241093737e-12 	 -2.7287129510446646e-12 	 2.6370179015321247e-12 	 4.71188934401501e-11 	 -4.836062202327782e-11 	 -2.7285852113067744e-11 	 2.317017649412883e-11 	 -1.5345832962341817e-13 	 1.4516543340757102e-13 	 
21.64368959478166 	 0.0006251657951241442 	 0.0006240545363476521 	 8.561999990452542e-9 	 1.0428879799941362e-6 	 -6.404348781646112e-16 	 -1.695266587367314e-14 	 -4.261862857510542e-5 	 4.2673288903544706e-5 	 -7.4105013711532465e-6 	 7.415132171327655e-6 	 -2.496907722254964e-9 	 2.3293926057897985e-9 	 -1.2124817495422226e-8 	 1.2618623167919328e-8 	 8.757354517635673e-9 	 -8.562568769675855e-9 	 8.594573615156291e-13 	 1.5826998530407049e-12 	 -2.6413949100574705e-12 	 2.534496126404219e-12 	 4.9010546577731935e-11 	 -5.0329671841477356e-11 	 -2.8756444678105604e-11 	 2.4358255303257022e-11 	 -1.6086251513059047e-13 	 1.5210148755590606e-13 	 
22.025126248010096 	 0.000620214704031533 	 0.000619083375487875 	 8.768638803698867e-9 	 1.0430666236504173e-6 	 -6.760243872115476e-16 	 -1.7845602808996287e-14 	 -4.23648071797682e-5 	 4.2420613320643496e-5 	 -7.448727844544498e-6 	 7.471884338265596e-6 	 -2.5571129328682112e-9 	 2.3856114460447416e-9 	 -1.2626795586397293e-8 	 1.3137484326929384e-8 	 8.847482531949765e-9 	 -8.652332906032127e-9 	 8.993992349848076e-13 	 1.6562250239408181e-12 	 -2.5358583240313884e-12 	 2.412583680896358e-12 	 5.09570763895077e-11 	 -5.235793839262059e-11 	 -3.030025298202238e-11 	 2.5606270344153607e-11 	 -1.6859685091274403e-13 	 1.59341221864316e-13 	 
22.413285134053275 	 0.0006152217560618504 	 0.000614110882893341 	 8.97893791385756e-9 	 1.043143039120994e-6 	 -7.136176852737322e-16 	 -1.878477646161372e-14 	 -4.210614922474271e-5 	 4.216311537539537e-5 	 -7.517385869757901e-6 	 7.518627684096779e-6 	 -2.6183816962666435e-9 	 2.442826032730206e-9 	 -1.3138432760438715e-8 	 1.366569450138724e-8 	 8.923208946956051e-9 	 -8.727702082090904e-9 	 9.411090757129072e-13 	 1.7330027643148312e-12 	 -2.4109512820526e-12 	 2.2701046658631706e-12 	 5.295872829477276e-11 	 -5.4445832800547285e-11 	 -3.192047708748673e-11 	 2.6917133881373304e-11 	 -1.766740928922123e-13 	 1.6689601285264309e-13 	 
22.808284721898477 	 0.0006102559433880321 	 0.0006091404544608156 	 9.192914716120687e-9 	 1.0431188012339123e-6 	 -7.533274589135873e-16 	 -1.977251817997981e-14 	 -4.184303182548356e-5 	 4.190117177110638e-5 	 -7.567796473730168e-6 	 7.572278362863908e-6 	 -2.680718906043916e-9 	 2.501041084234204e-9 	 -1.3658210735420828e-8 	 1.4201574805557797e-8 	 8.98407867424887e-9 	 -8.788091218865229e-9 	 9.846600078610683e-13 	 1.8131674657951473e-12 	 -2.2655869398233287e-12 	 2.1059630635999323e-12 	 5.5015723975704485e-11 	 -5.6593735276578765e-11 	 -3.36204185657595e-11 	 2.8293888224879782e-11 	 -1.851074410386528e-13 	 1.7477751333659367e-13 	 
23.21024556836616 	 0.0006052815255253785 	 0.0006041623580698443 	 9.41058286775649e-9 	 1.0429957857279724e-6 	 -7.952729566484836e-16 	 -2.0811271667701696e-14 	 -4.157578842407241e-5 	 4.163511545996629e-5 	 -7.6232656390434705e-6 	 7.630132607135631e-6 	 -2.744128355568145e-9 	 2.5602603003390623e-9 	 -1.4184293370898804e-8 	 1.4743105589723076e-8 	 9.029913108701397e-9 	 -8.833151740397156e-9 	 1.0301278943609577e-12 	 1.896858539304357e-12 	 -2.098759218835949e-12 	 1.9191936103914044e-12 	 5.712829545882508e-11 	 -5.880200670443182e-11 	 -3.540348004718517e-11 	 2.9739710130369454e-11 	 -1.9391056228422544e-13 	 1.8299773226938737e-13 	 
23.619290354904884 	 0.0006002783975903593 	 0.0005991554877544539 	 9.631952361738982e-9 	 1.0427761995957356e-6 	 -8.395802426984472e-16 	 -2.1903593273740032e-14 	 -4.13046487873356e-5 	 4.136517580690774e-5 	 -7.68366655747511e-6 	 7.693062872391683e-6 	 -2.808612763549263e-9 	 2.6204863870035798e-9 	 -1.4714484673212746e-8 	 1.5287875949947957e-8 	 9.060889589340074e-9 	 -8.862842388318672e-9 	 1.0775914254207454e-12 	 1.9842205748521804e-12 	 -1.90960951989664e-12 	 1.708996651096337e-12 	 5.929670497827034e-11 	 -6.107102698942521e-11 	 -3.72731635821107e-11 	 3.125791601975783e-11 	 -2.030976181872716e-13 	 1.915690422274109e-13 	 
24.035543925034524 	 0.0005952179646832906 	 0.0005940913211167127 	 9.857030032059077e-9 	 1.0424626165430787e-6 	 -8.863827246229133e-16 	 -2.3052153469283877e-14 	 -4.1029701860415635e-5 	 4.109144136194753e-5 	 -7.749196767529602e-6 	 7.76119198499732e-6 	 -2.874173918324568e-9 	 2.6817211895042415e-9 	 -1.5246174361242303e-8 	 1.583302264336812e-8 	 9.077637521917691e-9 	 -8.877514731619784e-9 	 1.1271322056316396e-12 	 2.07540351162504e-12 	 -1.6974685992917925e-12 	 1.4747679488638868e-12 	 6.152127366844528e-11 	 -6.340123047709279e-11 	 -3.923306845472335e-11 	 3.285196716596632e-11 	 -2.1268325014982636e-13 	 2.0050424514399947e-13 	 
24.459133322449496 	 0.0005900714070217351 	 0.0005889412666374743 	 1.00858203928837e-8 	 1.042058010304945e-6 	 -9.358216033634272e-16 	 -2.4259741896912614e-14 	 -4.075088853812644e-5 	 4.081385282920264e-5 	 -7.819864106504763e-6 	 7.83429667164224e-6 	 -2.940812932855957e-9 	 2.7439659154349953e-9 	 -1.5776275600514894e-8 	 1.6375168583640743e-8 	 9.081353570292729e-9 	 -8.878015702708684e-9 	 1.178834848368409e-12 	 2.170562802892676e-12 	 -1.4619059142240805e-12 	 1.2161984093227289e-12 	 6.380244654161007e-11 	 -6.579314415314504e-11 	 -4.1286889174847914e-11 	 3.4525474246368444e-11 	 -2.2268259061609455e-13 	 2.0981661098613722e-13 	 
24.89018782979343 	 0.0005848182738443996 	 0.0005836849997009844 	 1.0318326632820844e-8 	 1.0415657963128143e-6 	 -9.880462466546813e-16 	 -2.552927172844184e-14 	 -4.046803218780722e-5 	 4.0532233454604814e-5 	 -7.895284340282969e-6 	 7.911863157664146e-6 	 -3.0085305122323274e-9 	 2.807221417015233e-9 	 -1.6301158539154e-8 	 1.6910347479759103e-8 	 9.073934934697814e-9 	 -8.865808727293011e-9 	 1.2327870694935186e-12 	 2.269859586455985e-12 	 -1.202809721167272e-12 	 9.333269743043899e-13 	 6.614084218660317e-11 	 -6.824744883984367e-11 	 -4.3438412614693735e-11 	 3.628220207810051e-11 	 -2.3311134465252324e-13 	 2.1951991521017373e-13 	 
25.32883900811714 	 0.0005794508123884776 	 0.0005783148985635499 	 1.0554551479936303e-8 	 1.0409898678440235e-6 	 -1.0432147971132234e-15 	 -2.6863787984227832e-14 	 -4.0180899398511516e-5 	 4.024634981969646e-5 	 -7.974884149438852e-6 	 7.993183062620827e-6 	 -3.0773272330257634e-9 	 2.8714884164922637e-9 	 -1.6816576849315805e-8 	 1.7433936723829532e-8 	 9.05812871248733e-9 	 -8.843111866503187e-9 	 1.2890797815168173e-12 	 2.3734608565446958e-12 	 -9.204562582024796e-13 	 6.266559006882282e-13 	 6.853733994550842e-11 	 -7.076504348734746e-11 	 -4.5691514012427304e-11 	 3.81260745409235e-11 	 -2.439858760121518e-13 	 2.296284699999573e-13 	 
25.775220737032132 	 0.000573978423433552 	 0.0005728404774267114 	 1.0794497683130868e-8 	 1.0403346418094526e-6 	 -1.1014946642064344e-15 	 -2.8266476966486875e-14 	 -3.988928023482445e-5 	 3.9955992013609285e-5 	 -8.057865755885504e-6 	 8.077340522082482e-6 	 -3.1472036674340713e-9 	 2.9367676392340996e-9 	 -1.7317603694729792e-8 	 1.7940599627374553e-8 	 9.037687508276108e-9 	 -8.813048547426592e-9 	 1.34780719002895e-12 	 2.481539636790874e-12 	 -6.156134110339248e-13 	 2.972425559535478e-13 	 7.099316298601694e-11 	 -7.334713110241671e-11 	 -4.805015236066152e-11 	 4.0061179321524184e-11 	 -2.553232117177934e-13 	 2.4015721256837333e-13 	 
26.229469255571605 	 0.00056842565247006 	 0.0005672863983146115 	 1.1038167891397199e-8 	 1.039605099713549e-6 	 -1.1630630401813649e-15 	 -2.97406738967358e-14 	 -3.959306586605171e-5 	 3.966105115493748e-5 	 -8.143250552029804e-6 	 8.163235151212951e-6 	 -3.2181603522010454e-9 	 3.0030597843786368e-9 	 -1.7798588905060296e-8 	 1.8424273571283308e-8 	 9.017512050170805e-9 	 -8.779798055221846e-9 	 1.4090668861626097e-12 	 2.594275159957362e-12 	 -2.8964757768554273e-13 	 -5.3167185848563064e-14 	 7.350999248013653e-11 	 -7.599532343923343e-11 	 -5.051836472560729e-11 	 4.209177260606829e-11 	 -2.6714115858057266e-13 	 2.5112183278844557e-13 	 
26.69172320377162 	 0.0005628268988671867 	 0.0005616871815480851 	 1.1285563875028843e-8 	 1.0388068384549805e-6 	 -1.2281076164155967e-15 	 -3.12898647364786e-14 	 -3.9292303155131934e-5 	 3.936157392905945e-5 	 -8.22987546714303e-6 	 8.249577087989901e-6 	 -3.2901975607075632e-9 	 3.070365306707185e-9 	 -1.825317609223106e-8 	 1.8878241210918995e-8 	 9.003738893410448e-9 	 -8.74871878179138e-9 	 1.4729599506560693e-12 	 2.711853041947247e-12 	 5.5341414388374316e-14 	 -4.220367445484112e-13 	 7.609007469543113e-11 	 -7.871175898581258e-11 	 -5.3100258949908447e-11 	 4.422228400722007e-11 	 -2.7945840284354744e-13 	 2.6253881758906664e-13 	 
27.162123664985092 	 0.0005572164244199329 	 0.0005560772091722458 	 1.1536685223690691e-8 	 1.037946118895908e-6 	 -1.2968270947249622e-15 	 -3.2917693794736637e-14 	 -3.89872072010112e-5 	 3.905777502673752e-5 	 -8.316382189862746e-6 	 8.334881356538365e-6 	 -3.363314923950583e-9 	 3.138684070209833e-9 	 -1.8674436463972695e-8 	 1.9295397631473216e-8 	 9.003683104436197e-9 	 -8.726389157194518e-9 	 1.5395910521264888e-12 	 2.834465467567354e-12 	 4.1641987932629287e-13 	 -8.059168390116183e-13 	 7.873634389890204e-11 	 -8.149923032653294e-11 	 -5.580000595251376e-11 	 4.6457321101254776e-11 	 -2.9229457128402643e-13 	 2.7442553482623654e-13 	 
27.640814208941478 	 0.0005516191762555228 	 0.0005504815458394967 	 1.1791527831452093e-8 	 1.0370299247771954e-6 	 -1.3694319050353407e-15 	 -3.462797276067761e-14 	 -3.8678125226018084e-5 	 3.8750001088929145e-5 	 -8.401227493678488e-6 	 8.417480038837766e-6 	 -3.4375109879703963e-9 	 3.2080149267967094e-9 	 -1.9055283077515894e-8 	 1.9669027200176386e-8 	 9.025364862963377e-9 	 -8.72043450327606e-9 	 1.6090685512056162e-12 	 2.9623113798176062e-12 	 7.896978040384586e-13 	 -1.2003528860967195e-12 	 8.14525426638546e-11 	 -8.436131631000553e-11 	 -5.862183097521262e-11 	 4.880167366445947e-11 	 -3.0567037092556615e-13 	 2.8680023303540577e-13 	 
28.12794093556528 	 0.0005460424595482502 	 0.0005449075767590999 	 1.2050082624980181e-8 	 1.0360660210998266e-6 	 -1.4461449317396698e-15 	 -3.642468704127266e-14 	 -3.836545836292739e-5 	 3.843865246875678e-5 	 -8.482689152832897e-6 	 8.495562618983034e-6 	 -3.512782836896095e-9 	 3.278355380409275e-9 	 -1.9389862239336894e-8 	 1.9996015722133066e-8 	 9.075022274910508e-9 	 -8.738555492946998e-9 	 1.6815046077688192e-12 	 3.0955966760865146e-12 	 1.1703271488206037e-12 	 -1.600045600165375e-12 	 8.424319419661019e-11 	 -8.730245855399578e-11 	 -6.15700025515105e-11 	 5.126031773963951e-11 	 -3.1960773554809927e-13 	 2.996823282364431e-13 	 
28.623652519566928 	 0.0005404732775558989 	 0.0005393423435406024 	 1.2312334944567016e-8 	 1.0350630232774442e-6 	 -1.5272022658635779e-15 	 -3.831199686999964e-14 	 -3.804956294111636e-5 	 3.812408471550046e-5 	 -8.558919114584473e-6 	 8.567233830520264e-6 	 -3.5891259222065014e-9 	 3.3497014086225983e-9 	 -1.9677893573525934e-8 	 2.027949313079334e-8 	 9.154602182264052e-9 	 -8.78506956341762e-9 	 1.7570152939464738e-12 	 3.2345344072009446e-12 	 1.55282682610475e-12 	 -1.9994657940813322e-12 	 8.711328754569117e-11 	 -9.032782868048459e-11 	 -6.464882020717349e-11 	 5.38384192689125e-11 	 -3.3412997453856953e-13 	 3.130925418551367e-13 	 
29.128100255819334 	 0.0005348827527989239 	 0.0005337568491400402 	 1.2578264868516586e-8 	 1.0340304668402162e-6 	 -1.6128539876169575e-15 	 -4.029424494423003e-14 	 -3.773066245711121e-5 	 3.7806520608326756e-5 	 -8.628036870237631e-6 	 8.630723760049643e-6 	 -3.666534150297736e-9 	 3.4220475559083657e-9 	 -1.9923875768234223e-8 	 2.0524958778825854e-8 	 9.264198578500692e-9 	 -8.860901965504966e-9 	 1.8357207065412596e-12 	 3.379344984812628e-12 	 1.9317861425322853e-12 	 -2.3933872239505455e-12 	 9.006797368106794e-11 	 -9.344294058570772e-11 	 -6.786260214199822e-11 	 5.6541338809214265e-11 	 -3.4926184012670867e-13 	 3.2705278529272114e-13 	 
29.64143810553424 	 0.0005292358289859458 	 0.0005281156070441204 	 1.2847848442545373e-8 	 1.0329788852454774e-6 	 -1.703364998150733e-15 	 -4.237596376850075e-14 	 -3.740880089469182e-5 	 3.748600364284483e-5 	 -8.688569007500177e-6 	 8.684979283571855e-6 	 -3.745000238829348e-9 	 3.495387271373447e-9 	 -2.0133649082490806e-8 	 2.073857217974844e-8 	 9.403173018348354e-9 	 -8.965822794321323e-9 	 1.9177450803347575e-12 	 3.5302563919246306e-12 	 2.3021751597760456e-12 	 -2.777065969333812e-12 	 9.311245411114163e-11 	 -9.665345004615626e-11 	 -7.121566844022416e-11 	 5.937463509045054e-11 	 -3.650295390456534e-13 	 3.415862036684611e-13 	 
30.16382274325235 	 0.0005235069924665458 	 0.0005223901896232358 	 1.3121059446129126e-8 	 1.031919890984172e-6 	 -1.7990159471583717e-15 	 -4.4561883372148764e-14 	 -3.708385811048965e-5 	 3.7162413397751355e-5 	 -8.739177802724062e-6 	 8.731565543065302e-6 	 -3.824516239445533e-9 	 3.56971338248431e-9 	 -2.03134135733757e-8 	 2.0926574877660298e-8 	 9.570518827608689e-9 	 -9.099063357218859e-9 	 2.003216907561661e-12 	 3.687504387332978e-12 	 2.6594897168168846e-12 	 -3.1463371676912543e-12 	 9.625190570889771e-11 	 -9.996506032287852e-11 	 -7.471232289932527e-11 	 6.234406699807696e-11 	 -3.814607752243467e-13 	 3.5671723973747175e-13 	 
30.69541360466149 	 0.0005176872839793072 	 0.0005165704418560058 	 1.3397871068371312e-8 	 1.0308662588870832e-6 	 -1.900104266280221e-15 	 -4.6856934455719585e-14 	 -3.675562603775074e-5 	 3.6835541738172336e-5 	 -8.784915276735966e-6 	 8.776717879219481e-6 	 -3.9050740285506216e-9 	 3.6450185501086885e-9 	 -2.046931060594514e-8 	 2.1095015243386973e-8 	 9.765045430566944e-9 	 -9.259581806555931e-9 	 2.0922690493062897e-12 	 3.8513327166670805e-12 	 2.9997776960214425e-12 	 -3.4975969286004864e-12 	 9.949146879252515e-11 	 -1.0338348422408194e-10 	 -7.835683683964139e-11 	 6.54555977071285e-11 	 -3.985847482665444e-13 	 3.7247164294964345e-13 	 
31.236372935257677 	 0.0005117907883520137 	 0.0005106705970067954 	 1.3678256793622553e-8 	 1.0298320189645473e-6 	 -2.0069449567763678e-15 	 -4.9266253590565874e-14 	 -3.642392284021736e-5 	 3.6505206787515595e-5 	 -8.83188839091093e-6 	 8.826381108569336e-6 	 -3.986665550883433e-9 	 3.721295519676256e-9 	 -2.060721733552246e-8 	 2.1249618110849523e-8 	 9.985469908895241e-9 	 -9.446199978906279e-9 	 2.1850388505715102e-12 	 4.021993316500858e-12 	 3.3196622033614016e-12 	 -3.8278153672474794e-12 	 1.028362208686639e-10 	 -1.069144116340194e-10 	 -8.215342580329859e-11 	 6.871539585002425e-11 	 -4.164321506334838e-13 	 3.8887638240511697e-13 	 
31.786865839863584 	 0.0005058486112618573 	 0.0005047248081540593 	 1.3962190005945844e-8 	 1.0288325457947185e-6 	 -2.1198719067541686e-15 	 -5.1795192945561017e-14 	 -3.608870230758905e-5 	 3.6171362159261656e-5 	 -8.883400629063447e-6 	 8.880796396008166e-6 	 -4.069282724528107e-9 	 3.798536999573556e-9 	 -2.0732663022719465e-8 	 2.139574544630827e-8 	 1.0230452428494274e-8 	 -9.657667252161875e-9 	 2.2816682536235104e-12 	 4.199746521252405e-12 	 3.616320817095752e-12 	 -4.134518698493618e-12 	 1.0629116144480857e-10 	 -1.1056349321736766e-10 	 -8.610622554521126e-11 	 7.212983596393801e-11 	 -4.350351334102202e-13 	 4.059596508573939e-13 	 
32.34706033301979 	 0.0004999027042871453 	 0.0004987753155615092 	 1.424964231327295e-8 	 1.027884656677336e-6 	 -2.239238883397665e-15 	 -5.444933393577069e-14 	 -3.5750114850394774e-5 	 3.583415777068559e-5 	 -8.939764425062973e-6 	 8.939971439887989e-6 	 -4.1529169388906004e-9 	 3.876735215439593e-9 	 -2.0850811645036923e-8 	 2.153840407232375e-8 	 1.049859764201193e-8 	 -9.892679412718191e-9 	 2.382303916315178e-12 	 4.38486127130158e-12 	 3.887478276815651e-12 	 -4.4157825267657336e-12 	 1.0986119467010533e-10 	 -1.1433632748454068e-10 	 -9.021926858512357e-11 	 7.570550222139001e-11 	 -4.54427253818165e-13 	 4.2375082130095443e-13 	 
32.91712739026405 	 0.000493985777845175 	 0.0004928551802499276 	 1.4540581119292608e-8 	 1.027006717843517e-6 	 -2.3654208176033234e-15 	 -5.723449878985517e-14 	 -3.5408489229919085e-5 	 3.549392155508523e-5 	 -9.00075800997602e-6 	 9.003316603202417e-6 	 -4.2375583477455386e-9 	 3.95588124399521e-9 	 -2.0966484041192922e-8 	 2.168227241230297e-8 	 1.0788439402194257e-8 	 -1.0149872046310688e-8 	 2.4870973304557584e-12 	 4.577615329645014e-12 	 4.131368236445117e-12 	 -4.670233587192943e-12 	 1.1355110306896573e-10 	 -1.1823844986289752e-10 	 -9.449645294389996e-11 	 7.944918446389488e-11 	 -4.746435664876531e-13 	 4.422804132781985e-13 	 
33.49724100031435 	 0.0004881077093918197 	 0.0004869745075001816 	 1.4834967432540754e-8 	 1.026218749289959e-6 	 -2.498814991914256e-15 	 -6.015675019638224e-14 	 -3.506423788052326e-5 	 3.5151064862878594e-5 	 -9.06568200955504e-6 	 9.0698860226875e-6 	 -4.32319522778545e-9 	 4.035964420746677e-9 	 -2.108418506733996e-8 	 2.1831731736736996e-8 	 1.1098422695210613e-8 	 -1.0427803193430839e-8 	 2.5962049477832495e-12 	 4.778295508862065e-12 	 4.346756465977336e-12 	 -4.897005122120932e-12 	 1.1736555012188117e-10 	 -1.2227530976757878e-10 	 -9.894151463163504e-11 	 8.336788238007585e-11 	 -4.957206346684779e-13 	 4.615800536475632e-13 	 
34.08757821817146 	 0.0004822502038799213 	 0.00048111521022205656 	 1.5132754910656866e-8 	 1.0255425403891868e-6 	 -2.6398425502811787e-15 	 -6.322239451642357e-14 	 -3.4717720496307764e-5 	 3.480594627733893e-5 	 -9.133529427892716e-6 	 9.138444345700477e-6 	 -4.409813702921962e-9 	 4.116972078549564e-9 	 -2.120813198949306e-8 	 2.1990884789978536e-8 	 1.1426889645481542e-8 	 -1.0724936981734049e-8 	 2.7097883091108792e-12 	 4.987197903420186e-12 	 4.53290618354994e-12 	 -5.095736636977709e-12 	 1.2130905529102416e-10 	 -1.2645225524632816e-10 	 -1.0355799154120635e-10 	 8.746879813468575e-11 	 -5.176963481123834e-13 	 4.816823424202445e-13 	 
34.68831921915758 	 0.0004763755222857263 	 0.00047523972798596163 	 1.5433890729820593e-8 	 1.0250017670103477e-6 	 -2.788949852744836e-15 	 -6.643798850487374e-14 	 -3.436912768342209e-5 	 3.445875549982488e-5 	 -9.203023949583615e-6 	 9.207514179746395e-6 	 -4.497397997788715e-9 	 4.1988897813918555e-9 	 -2.134226618021302e-8 	 2.216356018842313e-8 	 1.1772073427425982e-8 	 -1.1039633758196974e-8 	 2.8280141796939444e-12 	 5.204628128936916e-12 	 4.6895803827872484e-12 	 -5.266603298721213e-12 	 1.2538595099587458e-10 	 -1.3077450741291556e-10 	 -1.0834918871395615e-10 	 9.175933959687351e-11 	 -5.406099532299739e-13 	 5.026209391068439e-13 	 
35.29964735390708 	 0.00047044452775006965 	 0.0004693090927711303 	 1.5738318014929337e-8 	 1.0246221137349292e-6 	 -2.946610122635704e-15 	 -6.981034773459552e-14 	 -3.401843991438365e-5 	 3.4109472486142816e-5 	 -9.272667330597708e-6 	 9.275403571827419e-6 	 -4.585931145382643e-9 	 4.281701987821584e-9 	 -2.149025838744193e-8 	 2.235331080213193e-8 	 1.2132100997922125e-8 	 -1.1370148133646138e-8 	 2.951054677819109e-12 	 5.430901559393539e-12 	 4.817020023029938e-12 	 -5.410275861741948e-12 	 1.2960038219349897e-10 	 -1.3524714932016227e-10 	 -1.1331813804894191e-10 	 9.624711249166303e-11 	 -5.645020669964493e-13 	 5.244304655102548e-13 	 
35.92174920432655 	 0.00046443778209133185 	 0.00046330403556978696 	 1.604597875149791e-8 	 1.0244313951999577e-6 	 -3.113324900663177e-15 	 -7.33465525976036e-14 	 -3.3665490811542474e-5 	 3.375793068780863e-5 	 -9.340739626183779e-6 	 9.340196059086977e-6 	 -4.675395837045313e-9 	 4.365392843899661e-9 	 -2.165550089949652e-8 	 2.256340806491492e-8 	 1.2504998542360554e-8 	 -1.1714632606156093e-8 	 3.079087407750183e-12 	 5.666343558728331e-12 	 4.915964702470814e-12 	 -5.527905324763473e-12 	 1.3395628186088676e-10 	 -1.3987508639911768e-10 	 -1.1846755814270704e-10 	 1.0093991598153307e-10 	 -5.89414684913195e-13 	 5.471465348219031e-13 	 
36.554814640540975 	 0.00045836709260378835 	 0.00045723647046110445 	 1.6356815641585896e-8 	 1.0244596822215535e-6 	 -3.2896258977290325e-15 	 -7.705396152225073e-14 	 -3.331010734856546e-5 	 3.340395702843904e-5 	 -9.405325048401812e-6 	 9.399839354024274e-6 	 -4.765774966568771e-9 	 4.4499466852660245e-9 	 -2.1841105914322552e-8 	 2.2796835898669666e-8 	 1.2888695385421689e-8 	 -1.2071143118934537e-8 	 3.2122955802396603e-12 	 5.9112897022165066e-12 	 4.9876181917314374e-12 	 -5.621151945286607e-12 	 1.38457333733496e-10 	 -1.4466303173267987e-10 	 -1.2379980877145484e-10 	 1.0584573938784708e-10 	 -6.153911670292922e-13 	 5.708057872618481e-13 	 
37.19903687884344 	 0.000452272204469535 	 0.0004511461358899414 	 1.667077174958749e-8 	 1.0247394195883125e-6 	 -3.4760767739130164e-15 	 -8.094022546839725e-14 	 -3.295226232853062e-5 	 3.3047524044910985e-5 	 -9.46435075403176e-6 	 9.452235477338116e-6 	 -4.857051526536081e-9 	 4.535347941124721e-9 	 -2.2049903626409542e-8 	 2.3056298051880497e-8 	 1.3281024155736403e-8 	 -1.243764085668925e-8 	 3.350868139604602e-12 	 6.166085991406977e-12 	 5.033664083952301e-12 	 -5.692133117607323e-12 	 1.431069634765442e-10 	 -1.496154761784778e-10 	 -1.2931684435670077e-10 	 1.1097274854542738e-10 	 -6.424761944569815e-13 	 5.95445772245303e-13 	 
37.85461254066628 	 0.00044620036691462797 	 0.0004450800448878055 	 1.6987787831321063e-8 	 1.0253055486619666e-6 	 -3.673275001527725e-15 	 -8.501329202815887e-14 	 -3.259215188810178e-5 	 3.268882713063113e-5 	 -9.515807636719688e-6 	 9.495577632711555e-6 	 -4.9492078285494955e-9 	 4.6215804070230655e-9 	 -2.2284452107533815e-8 	 2.334422357090458e-8 	 1.367971632492138e-8 	 -1.281198989326952e-8 	 3.4949998848477838e-12 	 6.4310890534025e-12 	 5.056226700623726e-12 	 -5.743438494817219e-12 	 1.4790831229357564e-10 	 -1.5473667467251845e-10 	 -1.3502016439856908e-10 	 1.1632928162933698e-10 	 -6.707157503823545e-13 	 6.211048545382288e-13 	 
38.5217417125914 	 0.0004401809923059068 	 0.00043906746432473287 	 1.7307798629395147e-8 	 1.0261956204481963e-6 	 -3.8818538831476795e-15 	 -8.928141220639928e-14 	 -3.2230153253797546e-5 	 3.2328242272616654e-5 	 -9.558205586621551e-6 	 9.528485219179749e-6 	 -5.0422244202602184e-9 	 4.7086262394432325e-9 	 -2.254704614794378e-8 	 2.366277778725018e-8 	 1.4082396216899683e-8 	 -1.319195144498198e-8 	 3.644891604377052e-12 	 6.706666372910099e-12 	 5.057876114172804e-12 	 -5.778114649254579e-12 	 1.5286420520358563e-10 	 -1.6003061377750886e-10 	 -1.4091076139357928e-10 	 1.219238373306512e-10 	 -7.001570235450175e-13 	 6.47822047652512e-13 	 
39.20062800741813 	 0.00043422061908357886 	 0.0004331021013394314 	 1.763073020053329e-8 	 1.0274499027582176e-6 	 -4.102484665314128e-15 	 -9.375315043921643e-14 	 -3.1866672182357934e-5 	 3.1966173766402063e-5 	 -9.590962833288348e-6 	 9.563169300266187e-6 	 -5.1360793040274275e-9 	 4.7964652273464395e-9 	 -2.2839725434891428e-8 	 2.4013864824651057e-8 	 1.4486577944012006e-8 	 -1.3575178055565502e-8 	 3.800750213680952e-12 	 6.993196538002215e-12 	 5.041619572996994e-12 	 -5.799665163126818e-12 	 1.5797712580858062e-10 	 -1.6550098387383228e-10 	 -1.469890689754849e-10 	 1.2776505781822878e-10 	 -7.308482698477598e-13 	 6.756371408268659e-13 	 
39.89147862630742 	 0.0004282697414444736 	 0.00042714652638750595 	 1.7956500058131993e-8 	 1.029111477085036e-6 	 -4.335878884853653e-15 	 -9.843739536940435e-14 	 -3.1501970749578915e-5 	 3.160288243149564e-5 	 -9.626166561056718e-6 	 9.599599335819606e-6 	 -5.230747980109657e-9 	 4.885074829044562e-9 	 -2.3164277968366864e-8 	 2.4399119615695005e-8 	 1.488967113536394e-8 	 -1.3959212989912924e-8 	 3.962788903596299e-12 	 7.291069501546133e-12 	 5.010866487661815e-12 	 -5.8120364530639165e-12 	 1.632491895448129e-10 	 -1.7115116309048498e-10 	 -1.5325490542161848e-10 	 1.3386171505580794e-10 	 -7.628390075890928e-13 	 7.045908159210982e-13 	 
40.594504422021174 	 0.0004222852255924413 	 0.0004211550568777908 	 1.8285020298752363e-8 	 1.0312263221977597e-6 	 -4.58279073990576e-15 	 -1.0334337088102521e-13 	 -3.113607440163637e-5 	 3.123839301106597e-5 	 -9.66396793187224e-6 	 9.640430377191426e-6 	 -5.326204358594913e-9 	 4.974431025355404e-9 	 -2.3522225243405508e-8 	 2.481989023026274e-8 	 1.5288998152661683e-8 	 -1.4341498079224403e-8 	 4.131227281275706e-12 	 7.600686832283134e-12 	 4.969460621664227e-12 	 -5.819561870658897e-12 	 1.6868214351671097e-10 	 -1.7698417379010322e-10 	 -1.5970741980660382e-10 	 1.4022269702725943e-10 	 -7.961799298227967e-13 	 7.347244274095997e-13 	 
41.30991996327603 	 0.00041624297637453633 	 0.00041510582603293924 	 1.8616201975799035e-8 	 1.0338433742868705e-6 	 -4.844019686833562e-15 	 -1.0848064334469431e-13 	 -3.076883250719357e-5 	 3.08725547004663e-5 	 -9.706169249728268e-6 	 9.685187975872167e-6 	 -5.4224220363967735e-9 	 5.064509507590642e-9 	 -2.3914807313057915e-8 	 2.5277204853080823e-8 	 1.5681821060632855e-8 	 -1.4719391962965202e-8 	 4.306291509186984e-12 	 7.92246196028214e-12 	 4.921600442858109e-12 	 -5.826975166341671e-12 	 1.7427733308174723e-10 	 -1.8300268393237663e-10 	 -1.6634503600242974e-10 	 1.4685698479868182e-10 	 -8.309227488782701e-13 	 7.660796243145199e-13 	 
42.03794360023143 	 0.0004101605627101956 	 0.00040901685392499013 	 1.8949957780258306e-8 	 1.0370145601427922e-6 	 -5.120413140227236e-15 	 -1.1385912845508342e-13 	 -3.0400094681831752e-5 	 3.050521708638394e-5 	 -9.752217188645668e-6 	 9.732816143282282e-6 	 -5.519375084272801e-9 	 5.155286404996883e-9 	 -2.4342948593804002e-8 	 2.5771737896343602e-8 	 1.6065378722277382e-8 	 -1.5090196367589817e-8 	 4.4882144320158984e-12 	 8.256820393550011e-12 	 4.871884289495697e-12 	 -5.839365198711456e-12 	 1.800356839975392e-10 	 -1.8920895323520262e-10 	 -1.7316539873191477e-10 	 1.537736308946569e-10 	 -8.671202903417506e-13 	 7.986985727088354e-13 	 
42.778797531131644 	 0.0004040870826976252 	 0.000402937552801488 	 1.928620095932001e-8 	 1.0407947970944657e-6 	 -5.4128693397505125e-15 	 -1.1948910390215983e-13 	 -3.0029898651173725e-5 	 3.0136417442691865e-5 	 -9.801036353246553e-6 	 9.781871262299105e-6 	 -5.617037726717568e-9 	 5.246737993039696e-9 	 -2.4807227722121344e-8 	 2.630376826319758e-8 	 1.643693056941388e-8 	 -1.545119056062371e-8 	 4.677235696383559e-12 	 8.604199937898676e-12 	 4.825250378238616e-12 	 -5.862158400504606e-12 	 1.8595768870663019e-10 	 -1.956048270071559e-10 	 -1.801653225309181e-10 	 1.6098173434427829e-10 	 -9.048264175622871e-13 	 8.326238228423952e-13 	 
43.532707870122366 	 0.0003980685316192722 	 0.0003969141575168862 	 1.9624840769769077e-8 	 1.045241946622391e-6 	 -5.722340485162048e-15 	 -1.2538122860990547e-13 	 -2.965852695872734e-5 	 2.9766437125624064e-5 	 -9.851191580599156e-6 	 9.830622323466245e-6 	 -5.715383016983032e-9 	 5.338839453344091e-9 	 -2.5307844946632508e-8 	 2.6873139903045393e-8 	 1.6793807256311584e-8 	 -1.5799671934265512e-8 	 4.87360188362175e-12 	 8.96505091115989e-12 	 4.786890713583776e-12 	 -5.901057080648037e-12 	 1.9204341087756494e-10 	 -2.0219175200069414e-10 	 -1.8734074384002398e-10 	 1.6849041509645238e-10 	 -9.440959300559358e-13 	 8.678982124540768e-13 	 
44.29990471626244 	 0.0003921157335311121 	 0.0003909577138254417 	 1.9965777569727582e-8 	 1.0504167176141826e-6 	 -6.049835798325912e-15 	 -1.3154655885639556e-13 	 -2.9286390497399848e-5 	 2.939568530441395e-5 	 -9.90097115571141e-6 	 9.877077327485668e-6 	 -5.814381401068266e-9 	 5.431563541799185e-9 	 -2.584457860714462e-8 	 2.7479216671411502e-8 	 1.7133471397925143e-8 	 -1.613300348829336e-8 	 5.077566646209729e-12 	 9.339836392261163e-12 	 4.762263231567494e-12 	 -5.96193783310863e-12 	 1.9829251065087206e-10 	 -2.089707430379191e-10 	 -1.946866808535115e-10 	 1.7630878446329872e-10 	 -9.849844516769258e-13 	 9.045646373089982e-13 	 
45.08062222375173 	 0.0003861943485466814 	 0.00038503406475998055 	 2.0308901259000737e-8 	 1.0563824967874715e-6 	 -6.396425114138628e-15 	 -1.3799655993478837e-13 	 -2.8913805680995778e-5 	 2.9024476772842376e-5 	 -9.948408654134632e-6 	 9.919025564170768e-6 	 -5.914000262606884e-9 	 5.524880162961606e-9 	 -2.6416743735617253e-8 	 2.81208217383323e-8 	 1.7453595500364357e-8 	 -1.6448672557601344e-8 	 5.289390862108207e-12 	 9.729032487748801e-12 	 4.756995206472757e-12 	 -6.050787340452776e-12 	 2.047042625579483e-10 	 -2.159424037452948e-10 	 -2.021972013775152e-10 	 1.8444591218378497e-10 	 -1.0275484550569318e-12 	 9.426663903481672e-13 	 
45.87509867339686 	 0.00038025364973059766 	 0.00037909252004904813 	 2.065409475179218e-8 	 1.0632051046245955e-6 	 -6.763242315227084e-15 	 -1.4474313406036185e-13 	 -2.8540841828701696e-5 	 2.865287993945301e-5 	 -9.991317480127177e-6 	 9.954179248867346e-6 	 -6.0142049383537214e-9 	 5.61875731368592e-9 	 -2.702312870977e-8 	 2.8796161272170003e-8 	 1.7752164273938365e-8 	 -1.6744367132081926e-8 	 5.50934278806149e-12 	 1.0133128593868002e-11 	 4.776824409628633e-12 	 -6.173616526775499e-12 	 2.1127757786130448e-10 	 -2.231069406345065e-10 	 -2.098654016021059e-10 	 1.929107916348155e-10 	 -1.0718451313554798e-12 	 9.822472176592844e-13 	 
46.68357654533621 	 0.0003742679595354296 	 0.0003731070674373184 	 2.10012400375436e-8 	 1.0709524443649633e-6 	 -7.151489990530046e-15 	 -1.5179866134429414e-13 	 -2.816735916785114e-5 	 2.828075490262637e-5 	 -1.0027438146015931e-5 	 9.980546187977304e-6 	 -6.114960486592864e-9 	 5.71316273259375e-9 	 -2.7661923344701092e-8 	 2.9502718331073715e-8 	 1.8027611139602242e-8 	 -1.701807505346793e-8 	 5.737698201439961e-12 	 1.0552627642748725e-11 	 4.827461164371247e-12 	 -6.336349547735262e-12 	 2.180110584319652e-10 	 -2.3046421046424598e-10 	 -2.1768340212280438e-10 	 2.0171230201769796e-10 	 -1.1179325035440041e-12 	 1.023350905649319e-12 	 
47.50630259304667 	 0.0003682640538864958 	 0.0003671026227709983 	 2.1350221965633846e-8 	 1.079694040671333e-6 	 -7.562447170742325e-15 	 -1.5917603335798168e-13 	 -2.7793226588637623e-5 	 2.7907970571668505e-5 	 -1.0054894990551983e-5 	 9.998041564877118e-6 	 -6.216232795944506e-9 	 5.808064926967724e-9 	 -2.833061806650559e-8 	 3.023712980398177e-8 	 1.8278991830749356e-8 	 -1.7268212442025276e-8 	 5.9747405209066995e-12 	 1.0988046302656685e-11 	 4.9145100810574855e-12 	 -6.544609362404897e-12 	 2.249031008672407e-10 	 -2.380137598666012e-10 	 -2.2564236381269292e-10 	 2.1085916923396647e-10 	 -1.1658694881946304e-12 	 1.0660212903877437e-12 	 
48.34352791865465 	 0.000362307298842025 	 0.000361135083117814 	 2.1700926058581778e-8 	 1.0895004195584908e-6 	 -7.99747121713822e-15 	 -1.6688867775506193e-13 	 -2.7418536376213065e-5 	 2.7534618561302627e-5 	 -1.0072961515185434e-5 	 1.0015338255597385e-5 	 -6.3179879466877465e-9 	 5.903432578684101e-9 	 -2.9025884613951355e-8 	 3.099504276366348e-8 	 1.8506191620212137e-8 	 -1.7493785946421737e-8 	 6.220760922007928e-12 	 1.143991517908436e-11 	 5.043307811081805e-12 	 -6.8035386945634305e-12 	 2.3195201039555466e-10 	 -2.4575491368013224e-10 	 -2.3373252928025e-10 	 2.2035992383684238e-10 	 -1.215715826194314e-12 	 1.1103023746649623e-12 	 
49.195508049574364 	 0.0003564315900744535 	 0.00035524471419860054 	 2.205323180319443e-8 	 1.1004423296688515e-6 	 -8.458001088104577e-15 	 -1.7495059102057953e-13 	 -2.7043629531948996e-5 	 2.7161038208571808e-5 	 -1.0091695807237335e-5 	 1.0036055365547533e-5 	 -6.4201902480484196e-9 	 5.9992327203319326e-9 	 -2.9743444847109028e-8 	 3.177096700772151e-8 	 1.871016175579914e-8 	 -1.7694587013858383e-8 	 6.476058463736464e-12 	 1.19087790177383e-11 	 5.218691318465757e-12 	 -7.117556920570778e-12 	 2.3915615165565627e-10 	 -2.5368691105460355e-10 	 -2.4194329562726806e-10 	 2.3022285845537636e-10 	 -1.2675321743352174e-12 	 1.1562384996836558e-12 	 
50.06250301649657 	 0.000350621830521095 	 0.0003494182915863381 	 2.2407007190312913e-8 	 1.1125897322752332e-6 	 -8.945562973459289e-15 	 -1.8337638415507631e-13 	 -2.666889121087708e-5 	 2.6787612617360188e-5 	 -1.0113425494880265e-5 	 1.0060579996379217e-5 	 -6.522800645397551e-9 	 6.0954292488626975e-9 	 -3.047792239406118e-8 	 3.2558133304908355e-8 	 1.8893184617223785e-8 	 -1.787141570459886e-8 	 6.740940240493348e-12 	 1.2395196966695224e-11 	 5.444817400501189e-12 	 -7.490019266347043e-12 	 2.4651416678179936e-10 	 -2.61809045063476e-10 	 -2.5026332948319205e-10 	 2.4045598264386936e-10 	 -1.321379961237417e-12 	 1.2038742594895364e-12 	 
50.94477743275206 	 0.00034482319237013346 	 0.00034360283295551634 	 2.2762110027328953e-8 	 1.1260105597846612e-6 	 -9.461776241481555e-15 	 -1.9218133954187289e-13 	 -2.629449861061613e-5 	 2.6414517588689354e-5 	 -1.0139015871185794e-5 	 1.0087865275067615e-5 	 -6.625777100759499e-9 	 6.191983284215407e-9 	 -3.122270257767933e-8 	 3.3348329850905275e-8 	 1.9059180719894268e-8 	 -1.802633353589928e-8 	 7.0157215426398576e-12 	 1.2899742843802201e-11 	 5.724824962223466e-12 	 -7.922924611624048e-12 	 2.5402519911448803e-10 	 -2.7012089077465876e-10 	 -2.586807315301913e-10 	 2.510669782913125e-10 	 -1.3773219585175332e-12 	 1.2532546625504081e-12 	 
51.8426005750735 	 0.0003389950270162107 	 0.0003377582457290656 	 2.3118395321261884e-8 	 1.140769163180085e-6 	 -1.0008359687564157e-14 	 -2.0138147479261065e-13 	 -2.5920363959627816e-5 	 2.604166507474487e-5 	 -1.0167506355855655e-5 	 1.011633014830279e-5 	 -6.729076753066976e-9 	 6.288855174240362e-9 	 -3.196977313310028e-8 	 3.413170435062142e-8 	 1.9214092930452863e-8 	 -1.8162953567708643e-8 	 7.300726006571057e-12 	 1.3423005394047118e-11 	 6.060550986713121e-12 	 -8.416412276528923e-12 	 2.616892461456499e-10 	 -2.7862254353270477e-10 	 -2.6718326257669547e-10 	 2.620631550905697e-10 	 -1.435422351216663e-12 	 1.304425211327424e-12 	 
52.75624646578071 	 0.0003331538279408617 	 0.00033190138588375334 	 2.3475721738455243e-8 	 1.1569244391483982e-6 	 -1.058713821591283e-14 	 -2.109936216065345e-13 	 -2.5546343296734768e-5 	 2.5668911273617633e-5 	 -1.0197399712900812e-5 	 1.0144055182974047e-5 	 -6.8326578045791585e-9 	 6.386006252689122e-9 	 -3.27095358557329e-8 	 3.489649864722055e-8 	 1.936636396256939e-8 	 -1.8286796971644578e-8 	 7.596285735422638e-12 	 1.3965588478155717e-11 	 6.452068140595039e-12 	 -8.96830966241985e-12 	 2.6950752018462857e-10 	 -2.8731498756156897e-10 	 -2.757586435392505e-10 	 2.734514082008469e-10 	 -1.495746962185598e-12 	 1.3574326205683469e-12 	 
53.68599395641439 	 0.000327358908680835 	 0.00032609187776520566 	 2.38339500934807e-8 	 1.1745275390899204e-6 	 -1.1200049724929369e-14 	 -2.2103551269183155e-13 	 -2.5172510713728644e-5 	 2.529632963073193e-5 	 -1.022688132668009e-5 	 1.0168863430917342e-5 	 -6.9364790801280096e-9 	 6.4833984274663135e-9 	 -3.3430558989154655e-8 	 3.562884137227662e-8 	 1.9527437288147126e-8 	 -1.8405735867227163e-8 	 7.902741400058879e-12 	 1.4528111236816175e-11 	 6.897230474654807e-12 	 -9.573463793582474e-12 	 2.7748296218417104e-10 	 -2.962004899094753e-10 	 -2.843949435082096e-10 	 2.852381797681349e-10 	 -1.5583634911729843e-12 	 1.4123252410767209e-12 	 
54.63212681284355 	 0.00032164991788165704 	 0.00032036963766206685 	 2.4192934730042536e-8 	 1.1936191281364331e-6 	 -1.1849152860032862e-14 	 -2.315258852732866e-13 	 -2.4799204585170176e-5 	 2.492425658268986e-5 	 -1.0253859355274209e-5 	 1.0188355098232123e-5 	 -7.04049750980428e-9 	 6.580991835722404e-9 	 -3.41193477143551e-8 	 3.6313048081496955e-8 	 1.9711911287320083e-8 	 -1.853047791090704e-8 	 8.220442363871367e-12 	 1.5111208283508164e-11 	 7.39111125717019e-12 	 -1.0223069214288355e-11 	 2.856208021699312e-10 	 -3.0528310871687966e-10 	 -2.9308107247612644e-10 	 2.9742942612738906e-10 	 -1.6233420784125946e-12 	 1.469153985001241e-12 	 
55.59493380187314 	 0.0003160041110883454 	 0.00031471191823077214 	 2.4552516910042487e-8 	 1.2142261063932558e-6 	 -1.2536634469527532e-14 	 -2.4248462163472164e-13 	 -2.4426782794387612e-5 	 2.4553047723917656e-5 	 -1.0276008876369955e-5 	 1.0200180840136322e-5 	 -7.144666194069307e-9 	 6.678743047431161e-9 	 -3.4760502771672124e-8 	 3.6934445719952155e-8 	 1.993568030370434e-8 	 -1.8674810560465666e-8 	 8.54974683348373e-12 	 1.5715529954060314e-11 	 7.925339911693615e-12 	 -1.0904263149800043e-11 	 2.9392900172143294e-10 	 -3.145693217531475e-10 	 -3.018073940569271e-10 	 3.1003059446409685e-10 	 -1.6907563802099972e-12 	 1.5279724243298157e-12 	 
56.5747087793777 	 0.0003103645866260156 	 0.00030905849256335303 	 2.4912528087776798e-8 	 1.2363576990010972e-6 	 -1.3264818297219872e-14 	 -2.5393292020377884e-13 	 -2.405534637095263e-5 	 2.4182802892712293e-5 	 -1.0290965375393736e-5 	 1.020528788249412e-5 	 -7.248935360964791e-9 	 6.776605956259908e-9 	 -3.533871300049768e-8 	 3.749185381114177e-8 	 2.0205924532761007e-8 	 -1.8854438383583504e-8 	 8.89102203882452e-12 	 1.634174260287215e-11 	 8.487581990526772e-12 	 -1.1601458397208263e-11 	 3.024177326736236e-10 	 -3.2406859076272124e-10 	 -3.1056643901544787e-10 	 3.2304661145371123e-10 	 -1.7606840167010254e-12 	 1.5888376302601174e-12 	 
57.57175077998846 	 0.00030470796716837553 	 0.0003033870557820732 	 2.527280017212502e-8 	 1.2600036261632254e-6 	 -1.4036173691023074e-14 	 -2.658934365172719e-13 	 -2.3684759874047076e-5 	 2.381338676632658e-5 	 -1.0297993300823852e-5 	 1.0201874456722783e-5 	 -7.353255366101685e-9 	 6.874534567938895e-9 	 -3.5849681274025363e-8 	 3.7997342308099337e-8 	 2.051962242070551e-8 	 -1.9078619588123903e-8 	 9.244644364651082e-12 	 1.6990528812888963e-11 	 9.062441440899444e-12 	 -1.23001277798266e-11 	 3.110973202042075e-10 	 -3.337931136946549e-10 	 -3.193535590256339e-10 	 3.364819123156569e-10 	 -1.8332075139784874e-12 	 1.651810464839349e-12 	 
58.58636410836086 	 0.0002990920495816164 	 0.00029774181133832874 	 2.5633170456725965e-8 	 1.2851320879754328e-6 	 -1.4853325248796754e-14 	 -2.7839037428890705e-13 	 -2.3314958777450998e-5 	 2.3444734804380887e-5 	 -1.0297320153224803e-5 	 1.020379393960828e-5 	 -7.457578135190034e-9 	 6.972484340250187e-9 	 -3.630425761032617e-8 	 3.8464919672568504e-8 	 2.087132962849487e-8 	 -1.9345556271428003e-8 	 9.610999468489706e-12 	 1.766258756669007e-11 	 9.634983152365298e-12 	 -1.2988658910365193e-11 	 3.199771340990252e-10 	 -3.437557880765443e-10 	 -3.2816722160823297e-10 	 3.5034058511898675e-10 	 -1.908414625582534e-12 	 1.7169553900448724e-12 	 
59.618858432050686 	 0.00029356553986270383 	 0.0002921844079995678 	 2.59934745240278e-8 	 1.3116941098130241e-6 	 -1.571906276638193e-14 	 -2.914495139650049e-13 	 -2.294617714374981e-5 	 2.3077079472495844e-5 	 -1.029997605486436e-5 	 1.0209186094268023e-5 	 -7.561855089402233e-9 	 7.070410253978114e-9 	 -3.6716351444073406e-8 	 3.890785645677253e-8 	 2.1255086678034173e-8 	 -1.965032481058266e-8 	 9.990482355848099e-12 	 1.8358634357860168e-11 	 1.0192948090461042e-11 	 -1.3658509181822976e-11 	 3.2906536304268673e-10 	 -3.539687937993591e-10 	 -3.370088894687312e-10 	 3.646265959715203e-10 	 -1.9863983227294328e-12 	 1.7843400119323972e-12 	 
60.66954887602675 	 0.0002881240408340932 	 0.0002867120469350019 	 2.6353534984196853e-8 	 1.3396408530947702e-6 	 -1.6636351589668323e-14 	 -3.05098193494212e-13 	 -2.2578795280641515e-5 	 2.2710798405211757e-5 	 -1.0306292622645945e-5 	 1.021683773301151e-5 	 -7.666033852401935e-9 	 7.168263751405297e-9 	 -3.70993527788482e-8 	 3.933819352336346e-8 	 2.1664804573198117e-8 	 -1.998733685422685e-8 	 1.0383497555204827e-11 	 1.9079401459586964e-11 	 1.0727110032776066e-11 	 -1.4304156485933112e-11 	 3.383689129438228e-10 	 -3.6444323124374086e-10 	 -3.4588278347196404e-10 	 3.7934391974368355e-10 	 -2.067256318713133e-12 	 1.854034435178485e-12 	 
61.738756118849636 	 0.00028270817087288047 	 0.0002812663457912056 	 2.671316123862673e-8 	 1.368843546149875e-6 	 -1.7608343849987167e-14 	 -3.1936526503798886e-13 	 -2.221298835656715e-5 	 2.2346065038756643e-5 	 -1.031531818087698e-5 	 1.0224930426582797e-5 	 -7.770058180797768e-9 	 7.265992672373926e-9 	 -3.7465469100761655e-8 	 3.976675633547957e-8 	 2.2094291136257888e-8 	 -2.0350834178348185e-8 	 1.0790459280553403e-11 	 1.9825638183864773e-11 	 1.1231150024817822e-11 	 -1.4922921240057043e-11 	 3.478933664557902e-10 	 -3.7518903730004416e-10 	 -3.5479562102168116e-10 	 3.944966258575194e-10 	 -2.1510904242473615e-12 	 1.926110535507924e-12 	 
62.826806490544975 	 0.00027728193474855405 	 0.00027581189221461083 	 2.707216100046251e-8 	 1.3992639693448218e-6 	 -1.8638389667446888e-14 	 -3.3428106659417237e-13 	 -2.184865238420305e-5 	 2.1982775386168474e-5 	 -1.032543549691107e-5 	 1.0231304250862217e-5 	 -7.873871331835475e-9 	 7.363544385600916e-9 	 -3.782570104429955e-8 	 4.020318055347068e-8 	 2.253727022489467e-8 	 -2.0734942067706763e-8 	 1.1211791629863819e-11 	 2.0598111202665037e-11 	 1.1701530362357177e-11 	 -1.5514817532270586e-11 	 3.576429380418245e-10 	 -3.862149031501495e-10 	 -3.637563541041983e-10 	 4.100889492957996e-10 	 -2.2380062600587315e-12 	 2.0006411552445506e-12 	 
63.93403207220191 	 0.00027189261247266057 	 0.00027039652002726913 	 2.743034813856165e-8 	 1.4307828608754249e-6 	 -1.9730049809450357e-14 	 -3.498773895325473e-13 	 -2.14857230112461e-5 	 2.1620865098052303e-5 	 -1.0334661343610212e-5 	 1.0233543352777502e-5 	 -7.977418358397727e-9 	 7.460867920466861e-9 	 -3.818988230522006e-8 	 4.065586361141869e-8 	 2.2987468728696876e-8 	 -2.1133681357594523e-8 	 1.1647928657225369e-11 	 2.139760465666677e-11 	 1.2137315416287827e-11 	 -1.6082338834286404e-11 	 3.6762046198969037e-10 	 -3.9752823481374164e-10 	 -3.7277591714800295e-10 	 4.2612536508943915e-10 	 -2.3281127512888413e-12 	 2.0776997440566946e-12 	 
65.0607707973267 	 0.0002666001929365243 	 0.0002650806023713347 	 2.7787533782075457e-8 	 1.4632902446172446e-6 	 -2.0887108478587762e-14 	 -3.6618744523972726e-13 	 -2.1124453314173816e-5 	 2.126058521783384e-5 	 -1.0340739605279875e-5 	 1.022912125517983e-5 	 -8.080643507797878e-9 	 7.557911548739737e-9 	 -3.8566646635526276e-8 	 4.113192078643455e-8 	 2.3438712473367972e-8 	 -2.1541040126980992e-8 	 1.2099314514976212e-11 	 2.222492044273163e-11 	 1.2539986850759778e-11 	 -1.6630256786042896e-11 	 3.7782738191793947e-10 	 -4.091350987890469e-10 	 -3.8186696861289214e-10 	 4.4261064844897337e-10 	 -2.421521453455528e-12 	 2.1573602888928637e-12 	 
66.20736655498246 	 0.00026139627902007614 	 0.0002598548343953655 	 2.8143512865926077e-8 	 1.496685237114704e-6 	 -2.211358759327314e-14 	 -3.8324583783512253e-13 	 -2.0765217696145272e-5 	 2.0902306967934586e-5 	 -1.0341209590048724e-5 	 1.0216590882441805e-5 	 -8.18348628565107e-9 	 7.654619127888063e-9 	 -3.896338992656485e-8 	 4.1637199610530196e-8 	 2.3884988938815996e-8 	 -2.1951061967597604e-8 	 1.2566403592376997e-11 	 2.308087843933713e-11 	 1.2913262921451682e-11 	 -1.7165366813649732e-11 	 3.882637773718697e-10 	 -4.2104019396971115e-10 	 -3.9104364016024904e-10 	 4.5954993797154337e-10 	 -2.518346068869665e-12 	 2.239696364991767e-12 	 
67.37416929474684 	 0.0002562172310939995 	 0.00025465187224410637 	 2.8498065534430924e-8 	 1.5308404973537935e-6 	 -2.3413761115156712e-14 	 -4.010885433504784e-13 	 -2.0408139905415427e-5 	 2.0546152362578205e-5 	 -1.0333774980984259e-5 	 1.0197490966763722e-5 	 -8.285881864677129e-9 	 7.750930483563849e-9 	 -3.938627883534918e-8 	 4.217630271809288e-8 	 2.432050509491898e-8 	 -2.2357906720739535e-8 	 1.3049660803864527e-11 	 2.396631697457461e-11 	 1.3262881398224057e-11 	 -1.7696277960337592e-11 	 3.9892836585569947e-10 	 -4.332468341190674e-10 	 -4.003212883209669e-10 	 4.769487861588038e-10 	 -2.6187022085785243e-12 	 2.324780558688685e-12 	 
68.5615351335191 	 0.0002510668441850101 	 0.00024946591439729934 	 2.8850972048352375e-8 	 1.5656410441759522e-6 	 -2.479217087179335e-14 	 -4.1975290881422816e-13 	 -2.0053110908399834e-5 	 2.0192012394700106e-5 	 -1.0318172375183234e-5 	 1.0181271272813176e-5 	 -8.387765444354786e-9 	 7.84678546041265e-9 	 -3.984027918429575e-8 	 4.2752551401971785e-8 	 2.4739799005353768e-8 	 -2.2755902555611434e-8 	 1.3549561744586857e-11 	 2.4882093049013765e-11 	 1.3596316625053824e-11 	 -1.8233082406077988e-11 	 4.09818578518769e-10 	 -4.457569851619358e-10 	 -4.097162617809445e-10 	 4.948132188866889e-10 	 -2.722706566155481e-12 	 2.4126848459035776e-12 	 
69.76982646420971 	 0.0002460034430591637 	 0.00024436340815034945 	 2.9202015089374275e-8 	 1.6009757894276019e-6 	 -2.6253642780256003e-14 	 -4.392776268887951e-13 	 -1.9700213993241975e-5 	 1.983996910528735e-5 	 -1.0302632067280059e-5 	 1.0168153483249642e-5 	 -8.489072924959762e-9 	 7.942124548391028e-9 	 -4.0329139785675414e-8 	 4.336787753917142e-8 	 2.513792032584365e-8 	 -2.313963552409097e-8 	 1.4066592871601691e-11 	 2.582908260540826e-11 	 1.392249564939525e-11 	 -1.8787022318252578e-11 	 4.2093066454133593e-10 	 -4.5857129291359767e-10 	 -4.1924566461672824e-10 	 5.131497770497844e-10 	 -2.8304769908396744e-12 	 2.5034791045361975e-12 	 
70.99941206634539 	 0.00024105967882160468 	 0.00023938170777338186 	 2.9550963451550335e-8 	 1.6367047360038684e-6 	 -2.780330417070371e-14 	 -4.597027006977687e-13 	 -1.9349825086991287e-5 	 1.9490394660778807e-5 	 -1.0290336749402441e-5 	 1.015676237342855e-5 	 -8.589736135502024e-9 	 8.036884450995007e-9 	 -4.085530891505912e-8 	 4.402268077394384e-8 	 2.551065450031566e-8 	 -2.3504091348021098e-8 	 1.4601251660384707e-11 	 2.680818074368944e-11 	 1.425162497951754e-11 	 -1.9370157055795614e-11 	 4.3225977632941205e-10 	 -4.716890855869077e-10 	 -4.289271180479854e-10 	 5.319655607583095e-10 	 -2.94213173687739e-12 	 2.5972310644300426e-12 	 
72.25066721862329 	 0.00023617498277103463 	 0.00023446169093331638 	 2.989756180990538e-8 	 1.6727347070857582e-6 	 -2.944660223106675e-14 	 -4.810694026667978e-13 	 -1.9002229876207495e-5 	 1.914357119293003e-5 	 -1.0280607510706639e-5 	 1.014507077778065e-5 	 -8.689679837038e-9 	 8.130995306251489e-9 	 -4.141982592588863e-8 	 4.471567662888265e-8 	 2.585477483601413e-8 	 -2.3844837245241595e-8 	 1.515404698035914e-11 	 2.7820302343496505e-11 	 1.4594722518696735e-11 	 -1.999488694918355e-11 	 4.4380017733705563e-10 	 -4.851085320818232e-10 	 -4.3877853114357547e-10 	 5.512682633337312e-10 	 -3.0577888172505477e-12 	 2.694005519565164e-12 	 
73.52397381344888 	 0.00023130901646629335 	 0.0002295637797025668 	 3.024154444844014e-8 	 1.7089466707841648e-6 	 -3.118932309182116e-14 	 -5.034202556508769e-13 	 -1.8657381071878796e-5 	 1.8799450438450574e-5 	 -1.0271728933887657e-5 	 1.013072398801857e-5 	 -8.78882573690179e-9 	 8.224384417343722e-9 	 -4.2022185189860754e-8 	 4.544370691668541e-8 	 2.6168348290401227e-8 	 -2.415823151044248e-8 	 1.5725499412361933e-11 	 2.8866382568917298e-11 	 1.4963313396612604e-11 	 -2.0673378739036224e-11 	 4.5554551548862445e-10 	 -4.988267482297755e-10 	 -4.488178772577127e-10 	 5.710662081476362e-10 	 -3.177566141566269e-12 	 2.7938649582499234e-12 	 
74.81972047349241 	 0.00022651411705024496 	 0.00022474092369786293 	 3.058264591733659e-8 	 1.7452308827423332e-6 	 -3.3037612456683914e-14 	 -5.267989949907013e-13 	 -1.831528626475852e-5 	 1.845803866323091e-5 	 -1.0261597596928435e-5 	 1.0111118178072958e-5 	 -8.88709560433284e-9 	 8.31697914960462e-9 	 -4.266016923814975e-8 	 4.620145758647092e-8 	 2.6451142527137123e-8 	 -2.4441675761704586e-8 	 1.6316141553079185e-11 	 2.9947377350738986e-11 	 1.5368978101611557e-11 	 -2.1417025603265196e-11 	 4.674891038990625e-10 	 -5.128399957597898e-10 	 -4.5906295864903143e-10 	 5.913683739313505e-10 	 -3.3015812362915926e-12 	 2.896869461553854e-12 	 
76.13830267029941 	 0.00022184053872719757 	 0.00022004359696185504 	 3.092058638347692e-8 	 1.7814870856332375e-6 	 -3.499799657285572e-14 	 -5.51250527224676e-13 	 -1.797626296070573e-5 	 1.811964907243912e-5 	 -1.0247825163632644e-5 	 1.0083750463824193e-5 	 -8.984406982508679e-9 	 8.408702949862099e-9 	 -4.3329632015109605e-8 	 4.698108752939333e-8 	 2.670516062822378e-8 	 -2.4693929291162182e-8 	 1.6926518300728332e-11 	 3.1064263826900967e-11 	 1.58228345921718e-11 	 -2.2235581946709533e-11 	 4.796244141236152e-10 	 -5.271439766576936e-10 	 -4.695311784708849e-10 	 6.121844116927172e-10 	 -3.4299508953163738e-12 	 3.003076176730699e-12 	 
77.48012284499157 	 0.00021723164101129168 	 0.00021541256170070025 	 3.1255056627123966e-8 	 1.8176180886977954e-6 	 -3.707739511871609e-14 	 -5.768209011272038e-13 	 -1.7640590314687415e-5 	 1.778455627493472e-5 	 -1.0227826700021635e-5 	 1.0048735337466598e-5 	 -9.08066879105996e-9 	 8.499471272965001e-9 	 -4.4024215623465096e-8 	 4.7771827970111176e-8 	 2.6935258644062127e-8 	 -2.4915512392997208e-8 	 1.7557187378642304e-11 	 3.2218041219593886e-11 	 1.633486526594475e-11 	 -2.3136224647642675e-11 	 4.91945674985345e-10 	 -5.417342497333302e-10 	 -4.802393135169663e-10 	 6.335246638478236e-10 	 -3.562791833314524e-12 	 3.112539974021522e-12 	 
78.84559053109479 	 0.00021263870217795965 	 0.00021078878099602203 	 3.158573389610731e-8 	 1.8535342560422118e-6 	 -3.928306164040758e-14 	 -6.035572538366943e-13 	 -1.7308154675211222e-5 	 1.7452645596726962e-5 	 -1.0199229797199422e-5 	 1.001410609542148e-5 	 -9.175785961791641e-9 	 8.589195890140346e-9 	 -4.473499365973951e-8 	 4.8559631765193495e-8 	 2.714980724887172e-8 	 -2.51092132598269e-8 	 1.820871989997548e-11 	 3.3409731781620445e-11 	 1.6913152035572347e-11 	 -2.4122388702495635e-11 	 5.044486406470715e-10 	 -5.566067623311755e-10 	 -4.912032794315016e-10 	 6.554001719084455e-10 	 -3.700220592411042e-12 	 3.2253137615536253e-12 	 
80.2351224795317 	 0.00020809402823097474 	 0.00020620607905964144 	 3.191230051211028e-8 	 1.8891323552102846e-6 	 -4.162265036660207e-14 	 -6.315077459783893e-13 	 -1.6978810660627638e-5 	 1.712377124128447e-5 	 -1.0165758490972318e-5 	 9.982171339280709e-6 	 -9.269664881381961e-9 	 8.677789944898976e-9 	 -4.545010049834666e-8 	 4.932676680643871e-8 	 2.7361491414663517e-8 	 -2.5280672616331564e-8 	 1.8881700816768276e-11 	 3.46403815220066e-11 	 1.7562989926568207e-11 	 -2.5192361812107658e-11 	 5.171315705779094e-10 	 -5.717585482023602e-10 	 -5.024378982755977e-10 	 6.778226764333386e-10 	 -3.8423538366202565e-12 	 3.3414489593118156e-12 	 
81.64914278581742 	 0.00020359478552682786 	 0.00020166978574624617 	 3.223443633077415e-8 	 1.924402254920788e-6 	 -4.410433859824222e-14 	 -6.607214985407622e-13 	 -1.6652586055345935e-5 	 1.6797958968888407e-5 	 -1.0134184650999785e-5 	 9.951549809601116e-6 	 -9.36221118125623e-9 	 8.765165905479156e-9 	 -4.615440311574032e-8 	 5.0051383274481935e-8 	 2.758824890943191e-8 	 -2.543902499370146e-8 	 1.9576729359076927e-11 	 3.591106091923547e-11 	 1.8285665948807835e-11 	 -2.6337614895504938e-11 	 5.299964445245613e-10 	 -5.871887003626304e-10 	 -5.139566702862049e-10 	 7.008046099876195e-10 	 -3.989309672183006e-12 	 3.4609979291802973e-12 	 
83.08808301949652 	 0.00019901354227588788 	 0.0001970552348032182 	 3.255182163567286e-8 	 1.959213734594278e-6 	 -4.6736865454328006e-14 	 -6.912485497182108e-13 	 -1.6329204940771038e-5 	 1.647493428427484e-5 	 -1.0104932252427083e-5 	 9.920025334305674e-6 	 -9.453330581250955e-9 	 8.851236351896263e-9 	 -4.68290923797789e-8 	 5.0709337743491136e-8 	 2.7852533341615896e-8 	 -2.5597690004370123e-8 	 2.0294419562024785e-11 	 3.722286577804899e-11 	 1.907712458578061e-11 	 -2.7541011693850874e-11 	 5.430503544084454e-10 	 -6.028995341573073e-10 	 -5.257715346426367e-10 	 7.243590800073419e-10 	 -4.141208936366408e-12 	 3.5840162315710914e-12 	 
84.55238235586127 	 0.00019423014535569066 	 0.0001922431554548869 	 3.286418615600286e-8 	 1.993530348494007e-6 	 -4.952956759033584e-14 	 -7.231397968353747e-13 	 -1.600772943672158e-5 	 1.6153769415392265e-5 	 -1.0076283196038512e-5 	 9.885015250931119e-6 	 -9.5429432428432e-9 	 8.935927289333853e-9 	 -4.7451434356630926e-8 	 5.129282373730399e-8 	 2.8166710873364065e-8 	 -2.577516626482201e-8 	 2.1035400604002146e-11 	 3.8576917742943636e-11 	 1.992627411806505e-11 	 -2.87781427100853e-11 	 5.563052794514885e-10 	 -6.188981033445606e-10 	 -5.378926426061853e-10 	 7.484998544844136e-10 	 -4.2981773069581304e-12 	 3.71056370933145e-12 	 
86.04248770999126 	 0.00018917904755951122 	 0.0001871685864632653 	 3.317136621572729e-8 	 2.027303423656802e-6 	 -5.24924143782799e-14 	 -7.564469204249512e-13 	 -1.568689175244028e-5 	 1.583321334422654e-5 	 -1.0045949959335066e-5 	 9.843666319525245e-6 	 -9.631000516166786e-9 	 9.019193665077573e-9 	 -4.7998641343857465e-8 	 5.181984777171114e-8 	 2.852309131436443e-8 	 -2.5992758717973934e-8 	 2.1800316444659943e-11 	 3.997436346738612e-11 	 2.0813611148648906e-11 	 -3.002645875616661e-11 	 5.697734603997931e-10 	 -6.35197679932082e-10 	 -5.503281284505195e-10 	 7.732413201225853e-10 	 -4.460347183929969e-12 	 3.8407058441672475e-12 	 
87.5588538731551 	 0.00018368131897019804 	 0.0001816525039129435 	 3.3473355602438984e-8 	 2.0604936175728594e-6 	 -5.563604797722651e-14 	 -7.912223078904257e-13 	 -1.5364964828336326e-5 	 1.5511565391679683e-5 	 -1.0011304628922124e-5 	 9.79345478943363e-6 	 -9.717499862452843e-9 	 9.101033173308611e-9 	 -4.8470569156150507e-8 	 5.2311547849754706e-8 	 2.8909812865875167e-8 	 -2.6257076527046392e-8 	 2.258982478984317e-11 	 4.141637234274314e-11 	 2.1714215287250787e-11 	 -3.127071397094146e-11 	 5.834643773154527e-10 	 -6.518165510619672e-10 	 -5.630838884629921e-10 	 7.985984509751976e-10 	 -4.6278606590345454e-12 	 3.974512849360338e-12 	 
89.10194365161628 	 0.00017747200498053573 	 0.00017542489063115553 	 3.377040924128555e-8 	 2.093066858926999e-6 	 -5.897182232998423e-14 	 -8.275190356909032e-13 	 -1.5039161896158673e-5 	 1.5186084719400962e-5 	 -9.969456017049989e-6 	 9.73654414302761e-6 	 -9.802515263651261e-9 	 9.181514392220859e-9 	 -4.8887489990122944e-8 	 5.2786696357173204e-8 	 2.9315052595335388e-8 	 -2.655899866968598e-8 	 2.3404594798640982e-11 	 4.290413199265082e-11 	 2.2606972898885853e-11 	 -3.2503069262621785e-11 	 5.973844633081707e-10 	 -6.687725952672268e-10 	 -5.761633676610788e-10 	 8.245867432347708e-10 	 -4.800869934588e-12 	 4.1120574571408365e-12 	 
90.67222800788498 	 0.0001704177326856786 	 0.00016834433895618556 	 3.406319632962851e-8 	 2.125020596071335e-6 	 -6.25118489632074e-14 	 -8.653908264176706e-13 	 -1.4705817870469696e-5 	 1.4853173500257521e-5 	 -9.919653420075012e-6 	 9.680157938075994e-6 	 -9.88624215824442e-9 	 9.260818337060923e-9 	 -4.9270225234639786e-8 	 5.326143193826564e-8 	 2.9727445543640895e-8 	 -2.6887335883540585e-8 	 2.424530266852631e-11 	 4.443883998557838e-11 	 2.347794780727143e-11 	 -3.372236830910915e-11 	 6.115372553786783e-10 	 -6.860809856235022e-10 	 -5.895673677062866e-10 	 8.512221634501868e-10 	 -4.979536404971934e-12 	 4.253412218571295e-12 	 
92.27018620445939 	 0.00016250193904171435 	 0.00016039282649045125 	 3.435292055670984e-8 	 2.1562859235526342e-6 	 -6.626904102981393e-14 	 -9.04891960226161e-13 	 -1.4361202481532528e-5 	 1.4509182559403293e-5 	 -9.860285046647477e-6 	 9.62413498187385e-6 	 -9.969032782106072e-9 	 9.339271055982881e-9 	 -4.963717396320968e-8 	 5.374918537133259e-8 	 3.0136384735042595e-8 	 -2.7231121713935953e-8 	 2.5112624300218192e-11 	 4.6021690165944644e-11 	 2.432012483111852e-11 	 -3.493334066941285e-11 	 6.25923612149639e-10 	 -7.037540113419076e-10 	 -6.032938699709718e-10 	 8.785210654324945e-10 	 -5.164028031984297e-12 	 4.398647662714934e-12 	 
93.89630595010014 	 0.00015376927039915128 	 0.0001516285116253508 	 3.4641393578551794e-8 	 2.1868521361165447e-6 	 -7.025716437865013e-14 	 -9.460772323023617e-13 	 -1.4001904945656258e-5 	 1.415079207081716e-5 	 -9.80289676709594e-6 	 9.566431380138097e-6 	 -1.0051417856373084e-8 	 9.417363515721619e-9 	 -5.000422146103655e-8 	 5.426059081762488e-8 	 3.053236466294411e-8 	 -2.7579901808686804e-8 	 2.6007225221419293e-11 	 4.7653853920190105e-11 	 2.51326032827255e-11 	 -3.614563728176548e-11 	 6.405420099307418e-10 	 -7.218012132486204e-10 	 -6.173379017000162e-10 	 9.065001125931536e-10 	 -5.35451745301554e-12 	 4.547831321648038e-12 	 
95.55108354868277 	 0.00014457693358764975 	 0.00014240861092240572 	 3.4931058243822373e-8 	 2.2168744351647128e-6 	 -7.449088496974791e-14 	 -9.890019698099656e-13 	 -1.3625700108648553e-5 	 1.3775865028281096e-5 	 -9.745473933665446e-6 	 9.504780916139444e-6 	 -1.013411358631216e-8 	 9.495757830835348e-9 	 -5.038464415829408e-8 	 5.4803530565595234e-8 	 3.0907229532951996e-8 	 -2.792403403607953e-8 	 2.6929747642754117e-11 	 4.9336456155456825e-11 	 2.591988120091289e-11 	 -3.73729227500297e-11 	 6.553888316104655e-10 	 -7.402295116791254e-10 	 -6.316914216350536e-10 	 9.351761673770353e-10 	 -5.551180408314852e-12 	 4.701025616784483e-12 	 
97.23502405067315 	 0.0001355800918284965 	 0.0001333891142086414 	 3.5224853501226494e-8 	 2.246124994401875e-6 	 -7.898582592674292e-14 	 -1.0337220381993434e-12 	 -1.3233131667542045e-5 	 1.3385002547208189e-5 	 -9.686447475721103e-6 	 9.436958908720102e-6 	 -1.0217982273916502e-8 	 9.575250507256495e-9 	 -5.0789065663677826e-8 	 5.5383081295624666e-8 	 3.125450038137133e-8 	 -2.8254965135586598e-8 	 2.7880795705901794e-11 	 5.107054793948676e-11 	 2.6690920439103185e-11 	 -3.863170162057115e-11 	 6.704587741667227e-10 	 -7.590434332992501e-10 	 -6.463433040894091e-10 	 9.645661905778195e-10 	 -5.754193450829489e-12 	 4.858287292392356e-12 	 
98.9486414072729 	 0.0001274387409330833 	 0.0001252300035819935 	 3.552589666849702e-8 	 2.2748643174190417e-6 	 -8.375862139458668e-14 	 -1.0802939219589725e-12 	 -1.2828041063408477e-5 	 1.2982054319139803e-5 	 -9.624205808037687e-6 	 9.361098706807655e-6 	 -1.0303939356700392e-8 	 9.656686123551244e-9 	 -5.1225500885874435e-8 	 5.6001273761990704e-8 	 3.156985373752922e-8 	 -2.8565426583723076e-8 	 2.886092146933571e-11 	 5.28570804991296e-11 	 2.745830116141798e-11 	 -3.994017022833792e-11 	 6.857452646085617e-10 	 -7.782453199193307e-10 	 -6.612793495050526e-10 	 9.946870961466442e-10 	 -5.9637324136367056e-12 	 5.019664938131169e-12 	 
100.69245862728103 	 0.00012077034618408733 	 0.00011854511045473716 	 3.5837095598060965e-8 	 2.3029344905185264e-6 	 -8.882697518899135e-14 	 -1.1287748435153766e-12 	 -1.2417107482413194e-5 	 1.2573653162525485e-5 	 -9.557204599001436e-6 	 9.279493820647457e-6 	 -1.0392839805703358e-8 	 9.740852021959486e-9 	 -5.169928568244673e-8 	 5.665678988300843e-8 	 3.18516698745716e-8 	 -2.8849698856926444e-8 	 2.987061414334465e-11 	 5.469688520912173e-11 	 2.82371667405843e-11 	 -4.1316799969110336e-11 	 7.012410157001123e-10 	 -7.978356317274747e-10 	 -6.764824607328374e-10 	 1.0255556273339341e-9 	 -6.17997165858193e-12 	 5.185197605565146e-12 	 
102.46700793672014 	 0.00011607257140296366 	 0.00011382211748401685 	 3.616073155731905e-8 	 2.330383327291579e-6 	 -9.420972329385362e-14 	 -1.1792229665681887e-12 	 -1.2009344470391291e-5 	 1.2168707281532274e-5 	 -9.484142303400022e-6 	 9.200881112572617e-6 	 -1.0485355813303847e-8 	 9.82836510464849e-9 	 -5.221287299199688e-8 	 5.7344547146937836e-8 	 3.210169304221838e-8 	 -2.910396228565606e-8 	 3.091029456868689e-11 	 5.6590663242710324e-11 	 2.9044196078258365e-11 	 -4.2778690903666986e-11 	 7.169387136844871e-10 	 -8.178132734121231e-10 	 -6.919328930430806e-10 	 1.0571881698767169e-9 	 -6.403081786350429e-12 	 5.354915909329238e-12 	 
104.27283094127554 	 0.00011341684899120661 	 0.0001111320819982905 	 3.649807807965448e-8 	 2.357274790846722e-6 	 -9.992689520089098e-14 	 -1.2316977228742117e-12 	 -1.1614555027635936e-5 	 1.177687051982729e-5 	 -9.406563983774381e-6 	 9.127265912056848e-6 	 -1.058186488668862e-8 	 9.919568452750299e-9 	 -5.276555624295076e-8 	 5.805502019042058e-8 	 3.232595264995595e-8 	 -2.9326704480823355e-8 	 3.1980316426402847e-11 	 5.853898762449293e-11 	 2.989640612456327e-11 	 -4.4339582242435273e-11 	 7.328319016035409e-10 	 -8.381760362124808e-10 	 -7.076087518251763e-10 	 1.0896006047297931e-9 	 -6.633229114258534e-12 	 5.52884074879122e-12 	 
106.11047879159794 	 0.00011255480367480077 	 0.00011023626528228195 	 3.6849220194312646e-8 	 2.3836221840862753e-6 	 -1.0599978536955109e-13 	 -1.2862602953011391e-12 	 -1.1241257040871026e-5 	 1.1406499434986955e-5 	 -9.333348357013629e-6 	 9.058038675695886e-6 	 -1.0682396579250978e-8 	 1.0014482380161591e-8 	 -5.335308166785297e-8 	 5.877342702562973e-8 	 3.253588091533218e-8 	 -2.951922283389088e-8 	 3.3080974417759035e-11 	 6.054231812771211e-11 	 3.080970623892429e-11 	 -4.6007346949768725e-11 	 7.489162057617936e-10 	 -8.589212257828647e-10 	 -7.234866565800518e-10 	 1.1228080746731156e-9 	 -6.870573784133125e-12 	 5.7069838783936185e-12 	 
107.98051235151794 	 0.00011312665269840542 	 0.00011077906355812242 	 3.7213063500545095e-8 	 2.409452014110872e-6 	 -1.1245097012842763e-13 	 -1.3429742132770557e-12 	 -1.0895901712434112e-5 	 1.1063888535210356e-5 	 -9.26730332077094e-6 	 8.991958714927537e-6 	 -1.0786634836382006e-8 	 1.0112807033680029e-8 	 -5.396706428055791e-8 	 5.947896871303012e-8 	 3.2749507016005724e-8 	 -2.9686312751229794e-8 	 3.421251672368723e-11 	 6.260102404224798e-11 	 3.179724080643046e-11 	 -4.778100971719045e-11 	 7.651908590800529e-10 	 -8.800464665850088e-10 	 -7.395427769406433e-10 	 1.1568248047547264e-9 	 -7.11527090269362e-12 	 5.889348090610094e-12 	 
109.8835023692267 	 0.00011455427099950309 	 0.00011218356801001333 	 3.7587461414338874e-8 	 2.4347865348952516e-6 	 -1.193040817108212e-13 	 -1.4019061693674589e-12 	 -1.0582138490299792e-5 	 1.0752555639962075e-5 	 -9.207729434741897e-6 	 8.927219231539709e-6 	 -1.0893954984748128e-8 	 1.0213957066579861e-8 	 -5.459420038358739e-8 	 6.014417718230229e-8 	 3.2992746609220084e-8 	 -2.983719616661071e-8 	 3.5375160772030635e-11 	 6.471541301609151e-11 	 3.286728300070582e-11 	 -4.964713709060392e-11 	 7.816606857131408e-10 	 -9.01550902492295e-10 	 -7.557541798612063e-10 	 1.1916638236228745e-9 	 -7.367470322054485e-12 	 6.075930817981026e-12 	 
111.82002965147176 	 0.00011631734213828129 	 0.00011393527600285402 	 3.796950292628586e-8 	 2.459642139556804e-6 	 -1.2658379959846783e-13 	 -1.4631271488325479e-12 	 -1.030050257654204e-5 	 1.0472946478560964e-5 	 -9.15310752740259e-6 	 8.856556488916486e-6 	 -1.1003507851056429e-8 	 1.0317139845943954e-8 	 -5.5215488285079386e-8 	 6.07450703106966e-8 	 3.32918988885315e-8 	 -2.998656839027028e-8 	 3.656910894740661e-11 	 6.688575977984125e-11 	 3.40206097691972e-11 	 -5.157720234146141e-11 	 7.983377278868652e-10 	 -9.23436845586936e-10 	 -7.721007173406517e-10 	 1.2273367521756831e-9 	 -7.62731842931478e-12 	 6.266728676494656e-12 	 
113.79068524082398 	 0.0001180742328414031 	 0.00011567062703866011 	 3.835581953817034e-8 	 2.4840644169500836e-6 	 -1.3431630568054034e-13 	 -1.5267138675791637e-12 	 -1.0049399800607894e-5 	 1.0223412063364076e-5 	 -9.101313133696057e-6 	 8.799769973801953e-6 	 -1.111430958291268e-8 	 1.0421438828635886e-8 	 -5.580540092541137e-8 	 6.129618874222625e-8 	 3.364406314965501e-8 	 -3.015584936853017e-8 	 3.779456298831066e-11 	 6.911233241700334e-11 	 3.524742212500497e-11 	 -5.3538022106306065e-11 	 8.152361390890184e-10 	 -9.45711934193777e-10 	 -7.885671889035586e-10 	 1.263853489753983e-9 	 -7.894960428808984e-12 	 6.461738388722556e-12 	 
115.79607059606842 	 0.00011945844267728709 	 0.00011703115735845203 	 3.874284131259298e-8 	 2.50791779228339e-6 	 -1.4252951259568027e-13 	 -1.592750265669873e-12 	 -9.825564662328864e-6 	 1.0000666816016724e-5 	 -9.049796847440992e-6 	 8.746418610776709e-6 	 -1.122531662084876e-8 	 1.0525883094159696e-8 	 -5.633470875202203e-8 	 6.182684213932171e-8 	 3.40316716491583e-8 	 -3.0371870453216156e-8 	 3.905173530667538e-11 	 7.139541307625948e-11 	 3.65240275497496e-11 	 -5.550799156217889e-11 	 8.323635212776849e-10 	 -9.68391705647819e-10 	 -8.05145111622442e-10 	 1.3012221392646187e-9 	 -8.170545122355201e-12 	 6.660956225706357e-12 	 
117.83679777577332 	 0.00012032693042816798 	 0.00011786949927741674 	 3.9127059702054066e-8 	 2.5313349125293014e-6 	 -1.5125318210241902e-13 	 -1.6613282703610386e-12 	 -9.624625100871835e-6 	 9.800349815854107e-6 	 -8.998357232669558e-6 	 8.700486738103305e-6 	 -1.1335502745274273e-8 	 1.0629518677667436e-8 	 -5.6801882189785584e-8 	 6.236147248087514e-8 	 3.443743389323426e-8 	 -3.064293115539461e-8 	 4.0340858226871865e-11 	 7.373531512670653e-11 	 3.781661158344949e-11 	 -5.7479004093254887e-11 	 8.497192703064659e-10 	 -9.914979650301922e-10 	 -8.218330757978604e-10 	 1.3394495703024043e-9 	 -8.454228730968035e-12 	 6.8643721034665675e-12 	 
119.91348962509578 	 0.0001206108373385306 	 0.00011812628193521423 	 3.950517900930693e-8 	 2.554217390579374e-6 	 -1.605190327409673e-13 	 -1.732547447063449e-12 	 -9.442212824817462e-6 	 9.618115971114141e-6 	 -8.953580807693776e-6 	 8.659161194328525e-6 	 -1.1443903509412062e-8 	 1.0731449661016119e-8 	 -5.72341876658019e-8 	 6.291856212216289e-8 	 3.484558841413906e-8 	 -3.0954232535337497e-8 	 4.166218888249884e-11 	 7.613239200012011e-11 	 3.9098184679266545e-11 	 -5.945443890853113e-11 	 8.672950017483637e-10 	 -1.0150484827317216e-9 	 -8.386358303937944e-10 	 1.3785425744212915e-9 	 -8.746176569457292e-12 	 7.071962809753549e-12 	 
122.026779965878 	 0.0001202302652790122 	 0.00011772561408612313 	 3.9874213322311894e-8 	 2.5765435054267847e-6 	 -1.7036085434198817e-13 	 -1.806513881220812e-12 	 -9.27378878797161e-6 	 9.449467538832572e-6 	 -8.916268209053261e-6 	 8.619229050629151e-6 	 -1.1549644707945374e-8 	 1.0830864453993921e-8 	 -5.7656992856739636e-8 	 6.351048585294877e-8 	 3.524262866062477e-8 	 -3.1289199546546246e-8 	 4.301601352288925e-11 	 7.858704477565894e-11 	 4.035449438751468e-11 	 -6.144672045042168e-11 	 8.850753831730077e-10 	 -1.0390526177403059e-9 	 -8.55562817745254e-10 	 1.4185088097009219e-9 	 -9.046557520351781e-12 	 7.283689409985894e-12 	 
124.17731379009476 	 0.00011931764284159832 	 0.00011680074616338467 	 4.023157432100206e-8 	 2.5982983705884677e-6 	 -1.8081463581517137e-13 	 -1.8833388660807725e-12 	 -9.115407869610946e-6 	 9.290502543248512e-6 	 -8.883880460871567e-6 	 8.57731263382336e-6 	 -1.1651968219198867e-8 	 1.0927059578827081e-8 	 -5.809016871867946e-8 	 6.414374286318425e-8 	 3.561783716338986e-8 	 -3.163256385921551e-8 	 4.4402647918198765e-11 	 8.109972255492036e-11 	 4.158261323408222e-11 	 -6.347486287887933e-11 	 9.030391737640923e-10 	 -1.0635114898792004e-9 	 -8.726266574085176e-10 	 1.459356957718734e-9 	 -9.35553876256066e-12 	 7.4994937411504e-12 	 
126.36574745671011 	 0.00011784767253135726 	 0.00011532435629241443 	 4.057503949390897e-8 	 2.6193760279132225e-6 	 -1.9191868669525346e-13 	 -1.9631376845594076e-12 	 -8.963689822270449e-6 	 9.137884728818536e-6 	 -8.853517001744118e-6 	 8.532607475884365e-6 	 -1.175022272911795e-8 	 1.101943102044382e-8 	 -5.8548128310315547e-8 	 6.481913128927155e-8 	 3.5963897599900464e-8 	 -3.197092657997546e-8 	 4.582243830007609e-11 	 8.367092380770511e-11 	 4.278884570030033e-11 	 -6.556163687405312e-11 	 9.211606090591325e-10 	 -1.0884186874598495e-9 	 -8.898417650295919e-10 	 1.5010968722669135e-9 	 -9.673282297657651e-12 	 7.719296073241196e-12 	 
128.59274889200225 	 0.00011597495886280027 	 0.00011344146212218966 	 4.090278840904462e-8 	 2.639809945499122e-6 	 -2.0371378018774304e-13 	 -2.0460285038531824e-12 	 -8.815701670792424e-6 	 8.988727943838152e-6 	 -8.822026684834777e-6 	 8.491477003085999e-6 	 -1.1843874473381657e-8 	 1.1107484020445056e-8 	 -5.9040122337138407e-8 	 6.553161464522404e-8 	 3.627774311355719e-8 	 -3.229312211728695e-8 	 4.727575973929403e-11 	 8.630119298366719e-11 	 4.3986663650611254e-11 	 -6.773070671628953e-11 	 9.394109645078013e-10 	 -1.1137611932634174e-9 	 -9.072229918685111e-10 	 1.5437395562353627e-9 	 -9.999940581465754e-12 	 7.942991694568582e-12 	 
130.8589977934205 	 0.00011373650242038727 	 0.0001111868636041856 	 4.1213342455533574e-8 	 2.659536079716039e-6 	 -2.1624328716248938e-13 	 -2.1321312137649753e-12 	 -8.669344153061527e-6 	 8.840970320205004e-6 	 -8.78704162492223e-6 	 8.453786851091384e-6 	 -1.1932489608450543e-8 	 1.1190816702680148e-8 	 -5.9570573664612806e-8 	 6.626992041634332e-8 	 3.65616254342023e-8 	 -3.259048318667556e-8 	 4.876301543310668e-11 	 8.89911187919858e-11 	 4.5194475419518464e-11 	 -7.000315635504397e-11 	 9.57760541428397e-10 	 -1.139520548449771e-9 	 -9.247843925514026e-10 	 1.5872971448049333e-9 	 -1.0335652987764848e-11 	 8.170452914226848e-12 	 
133.16518583703325 	 0.00011121869267009036 	 0.00010864960222166529 	 4.150555151703543e-8 	 2.6785051031772546e-6 	 -2.2955333123313905e-13 	 -2.2215664215055227e-12 	 -8.522780486589995e-6 	 8.6928159399438e-6 	 -8.748533821965234e-6 	 8.416869777845344e-6 	 -1.2015730381471794e-8 	 1.1269116421124132e-8 	 -6.013903456126747e-8 	 6.701550486242495e-8 	 3.68247546132594e-8 	 -3.2857314309731e-8 	 5.028463427015624e-11 	 9.174132925172171e-11 	 4.64334510554287e-11 	 -7.239332178828631e-11 	 9.761810935740716e-10 	 -1.165674117024833e-9 	 -9.4253804405711e-10 	 1.6317829612983558e-9 	 -1.0680543557608953e-11 	 8.401529260404152e-12 	 
135.51201688863299 	 0.00010848895356936061 	 0.00010590748923487428 	 4.1778548173270107e-8 	 2.6967442495372847e-6 	 -2.4369292692422377e-13 	 -2.3144544981359803e-12 	 -8.374927691391074e-6 	 8.543210715959668e-6 	 -8.714003471783394e-6 	 8.37778457533455e-6 	 -1.2093341742841783e-8 	 1.134214730987786e-8 	 -6.073980681374082e-8 	 6.774126580998431e-8 	 3.7085329176517596e-8 	 -3.309161391618184e-8 	 5.1841069685085345e-11 	 9.45524885100372e-11 	 4.7724906241802884e-11 	 -7.490349343426177e-11 	 9.946489492411461e-10 	 -1.1921967059179668e-9 	 -9.60492915572477e-10 	 1.677211351660611e-9 	 -1.1034719867728778e-11 	 8.636049240085983e-12 	 
137.90020721856175 	 0.00010557454513060746 	 0.00010298897936543591 	 4.2031701340507525e-8 	 2.7141755598351243e-6 	 -2.5871406147684144e-13 	 -2.4109146454671493e-12 	 -8.224867759539368e-6 	 8.391267681248388e-6 	 -8.681558426199024e-6 	 8.33349037095579e-6 	 -1.2165137786949548e-8 	 1.140973768611667e-8 	 -6.136117673797716e-8 	 6.841070634071802e-8 	 3.737240534262166e-8 	 -3.3296161206666944e-8 	 5.343279712017464e-11 	 9.74252907322278e-11 	 4.908727958047493e-11 	 -7.751742617616877e-11 	 1.0131488445108119e-9 	 -1.219062581272931e-9 	 -9.78653870984157e-10 	 1.7235976347040497e-9 	 -1.1398273422700213e-11 	 8.87382614353356e-12 	 
140.3304857203213 	 0.00010255951910515894 	 9.997677440894178e-5 	 4.226459894124649e-8 	 2.7308030565082827e-6 	 -2.7467121917719055e-13 	 -2.5110641274784124e-12 	 -8.072160647690327e-6 	 8.23656954825521e-6 	 -8.648763007555462e-6 	 8.282865658671303e-6 	 -1.2230996719786866e-8 	 1.14717753228647e-8 	 -6.198418324728166e-8 	 6.899954405520103e-8 	 3.770980694682413e-8 	 -3.348013593290095e-8 	 5.506031322836196e-11 	 1.0036045799620658e-10 	 5.053210660757763e-11 	 -8.019718762642781e-11 	 1.0316763312038905e-9 	 -1.2462482803471595e-9 	 -9.970207646548545e-10 	 1.7709580345569847e-9 	 -1.1771281044166872e-11 	 9.11466740352737e-12 	 
142.80359413303793 	 9.946048162493048e-5 	 9.687856233906963e-5 	 4.24769951829332e-8 	 2.746619199909785e-6 	 -2.916212259700004e-13 	 -2.6150175392575206e-12 	 -7.916526508903054e-6 	 8.078858461532412e-6 	 -8.613016248059854e-6 	 8.232193631474427e-6 	 -1.2290845407786457e-8 	 1.1528193138790464e-8 	 -6.258127104530557e-8 	 6.95336555632341e-8 	 3.808136706332774e-8 	 -3.366109198408444e-8 	 5.672413333338205e-11 	 1.0335873510670329e-10 	 5.2059065681163455e-11 	 -8.29054757239314e-11 	 1.050227544643542e-9 	 -1.273736271195984e-9 	 -1.0155876536908384e-9 	 1.819309388101003e-9 	 -1.2153809409185913e-11 	 9.358377940322775e-12 	 
145.32028726784566 	 9.634713502015923e-5 	 9.376047425482241e-5 	 4.266880094415003e-8 	 2.7616231081133664e-6 	 -3.0962395663238535e-13 	 -2.7228861571679365e-12 	 -7.757948295009963e-6 	 7.918134378331353e-6 	 -8.57156900133228e-6 	 8.182263318176991e-6 	 -1.2344656599142085e-8 	 1.157896656912172e-8 	 -6.311563112628983e-8 	 7.00451186823258e-8 	 3.846284726093426e-8 	 -3.3866681103677106e-8 	 5.842479107287466e-11 	 1.0642088839304641e-10 	 5.364986548940184e-11 	 -8.562568772779786e-11 	 1.0687891414354122e-9 	 -1.3015197255426017e-9 	 -1.0343421861611505e-9 	 1.868669018774702e-9 	 -1.2545921919223835e-11 	 9.604756243020974e-12 	 
147.88133323826136 	 9.321567777857143e-5 	 9.061995856049039e-5 	 4.2840038544567055e-8 	 2.7758273835076913e-6 	 -3.287436166018523e-13 	 -2.8347774724746292e-12 	 -7.596535889716324e-6 	 7.754522091332737e-6 	 -8.523470737916029e-6 	 8.130842517957601e-6 	 -1.2392435655406269e-8 	 1.1624101295136834e-8 	 -6.35642860496409e-8 	 7.055758479878766e-8 	 3.883348895433525e-8 	 -3.4118519768688896e-8 	 6.016283616723048e-11 	 1.0954770102809665e-10 	 5.526583007230783e-11 	 -8.836027006451916e-11 	 1.0873385031043398e-9 	 -1.329605478452153e-9 	 -1.0532652155703583e-9 	 1.919054516443833e-9 	 -1.2947687990313336e-11 	 9.853582625161599e-12 	 
150.48751369461772 	 9.009981940210939e-5 	 8.749957668951352e-5 	 4.29908398751681e-8 	 2.7892447277097984e-6 	 -3.490492389782713e-13 	 -2.95079493022023e-12 	 -7.432491591827373e-6 	 7.5882372284374624e-6 	 -8.475115799043913e-6 	 8.075460344876635e-6 	 -1.2434220038816798e-8 	 1.166363271865326e-8 	 -6.395343612783915e-8 	 7.108599438675517e-8 	 3.9177164540672446e-8 	 -3.44020373294537e-8 	 6.193883443608864e-11 	 1.1273997244789372e-10 	 5.686943868731642e-11 	 -9.112585750099913e-11 	 1.1058456217910528e-9 	 -1.35800181489383e-9 	 -1.0723306582788491e-9 	 1.970483301875622e-9 	 -1.3359190182175181e-11 	 1.0104613925922109e-11 	 
153.13962406262917 	 8.700386259717567e-5 	 8.440723978101921e-5 	 4.3121414651907426e-8 	 2.801902673954358e-6 	 -3.706149145521984e-13 	 -3.0710378293735985e-12 	 -7.26613739446406e-6 	 7.419611653709771e-6 	 -8.427553684247999e-6 	 8.013534840131909e-6 	 -1.247006999877069e-8 	 1.1697617350113307e-8 	 -6.431461526861864e-8 	 7.163695611287234e-8 	 3.948297309050744e-8 	 -3.469596486577476e-8 	 6.375336579897653e-11 	 1.1599851404345814e-10 	 5.844207408187329e-11 	 -9.394828903537196e-11 	 1.1242752244301587e-9 	 -1.3867070299398254e-9 	 -1.0915056281246925e-9 	 2.022972360877416e-9 	 -1.3780518381478436e-11 	 1.0357579247430892e-11 	 
155.83847378616224 	 8.394850608125923e-5 	 8.136173462639424e-5 	 4.323203911437251e-8 	 2.813827841765234e-6 	 -3.935200755256335e-13 	 -3.1956016578485425e-12 	 -7.097824716674402e-6 	 7.249005752490296e-6 	 -8.378884764302172e-6 	 7.945054512176809e-6 	 -1.2500065266906785e-8 	 1.1726129735902102e-8 	 -6.467180723247686e-8 	 7.2208758414571e-8 	 3.9746119554999286e-8 	 -3.498187954301019e-8 	 6.560702450199845e-11 	 1.1932414891660848e-10 	 5.998251764125265e-11 	 -9.685722647042297e-11 	 1.142589239569351e-9 	 -1.4157093150445298e-9 	 -1.1107509699422217e-9 	 2.0765379192370014e-9 	 -1.4211759974714635e-11 	 1.0612175066338324e-11 	 
158.58488657428276 	 8.094635563553375e-5 	 7.836706103037188e-5 	 4.332304103200789e-8 	 2.825062241573679e-6 	 -4.1784976419822583e-13 	 -3.3245788016162605e-12 	 -6.927940958626666e-6 	 7.076814305839063e-6 	 -8.326951618339411e-6 	 7.876427591269221e-6 	 -1.2524300665384298e-8 	 1.1749258387951346e-8 	 -6.504142072328795e-8 	 7.27907238842915e-8 	 3.99693784861584e-8 	 -3.524488470851216e-8 	 6.750041773461751e-11 	 1.2271770862773445e-10 	 6.150298940531004e-11 	 -9.988010661385655e-11 	 1.1607497290213148e-9 	 -1.444988310720591e-9 	 -1.1300221456440632e-9 	 2.1311948282772324e-9 	 -1.4652993698434466e-11 	 1.0868064916231836e-11 	 
161.37970065265932 	 7.801243561321084e-5 	 7.543586249764615e-5 	 4.339479418030221e-8 	 2.8356342455640173e-6 	 -4.4369492021343145e-13 	 -3.458059914981923e-12 	 -6.756876226509476e-6 	 6.903434177628516e-6 	 -8.2693703192101e-6 	 7.807622065817689e-6 	 -1.2542884498811806e-8 	 1.1767104278245897e-8 	 -6.54326296196599e-8 	 7.336159703422241e-8 	 4.0165520222948663e-8 	 -3.547394387098664e-8 	 6.943416574726638e-11 	 1.2618003267441513e-10 	 6.302509848918947e-11 	 -1.0303476169513819e-10 	 1.1787226033605046e-9 	 -1.4745169321713584e-9 	 -1.14927064422131e-9 	 2.1869561404655987e-9 	 -1.510428197829923e-11 	 1.1124881948202579e-11 	 
164.22376901939475 	 7.515228599082232e-5 	 7.257437269998996e-5 	 4.3447705361284826e-8 	 2.8455871756937624e-6 	 -4.711526866074553e-13 	 -3.5961360215880147e-12 	 -6.5850471352403295e-6 	 6.7292868414225755e-6 	 -8.204849975175123e-6 	 7.736607948591644e-6 	 -1.2555934746915308e-8 	 1.177977731750588e-8 	 -6.584722945698696e-8 	 7.388744055084486e-8 	 4.0360511454200235e-8 	 -3.566256632538442e-8 	 7.14089008527185e-11 	 1.2971196584979095e-10 	 6.457551420202167e-11 	 -1.0631991400002386e-10 	 1.1964825395936433e-9 	 -1.5042635324787651e-9 	 -1.1684460409908155e-9 	 2.2438326768709234e-9 	 -1.556566759501657e-11 	 1.1382231682218032e-11 	 
167.11795970536812 	 7.235991188604072e-5 	 6.978342138748779e-5 	 4.3482206232298096e-8 	 2.8549517449493715e-6 	 -5.00326617305343e-13 	 -3.7389016056441335e-12 	 -6.412849999966644e-6 	 6.554773213977196e-6 	 -8.138020828938652e-6 	 7.661152527644008e-6 	 -1.2563576667019915e-8 	 1.1787394137469245e-8 	 -6.627887023362348e-8 	 7.432712033410803e-8 	 4.0590887999337594e-8 	 -3.581005783935065e-8 	 7.342526751383673e-11 	 1.3331435762491032e-10 	 6.618118975510617e-11 	 -1.0970451251975462e-10 	 1.2140186672826213e-9 	 -1.5341946245845885e-9 	 -1.1874988712128224e-9 	 2.301832143362139e-9 	 -1.6037169315317606e-11 	 1.1639704753313898e-11 	 
170.06315603916474 	 6.96362982457069e-5 	 6.706698807173661e-5 	 4.349875175090764e-8 	 2.8636807976929656e-6 	 -5.313260711413607e-13 	 -3.886459075729216e-12 	 -6.24065957184863e-6 	 6.380272427857392e-6 	 -8.072178133792224e-6 	 7.581581629997856e-6 	 -1.2565942350775998e-8 	 1.1790077663677669e-8 	 -6.671169500750293e-8 	 7.468944007418686e-8 	 4.0856053056984346e-8 	 -3.5923441541237485e-8 	 7.548392186828242e-11 	 1.3698806126813362e-10 	 6.786318362609018e-11 	 -1.1314001739833078e-10 	 1.2313298042859611e-9 	 -1.5642787169727874e-9 	 -1.2063845182160431e-9 	 2.360958379159494e-9 	 -1.6518783726586274e-11 	 1.1896887938535206e-11 	 
173.06025691667327 	 6.698437293766806e-5 	 6.443085759983692e-5 	 4.349781415517606e-8 	 2.872030745846338e-6 	 -5.642657785106745e-13 	 -4.0389243415573795e-12 	 -6.068851666605354e-6 	 6.2061633537666964e-6 	 -8.005486401926859e-6 	 7.492921549075236e-6 	 -1.2563168960288029e-8 	 1.1787955481978029e-8 	 -6.711839905594139e-8 	 7.501501030357765e-8 	 4.112674082434917e-8 	 -3.6020140860992135e-8 	 7.758553138750854e-11 	 1.4073393327445876e-10 	 6.962912880384733e-11 	 -1.16600875025013e-10 	 1.2484057561444154e-9 	 -1.5944914812100063e-9 	 -1.2250664419516692e-9 	 2.4212105524581028e-9 	 -1.7010489827601498e-11 	 1.2153363335658712e-11 	 
176.1101770754371 	 6.441552039586321e-5 	 6.187214455019284e-5 	 4.347987367242644e-8 	 2.8798369747940786e-6 	 -5.99266244053076e-13 	 -4.1964313102009315e-12 	 -5.897782158371026e-6 	 6.0328043555665014e-6 	 -7.93602303046527e-6 	 7.407666057653474e-6 	 -1.2555395991652783e-8 	 1.178115732195006e-8 	 -6.745876872477449e-8 	 7.533384865010075e-8 	 4.137829733558408e-8 	 -3.613059072967424e-8 	 7.973077486749606e-11 	 1.4455283246749388e-10 	 7.146355881344175e-11 	 -1.200898652229996e-10 	 1.2652240678815557e-9 	 -1.6248228441530946e-9 	 -1.2435173483365696e-9 	 2.48258304863764e-9 	 -1.7512260197845756e-11 	 1.2408691448089337e-11 	 
179.2138473738376 	 6.191993960142291e-5 	 5.9382809425565766e-5 	 4.344542261858634e-8 	 2.887009379301056e-6 	 -6.364548187557976e-13 	 -4.35913335475021e-12 	 -5.727744560053103e-6 	 5.860493024041286e-6 	 -7.86164822779396e-6 	 7.3219977795135705e-6 	 -1.254276649799805e-8 	 1.1769816158873981e-8 	 -6.770414617777442e-8 	 7.566354725077651e-8 	 4.159332932614807e-8 	 -3.628194261184102e-8 	 8.192034200059743e-11 	 1.4844561818325463e-10 	 7.332230743553459e-11 	 -1.2362974787818597e-10 	 1.2817531655341577e-9 	 -1.6552823052457743e-9 	 -1.2617181489775234e-9 	 2.545066812158689e-9 	 -1.8024074578830044e-11 	 1.2662401075486085e-11 	 
182.3722150751998 	 5.95041494068641e-5 	 5.6969707288150184e-5 	 4.339497521231751e-8 	 2.893725756586129e-6 	 -6.759670890895365e-13 	 -4.527201038496723e-12 	 -5.559004732902349e-6 	 5.689499547133538e-6 	 -7.780879404037409e-6 	 7.233933110222609e-6 	 -1.2525430009764433e-8 	 1.1754070855632469e-8 	 -6.788557265881108e-8 	 7.60097847056806e-8 	 4.176254593075032e-8 	 -3.645724174242531e-8 	 8.415493310513857e-11 	 1.5241314770941905e-10 	 7.516130589324465e-11 	 -1.2725435814043368e-10 	 1.297956001814381e-9 	 -1.685882704497432e-9 	 -1.279655928999449e-9 	 2.6086521390659933e-9 	 -1.8545933088532793e-11 	 1.2913983274045072e-11 	 
185.58624413690444 	 5.7155010843677394e-5 	 5.462680855657677e-5 	 4.3329059792895484e-8 	 2.8998768072471877e-6 	 -7.179474482365639e-13 	 -4.700817131140128e-12 	 -5.391824504589744e-6 	 5.52008908963655e-6 	 -7.698536303750725e-6 	 7.141306795795581e-6 	 -1.2503540255643094e-8 	 1.1734064049198623e-8 	 -6.804036825691834e-8 	 7.636595722082068e-8 	 4.18863651151016e-8 	 -3.663183802063709e-8 	 8.643525757473176e-11 	 1.564562695062375e-10 	 7.696313881275766e-11 	 -1.3099899668210448e-10 	 1.3137942526229002e-9 	 -1.7166230323303395e-9 	 -1.2973211697426501e-9 	 2.6733311240017893e-9 	 -1.9077846682528984e-11 	 1.316288444905977e-11 	 
188.85691550459407 	 5.486633842071925e-5 	 5.2351583346962255e-5 	 4.3248225860172076e-8 	 2.9055759080917155e-6 	 -7.625496024403368e-13 	 -4.880170733190857e-12 	 -5.226401319495319e-6 	 5.352464734639849e-6 	 -7.6174064680490604e-6 	 7.043145333340406e-6 	 -1.2477257268976478e-8 	 1.170994404011421e-8 	 -6.819509813563775e-8 	 7.671140239271242e-8 	 4.197789479168999e-8 	 -3.6785692762156034e-8 	 8.876203340204269e-11 	 1.6057582033437687e-10 	 7.873385175493381e-11 	 -1.3488904043352386e-10 	 1.3292335347757847e-9 	 -1.7474888271054964e-9 	 -1.3147050364245622e-9 	 2.739098005715647e-9 	 -1.9619821143768743e-11 	 1.340851092652243e-11 	 
192.1852274115662 	 5.265754205818951e-5 	 5.0156434062399406e-5 	 4.315304669213533e-8 	 2.910710728655028e-6 	 -8.09937072950979e-13 	 -5.065451948767645e-12 	 -5.062954972228481e-6 	 5.186849751071377e-6 	 -7.535976637931516e-6 	 6.945060041980259e-6 	 -1.2446748199059105e-8 	 1.1681865484306313e-8 	 -6.836567581073216e-8 	 7.700844567809658e-8 	 4.2067403236618066e-8 	 -3.6904282049755756e-8 	 9.113598457299488e-11 	 1.6477261928257013e-10 	 8.04959273792233e-11 	 -1.389252909066275e-10 	 1.3442503427623937e-9 	 -1.7784551132156109e-9 	 -1.3317972167764128e-9 	 2.8059489614156284e-9 	 -2.017184530427732e-11 	 1.3650231652031761e-11 	 
195.57219568344027 	 5.054444470936074e-5 	 4.805429724100172e-5 	 4.304409236403044e-8 	 2.915323016796254e-6 	 -8.602836191178826e-13 	 -5.25684729654677e-12 	 -4.901754259699325e-6 	 5.023512093053723e-6 	 -7.452458714386178e-6 	 6.848107694526382e-6 	 -1.2412179335045073e-8 	 1.1649982102282353e-8 	 -6.855735841869009e-8 	 7.721505148265598e-8 	 4.219404084937509e-8 	 -3.697949243808034e-8 	 9.355784011650028e-11 	 1.6904746478405535e-10 	 8.228111272028876e-11 	 -1.4306881424761107e-10 	 1.3588395071288726e-9 	 -1.8094899006323565e-9 	 -1.3485839348997248e-9 	 2.873881801390239e-9 	 -2.0733880143378676e-11 	 1.3887396338257365e-11 	 
199.01885404819578 	 4.8527582875340514e-5 	 4.604546074612474e-5 	 4.292189794256538e-8 	 2.919399901357644e-6 	 -9.137726226833892e-13 	 -5.454535973606632e-12 	 -4.743090169250825e-6 	 4.8627383045260465e-6 	 -7.364862496007699e-6 	 6.7505455086241594e-6 	 -1.2373706670577344e-8 	 1.1614438100140369e-8 	 -6.87637849578787e-8 	 7.735524437727328e-8 	 4.234535122471746e-8 	 -3.7011383792621476e-8 	 9.602833338631739e-11 	 1.7340113200004823e-10 	 8.412213651371637e-11 	 -1.472672424374762e-10 	 1.3730035682275088e-9 	 -1.8405587641582408e-9 	 -1.3650465089822871e-9 	 2.942895902282488e-9 	 -2.1305855950526425e-11 	 1.411935053105005e-11 	 
202.5262544516745 	 4.661362960351595e-5 	 4.413736901841497e-5 	 4.278694885681866e-8 	 2.9229918972812975e-6 	 -9.705959533500276e-13 	 -5.658686954316125e-12 	 -4.587235725264659e-6 	 4.7047953598117e-6 	 -7.2720682142683675e-6 	 6.650417640609853e-6 	 -1.2331471529306507e-8 	 1.1575364236713607e-8 	 -6.896511356805752e-8 	 7.747320961224406e-8 	 4.2487934659447226e-8 	 -3.7010925624183865e-8 	 9.854820396681276e-11 	 1.7783437497953296e-10 	 8.604271564660359e-11 	 -1.5150449105805116e-10 	 1.3867307175030248e-9 	 -1.871631022308757e-9 	 -1.3811601743548869e-9 	 3.0129914908352268e-9 	 -2.1887672264477658e-11 	 1.4345427453388595e-11 	 
206.09546737864056 	 4.479865214906453e-5 	 4.2329569620683725e-5 	 4.263965542595819e-8 	 2.926030977332705e-6 	 -1.030954523587543e-12 	 -5.869456739337113e-12 	 -4.4344924654931e-6 	 4.549973883076017e-6 	 -7.17914567683907e-6 	 6.54937813050439e-6 	 -1.228559294540858e-8 	 1.1532870979197147e-8 	 -6.912543172370496e-8 	 7.759664555991705e-8 	 4.2597771995293695e-8 	 -3.700371981769447e-8 	 1.0111820020006452e-10 	 1.8234792985748575e-10 	 8.804486758181027e-11 	 -1.5579818459965466e-10 	 1.3999949628147825e-9 	 -1.902688397378142e-9 	 -1.396893659528072e-9 	 3.0841693018353027e-9 	 -2.24792077702019e-11 	 1.4564924571497594e-11 	 
209.7275821795022 	 4.304492287705932e-5 	 4.059406385368829e-5 	 4.248034654494987e-8 	 2.928418607618937e-6 	 -1.0950590506949618e-12 	 -6.0869882050220315e-12 	 -4.285046839485711e-6 	 4.398453627972716e-6 	 -7.08803460564889e-6 	 6.439736268668777e-6 	 -1.223616570155171e-8 	 1.1487046835236374e-8 	 -6.919794826290199e-8 	 7.773674267555911e-8 	 4.266191998580085e-8 	 -3.7028329915110634e-8 	 1.0373908443352048e-10 	 1.869425229730427e-10 	 9.009451005963492e-11 	 -1.6018553801240403e-10 	 1.4127615745554393e-9 	 -1.933735725952148e-9 	 -1.412209100531972e-9 	 3.156430047457181e-9 	 -2.3080338312997842e-11 	 1.477709380252403e-11 	 
213.42370740278793 	 4.1358904510496734e-5 	 3.892093849030122e-5 	 4.230931976408862e-8 	 2.930634520209668e-6 	 -1.1631334006315254e-12 	 -6.311410686292265e-12 	 -4.138966469387745e-6 	 4.250301527217582e-6 	 -6.9972190149895075e-6 	 6.33588811022478e-6 	 -1.2183275147277985e-8 	 1.1437971871774361e-8 	 -6.919136549390241e-8 	 7.788815111588843e-8 	 4.268033627560076e-8 	 -3.708597306668394e-8 	 1.0641163771802072e-10 	 1.9161887784398192e-10 	 9.213455183111027e-11 	 -1.6470828949124331e-10 	 1.424993246676664e-9 	 -1.964795395744868e-9 	 -1.4270626746813786e-9 	 3.2297740226458325e-9 	 -2.3690962600849325e-11 	 1.498113113773761e-11 	 
217.18497113348542 	 3.973069650765869e-5 	 3.730399992371868e-5 	 4.212686589121372e-8 	 2.932217359982475e-6 	 -1.2354184160258736e-12 	 -6.542841673228215e-12 	 -3.996286173759927e-6 	 4.105552994017488e-6 	 -6.9049541970034895e-6 	 6.232866540916926e-6 	 -1.2127004490125844e-8 	 1.1385724350588027e-8 	 -6.91517992837826e-8 	 7.802670514586647e-8 	 4.266985854480111e-8 	 -3.71472070971152e-8 	 1.0913666175898734e-10 	 1.9637771699007114e-10 	 9.413540354921275e-11 	 -1.6939514958365858e-10 	 1.4366576172424216e-9 	 -1.9958764769505424e-9 	 -1.4414061757307118e-9 	 3.304200206404955e-9 	 -2.4310999341303212e-11 	 1.5176180843932966e-11 	 
221.0125213373401 	 3.814052420554337e-5 	 3.572324750006734e-5 	 4.193328740223672e-8 	 2.933321109410159e-6 	 -1.3121730305210453e-12 	 -6.781390806638861e-12 	 -3.856964374696533e-6 	 3.964172026273622e-6 	 -6.80931114207534e-6 	 6.128824894476926e-6 	 -1.2067440266505445e-8 	 1.1330385684702119e-8 	 -6.911261954724129e-8 	 7.810599930255234e-8 	 4.266979611319702e-8 	 -3.718782454239977e-8 	 1.1191498146508207e-10 	 2.0121976502047243e-10 	 9.6101219057956e-11 	 -1.7423927887659387e-10 	 1.4477372107588238e-9 	 -2.0269687013199616e-9 	 -1.455189821001393e-9 	 3.3797051516342275e-9 	 -2.494036372820971e-11 	 1.5361341477844857e-11 	 
224.90752621122337 	 3.659301103361171e-5 	 3.418470330722445e-5 	 4.172894361100005e-8 	 2.933961566555038e-6 	 -1.3936749735946103e-12 	 -7.027166790092808e-12 	 -3.720907050905456e-6 	 3.82607460939149e-6 	 -6.709823943447876e-6 	 6.021872528760898e-6 	 -1.2004685839801712e-8 	 1.1272052575585334e-8 	 -6.909260804970804e-8 	 7.809876786253823e-8 	 4.2709535720622303e-8 	 -3.719139694641965e-8 	 1.1474744276112232e-10 	 2.061457448986893e-10 	 9.805909941534404e-11 	 -1.7918524733961015e-10 	 1.4582358132129288e-9 	 -2.058047141597099e-9 	 -1.4683665352357084e-9 	 3.4562820181160352e-9 	 -2.557894670400294e-11 	 1.553569357136799e-11 	 
228.87117453967576 	 3.5091680497256465e-5 	 3.2696958398016907e-5 	 4.151424074562395e-8 	 2.9341506857186278e-6 	 -1.4802195407836048e-12 	 -7.2802880628853e-12 	 -3.58809819675291e-6 	 3.69124943849204e-6 	 -6.611884138205981e-6 	 5.912299472474484e-6 	 -1.193885850620908e-8 	 1.1210834312329796e-8 	 -6.90957936268991e-8 	 7.805149033530023e-8 	 4.2756186835199906e-8 	 -3.7150720946635826e-8 	 1.176349110510218e-10 	 2.1115637293468516e-10 	 1.000474077789944e-10 	 -1.8418950254086928e-10 	 1.468154061670724e-9 	 -2.089078138082037e-9 	 -1.4808968233686416e-9 	 3.533918873707117e-9 	 -2.6226602181275422e-11 	 1.5698311228820112e-11 	 
232.90467605773122 	 3.363062386306233e-5 	 3.1249332272552326e-5 	 4.128961169781124e-8 	 2.9338937843017787e-6 	 -1.5721185252693779e-12 	 -7.540894697717427e-12 	 -3.4584964521240516e-6 	 3.55966179361224e-6 	 -6.515931941583218e-6 	 5.80529060894989e-6 	 -1.1870083517997306e-8 	 1.1146847297572253e-8 	 -6.910997897633388e-8 	 7.80040196578317e-8 	 4.277705265647097e-8 	 -3.707049033423603e-8 	 1.205782669701695e-10 	 2.162523428868357e-10 	 1.0210227651320744e-10 	 -1.8925826800489348e-10 	 1.4774730794678143e-9 	 -2.1200270419529736e-9 	 -1.4927514954212645e-9 	 3.612597628753465e-9 	 -2.6883140317833185e-11 	 1.5848236589545454e-11 	 
237.00926182013913 	 3.222325437781659e-5 	 2.9854617145879474e-5 	 4.1055535011419514e-8 	 2.933111606047386e-6 	 -1.6697011193746725e-12 	 -7.809156903603282e-12 	 -3.332064931163944e-6 	 3.431281337338839e-6 	 -6.420488072342167e-6 	 5.70004955365e-6 	 -1.1798499807057366e-8 	 1.108022012411368e-8 	 -6.910398137417988e-8 	 7.79743326530392e-8 	 4.275404523661702e-8 	 -3.697136942291401e-8 	 1.2357840574284467e-10 	 2.214343206230397e-10 	 1.0424121534754014e-10 	 -1.9442991735829751e-10 	 1.4861608869516397e-9 	 -2.1508688140532635e-9 	 -1.5039104253507529e-9 	 3.692293046090647e-9 	 -2.7548332841090686e-11 	 1.5984458849509333e-11 	 
241.18618457708976 	 3.087770731311072e-5 	 2.8520795246480837e-5 	 4.081249928141516e-8 	 2.931981091484379e-6 	 -1.773315127998313e-12 	 -8.08527754500501e-12 	 -3.208847716169079e-6 	 3.3061515714763264e-6 	 -6.3238547114573955e-6 	 5.594848470695218e-6 	 -1.1724249420620385e-8 	 1.1011083981228566e-8 	 -6.902652783094645e-8 	 7.795896772730057e-8 	 4.2685760903690735e-8 	 -3.689342152203773e-8 	 1.266362307327404e-10 	 2.26702930109988e-10 	 1.0644262897277001e-10 	 -1.9975256700774088e-10 	 1.4941811062713627e-9 	 -2.181602388799828e-9 	 -1.5143605145402334e-9 	 3.772974682542156e-9 	 -2.8221935926338568e-11 	 1.6105900698164375e-11 	 
245.43671915656367 	 2.9577834532029976e-5 	 2.723224447529813e-5 	 4.056097746993975e-8 	 2.930289836166e-6 	 -1.883328763739605e-12 	 -8.369487944852853e-12 	 -3.0888511639772725e-6 	 3.1842803861179336e-6 	 -6.224468138091885e-6 	 5.487819373444705e-6 	 -1.1647469845386705e-8 	 1.0939565749591345e-8 	 -6.886388605786035e-8 	 7.793039583770068e-8 	 4.259244679071279e-8 	 -3.685428430226032e-8 	 1.29752655792177e-10 	 2.3205875544532228e-10 	 1.0864375331560581e-10 	 -2.052584725474742e-10 	 1.5015032831704521e-9 	 -2.212255138196472e-9 	 -1.5240929263460883e-9 	 3.854610640078501e-9 	 -2.8903724516771523e-11 	 1.6211420442180848e-11 	 
249.7621628534194 	 2.834314726237971e-5 	 2.600356803196252e-5 	 4.0301456373254324e-8 	 2.9281136384321046e-6 	 -2.0001356247623983e-12 	 -8.66203718659755e-12 	 -2.972065187098038e-6 	 3.0656601051845263e-6 	 -6.122457903898045e-6 	 5.383946461971006e-6 	 -1.1568302862017268e-8 	 1.0865795899392592e-8 	 -6.86664105182231e-8 	 7.783538205099973e-8 	 4.25209531281077e-8 	 -3.6822448063720635e-8 	 1.3292860014323772e-10 	 2.3750232915208775e-10 	 1.1080364113484115e-10 	 -2.1093170879318845e-10 	 1.5081162046687465e-9 	 -2.2428454696598934e-9 	 -1.5330997295067477e-9 	 3.9371718021616075e-9 	 -2.9593503388368695e-11 	 1.6299824752050405e-11 	 
254.16383582533592 	 2.7159915126834326e-5 	 2.483185550292803e-5 	 4.0034393910581167e-8 	 2.9254309256676015e-6 	 -2.124156780077911e-12 	 -8.963177866969395e-12 	 -2.8585543360740785e-6 	 2.9503496883652264e-6 	 -6.023305353946565e-6 	 5.277922207387033e-6 	 -1.1486881755717962e-8 	 1.0789897024096802e-8 	 -6.847327435563565e-8 	 7.766804793821315e-8 	 4.2483727566171805e-8 	 -3.6769755543305794e-8 	 1.3616498982864087e-10 	 2.4303413234583493e-10 	 1.1292599155605477e-10 	 -2.1670641755049225e-10 	 1.514029527408439e-9 	 -2.273366328471283e-9 	 -1.541370685753266e-9 	 4.02063502056236e-9 	 -3.029107499139588e-11 	 1.63699023854676e-11 	 
258.64308149573657 	 2.601536160647833e-5 	 2.3700944351715963e-5 	 3.976022142920653e-8 	 2.922264797162783e-6 	 -2.2558386765065765e-12 	 -9.273152887728315e-12 	 -2.748280989721866e-6 	 2.838314166124565e-6 	 -5.926227778645872e-6 	 5.172313621016513e-6 	 -1.1403331995977599e-8 	 1.0711984465075755e-8 	 -6.830460493870322e-8 	 7.748328250639666e-8 	 4.243851563857353e-8 	 -3.667866889350981e-8 	 1.3946275589797512e-10 	 2.486545888278307e-10 	 1.1504403388695287e-10 	 -2.2255493323063413e-10 	 1.5192396131181303e-9 	 -2.3037918772675545e-9 	 -1.5488903891365857e-9 	 4.104981595415133e-9 	 -3.099620841815365e-11 	 1.64204276454475e-11 	 
263.20126696381004 	 2.493023437417561e-5 	 2.2630129342524215e-5 	 3.9479378217245125e-8 	 2.9185819886462122e-6 	 -2.395652324384351e-12 	 -9.592185747732578e-12 	 -2.6412441486135304e-6 	 2.729551149587385e-6 	 -5.829782272833715e-6 	 5.067157108904782e-6 	 -1.1317781594686535e-8 	 1.063217555891905e-8 	 -6.816103910845444e-8 	 7.731378666508581e-8 	 4.235627998764266e-8 	 -3.6544426323508726e-8 	 1.428228355156266e-10 	 2.543640643266111e-10 	 1.1720269425835163e-10 	 -2.2850519454817985e-10 	 1.523721851611962e-9 	 -2.3340868155836087e-9 	 -1.5556371011578104e-9 	 4.190196559561056e-9 	 -3.170862030527345e-11 	 1.6450122411698142e-11 	 
267.8397834217601 	 2.3889753042006344e-5 	 2.1602890610474272e-5 	 3.919225628965121e-8 	 2.91433415182339e-6 	 -2.544094681463021e-12 	 -9.920474384720532e-12 	 -2.5374637733594787e-6 	 2.6240757083952014e-6 	 -5.732339127742279e-6 	 4.962609228827337e-6 	 -1.1230344523470917e-8 	 1.0550574845572756e-8 	 -6.802151662365214e-8 	 7.716504887922793e-8 	 4.222839536322195e-8 	 -3.63788807559235e-8 	 1.462461690673533e-10 	 2.6016285827564366e-10 	 1.1943793316973184e-10 	 -2.346102393282619e-10 	 1.5274417697473578e-9 	 -2.3642186648791564e-9 	 -1.5615823236290058e-9 	 4.276267515035043e-9 	 -3.242797186157842e-11 	 1.6457636741039238e-11 	 
272.56004657940866 	 2.288410434597015e-5 	 2.0615232564925923e-5 	 3.88992400988628e-8 	 2.909460881268311e-6 	 -2.701690462817052e-12 	 -1.0258189328026133e-11 	 -2.4368656178889027e-6 	 2.52181760664699e-6 	 -5.639630701982963e-6 	 4.858635009847653e-6 	 -1.1141132614624267e-8 	 1.0467284711952072e-8 	 -6.783956201690952e-8 	 7.701371144994372e-8 	 4.207140977594458e-8 	 -3.621598304275046e-8 	 1.4973370394085687e-10 	 2.66051206796013e-10 	 1.2175128274040543e-10 	 -2.4091370756234287e-10 	 1.5303680183388266e-9 	 -2.394174644006991e-9 	 -1.5666919807808869e-9 	 4.363183133858759e-9 	 -3.3153884009936775e-11 	 1.644154119861934e-11 	 
277.36349709627893 	 2.1941111104495103e-5 	 1.968242584232998e-5 	 3.8600712351954376e-8 	 2.9043603506028046e-6 	 -2.868993823439936e-12 	 -1.060547685352474e-11 	 -2.339448995199185e-6 	 2.4227719559752927e-6 	 -5.539710795486571e-6 	 4.755447249936962e-6 	 -1.105025733931123e-8 	 1.0382406930994412e-8 	 -6.757029409506567e-8 	 7.68046230618538e-8 	 4.193380804101631e-8 	 -3.609505124631198e-8 	 1.5328639017593448e-10 	 2.7202926385459357e-10 	 1.240871087558455e-10 	 -2.4740708005288217e-10 	 1.532488715519632e-9 	 -2.4239787463163726e-9 	 -1.5709292310058822e-9 	 4.450932318831536e-9 	 -3.3885979621648885e-11 	 1.640034121744689e-11 	 
282.25160102129786 	 2.1027300865874183e-5 	 1.878158638553114e-5 	 3.829700516315838e-8 	 2.8988026417119954e-6 	 -3.0465942297141313e-12 	 -1.0962468905866692e-11 	 -2.245187252326687e-6 	 2.326909429547619e-6 	 -5.442941789935176e-6 	 4.6530640815012716e-6 	 -1.0957815057732919e-8 	 1.0296029601645526e-8 	 -6.72554440824573e-8 	 7.652829986374928e-8 	 4.1831057859525235e-8 	 -3.599222447416405e-8 	 1.569051826790533e-10 	 2.7809709849181525e-10 	 1.2638473490742666e-10 	 -2.5402032699332285e-10 	 1.5338157308369746e-9 	 -2.45366307886003e-9 	 -1.574260046727082e-9 	 4.53950213847371e-9 	 -3.462391642199033e-11 	 1.6332517037887236e-11 	 
287.22585024024306 	 2.01537753253941e-5 	 1.7921327519456373e-5 	 3.7988464163350395e-8 	 2.8926148391288818e-6 	 -3.2351195998196583e-12 	 -1.1329300123500975e-11 	 -2.1539864076769817e-6 	 2.2341407795461196e-6 	 -5.3467549855222465e-6 	 4.551575633153048e-6 	 -1.086390633909943e-8 	 1.0208244291358968e-8 	 -6.694387488134697e-8 	 7.624293656144728e-8 	 4.17170550069359e-8 	 -3.587336665046669e-8 	 1.6059104195767118e-10 	 2.8425469388915507e-10 	 1.2863861123023036e-10 	 -2.607273519613563e-10 	 1.534346178242759e-9 	 -2.483228851615834e-9 	 -1.5766587645628224e-9 	 4.6288748504794e-9 	 -3.536736066189104e-11 	 1.6236529455256563e-11 	 
292.2877629310785 	 1.9326958982145424e-5 	 1.7107919750202334e-5 	 3.767541555050237e-8 	 2.8858790841563853e-6 	 -3.4352363792107493e-12 	 -1.17061266160458e-11 	 -2.0658535944695942e-6 	 2.1444656233115056e-6 	 -5.251115372115155e-6 	 4.451027691437247e-6 	 -1.0768626040274342e-8 	 1.0119137223539542e-8 	 -6.666043993385637e-8 	 7.597946615975033e-8 	 4.15632152940388e-8 	 -3.571770571590402e-8 	 1.643449298959258e-10 	 2.905019362905848e-10 	 1.3088396345160118e-10 	 -2.675665151352324e-10 	 1.5340541144720076e-9 	 -2.5126517709963083e-9 	 -1.578109269887494e-9 	 4.719026224657776e-9 	 -3.611593932023663e-11 	 1.6110774476063355e-11 	 
297.4388840273143 	 1.8522950849600343e-5 	 1.631767514299187e-5 	 3.7358143129935614e-8 	 2.8783634455230315e-6 	 -3.647650962472299e-12 	 -1.2093139177497e-11 	 -1.9807086832408434e-6 	 2.057805721656398e-6 	 -5.156134430808721e-6 	 4.351548727908097e-6 	 -1.0672056304105742e-8 	 1.0028783166926472e-8 	 -6.640540750193334e-8 	 7.573512706907426e-8 	 4.1367798093637426e-8 	 -3.5520718156037915e-8 	 1.6816781512067457e-10 	 2.9683862129613234e-10 	 1.3317137542328144e-10 	 -2.745976462196016e-10 	 1.5329055718972785e-9 	 -2.5418954061080128e-9 	 -1.5786021491601323e-9 	 4.8099243313230025e-9 	 -3.686921126227307e-11 	 1.5953560850097432e-11 	 
302.6807856895305 	 1.7761771526084927e-5 	 1.557001140889555e-5 	 3.70369608127858e-8 	 2.8707021780251547e-6 	 -3.873112588383766e-12 	 -1.2490568216390848e-11 	 -1.8984691189763057e-6 	 1.974081062502108e-6 	 -5.0618598202269245e-6 	 4.2531485962695145e-6 	 -1.057428852486067e-8 	 9.93726477095314e-9 	 -6.61517853134071e-8 	 7.546962349504062e-8 	 4.11642409981538e-8 	 -3.529892692287735e-8 	 1.7206066861031926e-10 	 3.032644421351411e-10 	 1.3553781622900582e-10 	 -2.818516305735657e-10 	 1.5308765290482878e-9 	 -2.5709285655701537e-9 	 -1.5781316324751463e-9 	 4.901529888318196e-9 	 -3.762666505368537e-11 	 1.576311017426817e-11 	 
308.0150677852139 	 1.703485221477892e-5 	 1.4857029341702842e-5 	 3.6712143221428594e-8 	 2.862271037611096e-6 	 -4.1124149926456445e-12 	 -1.2898680746151361e-11 	 -1.8191268427796407e-6 	 1.8932759683252937e-6 	 -4.968388359218331e-6 	 4.155875550605692e-6 	 -1.047540232188932e-8 	 9.84465405837462e-9 	 -6.584237562867694e-8 	 7.51315314904991e-8 	 4.100064969766549e-8 	 -3.50956461750968e-8 	 1.7602446449708808e-10 	 3.097789872876976e-10 	 1.379710692878046e-10 	 -2.8927858153999295e-10 	 1.5279713886581263e-9 	 -2.599748993598904e-9 	 -1.576692449540406e-9 	 4.993799559706554e-9 	 -3.838774616002539e-11 	 1.5537586803715358e-11 	 
313.44335837704745 	 1.6330092210037912e-5 	 1.4166176943397395e-5 	 3.63839473636751e-8 	 2.8534602017531802e-6 	 -4.366396496243102e-12 	 -1.331776860977343e-11 	 -1.7425709427331251e-6 	 1.8152848967938548e-6 	 -4.875749910557836e-6 	 4.05980327593273e-6 	 -1.037547207373069e-8 	 9.75101821694573e-9 	 -6.545652273295404e-8 	 7.476726744183361e-8 	 4.084431331130483e-8 	 -3.493348225635097e-8 	 1.8006018055302594e-10 	 3.1638173724781583e-10 	 1.4039717064556195e-10 	 -2.9681898632220953e-10 	 1.5241991812670277e-9 	 -2.6283953898187156e-9 	 -1.574277615549695e-9 	 5.086690841863163e-9 	 -3.9151912981306966e-11 	 1.5275139184180436e-11 	 
318.9673142198097 	 1.5666374403068785e-5 	 1.3516581516282417e-5 	 3.605265412112811e-8 	 2.8440978819431943e-6 	 -4.635944036529236e-12 	 -1.3748128788788866e-11 	 -1.6687470820988453e-6 	 1.7400516851052454e-6 	 -4.784033849746421e-6 	 3.964966161541031e-6 	 -1.0274579548909095e-8 	 9.656430631130845e-9 	 -6.505353545298303e-8 	 7.44225992513205e-8 	 4.0654319870543975e-8 	 -3.477392449875363e-8 	 1.8416879748906725e-10 	 3.230720543751351e-10 	 1.4277218763873071e-10 	 -3.044968070803196e-10 	 1.5195409453781242e-9 	 -2.65689315992382e-9 	 -1.5708761475730757e-9 	 5.180166669957088e-9 	 -3.991865872153405e-11 	 1.4973859967598327e-11 	 
324.5886212660263 	 1.5025638665304235e-5 	 1.2890232824708687e-5 	 3.571849339067452e-8 	 2.8341337053731967e-6 	 -4.922000236951458e-12 	 -1.4190041030561753e-11 	 -1.5976163592689312e-6 	 1.6675326482130717e-6 	 -4.693216396449772e-6 	 3.871359056236596e-6 	 -1.017279112355538e-8 	 9.560950972703064e-9 	 -6.467434543644453e-8 	 7.410235675321525e-8 	 4.0422405124696163e-8 	 -3.458611721289284e-8 	 1.8835129626356102e-10 	 3.2984915427776256e-10 	 1.4511619371199114e-10 	 -3.1237663672572314e-10 	 1.5139638822671823e-9 	 -2.68522982268857e-9 	 -1.566471345568617e-9 	 5.274199048883189e-9 	 -4.068745539835189e-11 	 1.4631749236068003e-11 	 
330.30899518053633 	 1.4410358377455732e-5 	 1.2289289354674158e-5 	 3.538170591048002e-8 	 2.8238448353266994e-6 	 -5.225567255319273e-12 	 -1.4643752148625446e-11 	 -1.529062950911898e-6 	 1.5976183309013843e-6 	 -4.603383738961792e-6 	 3.77910480104029e-6 	 -1.0070176575526464e-8 	 9.464641648983474e-9 	 -6.4330056387786e-8 	 7.376735437477895e-8 	 4.0181127823038004e-8 	 -3.435787415448849e-8 	 1.9260866241107982e-10 	 3.367121014513032e-10 	 1.4748220711177123e-10 	 -3.2049827437442527e-10 	 1.507443221023984e-9 	 -2.7133703788756764e-9 	 -1.5610415032142982e-9 	 5.368767028641367e-9 	 -4.145770450830234e-11 	 1.4246707147836674e-11 	 
336.13018186412717 	 1.3828613559643744e-5 	 1.1722330656546064e-5 	 3.504253502988186e-8 	 2.812827502097996e-6 	 -5.547708540814273e-12 	 -1.5109473213163397e-11 	 -1.4630526581601665e-6 	 1.5302691033998496e-6 	 -4.5146455099923005e-6 	 3.6882160535542973e-6 	 -9.966806623711981e-9 	 9.36756559989924e-9 	 -6.400000631793145e-8 	 7.336459998829156e-8 	 3.9980265137660324e-8 	 -3.410037645147629e-8 	 1.9694188076678089e-10 	 3.436598009197398e-10 	 1.4991915311910264e-10 	 -3.2881042634695543e-10 	 1.4999840723755204e-9 	 -2.7412786784431247e-9 	 -1.5545641208789297e-9 	 5.46385348254152e-9 	 -4.222871366424714e-11 	 1.3816566758419855e-11 	 
342.05395798639364 	 1.326493875218437e-5 	 1.1173459794297269e-5 	 3.470118323303204e-8 	 2.8013703726841753e-6 	 -5.88954773021197e-12 	 -1.558739188820771e-11 	 -1.3995104889331517e-6 	 1.4654101413548704e-6 	 -4.4269043706311356e-6 	 3.598709682881999e-6 	 -9.862739608782316e-9 	 9.26977477538969e-9 	 -6.362756851544634e-8 	 7.294457277708328e-8 	 3.978253291096454e-8 	 -3.3855281240247966e-8 	 2.0135193534052358e-10 	 3.5069099926187527e-10 	 1.5242732331772718e-10 	 -3.3725453118938017e-10 	 1.4915950419797225e-9 	 -2.768946126428395e-9 	 -1.5470223941591152e-9 	 5.55944147102095e-9 	 -4.299972339152017e-11 	 1.3339142215428411e-11 	 
348.082131527994 	 1.2730271285073304e-5 	 1.0653815710519402e-5 	 3.4357873413296424e-8 	 2.789351640367553e-6 	 -6.252265159601571e-12 	 -1.607769494248727e-11 	 -1.338352257813657e-6 	 1.4029592890021832e-6 	 -4.340255392863688e-6 	 3.510594026842277e-6 	 -9.758040217829607e-9 	 9.171326385228572e-9 	 -6.317970692609255e-8 	 7.255035871062455e-8 	 3.954786783967444e-8 	 -3.36537768899975e-8 	 2.0583981518177786e-10 	 3.5780429105000614e-10 	 1.5493139564365453e-10 	 -3.4586680462723783e-10 	 1.4822548028166817e-9 	 -2.7964129879331413e-9 	 -1.5384085408968896e-9 	 5.655512485692643e-9 	 -4.376997223247309e-11 	 1.281217973341563e-11 	 
354.2165423324566 	 1.2216125751719215e-5 	 1.0154831387936775e-5 	 3.401280280464348e-8 	 2.7769204972423257e-6 	 -6.637112848979642e-12 	 -1.6580588899891358e-11 	 -1.2795316802717027e-6 	 1.342866062213823e-6 	 -4.254722934998405e-6 	 3.4238563488643645e-6 	 -9.652765418317012e-9 	 9.072270681583175e-9 	 -6.271753049924754e-8 	 7.217612816026681e-8 	 3.927726978165485e-8 	 -3.3456191453895366e-8 	 2.1040650064465868e-10 	 3.649980889927288e-10 	 1.5738014132670287e-10 	 -3.54717409298947e-10 	 1.471931318346717e-9 	 -2.823710302112655e-9 	 -1.5287202299034137e-9 	 5.752041687675164e-9 	 -4.453873982339821e-11 	 1.2233321249265115e-11 	 
360.45906266771465 	 1.1724302707711504e-5 	 9.678459487447554e-6 	 3.3666170357448294e-8 	 2.763933645483305e-6 	 -7.045426621271314e-12 	 -1.709631074769288e-11 	 -1.2229515931214413e-6 	 1.2850376749419505e-6 	 -4.1703359306452835e-6 	 3.338529313712785e-6 	 -9.546972778837607e-9 	 8.972658213893075e-9 	 -6.228455176663303e-8 	 7.176431936419862e-8 	 3.902170111073309e-8 	 -3.3229493544433055e-8 	 2.1505298201187242e-10 	 3.7227065079548894e-10 	 1.597978890212447e-10 	 -3.6382099607344927e-10 	 1.4606096303131985e-9 	 -2.8508242390545406e-9 	 -1.5179569197801657e-9 	 5.848996848262621e-9 	 -4.530527663780183e-11 	 1.1600104772015993e-11 	 
366.81159779753773 	 1.1255923108473041e-5 	 9.225776038809101e-6 	 3.3318166143034617e-8 	 2.750445609112367e-6 	 -7.478628767661136e-12 	 -1.7625130530737216e-11 	 -1.168576120667344e-6 	 1.2294323094114855e-6 	 -4.087129401534538e-6 	 3.2546364631891145e-6 	 -9.44071731784087e-9 	 8.872536977811028e-9 	 -6.188827339337073e-8 	 7.130157149165076e-8 	 3.8799656276789826e-8 	 -3.2963825453860916e-8 	 2.1978023191571686e-10 	 3.79620001084986e-10 	 1.622446981275726e-10 	 -3.7309772879822434e-10 	 1.4483039222245256e-9 	 -2.877716170976093e-9 	 -1.5061158588924708e-9 	 5.946338812376357e-9 	 -4.606874078145268e-11 	 1.0910021654590286e-11 	 
373.2760865630298 	 1.0801661679249497e-5 	 8.787409008969082e-6 	 3.296896505912411e-8 	 2.736453421342311e-6 	 -7.93822068649391e-12 	 -1.8167347192726805e-11 	 -1.1163011706137529e-6 	 1.1759519307649903e-6 	 -4.005121625664181e-6 	 3.1722190364664753e-6 	 -9.334049411546571e-9 	 8.77195074129178e-9 	 -6.149756368672639e-8 	 7.085224846876925e-8 	 3.8555473749442296e-8 	 -3.267852661049496e-8 	 2.245892398265828e-10 	 3.87043963785808e-10 	 1.6476647693872685e-10 	 -3.8253591535494326e-10 	 1.4350086576634038e-9 	 -2.9043520462145105e-9 	 -1.4931902147568804e-9 	 6.044022725558093e-9 	 -4.6828173448248916e-11 	 1.0160528594985074e-11 	 
379.8545019743811 	 1.0377948857064676e-5 	 8.379864406052978e-6 	 3.261875929187124e-8 	 2.7218841276529013e-6 	 -8.425784127100795e-12 	 -1.8723278709336242e-11 	 -1.0660961522634966e-6 	 1.1245591879584323e-6 	 -3.924309356109673e-6 	 3.091264443301678e-6 	 -9.227025014139599e-9 	 8.67094757252033e-9 	 -6.104537119978765e-8 	 7.043258988958898e-8 	 3.827076544281412e-8 	 -3.2425021255797284e-8 	 2.2948096575432797e-10 	 3.9454007132885006e-10 	 1.6733686543900957e-10 	 -3.92205797829156e-10 	 1.420694294423988e-9 	 -2.9307407030890526e-9 	 -1.4791687588746922e-9 	 6.1420014374206344e-9 	 -4.758254808152064e-11 	 9.348981129437833e-12 	 
386.5488518130427 	 9.95682717945946e-6 	 7.975011106850056e-6 	 3.2267682988210204e-8 	 2.706940590162993e-6 	 -8.942991154518723e-12 	 -1.929324699455149e-11 	 -1.0178744693972143e-6 	 1.0751706756299324e-6 	 -3.8447306392581075e-6 	 3.01179526827369e-6 	 -9.119682089740425e-9 	 8.569560032763976e-9 	 -6.054132632868271e-8 	 6.999875436269912e-8 	 3.7982604187073264e-8 	 -3.220372661626876e-8 	 2.344563953603772e-10 	 4.021056604191636e-10 	 1.6986796608045136e-10 	 -4.021542539855283e-10 	 1.4053381444770777e-9 	 -2.9569331621571804e-9 	 -1.4640375590172965e-9 	 6.240231950884483e-9 	 -4.833086334715027e-11 	 8.472621495232265e-12 	 
393.36117924451753 	 9.569655767592019e-6 	 7.604403530668856e-6 	 3.191594604482215e-8 	 2.6914641445475644e-6 	 -9.49162236429001e-12 	 -1.987756241615746e-11 	 -9.715530182378485e-7 	 1.027707085988281e-6 	 -3.766396523153438e-6 	 2.9337999552060472e-6 	 -9.012082388719915e-9 	 8.467840343030548e-9 	 -6.005113630607967e-8 	 6.950797779274701e-8 	 3.7735354643153315e-8 	 -3.196858395294491e-8 	 2.395164736349692e-10 	 4.0973775523100146e-10 	 1.7234349738017417e-10 	 -4.123139989291179e-10 	 1.3889501179765578e-9 	 -2.9829413084348683e-9 	 -1.4477837604195313e-9 	 6.338680321638548e-9 	 -4.9072136750193475e-11 	 7.528619997990189e-12 	 
400.2935634419512 	 9.189916377281316e-6 	 7.2413960083061285e-6 	 3.156366117640138e-8 	 2.675572877738835e-6 	 -1.0073565955427703e-11 	 -2.0476520562213812e-11 	 -9.271387076984588e-7 	 9.821605310161484e-7 	 -3.689316868246217e-6 	 2.8573070977816182e-6 	 -8.904257436206828e-9 	 8.365814950915724e-9 	 -5.9601438386761424e-8 	 6.902417440117984e-8 	 3.747398388293035e-8 	 -3.16966426505953e-8 	 2.446621735332387e-10 	 4.174331941465299e-10 	 1.748166523501105e-10 	 -4.2264857742508965e-10 	 1.3715321048510747e-9 	 -3.0087333030797986e-9 	 -1.4304028345058337e-9 	 6.4373243050625405e-9 	 -4.98053050946094e-11 	 6.514122077596104e-12 	 
407.3481202207082 	 8.823134491588522e-6 	 6.891670397522955e-6 	 3.121099285677689e-8 	 2.659150090620413e-6 	 -1.0690816400817056e-11 	 -2.109041357944219e-11 	 -8.844592323324778e-7 	 9.383809707095202e-7 	 -3.6134547126059825e-6 	 2.782209908588936e-6 	 -8.796255118714771e-9 	 8.263523645513922e-9 	 -5.9175389612075014e-8 	 6.857196728062593e-8 	 3.717268306618662e-8 	 -3.139580909613048e-8 	 2.498944236554175e-10 	 4.2518847847694636e-10 	 1.7735006727373276e-10 	 -4.33227430098128e-10 	 1.3530572228610323e-9 	 -3.0342671572613873e-9 	 -1.4118982108018043e-9 	 6.536142885255351e-9 	 -5.052916145839406e-11 	 5.426175052972509e-12 	 
414.5270026841376 	 8.488400029884383e-6 	 6.57423807550193e-6 	 3.085811537052882e-8 	 2.6422344125847816e-6 	 -1.134548087687232e-11 	 -2.1719543013614057e-11 	 -8.435649807573939e-7 	 8.96395533093533e-7 	 -3.538805984944765e-6 	 2.708556569827798e-6 	 -8.68812643975752e-9 	 8.161008542139835e-9 	 -5.870912294279797e-8 	 6.81070605173671e-8 	 3.6869471943761e-8 	 -3.1112820403178555e-8 	 2.552141809088974e-10 	 4.3299985032277167e-10 	 1.799457834863639e-10 	 -4.441025310495328e-10 	 1.3335035654968407e-9 	 -3.0595348300581697e-9 	 -1.3922766641336942e-9 	 6.635114340238285e-9 	 -5.1242390525865843e-11 	 4.261709639475264e-12 	 
421.8324018807136 	 8.143947836320297e-6 	 6.247161723294955e-6 	 3.050509644896507e-8 	 2.6249967387621853e-6 	 -1.2039785901856153e-11 	 -2.2364223581320862e-11 	 -8.043288416362522e-7 	 8.560904553082e-7 	 -3.4654267516315855e-6 	 2.6363898608294904e-6 	 -8.579889289660797e-9 	 8.058283636199476e-9 	 -5.8180482016320456e-8 	 6.759083330470074e-8 	 3.660523345188352e-8 	 -3.0870857915035495e-8 	 2.6062234434102815e-10 	 4.4086311762482496e-10 	 1.825142452350005e-10 	 -4.552018243073152e-10 	 1.312882058436331e-9 	 -3.0845874471728373e-9 	 -1.3715418511111107e-9 	 6.734213226246872e-9 	 -5.194367082832714e-11 	 3.017583588431091e-12 	 
429.266547472761 	 7.836634340655784e-6 	 5.9575007022166765e-6 	 3.0152155844107485e-8 	 2.607291421729695e-6 	 -1.2776091299050567e-11 	 -2.302478149431271e-11 	 -7.666852455133027e-7 	 8.174024745328277e-7 	 -3.3933390200408467e-6 	 2.565686844815611e-6 	 -8.471609212783703e-9 	 7.955402444710962e-9 	 -5.765995015656916e-8 	 6.708965928797803e-8 	 3.632106304472777e-8 	 -3.0621688352732135e-8 	 2.6611985983912454e-10 	 4.487738385963875e-10 	 1.8501855171359188e-10 	 -4.665001186627711e-10 	 1.2911919459661958e-9 	 -3.1094497146242643e-9 	 -1.3496912610713144e-9 	 6.833408871380198e-9 	 -5.26317122652587e-11 	 1.6906276076716889e-12 	 
436.8317084169661 	 7.529596165228305e-6 	 5.6682987160339165e-6 	 2.9799357844346565e-8 	 2.5892132159496924e-6 	 -1.355690396126281e-11 	 -2.3701551047340622e-11 	 -7.306518844962436e-7 	 7.803313711170462e-7 	 -3.3224898101143304e-6 	 2.4964194574538255e-6 	 -8.363303301012943e-9 	 7.852377602454127e-9 	 -5.7181391752491606e-8 	 6.661757764980574e-8 	 3.600003931867799e-8 	 -3.033740259166739e-8 	 2.717075827452807e-10 	 4.5672707089822344e-10 	 1.8751046776449007e-10 	 -4.780777622735731e-10 	 1.268406184125879e-9 	 -3.1340917402855835e-9 	 -1.3267157684327185e-9 	 6.932664502983431e-9 	 -5.330513735734872e-11 	 2.775691283430666e-13 	 
444.53019365687624 	 7.237192137363202e-6 	 5.394152382802937e-6 	 2.9446844683831942e-8 	 2.5704284914640636e-6 	 -1.4384880430798485e-11 	 -2.4394875421745224e-11 	 -6.960713313138484e-7 	 7.447432768450507e-7 	 -3.2528464641065762e-6 	 2.428623190107031e-6 	 -8.255012977882053e-9 	 7.749241885524943e-9 	 -5.6728548293720354e-8 	 6.611408269577171e-8 	 3.569772614395796e-8 	 -3.0025354913385326e-8 	 2.773864396001872e-10 	 4.6471765706889935e-10 	 1.9005803575089052e-10 	 -4.899602209252951e-10 	 1.2445117367345147e-9 	 -3.158468971072982e-9 	 -1.3026030292804646e-9 	 7.031937838259573e-9 	 -5.3962409344683293e-11 	 -1.2249804924816744e-12 	 
452.36435282761 	 6.962163345033144e-6 	 5.137338089325171e-6 	 2.9094750981208098e-8 	 2.551448921062588e-6 	 -1.5262823596684714e-11 	 -2.5105116805218446e-11 	 -6.629754021660046e-7 	 7.106494690646392e-7 	 -3.1844796544921734e-6 	 2.362318073613154e-6 	 -8.146777810262317e-9 	 7.646025708531603e-9 	 -5.623316814465749e-8 	 6.558083426032289e-8 	 3.541836427651541e-8 	 -2.9735671196623108e-8 	 2.83157248288148e-10 	 4.727398676257105e-10 	 1.9265985070462663e-10 	 -5.020601874686381e-10 	 1.219522958731071e-9 	 -3.1825759631151822e-9 	 -1.277345995621149e-9 	 7.131183021181571e-9 	 -5.460185410071575e-11 	 -2.820455091278902e-12 	 
460.3365769729802 	 6.692937959786024e-6 	 4.886701451129756e-6 	 2.8743165034449284e-8 	 2.532034874306372e-6 	 -1.619368830095103e-11 	 -2.5832675084930933e-11 	 -6.312557840596564e-7 	 6.779546754497882e-7 	 -3.117403456833101e-6 	 2.2973285362558143e-6 	 -8.038622486973846e-9 	 7.54274709584023e-9 	 -5.568442755270917e-8 	 6.507808294135892e-8 	 3.510473734315445e-8 	 -2.9483249231029977e-8 	 2.890208928834072e-10 	 4.807876591230592e-10 	 1.9521939782105442e-10 	 -5.1440480288929e-10 	 1.193427526990417e-9 	 -3.2064691345716536e-9 	 -1.250947854151636e-9 	 7.230357198231765e-9 	 -5.5221792592588176e-11 	 -4.5123344981375885e-12 	 
468.4492992752599 	 6.4395724995971654e-6 	 4.6521286854389e-6 	 2.8392210986707848e-8 	 2.5122944165588424e-6 	 -1.7180617659797552e-11 	 -2.6577992423287572e-11 	 -6.008996497839631e-7 	 6.466362581932483e-7 	 -3.051545334569318e-6 	 2.2336819200502434e-6 	 -7.930583551663507e-9 	 7.439432930412557e-9 	 -5.515503824021304e-8 	 6.458385067011817e-8 	 3.477275285250664e-8 	 -2.9217052296089065e-8 	 2.949781520311726e-10 	 4.888543562315295e-10 	 1.9771382732118064e-10 	 -5.270754082666159e-10 	 1.1662013938394413e-9 	 -3.230165471048751e-9 	 -1.2234210263409837e-9 	 7.329427916102882e-9 	 -5.582055983087005e-11 	 -6.3042125233440746e-12 	 
476.7049957978088 	 6.191799308268983e-6 	 4.423481820787736e-6 	 2.8041987031233714e-8 	 2.492022104725608e-6 	 -1.822694232555177e-11 	 -2.73415369791579e-11 	 -5.718135910521555e-7 	 6.166118180036724e-7 	 -2.986919337789823e-6 	 2.1714560744134516e-6 	 -7.822689144122074e-9 	 7.336102986369931e-9 	 -5.466992432429607e-8 	 6.404133082455828e-8 	 3.448269332346817e-8 	 -2.8914883055197432e-8 	 3.010298613763307e-10 	 4.969329411296473e-10 	 2.0020896427481602e-10 	 -5.400210389279993e-10 	 1.1378503482373092e-9 	 -3.2536261968196796e-9 	 -1.1947764539795897e-9 	 7.42836773193187e-9 	 -5.639636841127353e-11 	 -8.199771025592304e-12 	 
485.10618624078336 	 5.963531780809359e-6 	 4.214268310307713e-6 	 2.7692605965011026e-8 	 2.471625477033869e-6 	 -1.9336175200443673e-11 	 -2.81237784538325e-11 	 -5.440078081564211e-7 	 5.878757826709101e-7 	 -2.923505228491056e-6 	 2.110628912185983e-6 	 -7.714972575426755e-9 	 7.232780353148953e-9 	 -5.419587215492524e-8 	 6.351315667943873e-8 	 3.417497542348778e-8 	 -2.8597190680384207e-8 	 3.0717674524361094e-10 	 5.050157499562197e-10 	 2.0276613285286036e-10 	 -5.532004445519814e-10 	 1.1083784381232398e-9 	 -3.2768099319994964e-9 	 -1.165018527134005e-9 	 7.52715397120532e-9 	 -5.694722525961791e-11 	 -1.0202706768778844e-11 	 
493.65543471017156 	 5.7301303071204256e-6 	 4.000032206420127e-6 	 2.7344125294978063e-8 	 2.450847906682622e-6 	 -2.051202012090965e-11 	 -2.892517053418182e-11 	 -5.173706336764768e-7 	 5.6033350442077e-7 	 -2.8612702044153e-6 	 2.0512092539979072e-6 	 -7.607449218471128e-9 	 7.129473507603125e-9 	 -5.365991543852431e-8 	 6.301162029110112e-8 	 3.383493906427814e-8 	 -2.8320094073325457e-8 	 3.1341958250976486e-10 	 5.130947168267902e-10 	 2.0534105585422015e-10 	 -5.66701215156115e-10 	 1.0777628488464165e-9 	 -3.299738171695974e-9 	 -1.1341432184492415e-9 	 7.625763682507169e-9 	 -5.7471021643381556e-11 	 -1.2316805806938563e-11 	 
502.3553505003736 	 5.526174662549517e-6 	 3.8155302494820635e-6 	 2.6996707358561043e-8 	 2.4295760030959327e-6 	 -2.175840650400082e-11 	 -2.9746148695428125e-11 	 -4.919034081039117e-7 	 5.339736382616536e-7 	 -2.8002047727134133e-6 	 1.9931565384399213e-6 	 -7.500168748446964e-9 	 7.0262174955410384e-9 	 -5.3104268320863727e-8 	 6.247022859737606e-8 	 3.35271060951502e-8 	 -2.8059194444335044e-8 	 3.197590392255893e-10 	 5.211609834472206e-10 	 2.0784279781659242e-10 	 -5.80521883286637e-10 	 1.0459999246069956e-9 	 -3.322466997336635e-9 	 -1.1021421040567708e-9 	 7.724170470699941e-9 	 -5.796566842926282e-11 	 -1.4545953198594661e-11 	 
511.2085888905816 	 5.310200744344545e-6 	 3.6188787005963315e-6 	 2.6650345851078977e-8 	 2.4084143254132643e-6 	 -2.3079497028973636e-11 	 -3.058715288003388e-11 	 -4.6755588458988543e-7 	 5.087465217634637e-7 	 -2.7404125166887387e-6 	 1.9363973929288403e-6 	 -7.393126250347409e-9 	 6.923003688252829e-9 	 -5.258813463682646e-8 	 6.192738282754189e-8 	 3.3219025889355576e-8 	 -2.776986435555393e-8 	 3.261958126023639e-10 	 5.292051563734573e-10 	 2.1029950155925056e-10 	 -5.94587106238767e-10 	 1.0131008235971836e-9 	 -3.3449828330857747e-9 	 -1.0690122087870146e-9 	 7.82234248311191e-9 	 -5.842902246710126e-11 	 -1.689404898907684e-11 	 
520.2178519551875 	 5.119160215942544e-6 	 3.4479469792788033e-6 	 2.6305218202230512e-8 	 2.386469546420164e-6 	 -2.4479690946818967e-11 	 -3.1448670733427173e-11 	 -4.442389313985227e-7 	 4.845772046268288e-7 	 -2.681864080318377e-6 	 1.880859974090409e-6 	 -7.286376737349495e-9 	 6.8198702330340145e-9 	 -5.2107079905769984e-8 	 6.141611634734183e-8 	 3.2875397397970694e-8 	 -2.7450526073666525e-8 	 3.3273051310342056e-10 	 5.372171167045999e-10 	 2.1279153721746454e-10 	 -6.089740831623303e-10 	 9.790477018775403e-10 	 -3.3672356674748124e-9 	 -1.0347615117321257e-9 	 7.920240322882077e-9 	 -5.88587365773988e-11 	 -1.9365051707882346e-11 	 
529.3858893884775 	 4.928316567185822e-6 	 3.2772759896331563e-6 	 2.5961339716253474e-8 	 2.364290298893169e-6 	 -2.596362682732359e-11 	 -3.233127121569918e-11 	 -4.220005837858719e-7 	 4.6148607301469447e-7 	 -2.62445286128942e-6 	 1.8266219945823078e-6 	 -7.1799226666465174e-9 	 6.716813353199562e-9 	 -5.1591647760987284e-8 	 6.087310740581531e-8 	 3.255752143550578e-8 	 -2.7151256416888505e-8 	 3.393637330968647e-10 	 5.451861338462089e-10 	 2.1533023090744198e-10 	 -6.237049213543578e-10 	 9.438340936944575e-10 	 -3.3892131191735233e-9 	 -9.994038264783296e-10 	 8.01781891269252e-9 	 -5.925225518165084e-11 	 -2.1963012472929466e-11 	 
538.7154993438611 	 4.743583129780048e-6 	 3.1126774233284e-6 	 2.5618799174942888e-8 	 2.3418648157563245e-6 	 -2.7536208748634092e-11 	 -3.3235599971983075e-11 	 -4.0069695129886587e-7 	 4.3936086593178066e-7 	 -2.5681483872141773e-6 	 1.7737329392370604e-6 	 -7.0737905857686574e-9 	 6.613847557096738e-9 	 -5.1029498378295654e-8 	 6.032449853939957e-8 	 3.2244371739770396e-8 	 -2.688762514321712e-8 	 3.4609601418434667e-10 	 5.531006963462842e-10 	 2.178118223132981e-10 	 -6.386968412072519e-10 	 9.074725959355588e-10 	 -3.410976558343127e-9 	 -9.629501233671448e-10 	 8.1150343132373e-9 	 -5.960698363542891e-11 	 -2.469199114493764e-11 	 
548.2095292878844 	 4.575153298526895e-6 	 2.964536943243087e-6 	 2.527770454819805e-8 	 2.3192025052140014e-6 	 -2.9202643645950155e-11 	 -3.416234011034638e-11 	 -3.803712542829303e-7 	 4.182192240257529e-7 	 -2.5130400167101586e-6 	 1.7221302573158723e-6 	 -6.968013689024134e-9 	 6.5109915169075065e-9 	 -5.049640340833237e-8 	 5.980729387433464e-8 	 3.189652199334219e-8 	 -2.660554459054791e-8 	 3.5292784240952856e-10 	 5.609484246333042e-10 	 2.202228621415263e-10 	 -6.540247421133986e-10 	 8.699488220705858e-10 	 -3.4325381091591828e-9 	 -9.254034654886184e-10 	 8.211849235468027e-9 	 -5.992032460316457e-11 	 -2.755608521172661e-11 	 
557.8708768693028 	 4.403355633104807e-6 	 2.8132792848377614e-6 	 2.4938063878009103e-8 	 2.296185471920494e-6 	 -3.0968425886754134e-11 	 -3.5112167967942195e-11 	 -3.6094873076296907e-7 	 3.9799744156727043e-7 	 -2.4590312389657392e-6 	 1.6717280438870167e-6 	 -6.862592441418208e-9 	 6.408237839880965e-9 	 -5.000636243675828e-8 	 5.925766749746739e-8 	 3.157698413763022e-8 	 -2.6290215935519824e-8 	 3.598596552310037e-10 	 5.687160930748633e-10 	 2.2264468103411037e-10 	 -6.697054270296699e-10 	 8.312593915591147e-10 	 -3.453849170578437e-9 	 -8.867621825358832e-10 	 8.308244571335031e-9 	 -6.018947087226722e-11 	 -3.055946568095232e-11 	 
567.7024908034608 	 4.246232058138491e-6 	 2.6761654378423753e-6 	 2.4599993649748528e-8 	 2.2735454243234988e-6 	 -3.2839345933481415e-11 	 -3.608574266601849e-11 	 -3.423852546758434e-7 	 3.7865425791495276e-7 	 -2.4060783752111926e-6 	 1.6225062186349279e-6 	 -6.757563332155765e-9 	 6.305606002525495e-9 	 -4.949985630434178e-8 	 5.871078079675013e-8 	 3.125478673617147e-8 	 -2.5982799629794967e-8 	 3.668918317503005e-10 	 5.763896279048966e-10 	 2.2511603033952082e-10 	 -6.856628573324045e-10 	 7.914159743684862e-10 	 -3.4748814003458594e-9 	 -8.470262023476643e-10 	 8.404201121409479e-9 	 -6.041135564107851e-11 	 -3.370629063659682e-11 	 
577.707371772264 	 4.092732123398667e-6 	 2.5434592023837164e-6 	 2.4263534202371707e-8 	 2.2500586956130486e-6 	 -3.4821530673673514e-11 	 -3.708374157293508e-11 	 -3.246786333715794e-7 	 3.6017598132185226e-7 	 -2.3542890685939973e-6 	 1.5744914598810394e-6 	 -6.652937935334404e-9 	 6.203095534970202e-9 	 -4.8939479706263406e-8 	 5.8189702158028036e-8 	 3.090477479007495e-8 	 -2.571645147657259e-8 	 3.740246853512216e-10 	 5.839540050755288e-10 	 2.2753911474407532e-10 	 -7.019839949791e-10 	 7.504058507032524e-10 	 -3.4956915195341014e-9 	 -8.062072077297218e-10 	 8.499696504093653e-9 	 -6.058282200365319e-11 	 -3.700074616281557e-11 	 
587.8885733400108 	 3.944091471996866e-6 	 2.415714232015235e-6 	 2.3928733563274855e-8 	 2.2264276359132133e-6 	 -3.692146857974546e-11 	 -3.8106899942272485e-11 	 -3.077620667671828e-7 	 3.4250678549384736e-7 	 -2.3036357108019666e-6 	 1.5276504661829952e-6 	 -6.548730557090843e-9 	 6.100707369818163e-9 	 -4.840328487135717e-8 	 5.763178247454577e-8 	 3.058737444325375e-8 	 -2.5436470318095737e-8 	 3.812584593459845e-10 	 5.913931231717094e-10 	 2.2988007014536594e-10 	 -7.186492006826971e-10 	 7.082331472414774e-10 	 -3.5163040192421757e-9 	 -7.643198725136058e-10 	 8.594702277421003e-9 	 -6.070070616019124e-11 	 -4.0447053829430775e-11 	 
598.2492028853594 	 3.8034500470828316e-6 	 2.2960726681277426e-6 	 2.359566865435387e-8 	 2.202551562817655e-6 	 -3.914600397909408e-11 	 -3.9156024883271435e-11 	 -2.9162136244594906e-7 	 3.256259602169605e-7 	 -2.2540377592764027e-6 	 1.4820029948390867e-6 	 -6.444965412761108e-9 	 5.998449136303699e-9 	 -4.7911686736597405e-8 	 5.709411766631262e-8 	 3.02511501940696e-8 	 -2.5123569686149917e-8 	 3.8859333823133243e-10 	 5.986898373530761e-10 	 2.322209612112752e-10 	 -7.356158092620125e-10 	 6.649055439390907e-10 	 -3.536670583186552e-9 	 -7.213731871743714e-10 	 8.689181950412967e-9 	 -6.076163472730089e-11 	 -4.404939972672554e-11 	 
608.7924225497273 	 3.668096741213203e-6 	 2.1814087325187695e-6 	 2.326437760106675e-8 	 2.178870590750604e-6 	 -4.150234753552894e-11 	 -4.0231990594992415e-11 	 -2.762174602568602e-7 	 3.0949680988679075e-7 	 -2.2055106544654524e-6 	 1.4375226443495493e-6 	 -6.34165407616521e-9 	 5.896318090351418e-9 	 -4.740475767802171e-8 	 5.656262711027949e-8 	 2.990565268448864e-8 	 -2.481903917558942e-8 	 3.9602940254969944e-10 	 6.058258871504198e-10 	 2.346046387811506e-10 	 -7.529750925175981e-10 	 6.204139084698157e-10 	 -3.5567607115634653e-9 	 -6.773688150771564e-10 	 8.783092900274012e-9 	 -6.076192810449837e-11 	 -4.781197843932354e-11 	 
619.5214502023969 	 3.5378090086826792e-6 	 2.0719067582032635e-6 	 2.293490531478574e-8 	 2.1550909649420715e-6 	 -4.3998140969210873e-11 	 -4.133573087991136e-11 	 -2.6153130244592245e-7 	 2.940957726458614e-7 	 -2.1580803604771185e-6 	 1.3941188585792923e-6 	 -6.2388105381349276e-9 	 5.794312336910756e-9 	 -4.684798738070772e-8 	 5.6005257385682804e-8 	 2.958735110397891e-8 	 -2.455378767547834e-8 	 4.035666766564488e-10 	 6.127818097624135e-10 	 2.369293265289433e-10 	 -7.706531794099073e-10 	 5.747710219775246e-10 	 -3.5766338401568777e-9 	 -6.323085791487329e-10 	 8.876394086853423e-9 	 -6.069779203340676e-11 	 -5.173897098849932e-11 	 
630.4395604226339 	 3.4116989325306575e-6 	 1.9670254719039906e-6 	 2.2607307964365977e-8 	 2.1307726586450682e-6 	 -4.664146054879952e-11 	 -4.246824110519305e-11 	 -2.4750374960958855e-7 	 2.793748799600499e-7 	 -2.1116088946621135e-6 	 1.3517619656890333e-6 	 -6.136452993923065e-9 	 5.692431706523987e-9 	 -4.632051659210212e-8 	 5.5479816985309606e-8 	 2.9235566766443846e-8 	 -2.427178839106326e-8 	 4.112050761022802e-10 	 6.195367489356787e-10 	 2.3916951602574736e-10 	 -7.886830571538582e-10 	 5.279772115639682e-10 	 -3.5963097241618537e-9 	 -5.862038126155655e-10 	 8.969052806735256e-9 	 -6.05654125706448e-11 	 -5.5834492545083813e-11 	 
641.5500854991163 	 3.2953343835886577e-6 	 1.8713856429795282e-6 	 2.228163142873005e-8 	 2.1068121653818787e-6 	 -4.944081354235381e-11 	 -4.3630582283069635e-11 	 -2.341586779936783e-7 	 2.653376668616298e-7 	 -2.0661124296925368e-6 	 1.3105365346824891e-6 	 -6.034596497510052e-9 	 5.5906724378149406e-9 	 -4.5834753413810175e-8 	 5.492963028035729e-8 	 2.8908200887055725e-8 	 -2.3959369261555457e-8 	 4.1894441718179224e-10 	 6.260685431216777e-10 	 2.414143521284412e-10 	 -8.070995267612833e-10 	 4.800343566835997e-10 	 -3.6157352721051424e-9 	 -5.390733336064253e-10 	 9.061046716577615e-9 	 -6.036070151995402e-11 	 -6.010264761010566e-11 	 
652.8564164469689 	 3.17339594011079e-6 	 1.7709956525949847e-6 	 2.195787492738306e-8 	 2.0819179822924946e-6 	 -5.240518139999514e-11 	 -4.4823868195619694e-11 	 -2.214045962512632e-7 	 2.519173986785206e-7 	 -2.0216346863087305e-6 	 1.2704030295320797e-6 	 -5.933240211183988e-9 	 5.4890183328763964e-9 	 -4.5319248320039855e-8 	 5.438967815475156e-8 	 2.857183204683102e-8 	 -2.3667380010824672e-8 	 4.2678443895442233e-10 	 6.323537023538163e-10 	 2.43685691704373e-10 	 -8.258323265083938e-10 	 4.3095577734968736e-10 	 -3.634892515204904e-9 	 -4.909313939668706e-10 	 9.152357014799338e-9 	 -6.007924204162054e-11 	 -6.454744493359221e-11 	 
664.3620040427313 	 3.070623988485294e-6 	 1.6896971189176454e-6 	 2.1636161309839035e-8 	 2.057081317671385e-6 	 -5.554406586608667e-11 	 -4.60492471515998e-11 	 -2.092715441713565e-7 	 2.3912195352015635e-7 	 -1.9781817561793934e-6 	 1.231305664478863e-6 	 -5.83242655138422e-9 	 5.387482913045821e-9 	 -4.4770384353164736e-8 	 5.3858676018457465e-8 	 2.8224638593344816e-8 	 -2.3404491515209514e-8 	 4.3472472137557076e-10 	 6.383670213931058e-10 	 2.458708737444606e-10 	 -8.449716461499678e-10 	 3.807404053027228e-10 	 -3.6538491660083212e-9 	 -4.417835216739948e-10 	 9.24296181026506e-9 	 -5.971652732870589e-11 	 -6.917282483684383e-11 	 
676.0703598775564 	 2.9551319325153028e-6 	 1.5954217762415166e-6 	 2.1316398629593718e-8 	 2.032510716442985e-6 	 -5.886747823146696e-11 	 -4.73079080519871e-11 	 -1.9770720969849408e-7 	 2.2690895970836592e-7 	 -1.9357012449436983e-6 	 1.1931701757467455e-6 	 -5.732123541768431e-9 	 5.286026089541067e-9 	 -4.42623532225126e-8 	 5.330767047354496e-8 	 2.7900428860366797e-8 	 -2.3116244758337614e-8 	 4.427647861718369e-10 	 6.44081755209295e-10 	 2.479830917251325e-10 	 -8.644453580327399e-10 	 3.2940312135702196e-10 	 -3.6726017997399696e-9 	 -3.916346070180456e-10 	 9.332831479042389e-9 	 -5.926796342976422e-11 	 -7.398263154818492e-11 	 
687.985057428976 	 2.860393905350545e-6 	 1.5220823357698068e-6 	 2.0998757135969756e-8 	 2.0077358898284278e-6 	 -6.238596239952413e-11 	 -4.8601131149200137e-11 	 -1.8667260187187028e-7 	 2.1524628687365202e-7 	 -1.8941906994763434e-6 	 1.1560137085367434e-6 	 -5.6323911521853675e-9 	 5.184671323074138e-9 	 -4.3782835543947796e-8 	 5.2785230300612324e-8 	 2.754783341236362e-8 	 -2.2807058945637312e-8 	 4.5090396158087504e-10 	 6.49469402202607e-10 	 2.5011538840185966e-10 	 -8.843009955918381e-10 	 2.769496297588752e-10 	 -3.6910932396233386e-9 	 -3.4049510750978134e-10 	 9.421926388637248e-9 	 -5.8728598106255e-11 	 -7.898057632105775e-11 	 
700.1097331515554 	 2.756255411753682e-6 	 1.4393012591607327e-6 	 2.0683141548344112e-8 	 1.9829168126962794e-6 	 -6.611067733652416e-11 	 -4.9930337943238566e-11 	 -1.761986488247663e-7 	 2.041407625036631e-7 	 -1.853641090436229e-6 	 1.1198956039620049e-6 	 -5.533196559509533e-9 	 5.083375587286577e-9 	 -4.3252785048769786e-8 	 5.223482088174143e-8 	 2.722208814189948e-8 	 -2.253565104968237e-8 	 4.5914151112972056e-10 	 6.544996745873445e-10 	 2.5223299838497937e-10 	 -9.045322702190373e-10 	 2.2339144190450519e-10 	 -3.7093399542889856e-9 	 -2.883864339693114e-10 	 9.51021665058827e-9 	 -5.809316312163418e-11 	 -8.417024902867071e-11 	 
712.4480875867604 	 2.6647549732763237e-6 	 1.3688837635752415e-6 	 2.0369661433305724e-8 	 1.9582291099299043e-6 	 -7.00533926373367e-11 	 -5.129708682169813e-11 	 -1.661840016032891e-7 	 1.9352544340561464e-7 	 -1.8139527762028268e-6 	 1.0847564724692243e-6 	 -5.434579635376595e-9 	 4.9821441603251e-9 	 -4.2723762292213664e-8 	 5.171045034257629e-8 	 2.687184033425183e-8 	 -2.2269954899542606e-8 	 4.674764671545475e-10 	 6.591401629823321e-10 	 2.5424091562355587e-10 	 -9.251163642840661e-10 	 1.687420686773973e-10 	 -3.727401980308417e-9 	 -2.353213402881765e-10 	 9.59766420082518e-9 	 -5.735634059863439e-11 	 -8.955505119597468e-11 	 
725.0038864923972 	 2.572329724590169e-6 	 1.297686699103204e-6 	 2.0058300143497387e-8 	 1.933353207881204e-6 	 -7.422649675280033e-11 	 -5.270302019060863e-11 	 -1.566895101667502e-7 	 1.834244299286101e-7 	 -1.7751275953496645e-6 	 1.0505435156967652e-6 	 -5.336535706096682e-9 	 4.880950012015622e-9 	 -4.2241856696500584e-8 	 5.116877358821056e-8 	 2.6540786006028992e-8 	 -2.1972936369496336e-8 	 4.759078250163759e-10 	 6.633567101371152e-10 	 2.562095590517982e-10 	 -9.461043906961686e-10 	 1.1301242753722275e-10 	 -3.745240116480821e-9 	 -1.8130857757068224e-10 	 9.684243396109152e-9 	 -5.6512582258496983e-11 	 -9.513821476117028e-11 	 
737.7809619919432 	 2.4851201115617378e-6 	 1.2318926661668082e-6 	 1.9749086101633556e-8 	 1.908362632473428e-6 	 -7.864307642698233e-11 	 -5.41498289600656e-11 	 -1.4762505288030708e-7 	 1.737784653058309e-7 	 -1.7372206619419982e-6 	 1.0171477970305553e-6 	 -5.2390770713011866e-9 	 4.779775780935679e-9 	 -4.1751932013926744e-8 	 5.064090114247119e-8 	 2.6197114808495042e-8 	 -2.1681633838622642e-8 	 4.844342447932645e-10 	 6.671125698006938e-10 	 2.5820022352225943e-10 	 -9.674311296872202e-10 	 5.6220528957904355e-11 	 -3.762813764781731e-9 	 -1.2635889042920232e-10 	 9.76993826926551e-9 	 -5.5555900216549104e-11 	 -1.0092274810153322e-10 	 
750.7832137441454 	 2.399816355064581e-6 	 1.1676695064234254e-6 	 1.9442037339697437e-8 	 1.8836246924026924e-6 	 -8.331693083006278e-11 	 -5.563928328270355e-11 	 -1.3902087137625984e-7 	 1.6459469925381548e-7 	 -1.7002063471916995e-6 	 9.847184064129706e-7 	 -5.142211951790922e-9 	 4.678600652460886e-9 	 -4.1220123572445966e-8 	 5.010803453319869e-8 	 2.585936194602571e-8 	 -2.142587500569191e-8 	 4.93054444239301e-10 	 6.70369011055465e-10 	 2.6010578138976415e-10 	 -9.89170800496089e-10 	 -1.6199021812189418e-12 	 -3.780185887955555e-9 	 -7.04911448448328e-11 	 9.85473142754341e-9 	 -5.4480107260102956e-11 	 -1.0691140919417587e-10 	 
764.014610133221 	 2.3205575814998088e-6 	 1.1092683766131855e-6 	 1.9137180851357824e-8 	 1.859073119788792e-6 	 -8.82625606498858e-11 	 -5.717328015730683e-11 	 -1.3082150475603692e-7 	 1.5583435736976142e-7 	 -1.6640754868789872e-6 	 9.532045306441203e-7 	 -5.045953410557553e-9 	 4.577404630702344e-9 	 -4.072602957222754e-8 	 4.957904881241712e-8 	 2.5520209184680248e-8 	 -2.1148390947961585e-8 	 5.017666526401719e-10 	 6.730844422150813e-10 	 2.619173288962412e-10 	 -1.011246384240041e-9 	 -6.048823688373792e-11 	 -3.797366676442597e-9 	 -1.3724857624442147e-11 	 9.938598334431325e-9 	 -5.327890199173508e-11 	 -1.1310668963036903e-10 	 
777.479189480039 	 2.2402510627052956e-6 	 1.0499671967997464e-6 	 1.883449599991652e-8 	 1.8343537005146923e-6 	 -9.349528531124432e-11 	 -5.87538575965317e-11 	 -1.2304299787668833e-7 	 1.4749672726120876e-7 	 -1.628789859082133e-6 	 9.225641367644947e-7 	 -4.950296289824053e-9 	 4.476154388021093e-9 	 -4.026038572499093e-8 	 4.905248227367681e-8 	 2.517902313768456e-8 	 -2.0852167048180853e-8 	 5.10569257746372e-10 	 6.752151223558636e-10 	 2.637338441146521e-10 	 -1.0337328582619873e-9 	 -1.2036627859855224e-10 	 -3.814296077353807e-9 	 4.392845114222345e-11 	 1.0021505585909034e-8 	 -5.1945561210655885e-11 	 -1.1951075526271136e-10 	 
791.1810612746491 	 2.1667136822418214e-6 	 9.97525358149752e-7 	 1.8534041605701725e-8 	 1.8096219905798853e-6 	 -9.90312396531856e-11 	 -6.038320094359417e-11 	 -1.1562312283764749e-7 	 1.3954117160841384e-7 	 -1.5943316899424141e-6 	 8.926350068819247e-7 	 -4.8552665561972695e-9 	 4.374832978246497e-9 	 -3.9745426106493806e-8 	 4.852541998479233e-8 	 2.484150925440257e-8 	 -2.059290694069885e-8 	 5.194600321960193e-10 	 6.767138735482287e-10 	 2.655113854735061e-10 	 -1.0565544407859065e-9 	 -1.8123106641672784e-10 	 -3.830996185472474e-9 	 1.0245743256613111e-10 	 1.0103415407983525e-8 	 -5.0472976786786055e-11 	 -1.2612543955463568e-10 	 
805.1244074305225 	 2.0922945800345993e-6 	 9.448620974070216e-7 	 1.8235778501375336e-8 	 1.784097685760011e-6 	 -1.0488739634500872e-10 	 -6.206366288968433e-11 	 -1.0860506043546525e-7 	 1.3198078285215485e-7 	 -1.5606150422774783e-6 	 8.635985063306043e-7 	 -4.7608530353172404e-9 	 4.273398387199544e-9 	 -3.9243679090432736e-8 	 4.8002698661761893e-8 	 2.4500059970485855e-8 	 -2.033194782327519e-8 	 5.284369547270947e-10 	 6.775313013573639e-10 	 2.671661468731637e-10 	 -1.0797804705973956e-9 	 -2.430593562289431e-10 	 -3.847521322212491e-9 	 1.6184149599090398e-10 	 1.0184297239295285e-8 	 -4.8853929807224594e-11 	 -1.3295217420859703e-10 	 
819.3134835609102 	 2.0223322450910388e-6 	 8.953869570953105e-7 	 1.7939740723351744e-8 	 1.7597701065210153e-6 	 -1.1108165957638867e-10 	 -6.379776434968175e-11 	 -1.0189871994597036e-7 	 1.247623289857254e-7 	 -1.5276834969085373e-6 	 8.354014347023181e-7 	 -4.667073822184982e-9 	 4.17182415954574e-9 	 -3.878553790553655e-8 	 4.748028228865244e-8 	 2.4161476672789274e-8 	 -2.0042229547150447e-8 	 5.37497308261794e-10 	 6.776139297368698e-10 	 2.687889142942833e-10 	 -1.1033375689001378e-9 	 -3.0582545913776343e-10 	 -3.863819106362364e-9 	 2.2205690385520917e-10 	 1.026412940897665e-8 	 -4.708085977719928e-11 	 -1.3999197531198227e-10 	 
833.7526202776816 	 1.956085902672417e-6 	 8.503828933110644e-7 	 1.764593755095197e-8 	 1.734725336037189e-6 	 -1.1763288512165463e-10 	 -6.55881505984771e-11 	 -9.556680523334306e-8 	 1.1790849991240695e-7 	 -1.495577655840222e-6 	 8.079951910791001e-7 	 -4.573936851375592e-9 	 4.070076482636812e-9 	 -3.8296183297980165e-8 	 4.6959400798203535e-8 	 2.3822455115371244e-8 	 -1.977696312736846e-8 	 5.466385946847312e-10 	 6.769058780756016e-10 	 2.7040103652899955e-10 	 -1.1272896565964652e-9 	 -3.6950073482268286e-10 	 -3.87987245476693e-9 	 2.830878761749817e-10 	 1.0342898308710713e-8 	 -4.514570768639572e-11 	 -1.472453688006236e-10 	 
848.4462245130624 	 1.8881601460035224e-6 	 8.034302756388759e-7 	 1.735432975713117e-8 	 1.7100634156584056e-6 	 -1.2456088332649554e-10 	 -6.743757597025604e-11 	 -8.952331174986412e-8 	 1.1136953825272605e-7 	 -1.4642491445959504e-6 	 7.812288964816001e-7 	 -4.48143391987738e-9 	 3.9681074437946175e-9 	 -3.779465603244478e-8 	 4.6443950206933444e-8 	 2.3480294819711172e-8 	 -1.952758851671246e-8 	 5.558575401833316e-10 	 6.753467150121012e-10 	 2.7188607100053637e-10 	 -1.151565545607767e-9 	 -4.340562460806956e-10 	 -3.895752768001027e-9 	 3.4491988291107876e-10 	 1.0420587958632705e-8 	 -4.304021836632694e-11 	 -1.5471237119314735e-10 	 
863.3987808646654 	 1.828008215842186e-6 	 7.64128123970378e-7 	 1.7064984195101138e-8 	 1.6854825912085523e-6 	 -1.3188652803482178e-10 	 -6.93489630346447e-11 	 -8.380757589555323e-8 	 1.0515673677021875e-7 	 -1.4336880068336348e-6 	 7.552898710719606e-7 	 -4.389596136382042e-9 	 3.865890793497521e-9 	 -3.7339706921597834e-8 	 4.592346200732145e-8 	 2.3145817290285727e-8 	 -1.9248918089824657e-8 	 5.651511153608408e-10 	 6.728731302691217e-10 	 2.7330428107815457e-10 	 -1.1762204177176574e-9 	 -4.994576701359109e-10 	 -3.911427881867351e-9 	 4.0753046020527027e-10 	 1.0497173180355114e-8 	 -4.075587890862237e-11 	 -1.6239241570653e-10 	 
878.6148529642173 	 1.7649996668829868e-6 	 7.215812005894736e-7 	 1.6777820471714043e-8 	 1.661246304770874e-6 	 -1.396317360380398e-10 	 -7.132546785268195e-11 	 -7.837431117809813e-8 	 9.924097972872648e-8 	 -1.4038546135172877e-6 	 7.301064812043739e-7 	 -4.2984007110399795e-9 	 3.763363394561432e-9 	 -3.6872760548730044e-8 	 4.541625937341761e-8 	 2.2798981724433324e-8 	 -1.8980557545166175e-8 	 5.745154138059738e-10 	 6.694167750254327e-10 	 2.7471876674961825e-10 	 -1.2011928517056098e-9 	 -5.656719298147228e-10 	 -3.9268565402106185e-9 	 4.708945412349216e-10 	 1.0572620070410053e-8 	 -3.828360635583744e-11 	 -1.7028430951473025e-10 	 
894.0990848704206 	 1.7077112802045354e-6 	 6.852566998023222e-7 	 1.6492902049850843e-8 	 1.636495118591805e-6 	 -1.4781954031669763e-10 	 -7.337048380706848e-11 	 -7.322148722442521e-8 	 9.361431522012513e-8 	 -1.3747082688476249e-6 	 7.056109653852597e-7 	 -4.207879101129443e-9 	 3.6604928756533583e-9 	 -3.637787032383605e-8 	 4.489630361452027e-8 	 2.2468841828435227e-8 	 -1.8739132104618716e-8 	 5.839467981498115e-10 	 6.649059026905349e-10 	 2.760116234439445e-10 	 -1.2265149023250263e-9 	 -6.326593649620345e-10 	 -3.942109152824077e-9 	 5.349932628864782e-10 	 1.0646894482837981e-8 	 -3.561401886728693e-11 	 -1.7838616870864106e-10 	 
909.8562024863477 	 1.651989797544069e-6 	 6.481643251520804e-7 	 1.6210175188332724e-8 	 1.6141110676471592e-6 	 -1.5647421356118132e-10 	 -7.548760328059872e-11 	 -6.833814105816562e-8 	 8.826442122692781e-8 	 -1.3462015084132272e-6 	 6.817385435640997e-7 	 -4.118020006960053e-9 	 3.55721700681127e-9 	 -3.5927797583990724e-8 	 4.4395007467565006e-8 	 2.211669687987547e-8 	 -1.847076702426643e-8 	 5.934406766353135e-10 	 6.592632637527049e-10 	 2.7721229955277966e-10 	 -1.2521539018184621e-9 	 -7.003807642329319e-10 	 -3.9571729037748e-9 	 5.998029399274879e-10 	 1.0719960589433668e-8 	 -3.273753058586344e-11 	 -1.8669535422065542e-10 	 
925.8910150018253 	 1.5955656285950718e-6 	 6.141511523161972e-7 	 1.592965297343013e-8 	 1.5879232101439712e-6 	 -1.656212290280843e-10 	 -7.768062672618434e-11 	 -6.370657102467372e-8 	 8.317657189630754e-8 	 -1.3184367519495933e-6 	 6.586127624275198e-7 	 -4.0288370181773885e-9 	 3.4534851856515497e-9 	 -3.5477763691618954e-8 	 4.3879880690013164e-8 	 2.1789166937781196e-8 	 -1.8204212631458917e-8 	 6.02992681161177e-10 	 6.52407519956526e-10 	 2.784049870920909e-10 	 -1.2780965442197325e-9 	 -7.687926272430147e-10 	 -3.971994753923028e-9 	 6.652967622316408e-10 	 1.0791818517421001e-8 	 -2.9643936716699886e-11 	 -1.9520841028293645e-10 	 
942.2084163612376 	 1.5427930726506026e-6 	 5.813837760022719e-7 	 1.5651321717739425e-8 	 1.564182359682109e-6 	 -1.7528738390939047e-10 	 -7.995354316064167e-11 	 -5.931673795541529e-8 	 7.833965893996513e-8 	 -1.2913816358641415e-6 	 6.361488079919916e-7 	 -3.940335946801799e-9 	 3.3492367155629848e-9 	 -3.49932321117805e-8 	 4.337779137203727e-8 	 2.1445208241530652e-8 	 -1.7969073332035437e-8 	 6.125974983826085e-10 	 6.442512854458017e-10 	 2.7947908989786463e-10 	 -1.304354140711035e-9 	 -8.378467212604754e-10 	 -3.986639813943315e-9 	 7.314559851957221e-10 	 1.0862468598092734e-8 	 -2.6322673924953284e-11 	 -2.0392098253580202e-10 	 
958.8133867571879 	 1.4915008110518942e-6 	 5.506482168492105e-7 	 1.5375166215313526e-8 	 1.5399954071668433e-6 	 -1.8550080075288987e-10 	 -8.231055122250424e-11 	 -5.516303957632115e-8 	 7.37446508471179e-8 	 -1.264990386588915e-6 	 6.142543962276048e-7 	 -3.852521152914608e-9 	 3.2444067855927957e-9 	 -3.4551601519658e-8 	 4.287503991502429e-8 	 2.1105344906615686e-8 	 -1.7708935790871423e-8 	 6.222498889310662e-10 	 6.347022311074077e-10 	 2.804455684011066e-10 	 -1.3308689337771101e-9 	 -9.0749673320776e-10 	 -4.001106546717826e-9 	 7.982588509030346e-10 	 1.0931884509037942e-8 	 -2.276296732257684e-11 	 -2.128277481288412e-10 	 
975.7109941504982 	 1.4417262012838333e-6 	 5.207374308300812e-7 	 1.5101167756309837e-8 	 1.5164843987606264e-6 	 -1.9629097353255458e-10 	 -8.47561099231588e-11 	 -5.1224282105782404e-8 	 6.937630379071375e-8 	 -1.2392554044262043e-6 	 5.930241264543203e-7 	 -3.76539785304656e-9 	 3.1389258488054862e-9 	 -3.411405067226887e-8 	 4.236891262262716e-8 	 2.0771942717568197e-8 	 -1.7447975473699848e-8 	 6.319437566552104e-10 	 6.236615287970166e-10 	 2.813969998041271e-10 	 -1.3576697536583629e-9 	 -9.776851920440508e-10 	 -4.015337499201204e-9 	 8.656787847952361e-10 	 1.1000037224199435e-8 	 -1.8953403254773044e-11 	 -2.2192232885362438e-10 	 
992.9063958169821 	 1.3948069058450722e-6 	 4.934522055020348e-7 	 1.4829324580305883e-8 	 1.4931776345123615e-6 	 -2.0768887952353397e-10 	 -8.729500066801751e-11 	 -4.750101025283125e-8 	 6.522866995888985e-8 	 -1.2141221260027325e-6 	 5.724187569461464e-7 	 -3.678978111851631e-9 	 3.0327239859506337e-9 	 -3.364165074546632e-8 	 4.187630661822984e-8 	 2.042179838863818e-8 	 -1.7218730673989255e-8 	 6.416728750948363e-10 	 6.110243806611154e-10 	 2.8222474276402226e-10 	 -1.3847060983664706e-9 	 -1.0483584234074616e-9 	 -4.029396274752128e-9 	 9.33685999433042e-10 	 1.1066897192501058e-8 	 -1.4882170739634544e-11 	 -2.3119720361097652e-10 	 
1010.4048399214864 	 1.3480228491322314e-6 	 4.663024151105796e-7 	 1.455959337474035e-8 	 1.4698702603980138e-6 	 -2.19726951433925e-10 	 -8.993229083415334e-11 	 -4.3977463848089134e-8 	 6.128927624673434e-8 	 -1.1895415229875672e-6 	 5.523691797907999e-7 	 -3.593258618784265e-9 	 2.9257172893258017e-9 	 -3.321221729685725e-8 	 4.137399707264339e-8 	 2.009123655322978e-8 	 -1.6964574472110926e-8 	 6.514302606134174e-10 	 5.966788036644112e-10 	 2.8293868790162204e-10 	 -1.4119574964896715e-9 	 -1.1194555330312138e-9 	 -4.043282173414352e-9 	 1.0022556896098376e-9 	 1.1132442380727772e-8 	 -1.0537219751666456e-11 	 -2.406436379891604e-10 	 
1028.2116671196736 	 1.3031135527644927e-6 	 4.4147887176158536e-7 	 1.4291978727787686e-8 	 1.446219271932859e-6 	 -2.3243926199982024e-10 	 -9.267329953499248e-11 	 -4.0642771126178486e-8 	 5.7548103435797905e-8 	 -1.1656327216989363e-6 	 5.3288181482488e-7 	 -3.5082565233095503e-9 	 2.8178263488233877e-9 	 -3.278352340451989e-8 	 4.087815266203902e-8 	 1.975225147077363e-8 	 -1.6712268138799508e-8 	 6.612085905556263e-10 	 5.805057793012043e-10 	 2.836304186025914e-10 	 -1.4394258174509886e-9 	 -1.1909088075300474e-9 	 -4.056938230367736e-9 	 1.0713591137089725e-9 	 1.1196661380770041e-8 	 -5.905836702167303e-12 	 -2.502515376619991e-10 	 
1046.3323121880223 	 1.2600236021015367e-6 	 4.175611060290272e-7 	 1.402644263332868e-8 	 1.4234741040452441e-6 	 -2.458614734286239e-10 	 -9.552360384006072e-11 	 -3.749589176709915e-8 	 5.399899250316608e-8 	 -1.1423175714721584e-6 	 5.139932270357775e-7 	 -3.423972561495875e-9 	 2.708956977951778e-9 	 -3.2324686499302827e-8 	 4.039009892695467e-8 	 1.940581994865776e-8 	 -1.648859191487087e-8 	 6.709998742868854e-10 	 5.623783153416823e-10 	 2.8418490108201537e-10 	 -1.4670496938314866e-9 	 -1.262654132262998e-9 	 -4.07043239064396e-9 	 1.1409637976685885e-9 	 1.1259546923336829e-8 	 -9.749096752888809e-13 	 -2.6000939167758524e-10 	 
1064.77230568257 	 1.2175817265160322e-6 	 3.9451832666725934e-7 	 1.3762961659923473e-8 	 1.4005771454225623e-6 	 -2.600309251493558e-10 	 -9.848906300907293e-11 	 -3.451751255773322e-8 	 5.0629158764347596e-8 	 -1.1196008957525657e-6 	 4.956342146646234e-7 	 -3.3404146615589626e-9 	 2.599012813403756e-9 	 -3.191064372868546e-8 	 3.9893424913986364e-8 	 1.9073028790906027e-8 	 -1.623845177857012e-8 	 6.807955530078484e-10 	 5.421611619366519e-10 	 2.8462874460815557e-10 	 -1.4948152320027249e-9 	 -1.3346149300000087e-9 	 -4.08375387683104e-9 	 1.2110420233498026e-9 	 1.1321083033227406e-8 	 4.268921850196734e-12 	 -2.6990411285446e-10 	 
1083.5372756268719 	 1.1772943534995575e-6 	 3.7357186578691634e-7 	 1.3501524968672154e-8 	 1.377837535586835e-6 	 -2.749867294056688e-10 	 -1.0157585897465247e-10 	 -3.170871297107902e-8 	 4.743371774771384e-8 	 -1.0974640548707009e-6 	 4.777551333902882e-7 	 -3.257597365077145e-9 	 2.487892554057069e-9 	 -3.1487087482728286e-8 	 3.940361642430114e-8 	 1.873313319541603e-8 	 -1.5997846729269383e-8 	 6.905865152743162e-10 	 5.19710095877137e-10 	 2.850410933174287e-10 	 -1.522702519809398e-9 	 -1.406712028963231e-9 	 -4.096852697442331e-9 	 1.281562846652e-9 	 1.138124379851711e-8 	 9.839731024622446e-12 	 -2.7992098185467156e-10 	 
1102.6329492297234 	 1.1371882096494765e-6 	 3.52505949616481e-7 	 1.3242076738357459e-8 	 1.3553339821502325e-6 	 -2.907697645988296e-10 	 -1.0479055064260676e-10 	 -2.9058032326153045e-8 	 4.440324714055575e-8 	 -1.0758142352909177e-6 	 4.604311720766654e-7 	 -3.1755173350103034e-9 	 2.375477661398839e-9 	 -3.104434702818196e-8 	 3.8920531555051003e-8 	 1.838252758308259e-8 	 -1.5778477110146345e-8 	 7.003628041621651e-10 	 4.948711368102392e-10 	 2.8529724174621544e-10 	 -1.5506488327052412e-9 	 -1.4788664830642868e-9 	 -4.109803702458269e-9 	 1.3524902159453731e-9 	 1.1440003651537685e-8 	 1.575195181670155e-11 	 -2.900434504878449e-10 	 
1122.0651546331405 	 1.1012341154651061e-6 	 3.336033314285162e-7 	 1.2984616478138613e-8 	 1.3348669939910789e-6 	 -3.0742274338121704e-10 	 -1.0814004271725844e-10 	 -2.655436020441716e-8 	 4.152891818393953e-8 	 -1.0547054424832252e-6 	 4.4360151241117955e-7 	 -3.094196164082559e-9 	 2.2616543857131115e-9 	 -3.064744482105248e-8 	 3.8431156508850926e-8 	 1.8050416474849066e-8 	 -1.5531251584888025e-8 	 7.101140571309776e-10 	 4.674804501959894e-10 	 2.8545664012268033e-10 	 -1.5786218674936758e-9 	 -1.5509880615673655e-9 	 -4.122576163330457e-9 	 1.4237928150759463e-9 	 1.1497348557175307e-8 	 2.202029368543046e-11 	 -3.0025307439065556e-10 	 
1141.8398226911547 	 1.0623787986111717e-6 	 3.14940666791817e-7 	 1.272908963163047e-8 	 1.311381288487221e-6 	 -3.2499035621071543e-10 	 -1.1163154462688188e-10 	 -2.4199981269550225e-8 	 3.880660071331251e-8 	 -1.0341650753123536e-6 	 4.272190790108493e-7 	 -3.013634093190961e-9 	 2.146288905814036e-9 	 -3.022551526642624e-8 	 3.7944331460518163e-8 	 1.7712707505508926e-8 	 -1.530530800858551e-8 	 7.198287606089847e-10 	 4.3736247251506614e-10 	 2.855662587175404e-10 	 -1.606594127111781e-9 	 -1.622980383054454e-9 	 -4.135138534866271e-9 	 1.495435275701838e-9 	 1.1553271335556314e-8 	 2.8660211585404263e-11 	 -3.1052931420809405e-10 	 
1161.9629887799572 	 1.0263835626385653e-6 	 2.9752312464422487e-7 	 1.2475472327107375e-8 	 1.2895553026741963e-6 	 -3.435192230380714e-10 	 -1.1527257079167253e-10 	 -2.1976271999872358e-8 	 3.622532771240918e-8 	 -1.0141559579303522e-6 	 4.113270066908379e-7 	 -2.9338450899744256e-9 	 2.0292437879829466e-9 	 -2.980296483742253e-8 	 3.746456199721541e-8 	 1.7366483186396753e-8 	 -1.5087627985993774e-8 	 7.294951126497505e-10 	 4.043305862921223e-10 	 2.8550362873661953e-10 	 -1.6345007966070593e-9 	 -1.6947464953080383e-9 	 -4.147566300036319e-9 	 1.567379891606476e-9 	 1.160776567045252e-8 	 3.568738836785924e-11 	 -3.208494305141904e-10 	 
1182.4407946399335 	 9.918396212624515e-7 	 2.810550007134623e-7 	 1.2223731970310195e-8 	 1.2682955840183328e-6 	 -3.630579560108354e-10 	 -1.19070974379677e-10 	 -1.9886653832380098e-8 	 3.378172904426888e-8 	 -9.946518387375014e-7 	 3.9588828213657733e-7 	 -2.854842750552163e-9 	 1.910369994948857e-9 	 -2.9421573591077736e-8 	 3.698483014825823e-8 	 1.702584435343464e-8 	 -1.48454371654079e-8 	 7.390999065918126e-10 	 3.681845609554012e-10 	 2.853678501262878e-10 	 -1.6622799928089496e-9 	 -1.7661826404156733e-9 	 -4.159803978027027e-9 	 1.6395914097748468e-9 	 1.1660817156546707e-8 	 4.3117901847399736e-11 	 -3.3118828442208523e-10 	 
1203.2794902501767 	 9.574626993636103e-7 	 2.6530170694556757e-7 	 1.1973819113603269e-8 	 1.2465554038350425e-6 	 -3.836572259159638e-10 	 -1.2303499457597466e-10 	 -1.792049237330858e-8 	 3.146792484729348e-8 	 -9.756504118934506e-7 	 3.808799613589949e-7 	 -2.776632527274447e-9 	 1.7895041903135872e-9 	 -2.9000483938311246e-8 	 3.650125114335285e-8 	 1.6684706597700096e-8 	 -1.4634322209522557e-8 	 7.486296629988546e-10 	 3.2871130304684756e-10 	 2.851467735231925e-10 	 -1.6898876719618507e-9 	 -1.8371723572302527e-9 	 -4.171854670694784e-9 	 1.7120312147418901e-9 	 1.1712401955147935e-8 	 5.0968491989926195e-11 	 -3.415182074602123e-10 	 
1224.4854357360205 	 9.248572367967417e-7 	 2.5029280015009455e-7 	 1.1725702836907063e-8 	 1.2258271234813163e-6 	 -4.0536982235368995e-10 	 -1.2717327081400182e-10 	 -1.60695283567572e-8 	 2.927712298985016e-8 	 -9.570406832331757e-7 	 3.662888719097757e-7 	 -2.6992324143216007e-9 	 1.6664738758448526e-9 	 -2.860281487929887e-8 	 3.60210028031658e-8 	 1.6343419068295483e-8 	 -1.4414957834413789e-8 	 7.580693440235379e-10 	 2.856819974434467e-10 	 2.8475353979012926e-10 	 -1.7172627210362431e-9 	 -1.9075962288591573e-9 	 -4.183775329248368e-9 	 1.7846582508236572e-9 	 1.1762503436012954e-8 	 5.925600761407446e-11 	 -3.5180880393725014e-10 	 
1246.0651033101992 	 8.927896763561829e-7 	 2.3652319182110785e-7 	 1.1479343346119682e-8 	 1.20449960810836e-6 	 -4.282505930506992e-10 	 -1.314947941627314e-10 	 -1.4335503007269444e-8 	 2.7205764450443694e-8 	 -9.389545884847699e-7 	 3.521336004930942e-7 	 -2.622656345721188e-9 	 1.5410912025491594e-9 	 -2.8228318771914838e-8 	 3.554516781088246e-8 	 1.599623323737408e-8 	 -1.4181444808404715e-8 	 7.674035399800389e-10 	 2.388528038521515e-10 	 2.843112070010072e-10 	 -1.7443246916162177e-9 	 -1.9773295245137387e-9 	 -4.195493623208776e-9 	 1.8574314101224431e-9 	 1.1811110532417745e-8 	 6.799780433262253e-11 	 -3.6202676682207535e-10 	 
1268.0250792482202 	 8.611136679694134e-7 	 2.2255711090261684e-7 	 1.1234677590999407e-8 	 1.1838786309532375e-6 	 -4.523565951846399e-10 	 -1.3600886829019907e-10 	 -1.2703730262068213e-8 	 2.5245438150676076e-8 	 -9.213713783436738e-7 	 3.3836210427784997e-7 	 -2.5469106938432546e-9 	 1.413149480570996e-9 	 -2.7815054979092913e-8 	 3.507066553707359e-8 	 1.564295477054805e-8 	 -1.3983247824760174e-8 	 7.766151916064092e-10 	 1.8796176915126052e-10 	 2.837312729895752e-10 	 -1.770991031858224e-9 	 -2.046239726421018e-9 	 -4.207059717642513e-9 	 1.930306844129097e-9 	 1.1858223245212828e-8 	 7.721170260275969e-11 	 -3.7213567701602427e-10 	 
1290.3720658985355 	 8.324103852006716e-7 	 2.1061476516873807e-7 	 1.0991695492814653e-8 	 1.164285420219337e-6 	 -4.777470700210462e-10 	 -1.4072511538358794e-10 	 -1.1176411705231553e-8 	 2.3393071764308728e-8 	 -9.04222420710803e-7 	 3.2495567415474815e-7 	 -2.4720286583516073e-9 	 1.2824352292857136e-9 	 -2.7444810086604057e-8 	 3.459370267482571e-8 	 1.5304279901874124e-8 	 -1.3759986305201622e-8 	 7.856867100705928e-10 	 1.3272910145552654e-10 	 2.830076363625372e-10 	 -1.797181998235627e-9 	 -2.114181607702418e-9 	 -4.218483674599618e-9 	 2.0032411835685635e-9 	 1.1903833130376062e-8 	 8.691556313646712e-11 	 -3.82095798096155e-10 	 
1313.1128837281576 	 8.019226571030991e-7 	 1.9780359965754582e-7 	 1.0750296852777161e-8 	 1.1437954274745464e-6 	 -5.044833777346951e-10 	 -1.4565350328878464e-10 	 -9.746910054396713e-9 	 2.1642968909588366e-8 	 -8.87518595636268e-7 	 3.1198511441700145e-7 	 -2.3980021523027216e-9 	 1.1486997581869685e-9 	 -2.7065185346091873e-8 	 3.411616255880397e-8 	 1.4960119021663193e-8 	 -1.3546441717293046e-8 	 7.945987836417356e-10 	 7.28540445178626e-11 	 2.822361574700433e-10 	 -1.82281162431925e-9 	 -2.1810032187753455e-9 	 -4.229706456588006e-9 	 2.076187414894562e-9 	 1.1947921187946673e-8 	 9.712780517198892e-11 	 -3.918638535985879e-10 	 
1336.254473404309 	 7.729811007898686e-7 	 1.87120762217185e-7 	 1.0510486275213466e-8 	 1.1228246528253893e-6 	 -5.326290792480818e-10 	 -1.508043887220098e-10 	 -8.404690125959221e-9 	 1.9988751434327646e-8 	 -8.712038480694281e-7 	 2.9930663285909815e-7 	 -2.324877414990991e-9 	 1.011694766920336e-9 	 -2.6673187240489535e-8 	 3.364033858260087e-8 	 1.4613682257603786e-8 	 -1.334940109439621e-8 	 8.033313809861577e-10 	 8.014737800962538e-12 	 2.812824226445698e-10 	 -1.8477776344539995e-9 	 -2.2465438396253113e-9 	 -4.240809335255904e-9 	 2.14909584427246e-9 	 1.1990469218500148e-8 	 1.0786698033345126e-10 	 -4.013927904385578e-10 	 
1359.8038979127691 	 7.454466868365696e-7 	 1.757451374023748e-7 	 1.0272157170343452e-8 	 1.1040299525171957e-6 	 -5.622498231323743e-10 	 -1.561884356628768e-10 	 -7.158246822096324e-9 	 1.8429242770473094e-8 	 -8.552900004912426e-7 	 2.8698275591687466e-7 	 -2.252647405611937e-9 	 8.711285994428987e-10 	 -2.632516739545744e-8 	 3.3166278964681387e-8 	 1.4263558729058696e-8 	 -1.3126509355319874e-8 	 8.118626874237936e-10 	 -6.213510902739524e-11 	 2.8023830755610173e-10 	 -1.871966201673499e-9 	 -2.3106338840276795e-9 	 -4.251742978382426e-9 	 2.2219059754867253e-9 	 1.2031435552400196e-8 	 1.1915168185400776e-10 	 -4.1063153696170723e-10 	 
1383.768344713554 	 7.174461437099334e-7 	 1.65896681362321e-7 	 1.0035296620353992e-8 	 1.0832766321034172e-6 	 -5.93413383994109e-10 	 -1.618166234794236e-10 	 -5.984669993271691e-9 	 1.695510194191509e-8 	 -8.398444114343324e-7 	 2.750820476754633e-7 	 -2.1813558347971593e-9 	 7.267024856033743e-10 	 -2.59379594762419e-8 	 3.269315315836764e-8 	 1.391060387844781e-8 	 -1.2933789526982637e-8 	 8.201699028471108e-10 	 -1.379670594914288e-10 	 2.791014111337416e-10 	 -1.8952546874930667e-9 	 -2.3730930930815266e-9 	 -4.262504849511242e-9 	 2.294579128132131e-9 	 1.2070833789135093e-8 	 1.3100095382566567e-10 	 -4.195247383534611e-10 	 
1408.1551279345736 	 6.908856389726112e-7 	 1.5601898682826896e-7 	 9.799816305381716e-9 	 1.0642158659787611e-6 	 -6.261895699222847e-10 	 -1.6770009308051773e-10 	 -4.9018595118320805e-9 	 1.556780898538896e-8 	 -8.247947768352299e-7 	 2.633868745053428e-7 	 -2.1110104217554087e-9 	 5.780771572802591e-10 	 -2.557776290838194e-8 	 3.22199869420835e-8 	 1.355496652576394e-8 	 -1.2730398673783399e-8 	 8.282284494758107e-10 	 -2.1988121914971696e-10 	 2.777839187717131e-10 	 -1.9175112763924493e-9 	 -2.4337296067117835e-9 	 -4.273153459581209e-9 	 2.36706696892541e-9 	 1.2108728919372347e-8 	 1.4343356418952432e-10 	 -4.280125005738071e-10 	 
1432.9716906039691 	 6.654883683269253e-7 	 1.4687957757877695e-7 	 9.565665442766702e-9 	 1.0455013861413278e-6 	 -6.606501251274902e-10 	 -1.738502378487091e-10 	 -3.8840649388351895e-9 	 1.4257759755409028e-8 	 -8.101366807732102e-7 	 2.5217292717641837e-7 	 -2.041641733724121e-9 	 4.2488790738221967e-10 	 -2.5231398271881612e-8 	 3.174602368562788e-8 	 1.3194016755874187e-8 	 -1.252001162301134e-8 	 8.360123909313836e-10 	 -3.0830813023058506e-10 	 2.7641983618684004e-10 	 -1.938593302087065e-9 	 -2.4923399785675672e-9 	 -4.283610124982495e-9 	 2.4393227497678934e-9 	 1.2145079777883268e-8 	 1.5646843756264833e-10 	 -4.360300694836355e-10 	 
1458.2256069217708 	 6.399596922984467e-7 	 1.3823715916185054e-7 	 9.332778834830854e-9 	 1.0264028380381014e-6 	 -6.968686358285857e-10 	 -1.8027869806295628e-10 	 -2.9467592563911134e-9 	 1.3025897888353635e-8 	 -7.958556972250416e-7 	 2.4108555008233123e-7 	 -1.9732763099561337e-9 	 2.6673517850017104e-10 	 -2.4854677019237276e-8 	 3.1270848386334646e-8 	 1.2852259171032662e-8 	 -1.2338277753820854e-8 	 8.434941104297255e-10 	 -4.037119782782539e-10 	 2.7488982576257053e-10 	 -1.9583452052435782e-9 	 -2.5487053057989205e-9 	 -4.29394501475949e-9 	 2.511290074980654e-9 	 1.2179877058575286e-8 	 1.7012444048321904e-10 	 -4.4350755070136504e-10 	 
1483.9245845716043 	 6.156014332982206e-7 	 1.299235953513825e-7 	 9.101078373153982e-9 	 1.0081663727736864e-6 	 -7.34920270348189e-10 	 -1.8699729280323227e-10 	 -2.0714182237941482e-9 	 1.186488784199321e-8 	 -7.818793120845283e-7 	 2.3032482204786793e-7 	 -1.9059374396405734e-9 	 1.0317672418664582e-10 	 -2.452567029852188e-8 	 3.0794562733993606e-8 	 1.2490994966160151e-8 	 -1.2127841334548454e-8 	 8.50644138409182e-10 	 -5.065938421720418e-10 	 2.73242187211679e-10 	 -1.9765965102530543e-9 	 -2.6025947256503514e-9 	 -4.304136684503736e-9 	 2.582912443960611e-9 	 1.221311206646061e-8 	 1.844199401035842e-10 	 -4.50369583585456e-10 	 
1510.0764670731387 	 5.917013326934365e-7 	 1.221957554081221e-7 	 8.870503005799594e-9 	 9.898196241600588e-7 	 -7.748820696158335e-10 	 -1.940179178149127e-10 	 -1.2650119572000306e-9 	 1.0773708753536746e-8 	 -7.683303689576122e-7 	 2.1998130492054086e-7 	 -1.8396616121885584e-9 	 -6.626797480741175e-11 	 -2.4165275520505157e-8 	 3.0317327944554525e-8 	 1.2129792065575018e-8 	 -1.1943340152545963e-8 	 8.574314688013443e-10 	 -6.17494801648152e-10 	 2.7152566035841234e-10 	 -1.993160231539906e-9 	 -2.653765207175003e-9 	 -4.314153486740837e-9 	 2.654132871888676e-9 	 1.2244787875072894e-8 	 1.9937338887837267e-10 	 -4.565349403567609e-10 	 
1536.6892361759749 	 5.683692851773973e-7 	 1.148114597640301e-7 	 8.640966467911368e-9 	 9.719784072375916e-7 	 -8.168309875194604e-10 	 -2.0135246974041532e-10 	 -5.183826771701899e-10 	 9.747627923920243e-9 	 -7.55140247096045e-7 	 2.0973870150413082e-7 	 -1.7744764391153042e-9 	 -2.4213378299695333e-10 	 -2.3821325869108247e-8 	 2.983901506758643e-8 	 1.1767227757962271e-8 	 -1.1754845052319118e-8 	 8.638226953148797e-10 	 -7.370009699250221e-10 	 2.6962014548276077e-10 	 -2.007831810106399e-9 	 -2.701955946259195e-9 	 -4.324072156018985e-9 	 2.72489251074552e-9 	 1.2274913506380598e-8 	 2.1500222565303158e-10 	 -4.6191637298785635e-10 	 
1563.7710142957494 	 5.456178785992744e-7 	 1.077761350363705e-7 	 8.41239015893384e-9 	 9.542269559399092e-7 	 -8.608470514363905e-10 	 -2.0901278197859096e-10 	 1.6856113026562344e-10 	 8.78414419521763e-9 	 -7.422915426156589e-7 	 2.0000368004142505e-7 	 -1.710417129002114e-9 	 -4.2500857435533666e-10 	 -2.3499331750233367e-8 	 2.935936872716745e-8 	 1.1402143934092199e-8 	 -1.155348042733531e-8 	 8.697829874565287e-10 	 -8.657466854365319e-10 	 2.676705808168871e-10 	 -2.020387717722875e-9 	 -2.74688970325988e-9 	 -4.333809933140386e-9 	 2.7951322848211542e-9 	 1.230348428641937e-8 	 2.3132372141338155e-10 	 -4.66420055475277e-10 	 
1591.3300669931418 	 5.248231227580638e-7 	 1.0129588223499365e-7 	 8.184694174893057e-9 	 9.382797634899329e-7 	 -9.07009112525937e-10 	 -2.170106295659819e-10 	 8.001718327702291e-10 	 7.879913601561106e-9 	 -7.29784130593179e-7 	 1.9022024647017056e-7 	 -1.6475257721902748e-9 	 -6.15543805722753e-10 	 -2.314249752322659e-8 	 2.8878081003136224e-8 	 1.1034092492835341e-8 	 -1.1383835199453305e-8 	 8.752745999594831e-10 	 -1.0044215012599352e-9 	 2.655670354414107e-10 	 -2.0305836170259906e-9 	 -2.7882712651149405e-9 	 -4.343431108713622e-9 	 2.864789918992452e-9 	 1.2330496909048318e-8 	 2.483542433896384e-10 	 -4.699451210822556e-10 	 
1619.3748054966 	 5.018597125204094e-7 	 9.490626279102614e-8 	 7.957770962618468e-9 	 9.197845998979628e-7 	 -9.553968669860704e-10 	 -2.2535759097275926e-10 	 1.3769590123474884e-9 	 7.0325100585395605e-9 	 -7.175487358604021e-7 	 1.8103634789161626e-7 	 -1.5858304642534662e-9 	 -8.144660661082324e-10 	 -2.2834209362798745e-8 	 2.839481855037377e-8 	 1.066290934496669e-8 	 -1.1184920954268063e-8 	 8.802583589131534e-10 	 -1.1537740757553967e-9 	 2.6334774741773293e-10 	 -2.0381522394801196e-9 	 -2.8257859322185475e-9 	 -4.352921723804093e-9 	 2.933802541329413e-9 	 1.2355951057284917e-8 	 2.661088834274395e-10 	 -4.723834403670885e-10 	 
1647.9137892694969 	 4.806741683756295e-7 	 8.914261342921185e-8 	 7.731543348405395e-9 	 9.029797858613961e-7 	 -1.006089330038644e-9 	 -2.3406491984992215e-10 	 1.905707599292617e-9 	 6.238346952340659e-9 	 -7.05680538875384e-7 	 1.71692981977311e-7 	 -1.5253876659012866e-9 	 -1.0225801419725908e-9 	 -2.2494262417478462e-8 	 2.790922105579225e-8 	 1.0288834130534934e-8 	 -1.1011880494886574e-8 	 8.846917717659708e-10 	 -1.314621127930968e-9 	 2.6107152690490816e-10 	 -2.0428009471795634e-9 	 -2.8590979721058596e-9 	 -4.362245012033678e-9 	 3.002103499132216e-9 	 1.2379853253656834e-8 	 2.846019381363453e-10 	 -4.736190634900717e-10 	 
1676.9557286225488 	 4.6286340328140305e-7 	 8.343591618222289e-8 	 7.50588716961767e-9 	 8.895547866277701e-7 	 -1.059164578688378e-9 	 -2.431433904995059e-10 	 2.3826181438513196e-9 	 5.496054473511663e-9 	 -6.941310298838185e-7 	 1.6264272747713135e-7 	 -1.4662277642685478e-9 	 -1.2407919559164356e-9 	 -2.2172772571892588e-8 	 2.7420874123216795e-8 	 9.913090675605722e-9 	 -1.0833341244908088e-8 	 8.885307321457507e-10 	 -1.4878531361109499e-9 	 2.5861500817170847e-10 	 -2.0442089513568215e-9 	 -2.88784905621162e-9 	 -4.371480745653529e-9 	 3.069627766485928e-9 	 1.2402220138877889e-8 	 3.038458668327751e-10 	 -4.735278247136489e-10 	 
1706.5094873722715 	 4.405421040844085e-7 	 7.824182720248194e-8 	 7.280711431948945e-9 	 8.710649723838625e-7 	 -1.1146988889442509e-9 	 -2.5260318245776896e-10 	 2.8182307344091794e-9 	 4.801562019024662e-9 	 -6.82888892941543e-7 	 1.5396965157828157e-7 	 -1.4084135972219937e-9 	 -1.4701105648452406e-9 	 -2.186867783262483e-8 	 2.692924988218734e-8 	 9.533952299683128e-9 	 -1.0645084180493773e-8 	 8.917275106830721e-10 	 -1.6744454382780402e-9 	 2.5613444686344423e-10 	 -2.0420240999420932e-9 	 -2.9116566509322673e-9 	 -4.380540473452408e-9 	 3.1363050977787545e-9 	 1.2423052596306036e-8 	 3.238515188876668e-10 	 -4.719767672540002e-10 	 
1736.5840855462714 	 4.2096385052771685e-7 	 7.323555597427205e-8 	 7.055882112945937e-9 	 8.554611507538345e-7 	 -1.1727656933594569e-9 	 -2.624537912636101e-10 	 3.204573628333645e-9 	 4.154431342613718e-9 	 -6.719384233509094e-7 	 1.4530795367257617e-7 	 -1.3519851382714457e-9 	 -1.7116786103602999e-9 	 -2.153409061418493e-8 	 2.643357074373997e-8 	 9.130414317925875e-9 	 -1.0485312892960334e-8 	 8.942324277941895e-10 	 -1.8754667105335397e-9 	 2.535028604700674e-10 	 -2.0358588691087164e-9 	 -2.930104673584498e-9 	 -4.3895000150638575e-9 	 3.2020651373034265e-9 	 1.2442353815202129e-8 	 3.446278099130488e-10 	 -4.688237096079693e-10 	 
1767.1887021362386 	 4.011112382641329e-7 	 6.849312132697115e-8 	 6.831275764096152e-9 	 8.391370008610659e-7 	 -1.233434856893129e-9 	 -2.72703830468963e-10 	 3.5543260098409777e-9 	 3.550455910963371e-9 	 -6.612455307611954e-7 	 1.371076970614771e-7 	 -1.297001303308197e-9 	 -1.9667838051076547e-9 	 -2.1248465870574093e-8 	 2.5933364869430545e-8 	 8.747010960486198e-9 	 -1.0296642310803787e-8 	 8.959919865555864e-10 	 -2.0920931284220645e-9 	 2.507911029570623e-10 	 -2.025285925939305e-9 	 -2.9427570966990317e-9 	 -4.398327684193184e-9 	 3.2668335227640905e-9 	 1.2460131152279892e-8 	 3.6618090839276133e-10 	 -4.6391659954311546e-10 	 
1798.3326778994324 	 3.818351144543143e-7 	 6.41106753572549e-8 	 6.606757873987402e-9 	 8.234721097796905e-7 	 -1.2967708454523456e-9 	 -2.8336081318674907e-10 	 3.86002222068655e-9 	 2.989208390084696e-9 	 -6.508596090155245e-7 	 1.2880315597303733e-7 	 -1.243522480412447e-9 	 -2.2368879095463776e-9 	 -2.0923325293654162e-8 	 2.54284800095756e-8 	 8.353988694259937e-9 	 -1.0137530211709589e-8 	 8.969502651481213e-10 	 -2.3256209290628775e-9 	 2.480260270503545e-10 	 -2.0098338161089126e-9 	 -2.949143648835427e-9 	 -4.407005776642164e-9 	 3.330533501047294e-9 	 1.2476395534390232e-8 	 3.8851458925290434e-10 	 -4.570930210157774e-10 	 
1830.025518209555 	 3.63460637730651e-7 	 5.982460330473385e-8 	 6.382167975267384e-9 	 8.08434076180327e-7 	 -1.3628314477110632e-9 	 -2.9443091623400637e-10 	 4.130695618615846e-9 	 2.4673941359797595e-9 	 -6.407660640533685e-7 	 1.2102315941072602e-7 	 -1.1916037150174175e-9 	 -2.5236605934347913e-9 	 -2.0629599965598076e-8 	 2.4918885729954107e-8 	 7.953216487498447e-9 	 -9.964405733689317e-9 	 8.970473543178683e-10 	 -2.5774849681199302e-9 	 2.451126442918332e-10 	 -1.9889824188978384e-9 	 -2.948754855986465e-9 	 -4.415600735772147e-9 	 3.3930864856504538e-9 	 1.2491162380628674e-8 	 4.116289573367048e-10 	 -4.481795308473131e-10 	 
1862.2768959578668 	 3.4578667071537144e-7 	 5.5940170008731875e-8 	 6.157357442051359e-9 	 7.942101778321859e-7 	 -1.4316661803028532e-9 	 -3.0591876221364355e-10 	 4.363749978702022e-9 	 1.983844896193165e-9 	 -6.30935914093946e-7 	 1.1303686158907615e-7 	 -1.1413222333979247e-9 	 -2.8290121834346827e-9 	 -2.0336288791131248e-8 	 2.440446079792676e-8 	 7.544176778106842e-9 	 -9.793331405184886e-9 	 8.962203426009656e-10 	 -2.8492776074934655e-9 	 2.422090405881683e-10 	 -1.9621572553974376e-9 	 -2.941041564777397e-9 	 -4.424022657907549e-9 	 3.4544127951809193e-9 	 1.2504452319276813e-8 	 4.355206139225581e-10 	 -4.369909839850551e-10 	 
1895.0966545054139 	 3.286191647328355e-7 	 5.214358526739116e-8 	 5.932132192369276e-9 	 7.801212489702649e-7 	 -1.5033136359826083e-9 	 -3.178272309710534e-10 	 4.56188885132127e-9 	 1.5365448989813782e-9 	 -6.213667487979033e-7 	 1.0564293515158052e-7 	 -1.0927370900625073e-9 	 -3.1551482149045225e-9 	 -2.0028311443336283e-8 	 2.388458870626007e-8 	 7.128351451642223e-9 	 -9.6398727054715e-9 	 8.944021971558523e-10 	 -3.1427737675539115e-9 	 2.391604124239853e-10 	 -1.928721967229879e-9 	 -2.9254101263289696e-9 	 -4.432367266935068e-9 	 3.5144318085730607e-9 	 1.2516275115686952e-8 	 4.6018180408368115e-10 	 -4.2332984821923806e-10 	 
1928.494810687309 	 3.1060323685381623e-7 	 4.8650602911915435e-8 	 5.7063046889698595e-9 	 7.655119986268292e-7 	 -1.5777989522429541e-9 	 -3.301571237036741e-10 	 4.727780783032887e-9 	 1.1235921392524267e-9 	 -6.120415504575322e-7 	 9.793528640786222e-8 	 -1.045930921390124e-9 	 -3.5046219187762617e-9 	 -1.9761986356240247e-8 	 2.3357468249666084e-8 	 6.690007921473511e-9 	 -9.453984588907589e-9 	 8.915221983215265e-10 	 -3.459959391051939e-9 	 2.361019198781556e-10 	 -1.887966126806716e-9 	 -2.901220840251645e-9 	 -4.440567281849133e-9 	 3.5730544949906455e-9 	 1.25266462934545e-8 	 4.85599611181932e-10 	 -4.069854342595066e-10 	 
1962.4815578699313 	 2.9453292423905525e-7 	 4.5311865103641915e-8 	 5.479649255549888e-9 	 7.523289826595139e-7 	 -1.6551307655234952e-9 	 -3.4290685240428465e-10 	 4.860059608724824e-9 	 7.437775361094971e-10 	 -6.029695698044772e-7 	 9.088005626220074e-8 	 -1.0009772731966484e-9 	 -3.880414969849738e-9 	 -1.9451635728065367e-8 	 2.2821187071413354e-8 	 6.273247582057653e-9 	 -9.316984354299494e-9 	 8.875054401736477e-10 	 -3.803067052463706e-9 	 2.3298299055144036e-10 	 -1.8390879010232578e-9 	 -2.8677676366687544e-9 	 -4.4486476946122724e-9 	 3.6301923019753157e-9 	 1.2535585728304988e-8 	 5.11755818522999e-10 	 -3.8773308710072883e-10 	 
1997.0672690620238 	 2.7713636445167555e-7 	 4.2154986121580176e-8 	 5.25192568218988e-9 	 7.38381704751157e-7 	 -1.7352972943944594e-9 	 -3.560720600687037e-10 	 4.964309486612735e-9 	 3.949172971648497e-10 	 -5.941467111388417e-7 	 8.341501809999221e-8 	 -9.579640424381484e-10 	 -4.286030654117199e-9 	 -1.9188177570212386e-8 	 2.2277101790571853e-8 	 5.8354997251489205e-9 	 -9.146323201754536e-9 	 8.822724725295528e-10 	 -4.174619291140347e-9 	 2.297901724508699e-10 	 -1.7811890491302912e-9 	 -2.8243082557248707e-9 	 -4.456635368907673e-9 	 3.685751306093591e-9 	 1.2543123542505495e-8 	 5.386252322553224e-10 	 -3.6533330184651914e-10 	 
2032.2625000806186 	 2.6011441634539166e-7 	 3.926235200515735e-8 	 5.022864380204774e-9 	 7.242182345227809e-7 	 -1.818261564797047e-9 	 -3.6964529620482934e-10 	 5.036229395351367e-9 	 7.63573130381348e-11 	 -5.855622853701358e-7 	 7.658439655634823e-8 	 -9.169846336105014e-10 	 -4.725618787713635e-9 	 -1.8899123759644633e-8 	 2.1725400605749123e-8 	 5.384101369252225e-9 	 -8.996307985834468e-9 	 8.757396108800597e-10 	 -4.577481657943168e-9 	 2.2663562744943002e-10 	 -1.7132678723294924e-9 	 -2.770004699267613e-9 	 -4.464465030073512e-9 	 3.739632986309254e-9 	 1.2549273683430247e-8 	 5.661757319855654e-10 	 -3.395307849902829e-10 	 
2068.077992772737 	 2.4364727834136594e-7 	 3.640447978152895e-8 	 4.7921398465040335e-9 	 7.112769598895042e-7 	 -1.9039559790364665e-9 	 -3.836156561566012e-10 	 5.081687235947295e-9 	 -2.1396278880259296e-10 	 -5.77207947772552e-7 	 6.938138921641894e-8 	 -8.781203066669193e-10 	 -5.20413993329542e-9 	 -1.8623884852141365e-8 	 2.1163020861945974e-8 	 4.911052925785805e-9 	 -8.843834528462646e-9 	 8.678176894187157e-10 	 -5.014930237800436e-9 	 2.2337494212246517e-10 	 -1.6341871955878853e-9 	 -2.7039424700566806e-9 	 -4.4722323520419945e-9 	 3.79173553248149e-9 	 1.2554061434193301e-8 	 5.943664113230503e-10 	 -3.100533532071712e-10 	 
2104.524678293899 	 2.2851263396950507e-7 	 3.3864189065660315e-8 	 4.559418291572317e-9 	 6.991267730416676e-7 	 -1.9922748660204454e-9 	 -3.97968290258056e-10 	 5.098701663023113e-9 	 -4.769179259390492e-10 	 -5.690804143974828e-7 	 6.27040975247522e-8 	 -8.414910797443452e-10 	 -5.7275777086044364e-9 	 -1.8365284521472767e-8 	 2.0587962015570586e-8 	 4.448855793549313e-9 	 -8.681716184572668e-9 	 8.584133227185821e-10 	 -5.490734489229577e-9 	 2.2019256500705308e-10 	 -1.5426297672932745e-9 	 -2.6251214001260493e-9 	 -4.479838319101051e-9 	 3.841949130814001e-9 	 1.2557514537673527e-8 	 6.231468400501163e-10 	 -2.7661087270913654e-10 	 
2141.6136804443754 	 2.1347806403614848e-7 	 3.133720957364642e-8 	 4.324271760656488e-9 	 6.877041456516409e-7 	 -2.083066606859449e-9 	 -4.126839683376447e-10 	 5.089143671359888e-9 	 -7.138597347480682e-10 	 -5.611706133835266e-7 	 5.571524110243374e-8 	 -8.07185837750569e-10 	 -6.3032334948514015e-9 	 -1.8079069256090222e-8 	 2.000239793711992e-8 	 3.959398441262461e-9 	 -8.545619246644498e-9 	 8.474265004521411e-10 	 -6.009266087650724e-9 	 2.169488560438753e-10 	 -1.43709762584283e-9 	 -2.532437024249637e-9 	 -4.487370391243749e-9 	 3.890157812655705e-9 	 1.2559663622738264e-8 	 6.524557291813133e-10 	 -2.388939652471371e-10 	 
2179.3563190642653 	 2.0069576921973164e-7 	 2.9089942329596467e-8 	 4.086239699658837e-9 	 6.782654779553373e-7 	 -2.176122469531851e-9 	 -4.277385068447249e-10 	 5.053205738065645e-9 	 -9.258485731418606e-10 	 -5.534711552791691e-7 	 4.90761472581522e-8 	 -7.753336135686994e-10 	 -6.94012190807451e-9 	 -1.7840120093312238e-8 	 1.9402774590238173e-8 	 3.446295428962813e-9 	 -8.387894581472651e-9 	 8.347529987403683e-10 	 -6.5756347782949576e-9 	 2.1375603522833138e-10 	 -1.3158647664751092e-9 	 -2.4246388870084176e-9 	 -4.49478131549006e-9 	 3.9362380817517326e-9 	 1.2560547607139745e-8 	 6.822188447022235e-10 	 -1.9657257545815677e-10 	 
2217.7641134883993 	 1.8177232828058238e-7 	 2.6853296639395748e-8 	 3.84474292785881e-9 	 6.623225473489232e-7 	 -2.2711632878425494e-9 	 -4.4310234120586233e-10 	 4.991612215787625e-9 	 -1.1139524645293094e-9 	 -5.459814450757032e-7 	 4.3092924625297916e-8 	 -7.460380026184278e-10 	 -7.649535564554156e-9 	 -1.755677567859834e-8 	 1.8786707986578463e-8 	 2.9330577372658125e-9 	 -8.249564260095822e-9 	 8.202808732463839e-10 	 -7.195870690041856e-9 	 2.1060776391937133e-10 	 -1.176875245716094e-9 	 -2.300352148353205e-9 	 -4.50207032352482e-9 	 3.980054257482507e-9 	 1.2560187247796656e-8 	 7.123481361167038e-10 	 -1.4929439630316957e-10 	 
2256.8487860621126 	 1.649921238199806e-7 	 2.488030638343501e-8 	 3.5991248976976753e-9 	 6.5019085806223e-7 	 -2.3678225263811213e-9 	 -4.587399255036711e-10 	 4.904663602288677e-9 	 -1.2791255293902583e-9 	 -5.386986930375329e-7 	 3.557069089662459e-8 	 -7.194452575310852e-10 	 -8.445839435832875e-9 	 -1.7316558221690936e-8 	 1.815566913435574e-8 	 2.3965733880285e-9 	 -8.094847769001809e-9 	 8.038937778429866e-10 	 -7.877158725537998e-9 	 2.074612762924314e-10 	 -1.017724466035656e-9 	 -2.158017230846878e-9 	 -4.5092881563656e-9 	 4.021459141866608e-9 	 1.2558628177493143e-8 	 7.427385051668531e-10 	 -9.668314169079284e-11 	 
2296.6222657190083 	 1.5112807584925393e-7 	 2.2904449052851844e-8 	 3.3485466045778596e-9 	 6.401905605882744e-7 	 -2.465624760094991e-9 	 -4.746091107832398e-10 	 4.791876417862191e-9 	 -1.422165931737154e-9 	 -5.316289243996025e-7 	 2.9249710981414632e-8 	 -6.956692305165525e-10 	 -9.347661283566942e-9 	 -1.7055675700044593e-8 	 1.7503207984134138e-8 	 1.821525035437751e-9 	 -7.956676369882254e-9 	 7.854665603842209e-10 	 -8.628157359131868e-9 	 2.0446183889514006e-10 	 -8.355040855226513e-10 	 -1.9958262984188887e-9 	 -4.516354207904704e-9 	 4.060291128588044e-9 	 1.2555898520330398e-8 	 7.732663099493821e-10 	 -3.833643623973649e-11 	 
2337.0966916217417 	 1.3846880755405744e-7 	 2.1179984929902184e-8 	 3.0920093315802604e-9 	 6.326120875263041e-7 	 -2.563957631004048e-9 	 -4.906605706557182e-10 	 4.654061514682637e-9 	 -1.543968947376904e-9 	 -5.247403468290523e-7 	 2.1862401284155572e-8 	 -6.748767013803743e-10 	 -1.0379678879239985e-8 	 -1.6804099671075165e-8 	 1.683086450982378e-8 	 1.2305168756329398e-9 	 -7.819021373711266e-9 	 7.648693600590152e-10 	 -9.45941930733687e-9 	 2.0145558425352484e-10 	 -6.266420248833323e-10 	 -1.8117792234022557e-9 	 -4.523372980313528e-9 	 4.096369779000551e-9 	 1.25520486462348e-8 	 8.037857664594429e-10 	 2.6176585400347132e-11 	 
2378.2844168669976 	 1.1741327513905877e-7 	 1.9444522121766644e-8 	 2.8281991792253403e-9 	 6.165293142977448e-7 	 -2.6620351168438566e-9 	 -5.068370392637385e-10 	 4.48856098239411e-9 	 -1.6449601861692334e-9 	 -5.180272469586042e-7 	 1.5060697086235492e-8 	 -6.571897917534604e-10 	 -1.1575466830312312e-8 	 -1.6571092004599365e-8 	 1.6132145562729086e-8 	 6.00463065078406e-10 	 -7.670086811842075e-9 	 7.419624399282261e-10 	 -1.0383962582147342e-8 	 1.9864279891272874e-10 	 -3.866932430635538e-10 	 -1.6034723736026537e-9 	 -4.530242102281607e-9 	 4.1294905222841706e-9 	 1.2547118203418725e-8 	 8.341257399023058e-10 	 9.73181799221716e-11 	 
2420.198012255736 	 1.0155313703762382e-7 	 1.7927325779247935e-8 	 2.555451428272241e-9 	 6.066632283862802e-7 	 -2.7588491252245535e-9 	 -5.230728252585019e-10 	 4.297606973805297e-9 	 -1.7260771948376475e-9 	 -5.115028351856863e-7 	 7.53219315923216e-9 	 -6.427982592702165e-10 	 -1.2982213149710466e-8 	 -1.630966222489003e-8 	 1.5406056936058867e-8 	 -5.54978163502406e-11 	 -7.547323796172042e-9 	 7.166009263411668e-10 	 -1.1418010167571648e-8 	 1.9588632909957864e-10 	 -1.0989642672938363e-10 	 -1.3681668189356799e-9 	 -4.537051241066824e-9 	 4.159424421161132e-9 	 1.2541145940483802e-8 	 8.640856415404638e-10 	 1.7558534780436748e-10 	 
2462.8502701298967 	 8.332988361141921e-8 	 1.643145295013679e-8 	 2.271473686489984e-9 	 5.952319052618836e-7 	 -2.853106026640045e-9 	 -5.392929897592996e-10 	 4.074931155146961e-9 	 -1.7872131247976506e-9 	 -5.051561784210253e-7 	 -1.69472852042898e-10 	 -6.318453619594519e-10 	 -1.4669155848892598e-8 	 -1.6094806778505405e-8 	 1.4644670252899223e-8 	 -7.592460206864611e-10 	 -7.40444614897112e-9 	 6.886289317269417e-10 	 -1.2581874557267435e-8 	 1.9331026125244773e-10 	 2.1138508300108448e-10 	 -1.1025218741868676e-9 	 -4.54375356521266e-9 	 4.185905640720625e-9 	 1.2534190201533448e-8 	 8.934296031484074e-10 	 2.6151415342688726e-10 	 
2506.2542082767286 	 6.66044074149577e-8 	 1.509096270063676e-8 	 1.973068297340687e-9 	 5.845623836462332e-7 	 -2.9431458755623137e-9 	 -5.554127760694777e-10 	 3.822496043924725e-9 	 -1.8291693908750162e-9 	 -4.990200473594257e-7 	 -6.535220395712489e-9 	 -6.245287115221578e-10 	 -1.6744398470718343e-8 	 -1.583549542651052e-8 	 1.3844374778177733e-8 	 -1.5189073448554807e-9 	 -7.2781343083857756e-9 	 6.578848641198056e-10 	 -1.3900580722368488e-8 	 1.9091000566254072e-10 	 5.878577536415145e-10 	 -8.026145315458795e-10 	 -4.5503479128454534e-9 	 4.208625931479233e-9 	 1.2526280436894261e-8 	 9.218811050032829e-10 	 3.556850782410575e-10 	 
2550.4230739018953 	 4.485885155949916e-8 	 1.3816228823723396e-8 	 1.6554251613243003e-9 	 5.743592845346623e-7 	 -3.026852756084416e-9 	 -5.713369353008168e-10 	 3.530733972347546e-9 	 -1.8513469610057244e-9 	 -4.930332414855621e-7 	 -1.757457868173276e-8 	 -6.210259087933504e-10 	 -1.938957133265218e-8 	 -1.562013860358959e-8 	 1.2992405354185076e-8 	 -2.2495000790743246e-9 	 -7.13584288820254e-9 	 6.241950645306202e-10 	 -1.5402176843738933e-8 	 1.8865637962974587e-10 	 1.0354450879823307e-9 	 -4.635850019849527e-10 	 -4.556887009821434e-9 	 4.227223273866922e-9 	 1.2517494439661616e-8 	 9.4911402109039e-10 	 4.587299340379477e-10 	 
2595.370347672644 	 2.3920269480161846e-8 	 1.2639292995044757e-8 	 1.3107192782682489e-9 	 5.657510467253063e-7 	 -3.1016277715560553e-9 	 -5.869590345619313e-10 	 3.1959905193175236e-9 	 -1.8539170227057983e-9 	 -4.871827437981936e-7 	 -2.835502282102037e-8 	 -6.215379245665832e-10 	 -2.291813521006641e-8 	 -1.5380726758694888e-8 	 1.207722802320581e-8 	 -2.94240834307963e-9 	 -7.012064497357635e-9 	 5.873793345157631e-10 	 -1.7105330866004843e-8 	 1.866988424668751e-10 	 1.5802007972346205e-9 	 -7.973167812789937e-11 	 -4.563291775214948e-9 	 4.2412709425980744e-9 	 1.2507853928682721e-8 	 9.74745060719479e-10 	 5.713405339524226e-10 	 
2641.109747832185 	 -2.928333720610546e-9 	 1.1561643730145095e-8 	 9.243425519811454e-10 	 5.535989636703957e-7 	 -3.164751336326146e-9 	 -6.021612244565226e-10 	 2.7995658853133433e-9 	 -1.8353770165557542e-9 	 -4.815000636158488e-7 	 -4.046821219277541e-8 	 -6.262840609515582e-10 	 -2.7696512524389253e-8 	 -1.5154851068753887e-8 	 1.1076113089004883e-8 	 -3.220976414763133e-9 	 -6.885608258559431e-9 	 5.472444372312269e-10 	 -1.8963698988504218e-8 	 1.8488891270226754e-10 	 2.2718131133967814e-9 	 3.5494063423375856e-10 	 -4.569669685783708e-9 	 4.2502816023706356e-9 	 1.2497431266138031e-8 	 9.983264220023168e-10 	 6.942773521420743e-10 	 
2687.655234386611 	 -2.842063794512534e-8 	 1.0547242272433463e-8 	 4.6075329645545317e-10 	 5.435801516486632e-7 	 -3.2149116983509705e-9 	 -6.168130353550741e-10 	 2.307069392220505e-9 	 -1.793742107206805e-9 	 -4.7598473461129354e-7 	 -5.4149712172715814e-8 	 -6.354722149847505e-10 	 -3.322747202855602e-8 	 -1.494181815286031e-8 	 9.961412616005356e-9 	 -1.9664936567794584e-9 	 -6.751469921760188e-9 	 5.035894368765355e-10 	 -2.0772730099747685e-8 	 1.8344512385693392e-10 	 3.2350375167753474e-9 	 8.442983740891776e-10 	 -4.575913761088796e-9 	 4.253700897115856e-9 	 1.2486221097186325e-8 	 1.0193547846803885e-9 	 8.283690592155797e-10 	 
2735.0210133656037 	 -3.58990533744991e-8 	 9.653736668284632e-9 	 -2.838510582875875e-10 	 5.344317463780811e-7 	 -3.2571058204618324e-9 	 -6.307716281115252e-10 	 1.5125854467105612e-9 	 -1.7204319131563908e-9 	 -4.7066762001655845e-7 	 -6.392337739255892e-8 	 -6.491681948430479e-10 	 -3.5710704828601245e-8 	 -1.4705343139064331e-8 	 8.70419932154617e-9 	 8.299137330737234e-9 	 -6.6398098760291455e-9 	 4.563992740858556e-10 	 -2.168414537626087e-8 	 1.8221759432209217e-10 	 5.20850544938413e-9 	 1.3705851675986077e-9 	 -4.582127015858576e-9 	 4.251167225777873e-9 	 1.247408740761784e-8 	 1.0373252895885416e-9 	 9.73710331558187e-10 	 
2783.2215411581997 	 -3.242818572553078e-8 	 8.806848939513045e-9 	 -7.487487834647554e-10 	 5.243906993008074e-7 	 -3.2940536143440936e-9 	 -6.439270507702928e-10 	 9.486652350996686e-10 	 -1.6112562065204678e-9 	 -4.65477572741403e-7 	 -5.710798063307996e-8 	 -6.608462643682903e-10 	 -2.985452112245812e-8 	 -1.4512040341202468e-8 	 7.4437000009518275e-9 	 4.10121109962442e-9 	 -6.489661027816638e-9 	 4.1240849990733945e-10 	 -2.0304074666794532e-8 	 1.8135026233904e-10 	 6.0752854124792345e-9 	 1.6433152134366135e-9 	 -4.588249605573187e-9 	 4.242795856027347e-9 	 1.2461424294755966e-8 	 1.051979083106293e-9 	 1.1050631342167567e-9 	 
2832.2715289250114 	 -2.1923309030279155e-8 	 8.081612525156374e-9 	 -9.852714528908568e-10 	 5.153016376359627e-7 	 -3.3127680854209716e-9 	 -6.562698317625844e-10 	 5.945385734028568e-10 	 -1.4920746000189836e-9 	 -4.6037583988744244e-7 	 -4.5866002603285667e-8 	 -6.67697370550205e-10 	 -2.3727664875268818e-8 	 -1.427428320696665e-8 	 6.390250866865424e-9 	 9.21319549541022e-10 	 -6.396519601819557e-9 	 3.7438817524788326e-10 	 -1.835032899693214e-8 	 1.8076699756756567e-10 	 6.245370996546146e-9 	 1.7310982424870525e-9 	 -4.5942985490352035e-9 	 4.229068670532463e-9 	 1.2448497944613736e-8 	 1.0635160178932772e-9 	 1.2136438352983493e-9 	 
2882.1859470881627 	 -1.2204796250321313e-8 	 7.38345660043216e-9 	 -1.114676019336427e-9 	 5.073137619750334e-7 	 -3.311943566747076e-9 	 -6.678027284361029e-10 	 3.449307605225517e-10 	 -1.3731450889077421e-9 	 -4.5544198999063534e-7 	 -3.658905143370785e-8 	 -6.702496358511932e-10 	 -1.8983757796927615e-8 	 -1.4083091388091735e-8 	 5.520912512140499e-9 	 -6.902313826642938e-10 	 -6.264992974714788e-9 	 3.4158108366130144e-10 	 -1.6428439693431342e-8 	 1.804224674305995e-10 	 6.171763705887876e-9 	 1.7364807619903747e-9 	 -4.600313312150672e-9 	 4.2106929402437366e-9 	 1.243520937459724e-8 	 1.0722857358745426e-9 	 1.3033908434665132e-9 	 
2932.9800299003823 	 -6.0172065949183084e-9 	 6.772440804479999e-9 	 -1.1788799722807297e-9 	 4.989703240258184e-7 	 -3.294271370571493e-9 	 -6.785240503901116e-10 	 1.6383896536207881e-10 	 -1.2592444356095505e-9 	 -4.506534881028574e-7 	 -2.980257568481983e-8 	 -6.690484352199602e-10 	 -1.5568681871854327e-8 	 -1.3861749156081763e-8 	 4.7950520871351024e-9 	 -1.5240934796166283e-9 	 -6.155791040931276e-9 	 3.1331369452181996e-10 	 -1.4707776956090413e-8 	 1.8040537110761614e-10 	 5.981776275505232e-9 	 1.700020722335571e-9 	 -4.60622408848022e-9 	 4.188391246980148e-9 	 1.24216372208286e-8 	 1.0786353753117138e-9 	 1.3773062604989594e-9 	 
2984.6692800946194 	 -1.8864824375906425e-9 	 6.2056385463232625e-9 	 -1.200364965818032e-9 	 4.908673734405416e-7 	 -3.2631758141220813e-9 	 -6.884272862088488e-10 	 3.3076098281048675e-11 	 -1.1524728333216828e-9 	 -4.460040261069944e-7 	 -2.4656846046892863e-8 	 -6.645596926144081e-10 	 -1.2999138352883199e-8 	 -1.366067769449123e-8 	 4.181248843748862e-9 	 -1.963267545475882e-9 	 -6.039156897013957e-9 	 2.889901528969327e-10 	 -1.320293056421395e-8 	 1.805297053674832e-10 	 5.731710736353286e-9 	 1.6408378101346926e-9 	 -4.612136537484282e-9 	 4.162828261546927e-9 	 1.2407821248083372e-8 	 1.0828679538427883e-9 	 1.4377751028238627e-9 	 
3037.269473615574 	 -7.087385367685591e-10 	 5.680235623601405e-9 	 -1.1930936058773684e-9 	 4.815406567938801e-7 	 -3.2216701829581084e-9 	 -6.975021101502267e-10 	 -6.10536776692876e-11 	 -1.0539659277670291e-9 	 -4.415589512278009e-7 	 -2.0651849319222693e-8 	 -6.572234911228873e-10 	 -1.099030226967933e-8 	 -1.3465335657414568e-8 	 3.6574281083707817e-9 	 -2.1811063830922676e-9 	 -5.919339984579222e-9 	 2.6808194630807054e-10 	 -1.1887576805190856e-8 	 1.8098330617452054e-10 	 5.451232567675902e-9 	 1.5692061129109783e-9 	 -4.6179358817868575e-9 	 4.134570085203077e-9 	 1.2393798675172934e-8 	 1.085237318351282e-9 	 1.4867374498940555e-9 	 
3090.796664434656 	 2.6294679598015247e-9 	 5.211863665533325e-9 	 -1.166386927632854e-9 	 4.754758533478863e-7 	 -3.1721947581694986e-9 	 -7.057345116107194e-10 	 -1.2692698491308483e-10 	 -9.63879920763607e-10 	 -4.3712837882842436e-7 	 -1.745985863883194e-8 	 -6.474493596035486e-10 	 -9.377558224239919e-9 	 -1.3252258678040988e-8 	 3.2073857018748747e-9 	 -2.2666661119999215e-9 	 -5.818037760433196e-9 	 2.5012243701502164e-10 	 -1.0732393978942853e-8 	 1.815519278624095e-10 	 5.157512718108827e-9 	 1.4911545759940517e-9 	 -4.623737115340697e-9 	 4.1041033603598074e-9 	 1.237962973488062e-8 	 1.0859531244029786e-9 	 1.52579916483049e-9 	 
3145.267189449756 	 4.0878275902585086e-9 	 4.77404816470387e-9 	 -1.1267108003809202e-9 	 4.685211066151001e-7 	 -3.116694242607955e-9 	 -7.13107696329082e-10 	 -1.7077896228030958e-10 	 -8.819488971191227e-10 	 -4.328435394407282e-7 	 -1.4872319626880905e-8 	 -6.355946080312144e-10 	 -8.058314452875664e-9 	 -1.3079109695137612e-8 	 2.8187187187868685e-9 	 -2.2705080280304395e-9 	 -5.682849397154758e-9 	 2.346987558519268e-10 	 -9.71229223643488e-9 	 1.8238510404342302e-10 	 4.8610225974836225e-9 	 1.4104113237724025e-9 	 -4.629458866443882e-9 	 4.071840617999645e-9 	 1.2365330287392642e-8 	 1.085187213744238e-9 	 1.5563051418147156e-9 	 
3200.6976734713967 	 1.594546716754872e-9 	 4.366883888494477e-9 	 -1.0786650703312235e-9 	 4.583928459332543e-7 	 -3.056714736468537e-9 	 -7.196024444963406e-10 	 -1.9868255188637597e-10 	 -8.078749509195864e-10 	 -4.2868444331694604e-7 	 -1.2743491296322406e-8 	 -6.219932444389196e-10 	 -6.963749754681614e-9 	 -1.286146939135765e-8 	 2.481655427044637e-9 	 -2.223274917446016e-9 	 -5.598945831314097e-9 	 2.214474488115454e-10 	 -8.806850312653492e-9 	 1.8338207065265544e-10 	 4.568318504826988e-9 	 1.3293502092120317e-9 	 -4.63513817525202e-9 	 4.038135112411768e-9 	 1.2350952050159667e-8 	 1.0830807664830878e-9 	 1.5793912999179744e-9 	 
3257.10503429676 	 1.0542336463683079e-9 	 4.011856860870525e-9 	 -1.0255624734997929e-9 	 4.508383299969974e-7 	 -2.993488006874972e-9 	 -7.251977306392193e-10 	 -2.1347479420478343e-10 	 -7.409097434102037e-10 	 -4.246471985010513e-7 	 -1.0974059840700332e-8 	 -6.069500987705122e-10 	 -6.045429509834508e-9 	 -1.2692648855338357e-8 	 2.1883394374808106e-9 	 -2.1443553913018944e-9 	 -5.477864030270484e-9 	 2.1004791126237355e-10 	 -7.999539556549851e-9 	 1.8453268346369722e-10 	 4.283531909585993e-9 	 1.2495021127546568e-9 	 -4.640794474519081e-9 	 4.003290218144629e-9 	 1.2336504713282981e-8 	 1.079747910649614e-9 	 1.5960228988410111e-9 	 
3314.506487873102 	 8.530645125894318e-10 	 3.658031400219895e-9 	 -9.697895216564082e-10 	 4.4429215433865806e-7 	 -2.9279961065782244e-9 	 -7.298712849568391e-10 	 -2.187993610254432e-10 	 -6.805030472267285e-10 	 -4.208518486777288e-7 	 -9.49084471781078e-9 	 -5.90722696113222e-10 	 -5.2680390996597406e-9 	 -1.2489165665020158e-8 	 1.93235478789356e-9 	 -2.046383521419915e-9 	 -5.381376583078315e-9 	 2.002188515235899e-10 	 -7.2768961104318075e-9 	 1.859249871865215e-10 	 4.009230508650474e-9 	 1.1718519932848606e-9 	 -4.6463619038558365e-9 	 3.967565437687632e-9 	 1.232202526656782e-8 	 1.0752816253255302e-9 	 1.6070236121536884e-9 	 
3372.919553552214 	 2.427189040029514e-11 	 3.3554567180229227e-9 	 -9.130852809998561e-10 	 4.373775866812346e-7 	 -2.861021511540096e-9 	 -7.335999298523979e-10 	 -2.1750317069738696e-10 	 -6.260922561609243e-10 	 -4.169914372607418e-7 	 -8.238071086938947e-9 	 -5.735662104936539e-10 	 -4.605100469965594e-9 	 -1.2309679959484543e-8 	 1.708397721435654e-9 	 -1.9377579462570126e-9 	 -5.27509242284536e-9 	 1.9171326387117587e-10 	 -6.627843268534203e-9 	 1.8737514824400375e-10 	 3.7469446060648495e-9 	 1.097021105861577e-9 	 -4.6519485924863366e-9 	 3.931184909910468e-9 	 1.2307536747310376e-8 	 1.0697558279954976e-9 	 1.61309852744723e-9 	 
3432.362059437434 	 -1.7814713340764137e-9 	 3.0694231562980396e-9 	 -8.566854426706838e-10 	 4.299084363637229e-7 	 -2.79318717136402e-9 	 -7.36360270981919e-10 	 -2.1025681439312905e-10 	 -5.768336267411617e-10 	 -4.132696282212163e-7 	 -7.173267224424177e-9 	 -5.556876243516288e-10 	 -4.036305457777584e-9 	 -1.2133516387764643e-8 	 1.5120433021099652e-9 	 -1.8241277047344124e-9 	 -5.166691676386146e-9 	 1.8431517344300843e-10 	 -6.043172496294072e-9 	 1.8909656541254901e-10 	 3.4975032027981884e-9 	 1.0253835124156291e-9 	 -4.6574275016267604e-9 	 3.894339517916698e-9 	 1.229305344049185e-8 	 1.0632294927898234e-9 	 1.6148525592515145e-9 	 
3492.8521478249413 	 -2.999127355813858e-9 	 2.794029893394694e-9 	 -8.014686008348537e-10 	 4.233911718924562e-7 	 -2.7249861851506407e-9 	 -7.38129053617966e-10 	 -2.0013156922655578e-10 	 -5.324330889333295e-10 	 -4.096681221120936e-7 	 -6.263270848573788e-9 	 -5.372788445777479e-10 	 -3.5457795174448946e-9 	 -1.1939623259408137e-8 	 1.339566022099547e-9 	 -1.7093100608127288e-9 	 -5.076728272030212e-9 	 1.7783612279854421e-10 	 -5.5151512010561255e-9 	 1.9085551259241995e-10 	 3.2612558190262847e-9 	 9.571429078280586e-10 	 -4.662925370502001e-9 	 3.857195656991268e-9 	 1.2278602398498956e-8 	 1.0557488529568796e-9 	 1.6128055498058582e-9 	 
3554.408280740901 	 -4.411989840743374e-9 	 2.56669533857953e-9 	 -7.480484750217548e-10 	 4.169542400182814e-7 	 -2.6568064639158366e-9 	 -7.388838274679445e-10 	 -1.8722683938086128e-10 	 -4.921560981818974e-10 	 -4.061732224290111e-7 	 -5.482076186484051e-9 	 -5.185177960419518e-10 	 -3.120911561495415e-9 	 -1.1787570023245393e-8 	 1.18781303561747e-9 	 -1.5958785700056192e-9 	 -4.948241266186597e-9 	 1.7211211927398047e-10 	 -5.037226087655276e-9 	 1.928268365758306e-10 	 3.0382228922828764e-9 	 8.923848978588896e-10 	 -4.668351122917285e-9 	 3.819894906067418e-9 	 1.2264182885142265e-8 	 1.0473492291094753e-9 	 1.6074047474783983e-9 	 
3617.049245576217 	 -6.36527821615931e-9 	 2.3297515875536286e-9 	 -6.968208649576231e-10 	 4.104562330224825e-7 	 -2.5889501197996928e-9 	 -7.386033327367154e-10 	 -1.7262785929340395e-10 	 -4.555439063445787e-10 	 -4.0295462649512765e-7 	 -4.808307828666311e-9 	 -4.995422199691296e-10 	 -2.7515477118146262e-9 	 -1.158733521243011e-8 	 1.0540976799827464e-9 	 -1.4855449710285615e-9 	 -4.879070050300393e-9 	 1.6700107684430529e-10 	 -4.603797032077356e-9 	 1.9490680450006942e-10 	 2.828199783820417e-9 	 8.311129656512326e-10 	 -4.673738151462463e-9 	 3.782558425556821e-9 	 1.224982244109998e-8 	 1.0380582636048392e-9 	 1.5990354887528158e-9 	 
3680.7941608205992 	 -7.02105483277605e-9 	 2.127592218076762e-9 	 -6.480464919442715e-10 	 4.052401090034089e-7 	 -2.5216491130270756e-9 	 -7.372679460411342e-10 	 -1.5791547816951187e-10 	 -4.22357161955473e-10 	 -3.9958765901105894e-7 	 -4.2255354073154464e-9 	 -4.804931941952466e-10 	 -2.4294117316242753e-9 	 -1.143766931135691e-8 	 9.361203576878625e-10 	 -1.379422002249083e-9 	 -4.768591467455496e-9 	 1.623803166852908e-10 	 -4.210042791341616e-9 	 1.9707492990343557e-10 	 2.6308299108666263e-9 	 7.732739007821552e-10 	 -4.679118314976227e-9 	 3.745289726738023e-9 	 1.2235528752842051e-8 	 1.0278958686043347e-9 	 1.5880296043392183e-9 	 
3745.662481897642 	 -6.8776045793212855e-9 	 1.9455542337703486e-9 	 -6.018632149681013e-10 	 4.0106329349125703e-7 	 -2.455078718718936e-9 	 -7.348602498268953e-10 	 -1.4221771188770348e-10 	 -3.9190157155958667e-10 	 -3.9635678467918725e-7 	 -3.719523602244747e-9 	 -4.6148208193945053e-10 	 -2.147690292484158e-9 	 -1.1254377704983306e-8 	 8.319068418873511e-10 	 -1.2781986371505447e-9 	 -4.681273252610144e-9 	 1.581444524096243e-10 	 -3.8517852133818845e-9 	 1.9945464911809808e-10 	 2.4456567215244433e-9 	 7.187759385626551e-10 	 -4.684403766093789e-9 	 3.7081797856133603e-9 	 1.2221318242740738e-8 	 1.0168778096750612e-9 	 1.5746739511564968e-9 	 
3811.6740071027934 	 -9.50918817872039e-9 	 1.7572938702738544e-9 	 -5.583234749039946e-10 	 3.9436259875276707e-7 	 -2.3893673263259473e-9 	 -7.313654480711333e-10 	 -1.2725241788571684e-10 	 -3.6413933917289234e-10 	 -3.9323919531031225e-7 	 -3.2790907297280543e-9 	 -4.4260290502137654e-10 	 -1.900724043327655e-9 	 -1.1089776897321098e-8 	 7.397518275120695e-10 	 -1.1822646149826979e-9 	 -4.588038958564559e-9 	 1.5420341353281536e-10 	 -3.525382132517284e-9 	 2.018186535628148e-10 	 2.272161003356727e-9 	 6.67501631177596e-10 	 -4.68972625393279e-9 	 3.6713031496694203e-9 	 1.2207197460832328e-8 	 1.0050153242631273e-9 	 1.5592165863992491e-9 	 
3878.848883645918 	 -1.3167936282613873e-8 	 1.6118497526858607e-9 	 -5.174308406614115e-10 	 3.867941377013415e-7 	 -2.3246059300885912e-9 	 -7.267719785465946e-10 	 -1.1270989890340007e-10 	 -3.386411386571147e-10 	 -3.90217690904262e-7 	 -2.894670345838578e-9 	 -4.239506686781957e-10 	 -1.68377261633816e-9 	 -1.0938204486462368e-8 	 6.581820522514366e-10 	 -1.0917992281402632e-9 	 -4.485361050445634e-9 	 1.504808947304552e-10 	 -3.2276421435841768e-9 	 2.0442046748691844e-10 	 2.109787685870232e-9 	 6.193174208639507e-10 	 -4.694938789073478e-9 	 3.6347231843946552e-9 	 1.2193164412231296e-8 	 9.923175074349196e-10 	 1.5418726577748668e-9 	 
3947.2076138003845 	 -1.510515552476688e-8 	 1.4573304052036035e-9 	 -4.791288465238403e-10 	 3.8113450158164704e-7 	 -2.2608556018612104e-9 	 -7.210717580906574e-10 	 -9.857960357290268e-11 	 -3.150884727613669e-10 	 -3.872885032977434e-7 	 -2.558339739443961e-9 	 -4.0558835303966555e-10 	 -1.4928418115562667e-9 	 -1.075593042853669e-8 	 5.85918472179029e-10 	 -1.006831701067883e-9 	 -4.409541612129804e-9 	 1.4691238432847163e-10 	 -2.955755608782713e-9 	 2.070090759028595e-10 	 1.9579652117839287e-9 	 5.740803595243061e-10 	 -4.700172384274847e-9 	 3.598493240439185e-9 	 1.2179241010604229e-8 	 9.787923358627728e-10 	 1.5228296171428813e-9 	 
4016.7710611605276 	 -1.5758881093978306e-8 	 1.3221037939881888e-9 	 -4.433423398509468e-10 	 3.7710357282242584e-7 	 -2.198153819761623e-9 	 -7.142606391968027e-10 	 -8.579729718920922e-11 	 -2.934737841620261e-10 	 -3.8460973174466746e-7 	 -2.2636091557469224e-9 	 -3.875820742829964e-10 	 -1.3245420749482835e-9 	 -1.0626138820372113e-8 	 5.21847846138134e-10 	 -9.272879167329989e-10 	 -4.315621138250649e-9 	 1.4344445350188142e-10 	 -2.7072391522176696e-9 	 2.0973687062061025e-10 	 1.8161193990090237e-9 	 5.316430828140449e-10 	 -4.705355627478594e-9 	 3.562656435386164e-9 	 1.2165431471566185e-8 	 9.644467622724766e-10 	 1.5022515531574935e-9 	 
4087.560457009342 	 -2.3406734189301642e-11 	 1.206394645238423e-9 	 -4.0997228650313723e-10 	 3.8931440732877646e-7 	 -2.136519413966264e-9 	 -7.063388465674962e-10 	 -7.36167198101682e-11 	 -2.7337971547776775e-10 	 -3.817807435894006e-7 	 -2.0047052901573315e-9 	 -3.699842723841596e-10 	 -1.1759826230949686e-9 	 -1.0442278441727397e-8 	 4.650013033636407e-10 	 -8.530225374176219e-10 	 -4.229005630867441e-9 	 1.400326073937183e-10 	 -2.479889172857169e-9 	 2.1256936268342e-10 	 1.6836833463568325e-9 	 4.918574713611693e-10 	 -4.710470724951923e-9 	 3.527245122145673e-9 	 1.2151738282321802e-8 	 9.492894800624673e-10 	 1.4802835812905389e-9 	 
4159.5974067984625 	 -2.0780772888508706e-8 	 1.0853335584982275e-9 	 -3.789003454858969e-10 	 3.6526707280204905e-7 	 -2.0759578846524083e-9 	 -6.973113853602501e-10 	 -6.249437401909081e-11 	 -2.547530258115681e-10 	 -3.7908318299976726e-7 	 -1.7769539302291783e-9 	 -3.5283082665551774e-10 	 -1.0446874047444355e-9 	 -1.0303960420682948e-8 	 4.1453084387474243e-10 	 -7.838418081107684e-10 	 -4.133009021955764e-9 	 1.3664113240853193e-10 	 -2.2717443981773915e-9 	 2.153798140036052e-10 	 1.5601043501322134e-9 	 4.545770781077579e-10 	 -4.715616473975556e-9 	 3.49229027782819e-9 	 1.2138157103164794e-8 	 9.333294248180589e-10 	 1.4570550262342217e-9 	 
4232.903896742278 	 -2.2738607275002292e-8 	 9.862550654148589e-10 	 -3.500111904851068e-10 	 3.601245368244742e-7 	 -2.0164647440594206e-9 	 -6.871884188141164e-10 	 -5.264966282831475e-11 	 -2.3752135833347786e-10 	 -3.7646469523567634e-7 	 -1.576343712270336e-9 	 -3.361620940322945e-10 	 -9.285238623715235e-10 	 -1.014987650692496e-8 	 3.6969494235187396e-10 	 -7.195224534820662e-10 	 -4.0463815590152905e-9 	 1.3324111685406405e-10 	 -2.0810535285314212e-9 	 2.1840184017932967e-10 	 1.444848652049726e-9 	 4.1965902965567516e-10 	 -4.720642468526531e-9 	 3.457823690236851e-9 	 1.2124706655951417e-8 	 9.165788065478408e-10 	 1.4326828966331044e-9 	 
4307.502300528305 	 -2.4895021533622964e-8 	 8.951104515779585e-10 	 -3.231777880109484e-10 	 3.5489073969430523e-7 	 -1.9580301299209175e-9 	 -6.759854145520902e-10 	 -4.340375166610766e-11 	 -2.2134888042475904e-10 	 -3.739088796755351e-7 	 -1.3992753354838044e-9 	 -3.200009880653126e-10 	 -8.256507607908787e-10 	 -9.988319216528077e-9 	 3.298439862181987e-10 	 -6.598228833329887e-10 	 -3.971940616544686e-9 	 1.2981038302915324e-10 	 -1.906249017266244e-9 	 2.2132197154198363e-10 	 1.3374045277132967e-9 	 3.8696523735545886e-10 	 -4.725720021066482e-9 	 3.4238609211382255e-9 	 1.2111398793367343e-8 	 8.990522672299388e-10 	 1.4072747120885836e-9 	 
4383.41538614581 	 -2.7383550965492495e-8 	 8.004300422899338e-10 	 -2.982747106184618e-10 	 3.49712948909383e-7 	 -1.9006406660435373e-9 	 -6.637234695312759e-10 	 -3.549285736178511e-11 	 -2.0637985177006233e-10 	 -3.716906178547154e-7 	 -1.24291546413002e-9 	 -3.043661576844216e-10 	 -7.344719115650452e-10 	 -9.869279670655298e-9 	 2.9440616798730576e-10 	 -6.044927339495945e-10 	 -3.858785077043739e-9 	 1.2633184587520154e-10 	 -1.7459239542460603e-9 	 2.2440591178153444e-10 	 1.237284183610461e-9 	 3.5636310784205695e-10 	 -4.730707596954522e-9 	 3.390414840373478e-9 	 1.2098236429100051e-8 	 8.807677590917202e-10 	 1.3809318134419381e-9 	 
4460.666322834745 	 -2.5252358764461474e-8 	 7.328131931139069e-10 	 -2.751844287942813e-10 	 3.488194009361464e-7 	 -1.8442830199859737e-9 	 -6.50429590948818e-10 	 -2.8355546879763535e-11 	 -1.923502673403131e-10 	 -3.6912151133551726e-7 	 -1.1046114576255827e-9 	 -2.8927705088375005e-10 	 -6.535980543226042e-10 	 -9.692755832134793e-9 	 2.628800088245476e-10 	 -5.532800778980464e-10 	 -3.80758057245014e-9 	 1.227935230635447e-10 	 -1.598813202392211e-9 	 2.2748335287250755e-10 	 1.1440247175073846e-9 	 3.2772614300263376e-10 	 -4.735669387337518e-9 	 3.357494725069761e-9 	 1.2085225506035203e-8 	 8.617482359018045e-10 	 1.3537507185119072e-9 	 
4539.278688157207 	 -2.5643377134015562e-8 	 6.528948852501508e-10 	 -2.5378292229434736e-10 	 3.4562378991918054e-7 	 -1.7889465816273502e-9 	 -6.361369739470348e-10 	 -2.2030808078655097e-11 	 -1.7920608417654783e-10 	 -3.667122956525329e-7 	 -9.821452563010461e-10 	 -2.747362588313023e-10 	 -5.818197327802689e-10 	 -9.57478397157341e-9 	 2.3482306270961663e-10 	 -5.059349321644547e-10 	 -3.7117984924300147e-9 	 1.1918695043235473e-10 	 -1.4637763063236342e-9 	 2.3053211486883026e-10 	 1.057188437518701e-9 	 3.009340390758588e-10 	 -4.740640996002818e-9 	 3.325105759490271e-9 	 1.2072356137384876e-8 	 8.420198387242994e-10 	 1.3258266904127535e-9 	 
4619.276475193451 	 -3.223572319969825e-8 	 5.91793693095395e-10 	 -2.339610562938538e-10 	 3.3634771973864984e-7 	 -1.7346261085114003e-9 	 -6.208852898568229e-10 	 -1.673820768627405e-11 	 -1.6698654666515373e-10 	 -3.644251297819074e-7 	 -8.736730605111445e-10 	 -2.6075350206020187e-10 	 -5.180779057209329e-10 	 -9.422549761608154e-9 	 2.0984504182585876e-10 	 -4.6221358712659046e-10 	 -3.6374423249842858e-9 	 1.1550748033605207e-10 	 -1.3397837984847088e-9 	 2.3374206816308475e-10 	 9.763626609090934e-10 	 2.758727459349824e-10 	 -4.745492497843572e-9 	 3.293250923817722e-9 	 1.2059625107454628e-8 	 8.216151397494278e-10 	 1.2972556296261697e-9 	 
4700.684099864773 	 -3.440877729480614e-8 	 5.332937726940682e-10 	 -2.156092042051076e-10 	 3.31610670270446e-7 	 -1.681323467291201e-9 	 -6.047206245058554e-10 	 -1.1979073562291205e-11 	 -1.5545770916949806e-10 	 -3.622231677411105e-7 	 -7.774237272191225e-10 	 -2.473277814676028e-10 	 -4.614457331990502e-10 	 -9.277359156178626e-9 	 1.8760214934245373e-10 	 -4.2188048690420734e-10 	 -3.5661491733622972e-9 	 1.117525809338437e-10 	 -1.225904161937696e-9 	 2.367760064971823e-10 	 9.011591786169136e-10 	 2.524343910022857e-10 	 -4.750412049904917e-9 	 3.2619325500544877e-9 	 1.2047053866236293e-8 	 8.005712309303122e-10 	 1.26813679845803e-9 	 
4783.526408385447 	 -3.657099728951634e-8 	 4.768045571729635e-10 	 -1.9862430930486337e-10 	 3.269830701710572e-7 	 -1.6290512622193852e-9 	 -5.876957829641875e-10 	 -8.047334012005672e-12 	 -1.447090616018912e-10 	 -3.6009079602290564e-7 	 -6.920104599734836e-10 	 -2.344552827278948e-10 	 -4.1110944669287723e-10 	 -9.168613240142203e-9 	 1.677895601010364e-10 	 -3.847093197707013e-10 	 -3.4652434855249065e-9 	 1.0792229789696262e-10 	 -1.121293679202624e-9 	 2.3996341469723947e-10 	 8.312134522590288e-10 	 2.3051691528565217e-10 	 -4.755218650658022e-9 	 3.2311480049429693e-9 	 1.2034645263596088e-8 	 7.789311443891425e-10 	 1.2385752667860657e-9 	 
4867.828684845938 	 -3.507933893689492e-8 	 4.3050711376281353e-10 	 -1.829124844196734e-10 	 3.26414323962186e-7 	 -1.5778354609249356e-9 	 -5.698705942164835e-10 	 -4.7380330633820204e-12 	 -1.3463509511739216e-10 	 -3.5835981772288016e-7 	 -6.161564234624372e-10 	 -2.2213312150586902e-10 	 -3.663526807201422e-10 	 -9.000678403786787e-9 	 1.5013805783051435e-10 	 -3.5048469944826987e-10 	 -3.415495764543387e-9 	 1.040176225417681e-10 	 -1.0251864308722327e-9 	 2.430600221305776e-10 	 7.661836448800143e-10 	 2.1002381706358076e-10 	 -4.7600208012102696e-9 	 3.200894206410108e-9 	 1.2022400425899164e-8 	 7.567451153070563e-10 	 1.2086847912648992e-9 	 
4953.616658929837 	 -3.8163147942430813e-8 	 3.8621394775222625e-10 	 -1.6838180132031157e-10 	 3.2083722855666736e-7 	 -1.5277189714113247e-9 	 -5.513123742591896e-10 	 -1.9140222641984426e-12 	 -1.2515470901750368e-10 	 -3.561565974212893e-7 	 -5.487102352986461e-10 	 -2.1035084581808637e-10 	 -3.265452350119462e-10 	 -8.896881170280076e-9 	 1.344092453817673e-10 	 -3.1900193810143634e-10 	 -3.3235823630284827e-9 	 1.0004076898009866e-10 	 -9.368865230000551e-10 	 2.4608413085523407e-10 	 7.057495409997687e-10 	 1.908636559238568e-10 	 -4.764829236659611e-9 	 3.1711663148721945e-9 	 1.2010302019591262e-8 	 7.340686736724566e-10 	 1.1785920496331444e-9 	 
5040.9165137667105 	 -4.2276409079574056e-8 	 3.4389707659230724e-10 	 -1.5494859292268886e-10 	 3.1443809393285276e-7 	 -1.4787664246432566e-9 	 -5.320965292301969e-10 	 2.9343746985266963e-13 	 -1.1631907760193747e-10 	 -3.5416068304407534e-7 	 -4.887540730691367e-10 	 -1.9909867843627634e-10 	 -2.91130462766525e-10 	 -8.75420672460241e-9 	 1.203911790218529e-10 	 -2.9006748211714536e-10 	 -3.2552518492905235e-9 	 9.599373187967774e-11 	 -8.557603646275332e-10 	 2.492354173311218e-10 	 6.496113973082622e-10 	 1.729494608049383e-10 	 -4.769507070291746e-9 	 3.141959375436995e-9 	 1.1998349017395578e-8 	 7.109665854256308e-10 	 1.1484406825816708e-9 	 
5129.7548939234275 	 -4.460972096049977e-8 	 3.114542041529885e-10 	 -1.4253538384603548e-10 	 3.0993171389819076e-7 	 -1.4310696348923036e-9 	 -5.123070445486874e-10 	 2.1159485040900907e-12 	 -1.0800707142863447e-10 	 -3.5226135852036665e-7 	 -4.354017154407719e-10 	 -1.883654192514595e-10 	 -2.596165298668424e-10 	 -8.616959861462895e-9 	 1.0789641362497064e-10 	 -2.6349905441287294e-10 	 -3.1917062005184015e-9 	 9.187821316823761e-11 	 -7.812306297430407e-10 	 2.5213169850989364e-10 	 5.974887715309593e-10 	 1.5619814848378256e-10 	 -4.774266977901968e-9 	 3.11326758673987e-9 	 1.19865497312742e-8 	 6.875110173645607e-10 	 1.1183974516364714e-9 	 
5220.1589135362465 	 -4.493978432226102e-8 	 2.7523632180726946e-10 	 -1.3106723519867922e-10 	 3.075121819412068e-7 	 -1.3847562413257305e-9 	 -4.920377597814792e-10 	 3.5346977058086272e-12 	 -1.0021976030253288e-10 	 -3.504275538304647e-7 	 -3.878937994301588e-10 	 -1.7813463197212047e-10 	 -2.3156890591038505e-10 	 -8.524327795631652e-9 	 9.675808372017677e-11 	 -2.3912497493682504e-10 	 -3.084047385859389e-9 	 8.769414756658229e-11 	 -7.127702271642515e-10 	 2.5513914620699354e-10 	 5.491193441601136e-10 	 1.40529624575533e-10 	 -4.778915615256595e-9 	 3.0850845081237156e-9 	 1.197491174475194e-8 	 6.637839594912773e-10 	 1.0886603216572706e-9 	 
5312.156164586265 	 -4.854735793800257e-8 	 2.4792714804582175e-10 	 -1.204779532461095e-10 	 3.018787267320471e-7 	 -1.340000485021478e-9 	 -4.713943489580081e-10 	 4.5535229069874445e-12 	 -9.295386183406946e-11 	 -3.486481192057806e-7 	 -3.456253869936244e-10 	 -1.6839265581538594e-10 	 -2.0660207679050138e-10 	 -8.362939688848137e-9 	 8.682775204585227e-11 	 -2.1678423394163951e-10 	 -3.050426685935259e-9 	 8.343919591068847e-11 	 -6.49897573327005e-10 	 2.580277679745055e-10 	 5.042577664388971e-10 	 1.2586578616684048e-10 	 -4.783537644087464e-9 	 3.057402472968029e-9 	 1.1963415336125318e-8 	 6.398805540487871e-10 	 1.0594698278978527e-9 	 
5405.774725320715 	 -5.094346810802165e-8 	 2.2072379696387374e-10 	 -1.1070329844634451e-10 	 2.9798053068817604e-7 	 -1.2970407113211085e-9 	 -4.5049723801542647e-10 	 5.334511073632179e-12 	 -8.611309487076082e-11 	 -3.4736638534378387e-7 	 -3.079423974171812e-10 	 -1.5912075335518143e-10 	 -1.8437484063897475e-10 	 -8.265243623616986e-9 	 7.797382952984727e-11 	 -1.9632596143385483e-10 	 -2.9678254098581246e-9 	 7.910680592161009e-11 	 -5.921718204643932e-10 	 2.60741872730474e-10 	 4.6267453832612396e-10 	 1.1212924904355676e-10 	 -4.7881992082048395e-9 	 3.030203331021859e-9 	 1.1952022700153373e-8 	 6.15908844785585e-10 	 1.0311254256794694e-9 	 
5501.043168822617 	 -5.2585282165357456e-8 	 1.96208314264832e-10 	 -1.016846865072648e-10 	 2.94177173640482e-7 	 -1.256202374168871e-9 	 -4.2948683396272523e-10 	 5.797188693554049e-12 	 -7.974371025993959e-11 	 -3.4542957112102854e-7 	 -2.7437703351534477e-10 	 -1.5029989195533577e-10 	 -1.6458439102107876e-10 	 -8.14450869620813e-9 	 7.007860701887796e-11 	 -1.7760881349432153e-10 	 -2.8963599633245203e-9 	 7.468480015372663e-11 	 -5.391891415570769e-10 	 2.635901942611549e-10 	 4.241549404754304e-10 	 9.924147093893149e-11 	 -4.7927037233834605e-9 	 3.0034813889117217e-9 	 1.1940618409952473e-8 	 5.919983558536595e-10 	 1.0040109040227563e-9 	 
5597.990571731539 	 -5.438009599202321e-8 	 1.754426173952954e-10 	 -9.336797561723915e-11 	 2.904954567529772e-7 	 -1.21793629671963e-9 	 -4.085296695780725e-10 	 6.0577982875585236e-12 	 -7.37728407778917e-11 	 -3.437594715995296e-7 	 -2.444540808412992e-10 	 -1.4190947532366786e-10 	 -1.4696166787519197e-10 	 -8.004610874028502e-9 	 6.303762804160876e-11 	 -1.605008260691412e-10 	 -2.8462776104546165e-9 	 7.015221734336035e-11 	 -4.905789587193681e-10 	 2.66119722487622e-10 	 3.884980171957323e-10 	 8.712035129201852e-11 	 -4.797293616393568e-9 	 2.9773114511646413e-9 	 1.1929439180485348e-8 	 5.68304799818259e-10 	 9.786289634158993e-10 	 
5696.646523117965 	 -5.325264320183839e-8 	 1.5563290293747162e-10 	 -8.57017942169234e-11 	 2.898641251356853e-7 	 -1.1828764481311203e-9 	 -3.87830009592044e-10 	 6.130571349570509e-12 	 -6.818872429342197e-11 	 -3.421763371812924e-7 	 -2.1776586535825164e-10 	 -1.3392486014965287e-10 	 -1.3126803356829376e-10 	 -7.93005810904669e-9 	 5.675771500273986e-11 	 -1.4487863206082529e-10 	 -2.76484100951463e-9 	 6.547560007371443e-11 	 -4.460009761993755e-10 	 2.6866040416614624e-10 	 3.5551562942981355e-10 	 7.56765092984909e-11 	 -4.801811266470001e-9 	 2.951733796810836e-9 	 1.1918449479613354e-8 	 5.450217408597714e-10 	 9.55660222828041e-10 	 
5797.0411335141225 	 -5.6103007056565874e-8 	 1.379724732639478e-10 	 -7.86391986841651e-11 	 2.8526832503832864e-7 	 -1.1519312352938762e-9 	 -3.676499432633426e-10 	 6.0258223520243796e-12 	 -6.2984328898227e-11 	 -3.406505437372721e-7 	 -1.939748539214799e-10 	 -1.2631888543719223e-10 	 -1.172912247748427e-10 	 -7.782041630643379e-9 	 5.1155583820674136e-11 	 -1.30627131961973e-10 	 -2.707603348093463e-9 	 6.060244244940857e-11 	 -4.051422408202165e-10 	 2.711659365255045e-10 	 3.250315743493932e-10 	 6.480765932375192e-11 	 -4.806234212681581e-9 	 2.926788458097802e-9 	 1.1907643033465023e-8 	 5.224026035176745e-10 	 9.360542896861217e-10 	 
5899.205044103951 	 -5.776868245715413e-8 	 1.2302088846865363e-10 	 -7.213622553513829e-11 	 2.8194734653165295e-7 	 -1.1264374046314172e-9 	 -3.4834142438476394e-10 	 5.801967585821344e-12 	 -5.811599634104081e-11 	 -3.3917494084778904e-7 	 -1.727542162990056e-10 	 -1.190583660156499e-10 	 -1.0484257614642322e-10 	 -7.676523283466863e-9 	 4.615724111519495e-11 	 -1.1763901824735048e-10 	 -2.643337756000559e-9 	 5.545122040410505e-11 	 -3.6771475117107245e-10 	 2.733501870970939e-10 	 2.9688078574945577e-10 	 5.438967072409125e-11 	 -4.810754529780842e-9 	 2.9025528942326227e-9 	 1.1896992913672688e-8 	 5.00788320864124e-10 	 9.211813170882523e-10 	 
6003.169436074985 	 -5.9264923639481255e-8 	 1.0827877376502597e-10 	 -6.615145271223554e-11 	 2.791220485686749e-7 	 -1.1084213872366722e-9 	 -3.3040347897796744e-10 	 5.4666568424544026e-12 	 -5.357606355819228e-11 	 -3.3801697855422107e-7 	 -1.5382005504280665e-10 	 -1.1210036740812471e-10 	 -9.375413633257378e-11 	 -7.594991053441079e-9 	 4.169645008114549e-11 	 -1.0581421962596441e-10 	 -2.55797664691442e-9 	 4.989414592405218e-11 	 -3.3345319969604536e-10 	 2.7567797492689486e-10 	 2.7090862326536216e-10 	 4.426142250218061e-11 	 -4.8151139360569745e-9 	 2.8791487246661436e-9 	 1.188649200135051e-8 	 4.806668304071176e-10 	 9.130907393370712e-10 	 
6108.966040135128 	 -6.326999131253563e-8 	 9.618777881183117e-11 	 -6.064687864472315e-11 	 2.735293539885457e-7 	 -1.101068571337667e-9 	 -3.1458650690388097e-10 	 5.036546210947641e-12 	 -4.935055671933196e-11 	 -3.3661210919043595e-7 	 -1.369377279023825e-10 	 -1.0538746968616474e-10 	 -8.387613817568046e-11 	 -7.447857419592108e-9 	 3.77141185584885e-11 	 -9.505950655261533e-11 	 -2.5231091988949195e-9 	 4.3726987422726994e-11 	 -3.021131064399497e-10 	 2.777640388164747e-10 	 2.4697026731163994e-10 	 3.4198230498230284e-11 	 -4.819498744085469e-9 	 2.856770984408932e-9 	 1.1876136333833436e-8 	 4.6277426090380137e-10 	 9.149761675129902e-10 	 
