###################################
#   ____       ____  ____  _____  #
#  / ___| __ _|  _ \/ ___|| ____| #
# | |  _ / _` | |_) \___ \|  _|   #
# | |_| | (_| |  __/ ___) | |___  # 
#  \____|\__,_|_|   |____/|_____| #
###################################
# 
#
# This is an integration map on mu of the sum of all the ξ_GNC L=0 multipole GR effects
# concerning the relativistic galaxy number counts.
# In input was set "single = true", so, together with their sum, all the CFs are here reported.
#
# The Cosmology considered had the following paremeters:
# 
# - Matter Power Spectrum input file: "../test/datatest/file_pk.txt"
# - Background data input file: "../data/WideA_ZA_background.dat"
# - F window function input file: "../data/F_REFERENCE_pi2.txt"
# - Integrated F window function input file: "../data/IntegrF_REFERENCE_pi2_z115.txt"
#
# - Basic CosmoParams considered: 
#	 z_min = 1.0 	 z_max = 1.5
#	 θ_max = 1.5707963267948966 [rad] 	 h_0 = 0.7
#	 Ω_b = 0.0489 	 Ω_cdm = 0.25102 	 Ω_M0 = 0.29992
#	 b1 = 1.5 	 f_evo1 = 0.0 	 s_b1 = 0.0
#	 b2 = 1.5 	 f_evo2 = 0.0 	 s_b2 = 0.0
#
# - CosmoParams about the Input Power Spectrum: 
#	 fit_left_min = 1.0e-6 	 fit_right_min = 10.0 	 
#	 fit_left_max = 3.0e-6 	 fit_right_max = 20.0 	 
#
# - CosmoParams about the Input Power Spectrum Tools: 
#	 fit_max = 0.5 	 N = 1024 	 k_min = 1.0e-8 	 
#	 k_max = 10.0 	 con = true 	 fit_min = 0.05 	 
#
# - Computed quantities: 
# 	 effective redshift z_eff = 1.2613556177172358 
# 	 comoving s_min = 2312.577431755554 Mpc/h_0
# 	 comoving s_max = 3054.4830200675656 Mpc/h_0
# 	 comoving s_eff = 2725.87720083235 Mpc/h_0
# 	 comoving s_spline_lim = 9519.354221542957 Mpc/h_0
# 	 Volume of the survey V_survey = 3.3783056930052998e10 Mpc^3/h_0^3
# 	 σ_0 = 15.593462966741178
# 	 σ_1 = 15.074895881392283
# 	 σ_2 = 100.85852368830226
# 	 σ_3 = 3735.122618151795
# 	 σ_4 = 3.4159300153114656e6
# 	 (where σ_i = \int_{k_{min}}^{k_{max}}\frac{dq}{2 π^2} q^{2-i} P(q))
# 
# computational time needed (in s) : 119.6167
# kwards passed: 
# 		L = 0
# 		use_windows = false
# 		alg = quad
# 		obs = noobsvel
# 		enhancer = 1.0e8
# 		N_trap = 200
# 		N_lob = 200
# 		atol_quad = 0.0
# 		rtol_quad = 0.01
# 		N_χs = 100
# 		N_χs_2 = 60
# 		suit_sampling = true
# 
# 1: s [Mpc/h_0] 	 2: xi_SUM 	 3: xi_auto_newton 	 4: xi_auto_doppler 	 5: xi_auto_lensing 	 6: xi_auto_localgp 	 7: xi_auto_integratedgp 	 8: xi_newton_doppler 	 9: xi_doppler_newton 	 10: xi_newton_lensing 	 11: xi_lensing_newton 	 12: xi_newton_localgp 	 13: xi_localgp_newton 	 14: xi_newton_integratedgp 	 15: xi_integratedgp_newton 	 16: xi_lensing_doppler 	 17: xi_doppler_lensing 	 18: xi_doppler_localgp 	 19: xi_localgp_doppler 	 20: xi_doppler_integratedgp 	 21: xi_integratedgp_doppler 	 22: xi_lensing_localgp 	 23: xi_localgp_lensing 	 24: xi_lensing_integratedgp 	 25: xi_integratedgp_lensing 	 26: xi_localgp_integratedgp 	 27: xi_integratedgp_localgp 	 
1.0 	 5.112326916534553 	 5.110356831562026 	 3.537040468532805e-6 	 0.001984447110359638 	 -8.802962379323266e-9 	 -1.013565256362096e-8 	 -2.4039374844974635e-8 	 3.2386197836027934e-8 	 -1.504440005364004e-5 	 -1.5044237730464837e-5 	 6.605787237742326e-6 	 6.605786811151939e-6 	 -4.0847447859665535e-7 	 -4.084743619681485e-7 	 -2.0169599383670037e-7 	 -2.016960476094636e-7 	 2.699344952381415e-9 	 2.6995966530354164e-9 	 -1.4123844160866153e-8 	 -1.4123843877707214e-8 	 -9.484010528281291e-9 	 -9.484035035316318e-9 	 1.1207894283323714e-7 	 1.1207895799731762e-7 	 1.3238499518497798e-8 	 1.323850084086391e-8 	 
1.0176234579394636 	 5.04575099804524 	 5.043801228728873 	 3.5356521941103403e-6 	 0.001964136588025813 	 -8.802965069715334e-9 	 -1.013565293117169e-8 	 -2.4472980371267538e-8 	 3.310826264868497e-8 	 -1.5043868256016609e-5 	 -1.504370033209602e-5 	 6.603194988745817e-6 	 6.6031945469628775e-6 	 -4.084301473702303e-7 	 -4.0843002658875974e-7 	 -2.0169448780760878e-7 	 -2.016945435070427e-7 	 2.699336429745402e-9 	 2.699597010219825e-9 	 -1.4123833937424317e-8 	 -1.412383364394158e-8 	 -9.48400336744894e-9 	 -9.484028745828913e-9 	 1.1207374522775586e-7 	 1.1207376093115954e-7 	 1.3238499705913416e-8 	 1.3238501075299376e-8 	 
1.0355575021486711 	 4.9763364886230175 	 4.974406907370795 	 3.5342316356896314e-6 	 0.0019439538938972826 	 -8.802967855016844e-9 	 -1.0135653311763105e-8 	 -2.5145194657897988e-8 	 3.394408980598292e-8 	 -1.5043316981862553e-5 	 -1.5043142814666107e-5 	 6.600542457541619e-6 	 6.6005419964467294e-6 	 -4.083847834922866e-7 	 -4.083846584107035e-7 	 -2.0169292825499867e-7 	 -2.0169298594957198e-7 	 2.699327608122814e-9 	 2.6995973799424907e-9 	 -1.4123823350511327e-8 	 -1.4123823046328587e-8 	 -9.483995952029716e-9 	 -9.484022232728645e-9 	 1.12068418345137e-7 	 1.1206843460705056e-7 	 1.323849989998005e-8 	 1.3238501318057771e-8 	 
1.0538076062316843 	 4.909407760490915 	 4.907498240007301 	 3.5327781369314078e-6 	 0.0019238984438223357 	 -8.802970738556713e-9 	 -1.0135653705857131e-8 	 -2.5632979333625733e-8 	 3.4761014973541276e-8 	 -1.504274608457838e-5 	 -1.5042564970776521e-5 	 6.597828418086951e-6 	 6.597827944654864e-6 	 -4.083383658919355e-7 	 -4.0833823635721616e-7 	 -2.0169131327683964e-7 	 -2.0169137303707207e-7 	 2.699318477128673e-9 	 2.6995977626335636e-9 	 -1.4123812387212982e-8 	 -1.4123812071938256e-8 	 -9.483988272976921e-9 	 -9.484015488070511e-9 	 1.1206295966242437e-7 	 1.1206297650271697e-7 	 1.323850010093341e-8 	 1.3238501569434256e-8 	 
1.072379340256395 	 4.842168324999724 	 4.840278738922306 	 3.5312910303432214e-6 	 0.0019039696387177997 	 -8.802973723780611e-9 	 -1.0135654113932047e-8 	 -2.6245059018725675e-8 	 3.553653994672586e-8 	 -1.5042154594371932e-5 	 -1.5041967458114255e-5 	 6.595051624307188e-6 	 6.595051132044753e-6 	 -4.0829087313619004e-7 	 -4.082907389895163e-7 	 -2.0168964090214927e-7 	 -2.0168970280560203e-7 	 2.699309026018731e-9 	 2.6995981587432766e-9 	 -1.4123801034152268e-8 	 -1.4123800707376385e-8 	 -9.483980320918285e-9 	 -9.48400850362381e-9 	 1.1205736688909028e-7 	 1.1205738432833791e-7 	 1.3238500309017587e-8 	 1.3238501829734483e-8 	 
1.0912783724545534 	 4.775743763497917 	 4.773873985997992 	 3.5297696396389883e-6 	 0.001884166912416792 	 -8.80297681425198e-9 	 -1.0135654536482989e-8 	 -2.697039105792012e-8 	 3.628873302628033e-8 	 -1.5041539724377313e-5 	 -1.5041346562740969e-5 	 6.592210813165461e-6 	 6.5922103030525185e-6 	 -4.082422835060977e-7 	 -4.082421445821826e-7 	 -2.0168790909500063e-7 	 -2.016879732161376e-7 	 2.6992992436740037e-9 	 2.69959856874351e-9 	 -1.412378927747475e-8 	 -1.4123788938771099e-8 	 -9.483972086148489e-9 	 -9.484001270865052e-9 	 1.1205163630628999e-7 	 1.1205165436580032e-7 	 1.3238500524485238e-8 	 1.3238502099274854e-8 	 
1.1105104709517524 	 4.7095503742009805 	 4.707700279690421 	 3.5282132780612596e-6 	 0.0018644896735094366 	 -8.802980013660322e-9 	 -1.0135654974022601e-8 	 -2.7603895133307028e-8 	 3.7170247732976113e-8 	 -1.5040903458411876e-5 	 -1.5040703987943817e-5 	 6.589304703601485e-6 	 6.589304175340942e-6 	 -4.0819257493962484e-7 	 -4.0819243106662897e-7 	 -2.0168611573988147e-7 	 -2.0168618216112123e-7 	 2.6992891186073065e-9 	 2.699598993111546e-9 	 -1.4123777102829273e-8 	 -1.4123776751752866e-8 	 -9.483963558613944e-9 	 -9.48399378096449e-9 	 1.1204576418842755e-7 	 1.1204578289026609e-7 	 1.3238500747598014e-8 	 1.3238502378383035e-8 	 
1.1300815055279045 	 4.644030290236462 	 4.642199753681543 	 3.5266212496723084e-6 	 0.0018449373929985734 	 -8.802983325820311e-9 	 -1.0135655427081619e-8 	 -2.8063212830106482e-8 	 3.80708309269174e-8 	 -1.5040243306783568e-5 	 -1.504003648616911e-5 	 6.586331993347985e-6 	 6.586331448479256e-6 	 -4.081417250750701e-7 	 -4.0814157607429215e-7 	 -2.0168425865625765e-7 	 -2.0168432745991246e-7 	 2.6992786389388956e-9 	 2.699599432341294e-9 	 -1.4123764495351216e-8 	 -1.412376413143873e-8 	 -9.483954727902094e-9 	 -9.483986024776579e-9 	 1.1203974891638615e-7 	 1.1203976828340295e-7 	 1.3238500978626743e-8 	 1.323850266739821e-8 	 
1.1499974494087413 	 4.5797426150470315 	 4.577931512547273 	 3.524992848290189e-6 	 0.0018255095113773585 	 -8.802986754682171e-9 	 -1.0135655896209523e-8 	 -2.883887654786193e-8 	 3.891176027028783e-8 	 -1.5039559806919902e-5 	 -1.5039344710493203e-5 	 6.583291373646209e-6 	 6.583290809396932e-6 	 -4.080897112145286e-7 	 -4.080895569023039e-7 	 -2.016823355764215e-7 	 -2.016824068496841e-7 	 2.6992677923740214e-9 	 2.6995998869537153e-9 	 -1.4123751439646239e-8 	 -1.4123751062420822e-8 	 -9.483945583232928e-9 	 -9.483977992829775e-9 	 1.120335860044608e-7 	 1.1203360606031858e-7 	 1.3238501217851875e-8 	 1.3238502966671617e-8 	 
1.1702643810888866 	 4.514651409567678 	 4.512859617120765 	 3.523327358436158e-6 	 0.0018062054934497925 	 -8.802990304329614e-9 	 -1.0135656381975187e-8 	 -2.9396518586534847e-8 	 3.979478199182602e-8 	 -1.5038849408009933e-5 	 -1.5038627929076766e-5 	 6.580181492790714e-6 	 6.580180909239087e-6 	 -4.0803651036422484e-7 	 -4.0803635055217854e-7 	 -2.0168034415952385e-7 	 -2.0168041799021526e-7 	 2.6992565662008073e-9 	 2.6996003574855666e-9 	 -1.4123737919780379e-8 	 -1.4123737528754618e-8 	 -9.483936113450056e-9 	 -9.483969675320608e-9 	 1.1202727224926559e-7 	 1.1202729301846867e-7 	 1.3238501465563692e-8 	 1.3238503276566856e-8 	 
1.190888486187059 	 4.450076597973648 	 4.4483020078774596 	 3.521624054589204e-6 	 0.001789009412997847 	 -8.802993978990925e-9 	 -1.0135656885674471e-8 	 -3.012862844476088e-8 	 4.0742087432776754e-8 	 -1.5038114312595962e-5 	 -1.5037884234283738e-5 	 6.577001005554752e-6 	 6.577000401134213e-6 	 -4.079820991969737e-7 	 -4.0798193368981336e-7 	 -2.0167828197725206e-7 	 -2.016783584570657e-7 	 2.6992449472889675e-9 	 2.699600844478203e-9 	 -1.4123723919264424e-8 	 -1.4123723513930811e-8 	 -9.48392630700187e-9 	 -9.483961062104093e-9 	 1.1202080165718474e-7 	 1.1202082316510852e-7 	 1.3238501722062801e-8 	 1.3238503597460475e-8 	 
1.2118760593339681 	 4.386816816531973 	 4.3850613760334625 	 3.5198822022459047e-6 	 0.0017698662601624414 	 -8.802997783038037e-9 	 -1.0135657406528433e-8 	 -3.0851594097857856e-8 	 4.162997993284548e-8 	 -1.503735056916795e-5 	 -1.503711328924652e-5 	 6.573748540650572e-6 	 6.5737479154360396e-6 	 -4.0792645409790253e-7 	 -4.0792628269461036e-7 	 -2.016761465184023e-7 	 -2.0167622574420413e-7 	 2.6992329220423865e-9 	 2.69960134851053e-9 	 -1.4123709421022206e-8 	 -1.4123709000858297e-8 	 -9.483916151929157e-9 	 -9.483952142673548e-9 	 1.1201417529727578e-7 	 1.1201419757019923e-7 	 1.3238501987660408e-8 	 1.3238503929742294e-8 	 
1.2332335060934831 	 4.324368103758222 	 4.322631690001297 	 3.518101056453811e-6 	 0.0017508459389431665 	 -8.803001720995864e-9 	 -1.0135657945851004e-8 	 -3.148493833363235e-8 	 4.258016962642686e-8 	 -1.503656045218895e-5 	 -1.5036312471183278e-5 	 6.57042270622146e-6 	 6.570422058296412e-6 	 -4.0786955111135595e-7 	 -4.0786937360411614e-7 	 -2.0167393517754736e-7 	 -2.0167401725115503e-7 	 2.6992204764142082e-9 	 2.6996018701702713e-9 	 -1.412369440737852e-8 	 -1.4123693971842035e-8 	 -9.483905635850172e-9 	 -9.48394290615452e-9 	 1.120073875944755e-7 	 1.1200741065961158e-7 	 1.3238502262678733e-8 	 1.3238504273815948e-8 	 
1.2549673449176588 	 4.26077649148227 	 4.259058982313246 	 3.516279863799435e-6 	 0.0017319479465425132 	 -8.803005797545326e-9 	 -1.0135658504295715e-8 	 -3.2177530848496965e-8 	 4.354284703377493e-8 	 -1.5035739815462932e-5 	 -1.503548333604539e-5 	 6.567022091794663e-6 	 6.5670214231071694e-6 	 -4.078113660028846e-7 	 -4.0781118217550623e-7 	 -2.0167164526527237e-7 	 -2.0167173028471857e-7 	 2.6992075958830157e-9 	 2.69960241006297e-9 	 -1.4123678860029627e-8 	 -1.412367840855495e-8 	 -9.483894745941524e-9 	 -9.48393334128556e-9 	 1.1200043524208294e-7 	 1.1200045912761236e-7 	 1.323850254745138e-8 	 1.3238504630099342e-8 	 
1.2770842091362153 	 4.199239115897621 	 4.197540389684357 	 3.51441786046041e-6 	 0.0017131717858401144 	 -8.803010017527879e-9 	 -1.0135659082539153e-8 	 -3.290861054605946e-8 	 4.447311143797738e-8 	 -1.5034888932999254e-5 	 -1.5034622334054628e-5 	 6.563545279605651e-6 	 6.563544584813376e-6 	 -4.077518741968752e-7 	 -4.0775168382493306e-7 	 -2.0166927398751782e-7 	 -2.0166936206396477e-7 	 2.699194265428707e-9 	 2.6996029688209523e-9 	 -1.412366276001699e-8 	 -1.412366229201559e-8 	 -9.483883468922272e-9 	 -9.48392343640282e-9 	 1.11993315096442e-7 	 1.1199333983154744e-7 	 1.3238502842323691e-8 	 1.3238504999025131e-8 	 
1.2995908489810806 	 4.137278695819631 	 4.13559863119857 	 3.5125142741443075e-6 	 0.0016945169799516841 	 -8.803014385955111e-9 	 -1.013565968128182e-8 	 -3.357469846297655e-8 	 4.547839828653443e-8 	 -1.5034005771605957e-5 	 -1.5033730493054641e-5 	 6.559990819323334e-6 	 6.559990100254941e-6 	 -4.0769105083564995e-7 	 -4.076908536853932e-7 	 -2.016668184594237e-7 	 -2.0166690970068047e-7 	 2.699180469526056e-9 	 2.6996035470955426e-9 	 -1.4123646087703174e-8 	 -1.412364560256176e-8 	 -9.48387179103472e-9 	 -9.48391317942352e-9 	 1.1198602314316876e-7 	 1.1198604875807082e-7 	 1.3238503147653282e-8 	 1.323850538104136e-8 	 
1.3224941336466105 	 4.0765697942494645 	 4.074908270577956 	 3.5105683225703183e-6 	 0.0016759830634484876 	 -8.803018908007076e-9 	 -1.0135660301248834e-8 	 -3.43399639242964e-8 	 4.646783589780487e-8 	 -1.5033089509831752e-5 	 -1.5032805415535368e-5 	 6.556357251670082e-6 	 6.556356505396149e-6 	 -4.076288707345836e-7 	 -4.076286665637944e-7 	 -2.0166427568930548e-7 	 -2.016643702110715e-7 	 2.699166192124133e-9 	 2.699604145559219e-9 	 -1.4123628822749886e-8 	 -1.4123628319831162e-8 	 -9.48385969803315e-9 	 -9.483902557835057e-9 	 1.1197855532223297e-7 	 1.11978581848227e-7 	 1.3238503463810278e-8 	 1.3238505776611777e-8 	 
1.3458010533861189 	 4.015416857772189 	 4.013773754722318 	 3.5085792150127977e-6 	 0.0016575695838127367 	 -8.803023589047474e-9 	 -1.0135660943190951e-8 	 -3.5140362508997826e-8 	 4.751519512578381e-8 	 -1.5032138744859e-5 	 -1.5031844857467468e-5 	 6.552643104377063e-6 	 6.552642333790592e-6 	 -4.0756530842734926e-7 	 -4.0756509698707506e-7 	 -2.0166164257716062e-7 	 -2.0166174049948133e-7 	 2.699151416627854e-9 	 2.699604764910135e-9 	 -1.4123610944097671e-8 	 -1.4123610422746285e-8 	 -9.483847175170043e-9 	 -9.483891558680445e-9 	 1.119709082089015e-7 	 1.1197093567839588e-7 	 1.3238503791177996e-8 	 1.3238506186216651e-8 	 
1.3695187216453548 	 3.955036571400044 	 3.9534117691950215 	 3.506546151206462e-6 	 0.0016392760995384194 	 -8.803028434619724e-9 	 -1.0135661607885336e-8 	 -3.597797274167211e-8 	 4.852075310095119e-8 	 -1.5031155957360437e-5 	 -1.5030850409150748e-5 	 6.54884687943399e-6 	 6.548846082266252e-6 	 -4.075003381374756e-7 	 -4.0750011916943324e-7 	 -2.0165891591721953e-7 	 -2.016590173645996e-7 	 2.699136125888316e-9 	 2.6996054058633744e-9 	 -1.4123592429948046e-8 	 -1.4123591889481237e-8 	 -9.483834207175186e-9 	 -9.483880168548688e-9 	 1.1196307795631258e-7 	 1.1196310640286823e-7 	 1.3238504130153163e-8 	 1.3238506610353112e-8 	 
1.3936543772335797 	 3.8953919613359465 	 3.8937853403952145 	 3.5044683220761967e-6 	 0.0016211021703808393 	 -8.803033450463015e-9 	 -1.0135662296136574e-8 	 -3.674586849474202e-8 	 4.9610173963867224e-8 	 -1.5030131969495663e-5 	 -1.5029816032660533e-5 	 6.544967062224431e-6 	 6.5449662375209755e-6 	 -4.074339337971447e-7 	 -4.074337070324433e-7 	 -2.016560923920732e-7 	 -2.0165619749042087e-7 	 2.6991203021656562e-9 	 2.6996060691704925e-9 	 -1.412357325772247e-8 	 -1.4123572697429927e-8 	 -9.483820778232635e-9 	 -9.483868373549079e-9 	 1.1195506022505804e-7 	 1.1195508968342958e-7 	 1.323850448114659e-8 	 1.323850704953595e-8 	 
1.4182153865329048 	 3.836583584064618 	 3.834995025437527 	 3.5023449101627853e-6 	 0.0016030473786927978 	 -8.803038642509656e-9 	 -1.0135663008777565e-8 	 -3.754645012770126e-8 	 5.068435060288977e-8 	 -1.5029070525354687e-5 	 -1.5028744949793656e-5 	 6.541002140625327e-6 	 6.541001287067291e-6 	 -4.0736606905452045e-7 	 -4.073658342142526e-7 	 -2.0165316856092942e-7 	 -2.016532774434623e-7 	 2.6991039271358597e-9 	 2.6996067555956516e-9 	 -1.4123553404035628e-8 	 -1.412355282317846e-8 	 -9.483806871962128e-9 	 -9.48385615929457e-9 	 1.1194685111713898e-7 	 1.1194688162331715e-7 	 1.3238504844583574e-8 	 1.3238507504298167e-8 	 
1.4432092457465677 	 3.7774157469221277 	 3.775845131965729 	 3.500175088524692e-6 	 0.0015851113140099525 	 -8.803044016899375e-9 	 -1.0135663746670587e-8 	 -3.836418300306498e-8 	 5.182949337202104e-8 	 -1.5027971464911289e-5 	 -1.5027632409361873e-5 	 6.536950554237651e-6 	 6.536949671126983e-6 	 -4.0729671724640305e-7 	 -4.072964740411913e-7 	 -2.0165014086528803e-7 	 -2.016502536697231e-7 	 2.699086981853682e-9 	 2.6996074659331277e-9 	 -1.4123532844669926e-8 	 -1.4123532242479499e-8 	 -9.483792471400276e-9 	 -9.483843510885628e-9 	 1.1193844688938472e-7 	 1.1193847848064051e-7 	 1.3238505220904468e-8 	 1.3238507975191592e-8 	 
1.4686435831868272 	 3.71903850597163 	 3.7174857165840827 	 3.497958022875533e-6 	 0.0015672935830117786 	 -8.80304957998101e-9 	 -1.0135664510708256e-8 	 -3.917897904638165e-8 	 5.287592986758927e-8 	 -1.5026828955171827e-5 	 -1.5026478563860215e-5 	 6.532810754188258e-6 	 6.5328098411009045e-6 	 -4.0722585146134847e-7 	 -4.072255995935012e-7 	 -2.0164700561960317e-7 	 -2.016471224893466e-7 	 2.699069446730984e-9 	 2.699608201010402e-9 	 -1.4123511554548005e-8 	 -1.4123510930233715e-8 	 -9.483777558986176e-9 	 -9.483830412893811e-9 	 1.1192984278489497e-7 	 1.1192987549982524e-7 	 1.3238505610565116e-8 	 1.3238508462787536e-8 	 
1.4945261616031833 	 3.6614652646193426 	 3.659928895355135 	 3.49569286918786e-6 	 0.0015508813514668086 	 -8.803055338321037e-9 	 -1.0135665302489309e-8 	 -4.0068878792220096e-8 	 5.408126959507305e-8 	 -1.5025644605334828e-5 	 -1.502527952581895e-5 	 6.528581164972359e-6 	 6.5285802190084246e-6 	 -4.071534444687262e-7 	 -4.071531836306703e-7 	 -2.0164375900532257e-7 	 -2.0164388008902996e-7 	 2.699051301531253e-9 	 2.6996089616737283e-9 	 -1.4123489507715678e-8 	 -1.4123488860459244e-8 	 -9.483762116540619e-9 	 -9.483816849350335e-9 	 1.1192103193417438e-7 	 1.1192106581274857e-7 	 1.3238506014037407e-8 	 1.3238508967677475e-8 	 
1.520864880551625 	 3.604245960204755 	 3.6027272369086445 	 3.493378776897006e-6 	 0.001533243351376791 	 -8.803061298713593e-9 	 -1.0135666121644972e-8 	 -4.088990384129632e-8 	 5.528079300453707e-8 	 -1.5024414139756509e-5 	 -1.5024037129258014e-5 	 6.524260194224592e-6 	 6.524259216314182e-6 	 -4.0707946881815944e-7 	 -4.070791986891514e-7 	 -2.0164039707374058e-7 	 -2.016405225226515e-7 	 2.699032525342916e-9 	 2.699609748793827e-9 	 -1.4123466677298761e-8 	 -1.412346600624403e-8 	 -9.483746125234492e-9 	 -9.48380280372024e-9 	 1.1191201492509322e-7 	 1.1191205000870422e-7 	 1.3238506431809909e-8 	 1.3238509490473777e-8 	 
1.5476677788056337 	 3.5475707571384207 	 3.5460695626096976 	 3.491014885477922e-6 	 0.0015157228998828498 	 -8.803067468181915e-9 	 -1.0135666969817037e-8 	 -4.182417756194514e-8 	 5.6383311661722956e-8 	 -1.5023136752547337e-5 	 -1.5022746519222647e-5 	 6.519846235609362e-6 	 6.519845223305277e-6 	 -4.0700389672172806e-7 	 -4.0700361696755723e-7 	 -2.0163691573060038e-7 	 -2.0163704570694635e-7 	 2.699013096537642e-9 	 2.6996105632881368e-9 	 -1.4123443035456476e-8 	 -1.4123442339706998e-8 	 -9.483729565560993e-9 	 -9.48378825887357e-9 	 1.1190278455072162e-7 	 1.1190282088223488e-7 	 1.3238506864388351e-8 	 1.3238510031810386e-8 	 
1.574943036809678 	 3.4910556955987246 	 3.4895719125572007 	 3.488600328917051e-6 	 0.0014983196505680575 	 -8.80307385399098e-9 	 -1.0135667848030603e-8 	 -4.268130186764193e-8 	 5.763006962495865e-8 	 -1.5021812895488956e-5 	 -1.5021408953208178e-5 	 6.515337676182821e-6 	 6.515336628240998e-6 	 -4.069267002032251e-7 	 -4.0692641047905754e-7 	 -2.0163331074191714e-7 	 -2.0163344540937144e-7 	 2.698992992779178e-9 	 2.699611406088253e-9 	 -1.412341855335291e-8 	 -1.4123417831980099e-8 	 -9.483712417323673e-9 	 -9.483773197068038e-9 	 1.1189333731413924e-7 	 1.1189337493794564e-7 	 1.323850731229629e-8 	 1.323851059234362e-8 	 
1.6026989791759443 	 3.435503253971126 	 3.434036765743406 	 3.486134230881861e-6 	 0.0014810332708866674 	 -8.803080463662919e-9 	 -1.0135668757346856e-8 	 -4.360362277242747e-8 	 5.888263061745266e-8 	 -1.5020437081659438e-5 	 -1.5020019288001633e-5 	 6.5107328766015954e-6 	 6.510731792942371e-6 	 -4.06847850944395e-7 	 -4.0684755089566664e-7 	 -2.016295777215413e-7 	 -2.016297172519657e-7 	 2.6989721909778473e-9 	 2.6996122781654418e-9 	 -1.4123393201136873e-8 	 -1.412339245318616e-8 	 -9.48369465961818e-9 	 -9.483757599936816e-9 	 1.118836687301918e-7 	 1.1188370769226223e-7 	 1.3238507776075874e-8 	 1.3238511172753114e-8 	 
1.6309440772250727 	 3.3800173611442417 	 3.3785680512782235 	 3.483615710530909e-6 	 0.0014638634296266228 	 -8.803087304962143e-9 	 -1.013566969886432e-8 	 -4.451198915920482e-8 	 6.01735200109333e-8 	 -1.5019008640302515e-5 	 -1.5018575833838395e-5 	 6.506030190685965e-6 	 6.506029068571854e-6 	 -4.0676732047372044e-7 	 -4.067670097364008e-7 	 -2.0162571212780562e-7 	 -2.0162585669873806e-7 	 2.6989506672722768e-9 	 2.6996131805236323e-9 	 -1.412336694791646e-8 	 -1.4123366172409023e-8 	 -9.483676270811251e-9 	 -9.483741448472567e-9 	 1.1187377378553e-7 	 1.1187381413347165e-7 	 1.3238508256288078e-8 	 1.3238511773742257e-8 	 
1.6596869515716661 	 3.32544837142404 	 3.324016123919525 	 3.48104387676079e-6 	 0.0014468098203074754 	 -8.803094385927282e-9 	 -1.0135670673720103e-8 	 -4.547836930532819e-8 	 6.143127759071973e-8 	 -1.5017526663576623e-5 	 -1.5017077339262682e-5 	 6.501227960123383e-6 	 6.501226797282013e-6 	 -4.0668507997922333e-7 	 -4.0668475817578013e-7 	 -2.0162170925851886e-7 	 -2.0162185905754291e-7 	 2.698928397015311e-9 	 2.6996141141919154e-9 	 -1.4123339761717943e-8 	 -1.4123338957634326e-8 	 -9.483657228501228e-9 	 -9.483724723001543e-9 	 1.1186364782248158e-7 	 1.1186368960559637e-7 	 1.323850875351386e-8 	 1.3238512396039466e-8 	 
1.6889363747553658 	 3.2710766363352897 	 3.2696613353576964 	 3.478417834537108e-6 	 0.0014298721450884762 	 -8.803101714871024e-9 	 -1.0135671683091375e-8 	 -4.6413777796530943e-8 	 6.269791575441869e-8 	 -1.501598719947134e-5 	 -1.5015522342734607e-5 	 6.496324504732462e-6 	 6.4963233030773e-6 	 -4.066011005093111e-7 	 -4.066007672454153e-7 	 -2.0161756424559776e-7 	 -2.016177194616438e-7 	 2.6989053547264053e-9 	 2.6996150802467135e-9 	 -1.4123311609427507e-8 	 -1.4123310775697498e-8 	 -9.483637509482528e-9 	 -9.483707403148177e-9 	 1.1185328634425015e-7 	 1.1185332961359542e-7 	 1.3238509268354632e-8 	 1.3238513040398767e-8 	 
1.718701273918297 	 3.217350778091816 	 3.2159523081553956 	 3.475736678879742e-6 	 0.0014130501252997457 	 -8.803109300388554e-9 	 -1.0135672728196587e-8 	 -4.741035002324471e-8 	 6.399453617484644e-8 	 -1.5014388082568079e-5 	 -1.5013907925141448e-5 	 6.491318145075759e-6 	 6.491316900819318e-6 	 -4.065153527706879e-7 	 -4.065150076399703e-7 	 -2.0161327205227572e-7 	 -2.0161343288179311e-7 	 2.698881514092549e-9 	 2.6996160797860656e-9 	 -1.4123282456743112e-8 	 -1.4123281592256771e-8 	 -9.483617089726618e-9 	 -9.483689467805984e-9 	 1.1184268445019519e-7 	 1.1184272925864612e-7 	 1.323850980143289e-8 	 1.3238513707600745e-8 	 
1.7489907335296988 	 3.163966845928166 	 3.1625850917219935 	 3.4729995015719465e-6 	 0.0013963434876146598 	 -8.803117151368017e-9 	 -1.0135673810297091e-8 	 -4.83808677105439e-8 	 6.532908563659491e-8 	 -1.5012726710844676e-5 	 -1.5012229096356895e-5 	 6.4862071773056865e-6 	 6.486205889671039e-6 	 -4.0642780735791425e-7 	 -4.064274499404381e-7 	 -2.0160882745554832e-7 	 -2.0160899411033906e-7 	 2.6988568479116686e-9 	 2.699617113959636e-9 	 -1.4123252268158757e-8 	 -1.4123251371765448e-8 	 -9.483595944362167e-9 	 -9.483670895128823e-9 	 1.1183183696169738e-7 	 1.1183188336401198e-7 	 1.3238510353393028e-8 	 1.3238514398453474e-8 	 
1.7798139981585708 	 3.111221515996892 	 3.1098563626068065 	 3.4702053845760704e-6 	 0.001379751975035701 	 -8.803125277001015e-9 	 -1.013567493069849e-8 	 -4.941196590851926e-8 	 6.665607943858292e-8 	 -1.5011004402837455e-5 	 -1.5010487907698671e-5 	 6.480989890406367e-6 	 6.480988558195372e-6 	 -4.063384345317296e-7 	 -4.063380643883847e-7 	 -2.0160422505637264e-7 	 -2.01604397745152e-7 	 2.6988313280971266e-9 	 2.6996181839394394e-9 	 -1.412322100690563e-8 	 -1.41232200773946e-8 	 -9.483574047622481e-9 	 -9.483651662493853e-9 	 1.1182073917262396e-7 	 1.1182078722550969e-7 	 1.3238510924902087e-8 	 1.3238515113793506e-8 	 
1.811180475295187 	 3.0590249157755016 	 3.057676248247002 	 3.4673534074365656e-6 	 0.0013632753445895448 	 -8.803133686789207e-9 	 -1.013567609075233e-8 	 -5.0358895276630324e-8 	 6.810307311754448e-8 	 -1.5009212362865706e-5 	 -1.5008677848654701e-5 	 6.475664567155121e-6 	 6.4756631879127755e-6 	 -4.0624720444961e-7 	 -4.0624682112044886e-7 	 -2.0159945925744087e-7 	 -2.0159963820568857e-7 	 2.698804925623677e-9 	 2.699619290944677e-9 	 -1.4123188634886039e-8 	 -1.4123187670980992e-8 	 -9.483551372809251e-9 	 -9.483631746460153e-9 	 1.1180938607347279e-7 	 1.118094358356559e-7 	 1.323851151665054e-8 	 1.3238515854486923e-8 	 
1.8430997382223293 	 3.007292143307219 	 3.005959847354226 	 3.4644426401303905e-6 	 0.0013469133733809292 	 -8.80314239056292e-9 	 -1.0135677291857537e-8 	 -5.144136575206627e-8 	 6.94484803089534e-8 	 -1.5007352585440882e-5 	 -1.5006796812276716e-5 	 6.470229468785558e-6 	 6.470228041796204e-6 	 -4.06154086939728e-7 	 -4.0615368994560896e-7 	 -2.0159452426865285e-7 	 -2.015947097071531e-7 	 2.6987776105040007e-9 	 2.6996204362378268e-9 	 -1.4123155112625287e-8 	 -1.412315411298981e-8 	 -9.483527892267053e-9 	 -9.483611122740304e-9 	 1.1179777216188607e-7 	 1.1179782369418351e-7 	 1.3238512129353282e-8 	 1.323851662143041e-8 	 
1.8755815289371267 	 2.956067699061396 	 2.95475166027692 	 3.461472151167687e-6 	 0.0013306658474049084 	 -8.803151398477772e-9 	 -1.0135678535462178e-8 	 -5.252058761425429e-8 	 7.088573925656835e-8 	 -1.500541928540627e-5 	 -1.5004843544879686e-5 	 6.464682855408158e-6 	 6.464681380185186e-6 	 -4.0605905175855106e-7 	 -4.0605864060542984e-7 	 -2.0158941409352576e-7 	 -2.0158960626314804e-7 	 2.6987493517651805e-9 	 2.699621621118423e-9 	 -1.4123120399242573e-8 	 -1.4123119362495405e-8 	 -9.483503577365013e-9 	 -9.483589766180379e-9 	 1.117858926135664e-7 	 1.1178594597895963e-7 	 1.3238512763750144e-8 	 1.3238517415552127e-8 	 
1.908635761124385 	 2.905298752601669 	 2.903998856840427 	 3.458441000740953e-6 	 0.0013145325643749413 	 -8.803160721044232e-9 	 -1.01356798230652e-8 	 -5.359009247701806e-8 	 7.234829210043474e-8 	 -1.500341088468907e-5 	 -1.5002814572415814e-5 	 6.459022973526739e-6 	 6.459021446905845e-6 	 -4.059620683802153e-7 	 -4.05961642561652e-7 	 -2.0158412252197355e-7 	 -2.0158432167159383e-7 	 2.6987201174106245e-9 	 2.699622846933313e-9 	 -1.4123084452423305e-8 	 -1.412308337714104e-8 	 -9.483478398470225e-9 	 -9.48356765074328e-9 	 1.1177374200517779e-7 	 1.1177379726889012e-7 	 1.3238513420607196e-8 	 1.323851823781319e-8 	 
1.9422725231823168 	 2.8550989084448095 	 2.853815041731592 	 3.455348247551169e-6 	 0.0012985133402050953 	 -8.803170369118973e-9 	 -1.013568115621804e-8 	 -5.4634953513019475e-8 	 7.383131861887553e-8 	 -1.5001322463283146e-5 	 -1.5000706521573971e-5 	 6.453248068199386e-6 	 6.453246487412814e-6 	 -4.058631062179417e-7 	 -4.058626652091295e-7 	 -2.0157864312663588e-7 	 -2.0157884951534113e-7 	 2.6986898744012324e-9 	 2.699624115061696e-9 	 -1.4123047228376185e-8 	 -1.4123046113078184e-8 	 -9.483452324907311e-9 	 -9.483544749485554e-9 	 1.1176131482035771e-7 	 1.1176137204993367e-7 	 1.3238514100717335e-8 	 1.3238519089208336e-8 	 
1.9765020813015959 	 2.8054531913774516 	 2.8041844843623758 	 3.4521929420218625e-6 	 0.0012833637238601533 	 -8.803180353935095e-9 	 -1.0135682537153623e-8 	 -5.577929465840851e-8 	 7.528350971855644e-8 	 -1.4999153601851927e-5 	 -1.4998514224210592e-5 	 6.447356361183649e-6 	 6.447354726446425e-6 	 -4.0576213439692473e-7 	 -4.057616776509774e-7 	 -2.0157296925649653e-7 	 -2.0157318315066435e-7 	 2.6986585886009952e-9 	 2.699625426940875e-9 	 -1.4123008681749765e-8 	 -1.412300752488875e-8 	 -9.483425324903164e-9 	 -9.483521034503295e-9 	 1.117486041823181e-7 	 1.1174866344770532e-7 	 1.3238514804901428e-8 	 1.323851997076743e-8 	 
2.011334882598677 	 2.7562902168784933 	 2.7550373437415265 	 3.4489741333609673e-6 	 0.0012675399415965336 	 -8.803190687098839e-9 	 -1.013568396630242e-8 	 -5.6895764422891475e-8 	 7.681756513391578e-8 	 -1.4996897659564197e-5 	 -1.4996236055013374e-5 	 6.441346081393482e-6 	 6.4413443898473985e-6 	 -4.0565912197323713e-7 	 -4.0565864892090006e-7 	 -2.0156709402088825e-7 	 -2.015673157004474e-7 	 2.6986262247519023e-9 	 2.699626784055671e-9 	 -1.4122968765568855e-8 	 -1.4122967565527593e-8 	 -9.483397365548057e-9 	 -9.483496476894047e-9 	 1.117356069071447e-7 	 1.1173566828078201e-7 	 1.3238515534009008e-8 	 1.32385208835565e-8 	 
2.0467815583043305 	 2.7076330838521776 	 2.706395930972452 	 3.4456908633917785e-6 	 0.0012518299452824026 	 -8.803201380612608e-9 	 -1.0135685445990466e-8 	 -5.804137775577942e-8 	 7.833986698123136e-8 	 -1.4994553843446832e-5 	 -1.4993868730701532e-5 	 6.435215436849296e-6 	 6.435213686828085e-6 	 -4.05554037741418e-7 	 -4.055535477999689e-7 	 -2.0156101028512942e-7 	 -2.0156124004097396e-7 	 2.6985927464524266e-9 	 2.6996281879299376e-9 	 -1.4122927431190799e-8 	 -1.4122926186311233e-8 	 -9.483368412782438e-9 	 -9.483471046727765e-9 	 1.1172231652221064e-7 	 1.1172238007911378e-7 	 1.3238516288919588e-8 	 1.3238521828679333e-8 	 
2.0828529270083767 	 2.6595104289580584 	 2.6582888827745315 	 3.442342172700424e-6 	 0.001236233614502655 	 -8.803212446884383e-9 	 -1.013568697799852e-8 	 -5.9191929258243536e-8 	 7.987890328389183e-8 	 -1.499211637996088e-5 	 -1.49914056522678e-5 	 6.428962637976795e-6 	 6.428960827170722e-6 	 -4.0544685044024715e-7 	 -4.0544634300219073e-7 	 -2.0155471067064833e-7 	 -2.0155494880177238e-7 	 2.6985581160988505e-9 	 2.699629640148302e-9 	 -1.412288462828399e-8 	 -1.412288333682771e-8 	 -9.483338431336282e-9 	 -9.483444713033257e-9 	 1.1170872722021051e-7 	 1.1170879303806475e-7 	 1.3238517070543697e-8 	 1.3238522807278717e-8 	 
2.119559997961597 	 2.6119454856102964 	 2.6107394326603734 	 3.438927095560759e-6 	 0.0012207508310560992 	 -8.803223898736192e-9 	 -1.0135688564169784e-8 	 -6.035864624350043e-8 	 8.146729885407844e-8 	 -1.4989582571256696e-5 	 -1.4988846657828694e-5 	 6.422585880751699e-6 	 6.422584006424697e-6 	 -4.0533752857463126e-7 	 -4.0533700300652627e-7 	 -2.015481875306331e-7 	 -2.0154843434921454e-7 	 2.6985222948695618e-9 	 2.6996311423374265e-9 	 -1.4122840304707267e-8 	 -1.4122838964852527e-8 	 -9.483307384675296e-9 	 -9.483417443725876e-9 	 1.1169483363052684e-7 	 1.1169490178978229e-7 	 1.3238517879823735e-8 	 1.3238523820537451e-8 	 
2.156913974435843 	 2.564939674204787 	 2.5637490011480164 	 3.435444665074011e-6 	 0.0012053815052868585 	 -8.803235749429887e-9 	 -1.0135690206412022e-8 	 -6.153923852272917e-8 	 8.30609859436472e-8 	 -1.4986946912694453e-5 	 -1.498618345545221e-5 	 6.416083361103391e-6 	 6.4160814221815565e-6 	 -4.052260405757764e-7 	 -4.05225496217608e-7 	 -2.0154143294771927e-7 	 -2.0154168878337728e-7 	 2.6984852426708894e-9 	 2.6996326961828586e-9 	 -1.4122794406448471e-8 	 -1.4122793016294204e-8 	 -9.483275234960878e-9 	 -9.483389205569989e-9 	 1.1168062993871359e-7 	 1.1168070052268438e-7 	 1.3238518717735244e-8 	 1.3238524869680041e-8 	 
2.1949262571433543 	 2.5183781961314633 	 2.5172027896664133 	 3.431893908950327e-6 	 0.0011901255467149183 	 -8.803248012662973e-9 	 -1.0135691906699812e-8 	 -6.272869900716722e-8 	 8.470640404898791e-8 	 -1.4984204842573067e-5 	 -1.4983416050229149e-5 	 6.409453261723611e-6 	 6.40945125526803e-6 	 -4.051123546650584e-7 	 -4.0511179082738225e-7 	 -2.0153443873508646e-7 	 -2.0153470392115822e-7 	 2.698446918110741e-9 	 2.6996343034196526e-9 	 -1.4122746877555606e-8 	 -1.412274543510988e-8 	 -9.48324194299251e-9 	 -9.483359964136582e-9 	 1.1166610990715089e-7 	 1.1166618300211789e-7 	 1.3238519585287826e-8 	 1.3238525955973906e-8 	 
2.2336084477163447 	 2.4724083854822907 	 2.471248132439413 	 3.428273853728698e-6 	 0.0011749828961441007 	 -8.80326070260635e-9 	 -1.0135693667076837e-8 	 -6.396417381224267e-8 	 8.635922198506457e-8 	 -1.4981353275202262e-5 	 -1.4980534206025997e-5 	 6.4026937664746995e-6 	 6.402691691852783e-6 	 -4.0499643899345565e-7 	 -4.049958549827412e-7 	 -2.0152719640820778e-7 	 -2.0152747129773975e-7 	 2.698407278435706e-9 	 2.6996359658545538e-9 	 -1.4122697660091573e-8 	 -1.4122696163351861e-8 	 -9.483207468231116e-9 	 -9.48332968377526e-9 	 1.1165126767923735e-7 	 1.1165134337455396e-7 	 1.3238520483526696e-8 	 1.323852708073124e-8 	 
2.272972352247904 	 2.426959510309539 	 2.425814297501897 	 3.4245835215755234e-6 	 0.0011599534978823792 	 -8.803273833893338e-9 	 -1.0135695489658265e-8 	 -6.518131737083967e-8 	 8.802396965406497e-8 	 -1.4978384783786324e-5 	 -1.4977536578727411e-5 	 6.395803048131671e-6 	 6.395800901462533e-6 	 -4.048782615800054e-7 	 -4.0487765669224956e-7 	 -2.0151969719277523e-7 	 -2.015199821450059e-7 	 2.6983662795304605e-9 	 2.699637685328795e-9 	 -1.4122646694190307e-8 	 -1.4122645141116914e-8 	 -9.48317176876446e-9 	 -9.483298327649735e-9 	 1.1163609757972154e-7 	 1.1163617596792278e-7 	 1.3238521413533654e-8 	 1.323852824531031e-8 	 
2.3130299848953086 	 2.382059092699905 	 2.3809288070424564 	 3.4208219333708757e-6 	 0.0011450373206939478 	 -8.803287421661051e-9 	 -1.0135697376633379e-8 	 -6.64513476155805e-8 	 8.969970202907372e-8 	 -1.4975298020220228e-5 	 -1.497441844843315e-5 	 6.3887792798852126e-6 	 6.388777058883131e-6 	 -4.0475779038814963e-7 	 -4.0475716389382703e-7 	 -2.0151193199516654e-7 	 -2.0151222739324724e-7 	 2.6983238758231153e-9 	 2.6996394637709204e-9 	 -1.412259391792286e-8 	 -1.4122592306395098e-8 	 -9.483134801204148e-9 	 -9.483265857656373e-9 	 1.1162059290609874e-7 	 1.1162067408301537e-7 	 1.3238522376428662e-8 	 1.3238529451117207e-8 	 
2.353793571546829 	 2.3377237692802053 	 2.336608297607458 	 3.416988106701333e-6 	 0.001130234335436227 	 -8.803301481542976e-9 	 -1.0135699330267898e-8 	 -6.77250803570095e-8 	 9.143442858675025e-8 	 -1.4972084250432523e-5 	 -1.4971171570863012e-5 	 6.381620626965651e-6 	 6.381618329379248e-6 	 -4.046349932412514e-7 	 -4.046343443745414e-7 	 -2.0150389142074589e-7 	 -2.015041976508607e-7 	 2.698280020300641e-9 	 2.6996413031400206e-9 	 -1.4122539267158402e-8 	 -1.412253759493747e-8 	 -9.483096520598388e-9 	 -9.48323223433475e-9 	 1.1160474779033556e-7 	 1.1160483185521216e-7 	 1.3238523373370625e-8 	 1.323853069960741e-8 	 
2.395275553553164 	 2.293902792708779 	 2.292802021906802 	 3.4130810576206335e-6 	 0.001115544541410485 	 -8.803316029703034e-9 	 -1.0135701352906872e-8 	 -6.901424683946335e-8 	 9.318743455368119e-8 	 -1.4968739294010006e-5 	 -1.4967793958945344e-5 	 6.374325252057903e-6 	 6.374322875305798e-6 	 -4.0450983786230977e-7 	 -4.045091658177491e-7 	 -2.0149556571985008e-7 	 -2.014958831965533e-7 	 2.6982346643989897e-9 	 2.699643205492008e-9 	 -1.4122482675436594e-8 	 -1.412248094015938e-8 	 -9.48305688036589e-9 	 -9.483197416790919e-9 	 1.1158855598613998e-7 	 1.1158864304175614e-7 	 1.3238524405559336e-8 	 1.3238531992287768e-8 	 
2.437488591524634 	 2.2506464677360696 	 2.249560284687377 	 3.4090997998810052e-6 	 0.0011009679418465235 	 -8.803331082842905e-9 	 -1.0135703446977291e-8 	 -7.031342997264714e-8 	 9.494009362001792e-8 	 -1.496525489850118e-5 	 -1.4964275726256354e-5 	 6.366891313315421e-6 	 6.366888854262679e-6 	 -4.043822918403353e-7 	 -4.043815957726872e-7 	 -2.0148694481541823e-7 	 -2.0148727396137649e-7 	 2.6981877580150086e-9 	 2.69964517292446e-9 	 -1.4122424073877817e-8 	 -1.4122422273050257e-8 	 -9.483015832233958e-9 	 -9.483161362640174e-9 	 1.1157201097057216e-7 	 1.115721011233684e-7 	 1.323852547423654e-8 	 1.3238533330717945e-8 	 
2.4804455691952905 	 2.207925217355001 	 2.206853508898957 	 3.405043345582705e-6 	 0.0010865045656745112 	 -8.803346658219467e-9 	 -1.0135705614991008e-8 	 -7.164839141740424e-8 	 9.67292434514014e-8 	 -1.4961629137077971e-5 	 -1.4960611060174888e-5 	 6.35931696770534e-6 	 6.359314423978336e-6 	 -4.042523226665571e-7 	 -4.042516017091491e-7 	 -2.0147801827383997e-7 	 -2.0147835952920168e-7 	 2.698139249423598e-9 	 2.6996472076125703e-9 	 -1.4122363391130778e-8 	 -1.4122361522177043e-8 	 -9.48297332623961e-9 	 -9.483124027979648e-9 	 1.1155510635389505e-7 	 1.1155519971410362e-7 	 1.3238526580687363e-8 	 1.3238534716512139e-8 	 
2.5241595973551325 	 2.16576144816509 	 2.1647041010814827 	 3.400910705220284e-6 	 0.0010721544454113836 	 -8.80336277367328e-9 	 -1.0135707859547564e-8 	 -7.29896204060286e-8 	 9.854697659892022e-8 	 -1.4957851888984308e-5 	 -1.4956800009401568e-5 	 6.3516003655353196e-6 	 6.35159773454621e-6 	 -4.041198977530934e-7 	 -4.0411915100649265e-7 	 -2.0146877528845508e-7 	 -2.0146912911498944e-7 	 2.6980890852387683e-9 	 2.6996493118031217e-9 	 -1.4122300553352027e-8 	 -1.4122298613589828e-8 	 -9.482929310659005e-9 	 -9.483085367376963e-9 	 1.1153783580231739e-7 	 1.1153793248409873e-7 	 1.3238527726242019e-8 	 1.3238536151341431e-8 	 
2.568644017851614 	 2.1241390565280893 	 2.1230959575440314 	 3.3967008875716574e-6 	 0.0010579176344810747 	 -8.803379447625817e-9 	 -1.0135710183337334e-8 	 -7.434428151761888e-8 	 1.0038175279450336e-7 	 -1.4953917377616945e-5 	 -1.4952825779481231e-5 	 6.343739657797022e-6 	 6.3437369360862865e-6 	 -4.0398498441454636e-7 	 -4.039842109540882e-7 	 -2.014592046799858e-7 	 -2.014595715582953e-7 	 2.698037210369596e-9 	 2.6996514878094914e-9 	 -1.4122235484087824e-8 	 -1.4122233470758754e-8 	 -9.482883731957116e-9 	 -9.483045333791644e-9 	 1.1152019249536094e-7 	 1.115202926169441e-7 	 1.323852891227721e-8 	 1.3238537636935499e-8 	 
2.6139124076616764 	 2.08307853084732 	 2.082049566619777 	 3.39241290049855e-6 	 0.0010437941970017287 	 -8.803396699128701e-9 	 -1.0135712589144601e-8 	 -7.572528211305475e-8 	 1.0224793975643222e-7 	 -1.4949817325775152e-5 	 -1.4948687455379077e-5 	 6.335732991187122e-6 	 6.335730176490553e-6 	 -4.038475499068975e-7 	 -4.038467487859257e-7 	 -2.0144929488003822e-7 	 -2.014496753024143e-7 	 2.6979835679637677e-9 	 2.699653738018885e-9 	 -1.412216810423597e-8 	 -1.4122166014516094e-8 	 -9.482836534744941e-9 	 -9.483003878549547e-9 	 1.1150216993279624e-7 	 1.1150227361662382e-7 	 1.3238530140218252e-8 	 1.3238539175085094e-8 	 
2.659978583035544 	 2.042583560601976 	 2.0415686177099497 	 3.3880457499152147e-6 	 0.0010297842153103706 	 -8.803414547847228e-9 	 -1.0135715079850751e-8 	 -7.712676009014116e-8 	 1.0412467113543946e-7 	 -1.4945545667008892e-5 	 -1.4944375846747121e-5 	 6.327578510589326e-6 	 6.327575599167929e-6 	 -4.0370756139378143e-7 	 -4.03706731619802e-7 	 -2.0143903390611143e-7 	 -2.0143942839123787e-7 	 2.6979280993403386e-9 	 2.699656064909759e-9 	 -1.4122098331956843e-8 	 -1.4122096162871184e-8 	 -9.48278766165679e-9 	 -9.482960951287973e-9 	 1.1148376141235835e-7 	 1.1148386878523667e-7 	 1.3238531411539992e-8 	 1.3238540767643543e-8 	 
2.706856603713545 	 2.002644846382456 	 2.0016438112551085 	 3.3835984413057508e-6 	 0.0010158877802345769 	 -8.803433014118602e-9 	 -1.0135717658437796e-8 	 -7.852875493625918e-8 	 1.0603734335481137e-7 	 -1.494109536248367e-5 	 -1.4939879697171762e-5 	 6.319274357087681e-6 	 6.319271345841454e-6 	 -4.0356498595689177e-7 	 -4.03564126492752e-7 	 -2.0142840936136508e-7 	 -2.0142881844600453e-7 	 2.697870743974112e-9 	 2.6996584710146203e-9 	 -1.4122026082442854e-8 	 -1.4122023830859756e-8 	 -9.482737053254224e-9 	 -9.482916499814385e-9 	 1.1146495998777432e-7 	 1.1146507118102838e-7 	 1.323853272776923e-8 	 1.323854241652962e-8 	 
2.75456077721725 	 1.9632507480859747 	 1.9622635070944572 	 3.3790699781377234e-6 	 0.0010021049991300456 	 -8.80345211893765e-9 	 -1.0135720327991535e-8 	 -7.996846730514983e-8 	 1.0795668911953115e-7 	 -1.493645237955479e-5 	 -1.4935191286761503e-5 	 6.3108186722658936e-6 	 6.3108155574498255e-6 	 -4.0341979056094617e-7 	 -4.034189003313163e-7 	 -2.0141740841246318e-7 	 -2.0141783265472646e-7 	 2.6978114393988308e-9 	 2.6996609589639086e-9 	 -1.4121951267866839e-8 	 -1.4121948930507198e-8 	 -9.482684648000123e-9 	 -9.482870470082432e-9 	 1.1144575896696855e-7 	 1.1144587411660083e-7 	 1.3238534090485822e-8 	 1.3238544123729179e-8 	 
2.803105663216234 	 1.9244416158212219 	 1.923468055172896 	 3.3744593637256503e-6 	 0.000988435990029806 	 -8.803471883998123e-9 	 -1.013572309170559e-8 	 -8.141559239171917e-8 	 1.0989605029414596e-7 	 -1.493161392045734e-5 	 -1.4930306658088862e-5 	 6.302209594529138e-6 	 6.3022063729046e-6 	 -4.032719421054226e-7 	 -4.0327101997286374e-7 	 -2.0140601777113872e-7 	 -2.0140645776027852e-7 	 2.6977501211667765e-9 	 2.6996635314725725e-9 	 -1.4121873797249014e-8 	 -1.4121871370619403e-8 	 -9.482630382114399e-9 	 -9.482822806109514e-9 	 1.1142615128362774e-7 	 1.1142627053048383e-7 	 1.3238535501324833e-8 	 1.3238545891297676e-8 	 
2.8525060779717974 	 1.8861655020446582 	 1.8852055077610677 	 3.369765599036639e-6 	 0.0009748808848549813 	 -8.803492331732284e-9 	 -1.0135725952884629e-8 	 -8.286544909968215e-8 	 1.1188451520696542e-7 	 -1.4926567096881027e-5 	 -1.4925213923051123e-5 	 6.2934452570861025e-6 	 6.293441925717173e-6 	 -4.0312140733234544e-7 	 -4.031204521171125e-7 	 -2.013942236914022e-7 	 -2.013946800330347e-7 	 2.6976867228000133e-9 	 2.699666191331258e-9 	 -1.4121793576292173e-8 	 -1.4121791056770294e-8 	 -9.482574189551289e-9 	 -9.482773449868139e-9 	 1.114061299585771e-7 	 1.1140625344851837e-7 	 1.323853696197872e-8 	 1.3238547721362712e-8 	 
2.9027770988589974 	 1.8484746745488414 	 1.8475281325572899 	 3.364987685288277e-6 	 0.0009614398271287905 	 -8.803513485272317e-9 	 -1.0135728914948643e-8 	 -8.435833871527443e-8 	 1.1389535915410017e-7 	 -1.4921304163630289e-5 	 -1.4919898438209963e-5 	 6.2845237975166685e-6 	 6.28452035196969e-6 	 -4.0296815292603056e-7 	 -4.029671633879208e-7 	 -2.0138201194203308e-7 	 -2.0138248526862065e-7 	 2.6976211757118377e-9 	 2.699668941428239e-9 	 -1.4121710507366173e-8 	 -1.4121707891136355e-8 	 -9.482516001887912e-9 	 -9.482722341270048e-9 	 1.1138568793741396e-7 	 1.1138581582149711e-7 	 1.3238538474198115e-8 	 1.3238549616125521e-8 	 
2.953934068968377 	 1.8113395550629154 	 1.810406004913116 	 3.360124620923576e-6 	 0.0009484591733791242 	 -8.80353536854874e-9 	 -1.0135731982022901e-8 	 -8.586064296164126e-8 	 1.1590053280508611e-7 	 -1.4915812026877834e-5 	 -1.491435313966077e-5 	 6.275443343431097e-6 	 6.275439780395908e-6 	 -4.0281214540265134e-7 	 -4.0281112026446066e-7 	 -2.013693677910819e-7 	 -2.0136985876318433e-7 	 2.69755340915819e-9 	 2.6996717847390316e-9 	 -1.4121624489318587e-8 	 -1.4121621772444191e-8 	 -9.482455748294027e-9 	 -9.482669418057995e-9 	 1.1136481701222657e-7 	 1.1136494944688689e-7 	 1.323854003979554e-8 	 1.3238551577865771e-8 	 
3.00599260178879 	 1.7747666177645571 	 1.7738463058005596 	 3.355175404668677e-6 	 0.0009352320507224797 	 -8.803558006255536e-9 	 -1.0135735156617627e-8 	 -8.737393251066537e-8 	 1.1796355381341245e-7 	 -1.491007940081999e-5 	 -1.4908568062344058e-5 	 6.266202027698216e-6 	 6.266198342839695e-6 	 -4.0265335123530946e-7 	 -4.026522891877717e-7 	 -2.0135627599898178e-7 	 -2.0135678529845763e-7 	 2.697483350175012e-9 	 2.6996747243279707e-9 	 -1.4121535417459647e-8 	 -1.4121532595911406e-8 	 -9.482393355487753e-9 	 -9.482614615803708e-9 	 1.1134351134847382e-7 	 1.1134364849571772e-7 	 1.3238541660647173e-8 	 1.3238553608942852e-8 	 
3.0589685859727536 	 1.7387463042611224 	 1.737839115776847 	 3.3501390321456965e-6 	 0.0009221195601829211 	 -8.803581423920994e-9 	 -1.0135738443088647e-8 	 -8.890461874896783e-8 	 1.2001930084460208e-7 	 -1.490409581929142e-5 	 -1.490252836099879e-5 	 6.256797973021509e-6 	 6.2567941617056465e-6 	 -4.024917367657892e-7 	 -4.0249063647719865e-7 	 -2.0134272079079903e-7 	 -2.01343249130685e-7 	 2.697410923498729e-9 	 2.6996777633667705e-9 	 -1.412144318351024e-8 	 -1.4121440253153838e-8 	 -9.482328747675905e-9 	 -9.482557867882742e-9 	 1.1132176327975628e-7 	 1.113219053073541e-7 	 1.3238543338694844e-8 	 1.3238555711798998e-8 	 
3.1128781901857843 	 1.703313350050278 	 1.7024191701047313 	 3.3450144991635777e-6 	 0.0009091218842299589 	 -8.803605647884836e-9 	 -1.0135741845357143e-8 	 -9.046316681192263e-8 	 1.2211893224235863e-7 	 -1.4897854025033111e-5 	 -1.489622487439994e-5 	 6.247229306269832e-6 	 6.247225364964063e-6 	 -4.023272683085929e-7 	 -4.0232612839268115e-7 	 -2.0132868584917616e-7 	 -2.0132923397025698e-7 	 2.6973360515104815e-9 	 2.69968090512406e-9 	 -1.4121347675460851e-8 	 -1.4121344631952983e-8 	 -9.482261846386905e-9 	 -9.482499105387757e-9 	 1.1129956514569604e-7 	 1.1129971222738912e-7 	 1.3238545075947701e-8 	 1.323855788896191e-8 	 
3.167737868041197 	 1.6684262449034528 	 1.667544958319872 	 3.339800797980522e-6 	 0.0008962392169944482 	 -8.803630705378431e-9 	 -1.0135745367480822e-8 	 -9.202731841936909e-8 	 1.2424308373228128e-7 	 -1.4891328727917925e-5 	 -1.4889639462612867e-5 	 6.2374941440410726e-6 	 6.237490068654344e-6 	 -4.0215991199329763e-7 	 -4.021587310113303e-7 	 -2.0131415427752336e-7 	 -2.013147229535816e-7 	 2.69725865417837e-9 	 2.6996841529620337e-9 	 -1.4121248777330491e-8 	 -1.4121245616130025e-8 	 -9.482192570371455e-9 	 -9.482438256961165e-9 	 1.1127690985719141e-7 	 1.1127706217290487e-7 	 1.323854687448559e-8 	 1.3238560143048225e-8 	 
3.223564363121867 	 1.6341011200235736 	 1.6332326114436286 	 3.334496920727862e-6 	 0.0008834717574336854 	 -8.803656624497793e-9 	 -1.0135749013658186e-8 	 -9.361243446985773e-8 	 1.2638078529179132e-7 	 -1.4884515702084874e-5 	 -1.4882762728058547e-5 	 6.227590605694295e-6 	 6.227586391353223e-6 	 -4.019896338906085e-7 	 -4.01988410397406e-7 	 -2.01299108600135e-7 	 -2.0129969863591107e-7 	 2.6971786489686145e-9 	 2.699687510354777e-9 	 -1.4121146369092176e-8 	 -1.4121143085609468e-8 	 -9.482120835640108e-9 	 -9.482375248749546e-9 	 1.1125378988174003e-7 	 1.1125394761780438e-7 	 1.3238548736460234e-8 	 1.3238562476765165e-8 	 
3.2803747140904993 	 1.600348280201388 	 1.5994924340159684 	 3.329101855600944e-6 	 0.0008708197144699258 	 -8.803683434278334e-9 	 -1.0135752788233779e-8 	 -9.521677668557959e-8 	 1.2854274263848394e-7 	 -1.4877398294373213e-5 	 -1.4875577208881077e-5 	 6.217516802045786e-6 	 6.2175124446002796e-6 	 -4.018163999537275e-7 	 -4.018151324685959e-7 	 -2.0128353073458798e-7 	 -2.0128414296723127e-7 	 2.6970959507769965e-9 	 2.6996909808907114e-9 	 -1.4121040326732923e-8 	 -1.4121036916273506e-8 	 -9.482046555356919e-9 	 -9.482310004448377e-9 	 1.1123019743598495e-7 	 1.1123036078536579e-7 	 1.3238550664098278e-8 	 1.323856489291501e-8 	 
3.3381862598899525 	 1.5671540626606937 	 1.5663107630145996 	 3.3236145901794596e-6 	 0.0008582832998669579 	 -8.803711164689098e-9 	 -1.0135756695702746e-8 	 -9.684290155995403e-8 	 1.3073920062465152e-7 	 -1.4869958716245451e-5 	 -1.486806935367123e-5 	 6.207270842654683e-6 	 6.207266336836864e-6 	 -4.016401760447191e-7 	 -4.016388629992129e-7 	 -2.012674019740504e-7 	 -2.01268037272147e-7 	 2.697010471874928e-9 	 2.6996945682551867e-9 	 -1.4120930521904564e-8 	 -1.4120926979493821e-8 	 -9.481969639535935e-9 	 -9.482242445076618e-9 	 1.1120612487942152e-7 	 1.1120629404195824e-7 	 1.3238552659704072e-8 	 1.323856739439818e-8 	 
3.3970166450352193 	 1.5345067397009655 	 1.5336758705112272 	 3.3180341076412056e-6 	 0.0008458627352205897 	 -8.80373984667771e-9 	 -1.0135760740716487e-8 	 -9.848782474680011e-8 	 1.3294870075667656e-7 	 -1.486218268226858e-5 	 -1.4860224079427275e-5 	 6.196850829160485e-6 	 6.196846170401643e-6 	 -4.014609277414347e-7 	 -4.0145956745626363e-7 	 -2.0125070294435397e-7 	 -2.0125136222238087e-7 	 2.696922121814035e-9 	 2.6996982762556175e-9 	 -1.412081682155042e-8 	 -1.4120813141841793e-8 	 -9.48188999485024e-9 	 -9.482172488751434e-9 	 1.1118156471649453e-7 	 1.1118173989914505e-7 	 1.323855472566275e-8 	 1.3238569984216829e-8 	 
3.4568838249986547 	 1.5024261080683126 	 1.5016075529699742 	 3.312359390725901e-6 	 0.0008335582407003507 	 -8.80376951221011e-9 	 -1.0135764928087465e-8 	 -1.0014444336106766e-7 	 1.351919607941652e-7 	 -1.4854052909656633e-5 	 -1.4852019950798025e-5 	 6.1862548625803755e-6 	 6.186250045609638e-6 	 -4.0127862044092155e-7 	 -4.012772111444363e-7 	 -2.0123341360525928e-7 	 -2.0123409781593156e-7 	 2.6968308073472646e-9 	 2.6997021088240674e-9 	 -1.4120699087654388e-8 	 -1.4120695264989716e-8 	 -9.481807524550279e-9 	 -9.482100050529685e-9 	 1.1115650889243775e-7 	 1.1115669030953132e-7 	 1.32385568644428e-8 	 1.323857266547837e-8 	 
3.51780607169013 	 1.4708874334088378 	 1.4700810758041591 	 3.3065894174214098e-6 	 0.0008213700425981135 	 -8.80380019426178e-9 	 -1.0135769262795406e-8 	 -1.0181942133842034e-7 	 1.3744944033992706e-7 	 -1.4845550873322563e-5 	 -1.4843438051915354e-5 	 6.175481033659786e-6 	 6.1754760537556566e-6 	 -4.0109321926641386e-7 	 -4.010917591224887e-7 	 -2.0121551322064263e-7 	 -2.0121622335399077e-7 	 2.6967364323746324e-9 	 2.6997060700001597e-9 	 -1.412057717726658e-8 	 -1.4120573205760616e-8 	 -9.481722128478501e-9 	 -9.482025042410539e-9 	 1.1113094956650141e-7 	 1.1113113744000025e-7 	 1.323855907859793e-8 	 1.3238575441398435e-8 	 
3.579801979033751 	 1.4399057775524384 	 1.4391115005538768 	 3.3007231641774625e-6 	 0.0008092983663245418 	 -8.803831926914068e-9 	 -1.0135773749992438e-8 	 -1.0350221134082327e-7 	 1.3974506554978702e-7 	 -1.4836658516678072e-5 	 -1.4834461773395428e-5 	 6.164527432171231e-6 	 6.164522283621055e-6 	 -4.009046892054649e-7 	 -4.009031763341828e-7 	 -2.0119698033249612e-7 	 -2.0119771742739012e-7 	 2.696638897831471e-9 	 2.699710163962138e-9 	 -1.4120450942430494e-8 	 -1.4120446815986627e-8 	 -9.481633703001487e-9 	 -9.481947373308713e-9 	 1.1110487894427104e-7 	 1.1110507350403736e-7 	 1.3238561370771343e-8 	 1.3238578315306272e-8 	 
3.6428904686428605 	 1.4094719711411452 	 1.4086896576371566 	 3.2947596016976545e-6 	 0.0007973434399652786 	 -8.803864745320234e-9 	 -1.0135778395009323e-8 	 -1.052121081163725e-7 	 1.4205332151394858e-7 	 -1.4827351119604946e-5 	 -1.4825070338437663e-5 	 6.1533921368621e-6 	 6.153386814138369e-6 	 -4.0071299502758834e-7 	 -4.0071142751556204e-7 	 -2.0117779275151634e-7 	 -2.0117855787961072e-7 	 2.6965381016304757e-9 	 2.699714395010045e-9 	 -1.4120320230118274e-8 	 -1.4120315942470012e-8 	 -9.481542140977889e-9 	 -9.481866949043572e-9 	 1.110782888565355e-7 	 1.1107849034060996e-7 	 1.3238563743698379e-8 	 1.3238581290647253e-8 	 
3.7070907955950605 	 1.3795809805120165 	 1.378810513132336 	 3.2886976984652653e-6 	 0.0007855054890077198 	 -8.803898685785612e-9 	 -1.0135783203361448e-8 	 -1.0695316456759055e-7 	 1.443845821099756e-7 	 -1.4817614395164192e-5 	 -1.4815246335571901e-5 	 6.142073221021147e-6 	 6.142067718168427e-6 	 -4.005181013900328e-7 	 -4.0051647727352967e-7 	 -2.0115792751361855e-7 	 -2.0115872180257878e-7 	 2.696433938572525e-9 	 2.699718767572179e-9 	 -1.4120184882055147e-8 	 -1.412018042671618e-8 	 -9.481447331578772e-9 	 -9.481783672226475e-9 	 1.1105117121633717e-7 	 1.1105137987123046e-7 	 1.3238566200210305e-8 	 1.3238584370987227e-8 	 
3.7724225543090033 	 1.3502281370133393 	 1.3494693980770713 	 3.282536416746384e-6 	 0.0007737847369873982 	 -8.803933785777805e-9 	 -1.0135788180754952e-8 	 -1.0870122465031482e-7 	 1.4674193694467757e-7 	 -1.4807419604599213e-5 	 -1.4804953845980603e-5 	 6.130568747800491e-6 	 6.130563058950111e-6 	 -4.003199726690569e-7 	 -4.003182898815641e-7 	 -2.011373608670919e-7 	 -2.011381854855524e-7 	 2.6963263002588844e-9 	 2.699723286212371e-9 	 -1.4120044734414172e-8 	 -1.4120040104572092e-8 	 -9.481349160031999e-9 	 -9.481697442077695e-9 	 1.1102351796866425e-7 	 1.1102373404966096e-7 	 1.32385687432365e-8 	 1.3238587560016033e-8 	 
3.838905684524751 	 1.3214039258977304 	 1.3206567974750176 	 3.2762747159900423e-6 	 0.0007621814028892821 	 -8.80397008398385e-9 	 -1.0135793333093717e-8 	 -1.1046033586762103e-7 	 1.4913442917201154e-7 	 -1.4796743036260204e-5 	 -1.4794186778629306e-5 	 6.1188767737679585e-6 	 6.118870892871592e-6 	 -4.001185729815332e-7 	 -4.001168293322493e-7 	 -2.0111606823593319e-7 	 -2.0111692441067657e-7 	 2.6962150749965317e-9 	 2.6997279556387437e-9 	 -1.4119899617439951e-8 	 -1.4119894805932686e-8 	 -9.481247507398932e-9 	 -9.48160815415526e-9 	 1.109953207586794e-7 	 1.1099554453015461e-7 	 1.3238571375808151e-8 	 1.323859086155295e-8 	 
3.9065604773895406 	 1.2931092310561945 	 1.292373594992379 	 3.269911549008807e-6 	 0.0007506956995114713 	 -8.804007620314303e-9 	 -1.013579866648557e-8 	 -1.1224882591489465e-7 	 1.5154192078537093e-7 	 -1.4785567024662033e-5 	 -1.4782907478901716e-5 	 6.106995343723584e-6 	 6.106989264948154e-6 	 -3.999138660133185e-7 	 -3.999120591755602e-7 	 -2.0109402419010053e-7 	 -2.010949132011116e-7 	 2.696100147719769e-9 	 2.6997327807001204e-9 	 -1.4119749355150773e-8 	 -1.4119744354385748e-8 	 -9.481142250353665e-9 	 -9.481515700167674e-9 	 1.1096657129264867e-7 	 1.1096680302839447e-7 	 1.3238574101061569e-8 	 1.323859427954988e-8 	 
3.9754075816507863 	 1.2653376252679047 	 1.2646133631011618 	 3.2634458652500757e-6 	 0.0007393278350136947 	 -8.80404643597393e-9 	 -1.0135804187249811e-8 	 -1.1405171564300428e-7 	 1.5397741174989864e-7 	 -1.4773846735728717e-5 	 -1.4771084891095489e-5 	 6.0949224969887426e-6 	 6.094916213569825e-6 	 -3.997058151781711e-7 	 -3.9970394281198454e-7 	 -2.0107120243641012e-7 	 -2.010721256125166e-7 	 2.695981399892764e-9 	 2.6997377663916705e-9 	 -1.4119593765289493e-8 	 -1.4119588567629e-8 	 -9.481033261414683e-9 	 -9.481419967955713e-9 	 1.1093726125079137e-7 	 1.1093750123434867e-7 	 1.3238576922242069e-8 	 1.3238597818096402e-8 	 
4.045468009958233 	 1.2380858418792593 	 1.2373728349440303 	 3.256876607393404e-6 	 0.0007280780052651594 	 -8.804086573484388e-9 	 -1.0135809901923775e-8 	 -1.158765822937093e-7 	 1.5643493969051545e-7 	 -1.4761575780638367e-5 	 -1.4758699104729944e-5 	 6.082656259508392e-6 	 6.08264976443909e-6 	 -3.994943836386149e-7 	 -3.9949244325984923e-7 	 -2.010475757644085e-7 	 -2.0104853449944384e-7 	 2.6958587094193255e-9 	 2.699742917860277e-9 	 -1.4119432659555025e-8 	 -1.4119427256873026e-8 	 -9.480920408553018e-9 	 -9.48132084161795e-9 	 1.1090738205331577e-7 	 1.1090763057831754e-7 	 1.323857984270758e-8 	 1.3238601481423837e-8 	 
4.1167631452771785 	 1.2113398259292454 	 1.21063795528456 	 3.2502027141338318e-6 	 0.0007169463988451867 	 -8.804128076714687e-9 	 -1.0135815817271053e-8 	 -1.1771158246982962e-7 	 1.5891806594631526e-7 	 -1.4748706644966273e-5 	 -1.4745721297387758e-5 	 6.070194649373896e-6 	 6.070187935979036e-6 	 -3.9927953421388097e-7 	 -3.992775233094663e-7 	 -2.0102311603717488e-7 	 -2.010241117850016e-7 	 2.6957319505419464e-9 	 2.6997482404111682e-9 	 -1.4119265842811167e-8 	 -1.4119260226800313e-8 	 -9.480803555161255e-9 	 -9.481218201025988e-9 	 1.1087692523477877e-7 	 1.1087718260531165e-7 	 1.3238582865931178e-8 	 1.3238605273910932e-8 	 
4.189314747414704 	 1.185099577219352 	 1.1844087237104621 	 3.2434231177334903e-6 	 0.0007059331881033805 	 -8.804170990957507e-9 	 -1.013582194028833e-8 	 -1.1957398256225194e-7 	 1.614316057647321e-7 	 -1.4735220331906512e-5 	 -1.4732111645756009e-5 	 6.0575356731460185e-6 	 6.0575287345165955e-6 	 -3.99061229560997e-7 	 -3.990591456474176e-7 	 -2.0099779416888352e-7 	 -2.0099882843996207e-7 	 2.6956009937598433e-9 	 2.6997537394989995e-9 	 -1.4119093113607626e-8 	 -1.4119087275947067e-8 	 -9.480682560322405e-9 	 -9.481111922184344e-9 	 1.1084588214550347e-7 	 1.1084614867648247e-7 	 1.3238585995507177e-8 	 1.3238609200090814e-8 	 
4.263144959660941 	 1.1593517756430314 	 1.1586718198819823 	 3.2365367460891044e-6 	 0.0006950385355260482 	 -8.804215362910426e-9 	 -1.0135828278213807e-8 	 -1.2145121481865255e-7 	 1.6396207492853324e-7 	 -1.4721073911436206e-5 	 -1.4717836486727713e-5 	 6.044677329517333e-6 	 6.044670158071009e-6 	 -3.9883943220394885e-7 	 -3.98837272648646e-7 	 -2.009715800694371e-7 	 -2.0097265444360267e-7 	 2.6954657057205233e-9 	 2.6997594207410758e-9 	 -1.4118914263824634e-8 	 -1.4118908195642809e-8 	 -9.480557278091559e-9 	 -9.481001877027326e-9 	 1.1081424404990297e-7 	 1.1081452006745852e-7 	 1.323858923515495e-8 	 1.3238613264654772e-8 	 
4.338276315547362 	 1.1340918626839298 	 1.1334226850806373 	 3.2295425212148064e-6 	 0.000684262583435328 	 -8.804261240793513e-9 	 -1.0135834838535249e-8 	 -1.23348803477629e-7 	 1.665280692031765e-7 	 -1.4706238950864994e-5 	 -1.4702872535342122e-5 	 6.031617605911223e-6 	 6.031610194213058e-6 	 -3.9861410425141103e-7 	 -3.986118662867899e-7 	 -2.0094444261512223e-7 	 -2.0094555874888408e-7 	 2.6953259490988384e-9 	 2.6997652899424175e-9 	 -1.4118729077763867e-8 	 -1.41187227696512e-8 	 -9.480427557262867e-9 	 -9.480887932820728e-9 	 1.1078200220804302e-7 	 1.1078228804992591e-7 	 1.3238592588724206e-8 	 1.3238617472457783e-8 	 
4.414731745724182 	 1.1093117848361622 	 1.1086532656112535 	 3.222439360758733e-6 	 0.0006736054597897589 	 -8.804308674318055e-9 	 -1.013584162899853e-8 	 -1.2526492484262572e-7 	 1.6910996528442177e-7 	 -1.4690679830222773e-5 	 -1.4687171280254996e-5 	 6.01835448098894e-6 	 6.018346821253497e-6 	 -3.9838520747741375e-7 	 -3.98382888235074e-7 	 -2.0091634962613064e-7 	 -2.0091750925010206e-7 	 2.6951815825417215e-9 	 2.699771353052353e-9 	 -1.411853733198482e-8 	 -1.4118530774223115e-8 	 -9.48029324136601e-9 	 -9.480769952071245e-9 	 1.1074914770879176e-7 	 1.1074944372478889e-7 	 1.3238596060197234e-8 	 1.3238621828522503e-8 	 
4.492534584958967 	 1.0849989793969599 	 1.0843509985735802 	 3.21522617756289e-6 	 0.0006630672684752832 	 -8.804357714805362e-9 	 -1.0135848657616652e-8 	 -1.2719900471223254e-7 	 1.7172389924699583e-7 	 -1.4674343059820867e-5 	 -1.4670704306812424e-5 	 6.004885925518335e-6 	 6.004878010043043e-6 	 -3.9815270329753886e-7 	 -3.981502996675875e-7 	 -2.0088726781571214e-7 	 -2.0088847273768217e-7 	 2.6950324605123897e-9 	 2.6997776162205126e-9 	 -1.4118338795179845e-8 	 -1.4118331977247586e-8 	 -9.480154168111892e-9 	 -9.480647792426238e-9 	 1.1071567160705605e-7 	 1.10715978159418e-7 	 1.3238599653693898e-8 	 1.3238626338047104e-8 	 
4.571708579258576 	 1.0611457246865297 	 1.0605081621259203 	 3.2079018804988447e-6 	 0.0006526480961633405 	 -8.80440841515576e-9 	 -1.0135855932678317e-8 	 -1.2915322374960434e-7 	 1.7436213361106337e-7 	 -1.465720136007199e-5 	 -1.4653408706730733e-5 	 5.9912099022029474e-6 	 5.991201722381052e-6 	 -3.9791655257345427e-7 	 -3.979140611443782e-7 	 -2.0085716274484262e-7 	 -2.0085841487455326e-7 	 2.694878433229779e-9 	 2.6997840857555532e-9 	 -1.4118133227194574e-8 	 -1.4118126137481193e-8 	 -9.480010168892106e-9 	 -9.48052130606465e-9 	 1.1068156487916614e-7 	 1.1068188234305186e-7 	 1.323860337347591e-8 	 1.3238631006409596e-8 	 
4.652277893116625 	 1.037748048474964 	 1.0371207839274763 	 3.2004653751813396e-6 	 0.0006423480013124016 	 -8.804460829977616e-9 	 -1.0135863462758104e-8 	 -1.3112937853977196e-7 	 1.770229263074013e-7 	 -1.4639215719739816e-5 	 -1.4635262474271721e-5 	 5.97732436838933e-6 	 5.9773159156210875e-6 	 -3.9767671566384904e-7 	 -3.976741330590173e-7 	 -2.0082599881345078e-7 	 -2.0082730013655199e-7 	 2.69471934651073e-9 	 2.6997907681797706e-9 	 -1.4117920378730656e-8 	 -1.4117913005539488e-8 	 -9.47986106945127e-9 	 -9.480390339540069e-9 	 1.1064681835191814e-7 	 1.1064714711584695e-7 	 1.3238607223952918e-8 	 1.3238635839175702e-8 	 
4.734267116888661 	 1.0147900966531258 	 1.0141730097023405 	 3.1929155642783275e-6 	 0.0006321670202335005 	 -8.804515015558352e-9 	 -1.0135871256724985e-8 	 -1.3311977910871367e-7 	 1.7971557847038302e-7 	 -1.462032893358621e-5 	 -1.4616204285135825e-5 	 5.9632272750248645e-6 	 5.963218540660124e-6 	 -3.97433152978291e-7 	 -3.974304758024645e-7 	 -2.007937392282858e-7 	 -2.007950918162882e-7 	 2.694555041724375e-9 	 2.699797670168894e-9 	 -1.4117699992734667e-8 	 -1.4117692324223548e-8 	 -9.479706690025813e-9 	 -9.480254734723293e-9 	 1.1061142285857758e-7 	 1.1061176332489566e-7 	 1.3238611209686725e-8 	 1.3238640842105415e-8 	 
4.817701274297335 	 0.9922623255939904 	 0.9916552957695282 	 3.1852513492751665e-6 	 0.0006221051582634965 	 -8.804571029964951e-9 	 -1.0135879323753292e-8 	 -1.3513296957092513e-7 	 1.8243078231785957e-7 	 -1.4600499555339192e-5 	 -1.4596204047448987e-5 	 5.9489165709187975e-6 	 5.948907546020589e-6 	 -3.971858248246531e-7 	 -3.971830495807559e-7 	 -2.007603459526897e-7 	 -2.0076175196746328e-7 	 2.6943853556058506e-9 	 2.699804798631057e-9 	 -1.411747180368153e-8 	 -1.4117463827666232e-8 	 -9.479546844686231e-9 	 -9.480114328218295e-9 	 1.1057536903268538e-7 	 1.1057572161805844e-7 	 1.3238615335398642e-8 	 1.3238646021160183e-8 	 
4.902605830069813 	 0.9701568446933282 	 0.9695597514007511 	 3.177471630472762e-6 	 0.0006121623939597444 	 -8.804628933105988e-9 	 -1.013588767333204e-8 	 -1.3716225391574205e-7 	 1.8517495311905618e-7 	 -1.4579664216898099e-5 	 -1.4575187674926364e-5 	 5.9343902034884556e-6 	 5.934380878651178e-6 	 -3.9693469129521943e-7 	 -3.969318142488791e-7 	 -2.0072577965648655e-7 	 -2.007272413737506e-7 	 2.6942101202102843e-9 	 2.699812160646031e-9 	 -1.4117235536978748e-8 	 -1.4117227240383152e-8 	 -9.47938134078173e-9 	 -9.47996895098023e-9 	 1.1053864751752215e-7 	 1.1053901265344285e-7 	 1.3238619605973008e-8 	 1.3238651382507509e-8 	 
4.989006697709819 	 0.9484625663725105 	 0.9478752890374896 	 3.1695753097500835e-6 	 0.0006023386723552395 	 -8.804688786683767e-9 	 -1.0135896315276149e-8 	 -1.392129805040936e-7 	 1.8794071746383948e-7 	 -1.4557795540416859e-5 	 -1.4553129909364034e-5 	 5.919646122400793e-6 	 5.919636487998068e-6 	 -3.9667971214392645e-7 	 -3.9667672938966567e-7 	 -2.0068999967948546e-7 	 -2.0069151948264462e-7 	 2.6940291627461226e-9 	 2.69981976351679e-9 	 -1.4116990907883864e-8 	 -1.4116982277034752e-8 	 -9.47920997877245e-9 	 -9.47981842769199e-9 	 1.1050124877504963e-7 	 1.1050162690835926e-7 	 1.3238624026460508e-8 	 1.3238656932529147e-8 	 
5.076930247406609 	 0.9271679465428366 	 0.9265903645345216 	 3.1615612902624416e-6 	 0.0005926339061739863 	 -8.804750654419025e-9 	 -1.0135905259737545e-8 	 -1.412811731723394e-7 	 1.9073648135826324e-7 	 -1.4534815026905076e-5 	 -1.4529972788735532e-5 	 5.904682279960921e-6 	 5.904672326165322e-6 	 -3.9642084692284896e-7 	 -3.964177544780989e-7 	 -2.0065296400106688e-7 	 -2.0065454437354532e-7 	 2.6938423054947604e-9 	 2.699827614742658e-9 	 -1.41167376217593e-8 	 -1.4116728642732524e-8 	 -9.479032552426959e-9 	 -9.479662576920843e-9 	 1.1046316323508385e-7 	 1.1046355482851614e-7 	 1.3238628602089638e-8 	 1.3238662677831136e-8 	 
5.166403314083369 	 0.9062631914965559 	 0.9056951842172976 	 3.153428480149037e-6 	 0.0005830479727206982 	 -8.804814601923018e-9 	 -1.0135914517216418e-8 	 -1.433679182472924e-7 	 1.9355482241571774e-7 	 -1.451070736881101e-5 	 -1.4505628598604178e-5 	 5.8894966377976015e-6 	 5.889486354371041e-6 	 -3.9615805518177063e-7 	 -3.961548489281809e-7 	 -2.0061462918611432e-7 	 -2.006162727346694e-7 	 2.693649365658261e-9 	 2.6998357220529295e-9 	 -1.411647537400301e-8 	 -1.4116466032185682e-8 	 -9.47884884835227e-9 	 -9.479501211162911e-9 	 1.1042438118464152e-7 	 1.1042478671739147e-7 	 1.323863333826866e-8 	 1.3238668625246137e-8 	 
5.2574532055874235 	 0.8857370913607133 	 0.885178538238627 	 3.1451757922477053e-6 	 0.0005735807129437072 	 -8.80488069693485e-9 	 -1.0135924098573465e-8 	 -1.4548010208843697e-7 	 1.963963770739403e-7 	 -1.44853632246779e-5 	 -1.4480062147198853e-5 	 5.874087165969229e-6 	 5.8740765427462615e-6 	 -3.9589129646119316e-7 	 -3.958879721995793e-7 	 -2.0057495034858356e-7 	 -2.0057665980143213e-7 	 2.6934501552730106e-9 	 2.6998440933800993e-9 	 -1.4116203849530891e-8 	 -1.4116194129730113e-8 	 -9.478658646017888e-9 	 -9.479334136579774e-9 	 1.103848928361652e-7 	 1.1038531280447593e-7 	 1.3238638240592855e-8 	 1.3238674781842974e-8 	 
5.350107711024791 	 0.865580407241114 	 0.8650311877789302 	 3.1368021484005186e-6 	 0.0005642319292792617 	 -8.804949009171018e-9 	 -1.0135934015041199e-8 	 -1.4760247460905494e-7 	 1.992698730209026e-7 	 -1.4458737032231607e-5 	 -1.4453215078062404e-5 	 5.858451852067944e-6 	 5.8584408780940875e-6 	 -3.956205303504938e-7 	 -3.9561708354916793e-7 	 -2.0053388109418777e-7 	 -2.005356593175659e-7 	 2.6932444810479843e-9 	 2.699852736901642e-9 	 -1.4115922722153446e-8 	 -1.411591260801546e-8 	 -9.47846171677711e-9 	 -9.479161152605995e-9 	 1.1034468828856974e-7 	 1.1034512320634679e-7 	 1.3238643314847087e-8 	 1.3238681154937728e-8 	 
5.444395109241635 	 0.845783222914239 	 0.8452432167690652 	 3.128306479389527e-6 	 0.0005550013845436017 	 -8.805019610606874e-9 	 -1.0135944278237528e-8 	 -1.497474228705995e-7 	 2.0216503705489675e-7 	 -1.4430789205433805e-5 	 -1.442501660564351e-5 	 5.8425887000473244e-6 	 5.842577364037163e-6 	 -3.953457162342766e-7 	 -3.953421421268942e-7 	 -2.0049137347281408e-7 	 -2.0049322347644582e-7 	 2.6930321442790605e-9 	 2.699861661008993e-9 	 -1.411563165388341e-8 	 -1.411562112838322e-8 	 -9.478257823846633e-9 	 -9.478982051286003e-9 	 1.1030375753722149e-7 	 1.10304207936681e-7 	 1.3238648567020879e-8 	 1.3238687752103619e-8 	 
5.540344177455178 	 0.8263339257514424 	 0.8258030127070684 	 3.119687729747011e-6 	 0.0005458888009208245 	 -8.805092575328188e-9 	 -1.0135954900177134e-8 	 -1.5191024357266092e-7 	 2.0508524760778098e-7 	 -1.4401433151805127e-5 	 -1.4395405435882819e-5 	 5.826495739199239e-6 	 5.826484029863484e-6 	 -3.950668134906352e-7 	 -3.9506310706131956e-7 	 -2.004473779356107e-7 	 -2.0044930287069736e-7 	 2.692812940688453e-9 	 2.6998708743432397e-9 	 -1.4115330294873236e-8 	 -1.4115319340066498e-8 	 -9.478046721973334e-9 	 -9.478796617146964e-9 	 1.1026209047888132e-7 	 1.1026255691122238e-7 	 1.3238654003306935e-8 	 1.3238694581171216e-8 	 
5.63798420003671 	 0.8072231003131485 	 0.8067011602974179 	 3.110944857920011e-6 	 0.000536893858438925 	 -8.805167979774722e-9 	 -1.013596589328614e-8 	 -1.5409200220015715e-7 	 2.0802850997620056e-7 	 -1.4370596356430848e-5 	 -1.4364270337793428e-5 	 5.810171025059737e-6 	 5.810158930743082e-6 	 -3.947837816117581e-7 	 -3.947799378304998e-7 	 -2.0040184329683167e-7 	 -2.0040384646128652e-7 	 2.692586660322485e-9 	 2.6998803857775117e-9 	 -1.4115018283080678e-8 	 -1.4115006880871021e-8 	 -9.477828157865308e-9 	 -9.478604627236607e-9 	 1.102196768918819e-7 	 1.1022015992796643e-7 	 1.3238659630112232e-8 	 1.3238701650245564e-8 	 
5.737344977449417 	 0.7884427218656322 	 0.7879296350166264 	 3.102076841443719e-6 	 0.000528016193897798 	 -8.805245902705007e-9 	 -1.0135977270415131e-8 	 -1.5629012684469282e-7 	 2.1099767516355362e-7 	 -1.4338160672999544e-5 	 -1.4331577243022439e-5 	 5.793612649068095e-6 	 5.793600157634721e-6 	 -3.9449658076785583e-7 	 -3.944925947082031e-7 	 -2.0035471669485037e-7 	 -2.003568015410886e-7 	 2.6923530873971877e-9 	 2.6998902044434616e-9 	 -1.4114695245247428e-8 	 -1.411468337745573e-8 	 -9.477601870477935e-9 	 -9.47840585171549e-9 	 1.1017650646048373e-7 	 1.1017700669152273e-7 	 1.3238665454067431e-8 	 1.3238708967714903e-8 	 
5.83845683534369 	 0.7699831486048718 	 0.769478795329002 	 3.093082677412657e-6 	 0.000519255401213448 	 -8.805326425218287e-9 	 -1.013598904485423e-8 	 -1.5850604096915002e-7 	 2.1399050762178718e-7 	 -1.4304101030591435e-5 	 -1.4297205230705794e-5 	 5.7768187390028424e-6 	 5.776805837863046e-6 	 -3.942051717543061e-7 	 -3.942010380029326e-7 	 -2.0030594352500558e-7 	 -2.0030811367068948e-7 	 2.692112000189335e-9 	 2.699900339717145e-9 	 -1.4114360795907412e-8 	 -1.4114348442803002e-8 	 -9.47736758932212e-9 	 -9.478200053440586e-9 	 1.1013256874414518e-7 	 1.1013308678239101e-7 	 1.3238671482031428e-8 	 1.3238716542255636e-8 	 
5.941350633812743 	 0.7518361484103334 	 0.7513403220438993 	 3.0839613877866702e-6 	 0.0005106981489859831 	 -8.80540963097689e-9 	 -1.013600123090424e-8 	 -1.6073862526891934e-7 	 2.170056872450712e-7 	 -1.426814509280431e-5 	 -1.4261020464450814e-5 	 5.759787468749963e-6 	 5.759774145104018e-6 	 -3.9390951517312485e-7 	 -3.939052277343019e-7 	 -2.0025546734561132e-7 	 -2.0025772660983305e-7 	 2.691863170887456e-9 	 2.6999108012348043e-9 	 -1.4114014534398383e-8 	 -1.411400167422713e-8 	 -9.477125033113312e-9 	 -9.477986985850073e-9 	 1.1008785258248516e-7 	 1.100883890619599e-7 	 1.3238677721097965e-8 	 1.3238724382842224e-8 	 
6.046057776811348 	 0.7339933373478024 	 0.7335060097072807 	 3.074712020113184e-6 	 0.0005021659762906277 	 -8.805495606055473e-9 	 -1.0136013841683777e-8 	 -1.6298816923899435e-7 	 2.2004139435779797e-7 	 -1.4230467567965693e-5 	 -1.4222861047969741e-5 	 5.742517060582047e-6 	 5.742503301356397e-6 	 -3.936095716653574e-7 	 -3.936051245384513e-7 	 -2.0020322986991516e-7 	 -2.002055822494286e-7 	 2.691606365455482e-9 	 2.6999215989049874e-9 	 -1.4113656044905251e-8 	 -1.4113642655605016e-8 	 -9.47687391127e-9 	 -9.477766393103414e-9 	 1.1004234828490155e-7 	 1.1004290386217565e-7 	 1.323868417859924e-8 	 1.3238732498754722e-8 	 
6.152610221740549 	 0.7164481200678912 	 0.7159691718101734 	 3.065333652829038e-6 	 0.0004937492112472003 	 -8.805584439288107e-9 	 -1.0136026892428989e-8 	 -1.6525313147733846e-7 	 2.2309909705677835e-7 	 -1.419043077121489e-5 	 -1.4182532023454635e-5 	 5.725005794057511e-6 	 5.72499158560947e-6 	 -3.933053028591844e-7 	 -3.9330068975823744e-7 	 -2.0014917091251612e-7 	 -2.00151620604141e-7 	 2.6913413434961977e-9 	 2.699932742906579e-9 	 -1.4113284898619424e-8 	 -1.4113270957054183e-8 	 -9.476613923379925e-9 	 -9.477538011392805e-9 	 1.0999604469453293e-7 	 1.0999662004950798e-7 	 1.3238690862122038e-8 	 1.3238740899599774e-8 	 
6.2610404892013065 	 0.699194622806836 	 0.6987239350721371 	 3.055825396304962e-6 	 0.00048544727072431 	 -8.805676222025059e-9 	 -1.0136040398339018e-8 	 -1.6753362656704278e-7 	 2.2617757955504273e-7 	 -1.4148078466466405e-5 	 -1.4139884457218071e-5 	 5.707252008678242e-6 	 5.707237337064555e-6 	 -3.929966708616542e-7 	 -3.9299188527561884e-7 	 -2.0009322831498257e-7 	 -2.000957797303318e-7 	 2.6910678581207477e-9 	 2.6999442436912744e-9 	 -1.4112900651834166e-8 	 -1.411288613383018e-8 	 -9.476344758507481e-9 	 -9.477301567508759e-9 	 1.0994893089107052e-7 	 1.0994952672781869e-7 	 1.3238697779514066e-8 	 1.3238749595316998e-8 	 
6.371381672920025 	 0.682226524423368 	 0.6817639785043182 	 3.046186398492376e-6 	 0.00047725952514122944 	 -8.80577104847869e-9 	 -1.0136054375131653e-8 	 -1.6982840229163787e-7 	 2.29276923117806e-7 	 -1.4103311799687249e-5 	 -1.4094537519154721e-5 	 5.689254113753283e-6 	 5.689238964548872e-6 	 -3.9268363865722944e-7 	 -3.92678673839238e-7 	 -2.0003533791051233e-7 	 -2.0003799568275156e-7 	 2.6907856557938603e-9 	 2.6999561119945468e-9 	 -1.4112502845943066e-8 	 -1.4112487726199814e-8 	 -9.47606609521865e-9 	 -9.477056778984061e-9 	 1.0990099605749904e-7 	 1.0990161310514208e-7 	 1.3238704938893543e-8 	 1.3238758596190902e-8 	 
6.4836674498489995 	 0.665538961104827 	 0.6650844383580264 	 3.0364158450918764e-6 	 0.00046918530476521713 	 -8.805869015609753e-9 	 -1.0136068839059074e-8 	 -1.721378294229536e-7 	 2.3239460469800298e-7 	 -1.4055760580164727e-5 	 -1.4046249071090715e-5 	 5.6710105891980835e-6 	 5.6709949477570145e-6 	 -3.9236617025755433e-7 	 -3.923610195630644e-7 	 -1.9997543347478378e-7 	 -1.9997820245826604e-7 	 2.6904944761984222e-9 	 2.699968358842507e-9 	 -1.4112091007208656e-8 	 -1.4112075259889607e-8 	 -9.475777602125555e-9 	 -9.476803354156442e-9 	 1.0985222903376819e-7 	 1.0985286804738916e-7 	 1.3238712348654604e-8 	 1.3238767912856786e-8 	 
6.597932090444882 	 0.6491284348873019 	 0.6486818181798695 	 3.0265129642235525e-6 	 0.0004612238941173548 	 -8.805970223309986e-9 	 -1.013608380692745e-8 	 -1.7445973650128004e-7 	 2.3552893179214792e-7 	 -1.4005211934465551e-5 	 -1.399602403839697e-5 	 5.6525199944649e-6 	 5.652503845495591e-6 	 -3.9204423089835976e-7 	 -3.920388868112968e-7 	 -1.999134466230004e-7 	 -1.9991633194158658e-7 	 2.6901940520700284e-9 	 2.6999809955704957e-9 	 -1.411166464608577e-8 	 -1.411164824242665e-8 	 -9.475478935306551e-9 	 -9.476540991909137e-9 	 1.0980261853048859e-7 	 1.0980328029207655e-7 	 1.3238720017479222e-8 	 1.323877755631943e-8 	 
6.714210469128275 	 0.6329914645037809 	 0.6325526381707146 	 3.016477026813974e-6 	 0.0004533745411220404 	 -8.806074774457657e-9 	 -1.0136099296113613e-8 	 -1.767944214016942e-7 	 2.3868111907544374e-7 	 -1.3953096828417173e-5 	 -1.3943144913852982e-5 	 5.633780968568147e-6 	 5.633764296531324e-6 	 -3.917177855078255e-7 	 -3.91712239785996e-7 	 -1.9984930674165003e-7 	 -1.9985231378632867e-7 	 2.6898841090950025e-9 	 2.6999940337919116e-9 	 -1.411122325279039e-8 	 -1.4111206162121776e-8 	 -9.475169737329481e-9 	 -9.476269378469319e-9 	 1.0975215330656203e-7 	 1.0975283862598268e-7 	 1.3238727954352494e-8 	 1.3238787537968562e-8 	 
6.832538074927663 	 0.6171259319683705 	 0.6166947824994568 	 3.006307350812905e-6 	 0.00044563645087072044 	 -8.806182774919644e-9 	 -1.0136115324585293e-8 	 -1.7914140263555688e-7 	 2.4184711759214483e-7 	 -1.3899298592256782e-5 	 -1.3889081644922435e-5 	 5.61479223856931e-6 	 5.614775027241165e-6 	 -3.9138679955908245e-7 	 -3.9138104431128204e-7 	 -1.997829409811436e-7 	 -1.9978607539333414e-7 	 2.689564365697025e-9 	 2.7000074854617412e-9 	 -1.411076629967589e-8 	 -1.4110748491873522e-8 	 -9.474849639885856e-9 	 -9.475988188829814e-9 	 1.097008219911908e-7 	 1.0970153170716768e-7 	 1.3238736168566428e-8 	 1.3238797869577373e-8 	 
6.952951022310933 	 0.601529872242202 	 0.6011062895136766 	 2.9960033011094716e-6 	 0.0004380087941642813 	 -8.806294333781557e-9 	 -1.0136131910919424e-8 	 -1.8149769504378047e-7 	 2.4502918070019826e-7 	 -1.384494737183531e-5 	 -1.3835263760384336e-5 	 5.59555261914689e-6 	 5.595534852159492e-6 	 -3.910512407751852e-7 	 -3.910452680996422e-7 	 -1.9971427422309262e-7 	 -1.9971754191452894e-7 	 2.6892345329662626e-9 	 2.700021362809292e-9 	 -1.4110293244846415e-8 	 -1.4110274689510654e-8 	 -9.474518264156213e-9 	 -9.475697089493912e-9 	 1.0964861292792375e-7 	 1.0964934790902444e-7 	 1.3238744669723876e-8 	 1.3238808563326417e-8 	 
7.075486062207781 	 0.5862021443162212 	 0.5857860204576538 	 2.9855642928654664e-6 	 0.0004304907035082076 	 -8.806409563247966e-9 	 -1.0136149074323409e-8 	 -1.83862882384573e-7 	 2.4822463079522846e-7 	 -1.3791713448072265e-5 	 -1.3781401985976294e-5 	 5.576061018544388e-6 	 5.576042678923727e-6 	 -3.907110777695695e-7 	 -3.907048787291395e-7 	 -1.9964322891807584e-7 	 -1.9964663613629559e-7 	 2.6888943144111745e-9 	 2.700035678435727e-9 	 -1.4109803527706215e-8 	 -1.410978419123606e-8 	 -9.474175216271672e-9 	 -9.475395735463062e-9 	 1.0959551455509757e-7 	 1.0959627570075215e-7 	 1.3238753467759197e-8 	 1.3238819631824149e-8 	 
7.20018059322636 	 0.5711436076457584 	 0.570734837069487 	 2.974989790807051e-6 	 0.0004230812820281575 	 -8.806528578946691e-9 	 -1.0136166834656035e-8 	 -1.8623942509449337e-7 	 2.514312526530893e-7 	 -1.373934263384565e-5 	 -1.372912939581711e-5 	 5.556316438278954e-6 	 5.556297508507678e-6 	 -3.9036627893762727e-7 	 -3.903598439136978e-7 	 -1.9956972505016414e-7 	 -1.9957327837576146e-7 	 2.6885434058959947e-9 	 2.700050445233847e-9 	 -1.4109296565427468e-8 	 -1.4109276411661605e-8 	 -9.473820087341362e-9 	 -9.475083767861322e-9 	 1.095415151701049e-7 	 1.0954230341169293e-7 	 1.3238762572951499e-8 	 1.3238831088109255e-8 	 
7.327072673067628 	 0.5563544491094123 	 0.5559529258430477 	 2.964279311420229e-6 	 0.00041577959992213136 	 -8.806651499713103e-9 	 -1.0136185212448903e-8 	 -1.886226718107702e-7 	 2.5464852148058236e-7 	 -1.3687517471253586e-5 	 -1.3677450958094172e-5 	 5.536317975793528e-6 	 5.536298437955195e-6 	 -3.90016813807447e-7 	 -3.9001013405220433e-7 	 -1.9949368014587438e-7 	 -1.9949738645799553e-7 	 2.6881814954270426e-9 	 2.7000656764480637e-9 	 -1.4108771755738994e-8 	 -1.4108750749808827e-8 	 -9.473452457874077e-9 	 -9.474760815932224e-9 	 1.0948660285148321e-7 	 1.0948741915349483e-7 	 1.3238771995925605e-8 	 1.3238842945662679e-8 	 
7.456201030140828 	 0.5418358047448708 	 0.54144142273261 	 2.953432421392969e-6 	 0.00040858470246287804 	 -8.806778448030998e-9 	 -1.013620422892978e-8 	 -1.9101263217285256e-7 	 2.578767876784157e-7 	 -1.36358603649487e-5 	 -1.36257046225893e-5 	 5.516064822654299e-6 	 5.516044658346628e-6 	 -3.8966265454386276e-7 	 -3.896557203308294e-7 	 -1.9941500917695103e-7 	 -1.9941887572815112e-7 	 2.687808263014495e-9 	 2.7000813856687113e-9 	 -1.4108228480228543e-8 	 -1.4108206583850929e-8 	 -9.47307189377054e-9 	 -9.47442649967492e-9 	 1.0943076570723356e-7 	 1.0943161106849736e-7 	 1.32387817476717e-8 	 1.3238855218433118e-8 	 
7.587605075383698 	 0.5275889777430636 	 0.5272016308082714 	 2.9424487386798007e-6 	 0.0004014956090721097 	 -8.806909549834146e-9 	 -1.0136223906043331e-8 	 -1.9340935788025486e-7 	 2.6111255821997996e-7 	 -1.358388443439676e-5 	 -1.357327071555457e-5 	 5.495556266021549e-6 	 5.495535456382305e-6 	 -3.893037730045843e-7 	 -3.8929657367091863e-7 	 -1.9933362442341278e-7 	 -1.9933765886544542e-7 	 2.6874233805155866e-9 	 2.7000975868311195e-9 	 -1.4107666096480526e-8 	 -1.410764326920988e-8 	 -9.472677944220943e-9 	 -9.474080423591613e-9 	 1.0937399173839388e-7 	 1.0937486719331657e-7 	 1.3238791839552612e-8 	 1.3238867920849537e-8 	 
7.721324914290984 	 0.5136164642189386 	 0.5132360467408242 	 2.9313279299779683e-6 	 0.00039451131926309654 	 -8.80704493476002e-9 	 -1.0136244266477603e-8 	 -1.9581193761907705e-7 	 2.6435475246279163e-7 	 -1.353097949434657e-5 	 -1.3520313247429322e-5 	 5.4747916844510455e-6 	 5.474770209907432e-6 	 -3.8894014124281695e-7 	 -3.889326660036827e-7 	 -1.992494354976269e-7 	 -1.9925364585029606e-7 	 2.6870265114767324e-9 	 2.7001142942302637e-9 	 -1.410708394001353e-8 	 -1.4107060140243948e-8 	 -9.472270143776432e-9 	 -9.4737221778164e-9 	 1.0931626874278546e-7 	 1.0931717536256616e-7 	 1.3238802283315967e-8 	 1.3238881067834831e-8 	 
7.857401359154923 	 0.4999197996569583 	 0.49954620767509506 	 2.9200697104541073e-6 	 0.00038763081430703974 	 -8.807184736143612e-9 	 -1.0136265333685439e-8 	 -1.9821834668399313e-7 	 2.676037911112681e-7 	 -1.3477703775858894e-5 	 -1.3466916937175835e-5 	 5.453770546357439e-6 	 5.4537483870436335e-6 	 -3.885717326726145e-7 	 -3.885639705701563e-7 	 -1.9916234926121598e-7 	 -1.9916674395397869e-7 	 2.686617310967604e-9 	 2.7001315225256645e-9 	 -1.4106481324940776e-8 	 -1.410645650956559e-8 	 -9.47184801263383e-9 	 -9.473351340017945e-9 	 1.0925758456723974e-7 	 1.0925852346116667e-7 	 1.3238813091110709e-8 	 1.3238894674827727e-8 	 
7.995875941521473 	 0.4865017168473196 	 0.48613484705043464 	 2.9086738405485734e-6 	 0.00038085306175513807 	 -8.8073290911732e-9 	 -1.013628713191266e-8 	 -2.0062848053108848e-7 	 2.7085896114753304e-7 	 -1.3423918019982257e-5 	 -1.341283622881099e-5 	 5.432492405350799e-6 	 5.432469540713203e-6 	 -3.881985211664444e-7 	 -3.881904599592253e-7 	 -1.990722697062749e-7 	 -1.9907685763259614e-7 	 2.6861954254243026e-9 	 2.700149286753207e-9 	 -1.4105857541106066e-8 	 -1.4105831663020293e-8 	 -9.471411052629988e-9 	 -9.472967473514177e-9 	 1.0919792689408387e-7 	 1.0919889921092425e-7 	 1.323882427550843e-8 	 1.323890875780394e-8 	 
8.136790924866046 	 0.4733641638584645 	 0.4730039146177664 	 2.89714012425917e-6 	 0.0003741770181560121 	 -8.807478141043843e-9 	 -1.0136309686222442e-8 	 -2.0304238401815998e-7 	 2.741171451995878e-7 	 -1.336975953355417e-5 	 -1.3358568984310864e-5 	 5.410956895977941e-6 	 5.410933304815516e-6 	 -3.8782048000989364e-7 	 -3.878121074539521e-7 	 -1.989790979477276e-7 	 -1.989838884360608e-7 	 2.6857604924929474e-9 	 2.700167602324719e-9 	 -1.4105211851888473e-8 	 -1.4105184863547536e-8 	 -9.470958749354095e-9 	 -9.472570125182083e-9 	 1.0913728329784366e-7 	 1.0913829022724453e-7 	 1.323883584950893e-8 	 1.3238923333280402e-8 	 
8.280189317492631 	 0.46050856342557167 	 0.4601548345678892 	 2.885468405611976e-6 	 0.00036760163220718803 	 -8.807632030814687e-9 	 -1.0136333022523985e-8 	 -2.054583090645785e-7 	 2.773792853179438e-7 	 -1.3315552089352032e-5 	 -1.3304197932896725e-5 	 5.389163727697787e-6 	 5.389139388568517e-6 	 -3.8743758365297516e-7 	 -3.8742888692098385e-7 	 -1.98882732165149e-7 	 -1.988877350353535e-7 	 2.68531214087525e-9 	 2.700186485032551e-9 	 -1.410454349944972e-8 	 -1.4104515351273903e-8 	 -9.470490571662886e-9 	 -9.47215882852802e-9 	 1.0907564135683629e-7 	 1.0907668413073945e-7 	 1.323884782654062e-8 	 1.3238938418337524e-8 	 
8.426114885660258 	 0.44793686794277865 	 0.44758956041808545 	 2.8736585656841634e-6 	 0.0003611258491459032 	 -8.807790909884851e-9 	 -1.0136357167599053e-8 	 -2.0787598853827828e-7 	 2.806433794970176e-7 	 -1.3261297409233455e-5 	 -1.3249787674756286e-5 	 5.367112679167156e-6 	 5.367087569731484e-6 	 -3.870498068535941e-7 	 -3.870407726417661e-7 	 -1.9878306752761528e-7 	 -1.9878829311042673e-7 	 2.684849990154108e-9 	 2.7002059510712536e-9 	 -1.4103851701889243e-8 	 -1.4103822341340427e-8 	 -9.470005971061009e-9 	 -9.47173310164894e-9 	 1.0901298846824653e-7 	 1.0901406836232492e-7 	 1.3238860220499819e-8 	 1.323895403065173e-8 	 
8.574612166940781 	 0.43564951319434037 	 0.435308529270262 	 2.861710519143319e-6 	 0.0003547486125181156 	 -8.807954931682305e-9 	 -1.0136382149131114e-8 	 -2.1029440311118956e-7 	 2.8390968473977467e-7 	 -1.3207100010503237e-5 	 -1.3195496007613024e-5 	 5.344803591760086e-6 	 5.34477768921296e-6 	 -3.8665712433429997e-7 	 -3.866477384332516e-7 	 -1.986799960940047e-7 	 -1.9868545529020843e-7 	 2.684373650649585e-9 	 2.7002260170329817e-9 	 -1.4103135649991283e-8 	 -1.4103105019692883e-8 	 -9.469504379554599e-9 	 -9.471292446325065e-9 	 1.089493120093055e-7 	 1.089504303444467e-7 	 1.3238873045751111e-8 	 1.323897018849673e-8 	 
8.725726483812073 	 0.42364653149900755 	 0.4233117745378716 	 2.8496242104401164e-6 	 0.00034846886873400156 	 -8.808124254151222e-9 	 -1.0136407995735866e-8 	 -2.1271403671017662e-7 	 2.871761411558202e-7 	 -1.3153025349309055e-5 	 -1.3141296034378775e-5 	 5.322236362458591e-6 	 5.322209643407482e-6 	 -3.862595098081132e-7 	 -3.8624975603994636e-7 	 -1.9857340671459178e-7 	 -1.9857911104867385e-7 	 2.683882723262555e-9 	 2.7002466999143387e-9 	 -1.4102394503814955e-8 	 -1.4102362539490909e-8 	 -9.468985206587822e-9 	 -9.470836345956302e-9 	 1.0888459926709924e-7 	 1.088857574109894e-7 	 1.3238886317146745e-8 	 1.3238986910775843e-8 	 
8.879503957490801 	 0.41192755731931097 	 0.4115989317680465 	 2.8373996110183015e-6 	 0.00034228556761530025 	 -8.808299039516763e-9 	 -1.0136434736989565e-8 	 -2.1513359706785535e-7 	 2.904441516688235e-7 	 -1.3099080166657986e-5 	 -1.308721825923067e-5 	 5.299410938696304e-6 	 5.2993833791121366e-6 	 -3.8585693490843414e-7 	 -3.8584679776977254e-7 	 -1.9846318510441434e-7 	 -1.9846914661663276e-7 	 2.6833767993044107e-9 	 2.7002680171390065e-9 	 -1.4101627390642043e-8 	 -1.4101594030367912e-8 	 -9.46844784485536e-9 	 -9.470364263323445e-9 	 1.0881883741533524e-7 	 1.0882003678418584e-7 	 1.3238900050049845e-8 	 1.3239004217041363e-8 	 
9.035991522008938 	 0.4004902681139531 	 0.40016767942931103 	 2.825036715214681e-6 	 0.00033619766750190737 	 -8.808479454688691e-9 	 -1.013646240346354e-8 	 -2.1755391600292163e-7 	 2.9371061889986167e-7 	 -1.304525177071692e-5 	 -1.3033239844657351e-5 	 5.276327310584013e-6 	 5.276298885825002e-6 	 -3.8544937303669813e-7 	 -3.854388369240767e-7 	 -1.983492138182135e-7 	 -1.983554451248142e-7 	 2.6828554603732723e-9 	 2.7002899865400265e-9 	 -1.4100833417251763e-8 	 -1.4100798598804559e-8 	 -9.467891670499002e-9 	 -9.469875648847937e-9 	 1.0875201360125228e-7 	 1.0875325566164395e-7 	 1.3238914260346839e-8 	 1.3239022127505864e-8 	 
9.195236938538413 	 0.3893322049440273 	 0.3890155595623314 	 2.8125355387967346e-6 	 0.0003302041347846629 	 -8.80866567114002e-9 	 -1.0136491026754574e-8 	 -2.1997309026899672e-7 	 2.9697700474256487e-7 	 -1.2991507250132936e-5 	 -1.2979343380421872e-5 	 5.252985508426047e-6 	 5.252956193157974e-6 	 -3.8503679705317476e-7 	 -3.850258442412461e-7 	 -1.9823137202913798e-7 	 -1.9823788646936948e-7 	 2.682318278189715e-9 	 2.7003126263768663e-9 	 -1.4100011662850038e-8 	 -1.409997531809613e-8 	 -9.467316035623631e-9 	 -9.469369935474464e-9 	 1.0868411483522344e-7 	 1.0868540110594694e-7 	 1.3238928964447293e-8 	 1.3239040663065593e-8 	 
9.357288809968146 	 0.37844924248873363 	 0.378138447801068 	 2.7998961154080904e-6 	 0.0003243039474643353 	 -8.808857865125492e-9 	 -1.013652063952096e-8 	 -2.2239136350578348e-7 	 3.0024223282681246e-7 	 -1.293781472602876e-5 	 -1.292549263099068e-5 	 5.229385595753974e-6 	 5.229355364064639e-6 	 -3.8461917684328275e-7 	 -3.8460779001229847e-7 	 -1.9810953557848457e-7 	 -1.9811634711186204e-7 	 2.6817648144400497e-9 	 2.7003359553607335e-9 	 -1.40991611709724e-8 	 -1.4099123231616839e-8 	 -9.466720272403117e-9 	 -9.468846533164487e-9 	 1.0861512808504205e-7 	 1.0861646013883537e-7 	 1.3238944179317956e-8 	 1.3239059845350014e-8 	 
9.522196595738032 	 0.3678363503851315 	 0.3675313146672946 	 2.7871184969976262e-6 	 0.00031849609532495825 	 -8.809056217843144e-9 	 -1.0136551275514254e-8 	 -2.24808575569262e-7 	 3.035064270212535e-7 	 -1.2884121542749544e-5 	 -1.2871615570615222e-5 	 5.205527670376666e-6 	 5.205496495572919e-6 	 -3.841964835511595e-7 	 -3.8418464420869235e-7 	 -1.9798357692727712e-7 	 -1.9799070024810742e-7 	 2.681194620658767e-9 	 2.7003599926270695e-9 	 -1.4098280957908362e-8 	 -1.4098241351581202e-8 	 -9.466103692334625e-9 	 -9.468304837477238e-9 	 1.085450402080188e-7 	 1.0854641967331748e-7 	 1.3238959922505754e-8 	 1.3239079696720863e-8 	 
9.690010626934324 	 0.35748731720902677 	 0.357187949660941 	 2.7742027515819425e-6 	 0.0003127795811633883 	 -8.80926091533733e-9 	 -1.0136582969618698e-8 	 -2.2722522008090557e-7 	 3.0676830945550864e-7 	 -1.283038612496639e-5 	 -1.2817679550755615e-5 	 5.1814118600030894e-6 	 5.181379714836253e-6 	 -3.837686853311268e-7 	 -3.837563724312187e-7 	 -1.9785336495189572e-7 	 -1.9786081558988088e-7 	 2.6806072380713176e-9 	 2.7003847577710314e-9 	 -1.409737000398085e-8 	 -1.4097328650560713e-8 	 -9.46546557798421e-9 	 -9.467744220885917e-9 	 1.0847383798067569e-7 	 1.0847526654357758e-7 	 1.3238976212145964e-8 	 1.3239100240298179e-8 	 
9.860782121651058 	 0.3473951160453847 	 0.34710132671747285 	 2.761148966196357e-6 	 0.0003071534213135812 	 -8.809472148973724e-9 	 -1.0136615757886645e-8 	 -2.2963931281030682e-7 	 3.1002806568662264e-7 	 -1.2776543430629654e-5 	 -1.2763619342971273e-5 	 5.157038328102585e-6 	 5.157005184554762e-6 	 -3.8333574808625927e-7 	 -3.833229413780308e-7 	 -1.9771876516598997e-7 	 -1.9772655933863255e-7 	 2.680002197451222e-9 	 2.700410270849175e-9 	 -1.4096427253550776e-8 	 -1.4096384073866197e-8 	 -9.464805193536794e-9 	 -9.467164032933959e-9 	 1.0840150808991702e-7 	 1.0840298749627302e-7 	 1.3238993066993305e-8 	 1.3239121500008602e-8 	 
10.03456320062219 	 0.33755161114974297 	 0.33726331092781064 	 2.7479572465972615e-6 	 0.00030161664530703745 	 -8.809690115069875e-9 	 -1.013664967757724e-8 	 -2.3205174621231918e-7 	 3.1328555565553663e-7 	 -1.2722526685556734e-5 	 -1.2709366425912795e-5 	 5.132407272932128e-6 	 5.132373102312033e-6 	 -3.8289763797365275e-7 	 -3.8288431533187554e-7 	 -1.975796395090017e-7 	 -1.9758779430019843e-7 	 2.6793790190262505e-9 	 2.700436552361793e-9 	 -1.4095451621127531e-8 	 -1.4095406530803273e-8 	 -9.464121777694623e-9 	 -9.466563605546696e-9 	 1.0832803711652968e-7 	 1.0832956917408567e-7 	 1.3239010506441793e-8 	 1.3239143500571929e-8 	 
10.211406903129243 	 0.32794798880597026 	 0.3276650893928378 	 2.7346277228912367e-6 	 0.0002961682953368166 	 -8.80991501556251e-9 	 -1.0136684767194022e-8 	 -2.3446135153868606e-7 	 3.165391461852099e-7 	 -1.2668265178008226e-5 	 -1.2654851200808666e-5 	 5.107518938205545e-6 	 5.1074837110770035e-6 	 -3.824543194021373e-7 	 -3.8244045865110517e-7 	 -1.97435846427663e-7 	 -1.9744437974572577e-7 	 2.6787372123004426e-9 	 2.700463623293732e-9 	 -1.4094441985041619e-8 	 -1.40943948987778e-8 	 -9.46341454750228e-9 	 -9.465942248493204e-9 	 1.0825341155072884e-7 	 1.0825499813142344e-7 	 1.3239028550530294e-8 	 1.3239166267550418e-8 	 
10.391367203189287 	 0.31857499766652164 	 0.31829741156608815 	 2.7211605516782413e-6 	 0.0002908074256274976 	 -8.810147057603e-9 	 -1.0136721066524972e-8 	 -2.368680229045817e-7 	 3.1978887546532467e-7 	 -1.2613691640514373e-5 	 -1.2599997466613022e-5 	 5.082373617200786e-6 	 5.08233730341758e-6 	 -3.8200575566214696e-7 	 -3.8199133211937226e-7 	 -1.972872406815236e-7 	 -1.9729617141061042e-7 	 2.6780762759721e-9 	 2.700491505093864e-9 	 -1.4093397188958102e-8 	 -1.4093348013718517e-8 	 -9.462682690077255e-9 	 -9.465299249979082e-9 	 1.081776177648328e-7 	 1.0817926080714475e-7 	 1.3239047219976978e-8 	 1.3239189827392175e-8 	 
10.574499026028219 	 0.30942306191017144 	 0.3091507023966156 	 2.7075559241574515e-6 	 0.0002855331011282189 	 -8.810386454105586e-9 	 -1.0136758616687236e-8 	 -2.3927118815074107e-7 	 3.230332039103647e-7 	 -1.2558723382449448e-5 	 -1.2544723431206139e-5 	 5.056971667796531e-6 	 5.056934236427396e-6 	 -3.8155190822313687e-7 	 -3.8153689684635964e-7 	 -1.9713367347317505e-7 	 -1.971430214262476e-7 	 2.6773956977862134e-9 	 2.7005202196906835e-9 	 -1.409231603676504e-8 	 -1.409226467572649e-8 	 -9.461925368834116e-9 	 -9.464633873874706e-9 	 1.0810064202606056e-7 	 1.0810234353727697e-7 	 1.3239066536201634e-8 	 1.323921420743559e-8 	 
10.760858264844325 	 0.3004826737837534 	 0.3002154548904102 	 2.693814070525739e-6 	 0.000280344395248668 	 -8.810633423545591e-9 	 -1.0136797460167453e-8 	 -2.416696260287032e-7 	 3.2627196284905666e-7 	 -1.2503275216574916e-5 	 -1.2488949355325655e-5 	 5.031313520770602e-6 	 5.031274940181566e-6 	 -3.8109273700959806e-7 	 -3.810771089470464e-7 	 -1.9697499225809872e-7 	 -1.9698477835609527e-7 	 2.6766949544109366e-9 	 2.700549789519299e-9 	 -1.409119729367342e-8 	 -1.4091143639644282e-8 	 -9.461141713663482e-9 	 -9.463945359422905e-9 	 1.0802247047701438e-7 	 1.0802423253548646e-7 	 1.3239086521326342e-8 	 1.323923943594374e-8 	 
10.950501797867338 	 0.2917445365006674 	 0.2914823730040772 	 2.679935269859821e-6 	 0.0002752403893353808 	 -8.810888190346979e-9 	 -1.0136837640870056e-8 	 -2.440628080316779e-7 	 3.2950334232396096e-7 	 -1.2447266443767787e-5 	 -1.2432580902240138e-5 	 5.005399697997691e-6 	 5.005359935720424e-6 	 -3.806281986781084e-7 	 -3.806119268416635e-7 	 -1.9681104101682207e-7 	 -1.9682128707818934e-7 	 2.675973511358054e-9 	 2.7005802374742293e-9 	 -1.4090039679705577e-8 	 -1.4089983626925236e-8 	 -9.460330834012773e-9 	 -9.463232917577877e-9 	 1.0794308913760064e-7 	 1.0794491389519206e-7 	 1.3239107198236492e-8 	 1.3239265542150736e-8 	 
11.14348750571807 	 0.2831999853202583 	 0.2829427927190769 	 2.665919856054229e-6 	 0.0002702201693197301 	 -8.811150984797486e-9 	 -1.013687920415753e-8 	 -2.464495362185918e-7 	 3.3272608280968696e-7 	 -1.2390598781612182e-5 	 -1.2375526299512098e-5 	 4.979230823930368e-6 	 4.97918984672104e-6 	 -3.801582524542809e-7 	 -3.801413069182656e-7 	 -1.966416600823593e-7 	 -1.9665238907034247e-7 	 2.675230822828702e-9 	 2.7006115869717055e-9 	 -1.4088841883003376e-8 	 -1.4088783318751073e-8 	 -9.459491809844952e-9 	 -9.462495741874688e-9 	 1.0786248389603009e-7 	 1.0786437358079592e-7 	 1.3239128590578307e-8 	 1.3239292556264664e-8 	 
11.33987428907403 	 0.2748411599014082 	 0.2745888543791514 	 2.6517682282238354e-6 	 0.00026528282437962466 	 -8.811422043227144e-9 	 -1.0136922196904647e-8 	 -2.488286179477182e-7 	 3.3593876087710974e-7 	 -1.2333164955637381e-5 	 -1.2317668909898535e-5 	 4.9528076446417024e-6 	 4.95276541853593e-6 	 -3.796828542374863e-7 	 -3.7966520363329723e-7 	 -1.9646668613454537e-7 	 -1.9647792216197623e-7 	 2.6744663316132257e-9 	 2.7006438619260236e-9 	 -1.4087602545417459e-8 	 -1.4087541350501485e-8 	 -9.45862368962536e-9 	 -9.461732996048288e-9 	 1.077806405009736e-7 	 1.0778259741978339e-7 	 1.3239150722788851e-8 	 1.323932050950896e-8 	 
11.539722086646336 	 0.26666135302154215 	 0.2664138514547313 	 2.6374808571750212e-6 	 0.0002604274454156465 	 -8.811701608343206e-9 	 -1.013696666754359e-8 	 -2.5119877474742915e-7 	 3.3913912239116405e-7 	 -1.2274855380664521e-5 	 -1.2258903876249592e-5 	 4.926131040209684e-6 	 4.926087530301041e-6 	 -3.792019599995253e-7 	 -3.791835712664879e-7 	 -1.962859523275359e-7 	 -1.9629772067746626e-7 	 2.67367946898672e-9 	 2.70067708676237e-9 	 -1.4086320267823737e-8 	 -1.408625631834287e-8 	 -9.457725493724117e-9 	 -9.460943819128657e-9 	 1.0769754456106405e-7 	 1.076995711022138e-7 	 1.3239173620125868e-8 	 1.3239349434184095e-8 	 
11.743091893473444 	 0.25865510170691397 	 0.2584123215919864 	 2.6230582947612646e-6 	 0.0002556531211874303 	 -8.811989928906194e-9 	 -1.0137012666115361e-8 	 -2.5355864116886374e-7 	 3.423254825347071e-7 	 -1.2215531633302569e-5 	 -1.2199081000401873e-5 	 4.899202042012912e-6 	 4.899157212697174e-6 	 -3.7871552409595635e-7 	 -3.7869636181723094e-7 	 -1.9609928822864064e-7 	 -1.9611161544421003e-7 	 2.6728696545847242e-9 	 2.7007112864177914e-9 	 -1.4084993606792335e-8 	 -1.4084926770271486e-8 	 -9.456796209222675e-9 	 -9.460127322275748e-9 	 1.0761318153123517e-7 	 1.0761528016732441e-7 	 1.3239197308681097e-8 	 1.3239379363683696e-8 	 
11.950045779537328 	 0.2508183835598852 	 0.2505802429686394 	 2.608501177840909e-6 	 0.00025095893983315777 	 -8.812287260514878e-9 	 -1.0137060244322211e-8 	 -2.5590649497968536e-7 	 3.4549578302718173e-7 	 -1.215504039408051e-5 	 -1.2138020200757228e-5 	 4.872021840124897e-6 	 4.871975654873534e-6 	 -3.7822349857929525e-7 	 -3.7820352566439196e-7 	 -1.959065199062726e-7 	 -1.9591943379956774e-7 	 2.672036296311014e-9 	 2.7007464863505855e-9 	 -1.4083621070620516e-8 	 -1.4083551206728906e-8 	 -9.455834790676178e-9 	 -9.459282586355765e-9 	 1.0752753671702797e-7 	 1.0752971000808438e-7 	 1.3239221815433129e-8 	 1.323941033255224e-8 	 
12.160646908707667 	 0.24314871915699338 	 0.2429151366790846 	 2.5938102342983916e-6 	 0.0002463439834099231 	 -8.812593864903061e-9 	 -1.013710945558022e-8 	 -2.5824080659067506e-7 	 3.486477227298245e-7 	 -1.2093182874559682e-5 	 -1.2075523279550808e-5 	 4.8445917947177535e-6 	 4.844544216131788e-6 	 -3.777258360970339e-7 	 -3.7770501303866576e-7 	 -1.957074701020444e-7 	 -1.9572099979480435e-7 	 2.671178790205318e-9 	 2.7007827125584776e-9 	 -1.4082201121878244e-8 	 -1.4082128085505668e-8 	 -9.454840163242004e-9 	 -9.45840866659904e-9 	 1.0744059525794578e-7 	 1.0744284585442813e-7 	 1.323924716826933e-8 	 1.323944237649111e-8 	 
12.374959558019944 	 0.23564501774946664 	 0.23541591234984846 	 2.5789862841627447e-6 	 0.0002418073312595876 	 -8.81291001095735e-9 	 -1.013716035507666e-8 	 -2.605598371446156e-7 	 3.5177932907674716e-7 	 -1.202969579411268e-5 	 -1.2011312244298374e-5 	 4.816913437873269e-6 	 4.8168644277758595e-6 	 -3.7722248588285424e-7 	 -3.772007726921847e-7 	 -1.9550195821411456e-7 	 -1.9551613415904078e-7 	 2.6702965203803575e-9 	 2.7008199915539456e-9 	 -1.4080732175872852e-8 	 -1.4080655819865075e-8 	 -9.453811218986054e-9 	 -9.457504585777771e-9 	 1.0735234213523972e-7 	 1.0735467278122771e-7 	 1.3239273396012549e-8 	 1.3239475532382618e-8 	 
12.59304913729327 	 0.22830761949305212 	 0.22808291044057927 	 2.5640302410360385e-6 	 0.0002373480550203075 	 -8.81323597409626e-9 	 -1.0137212999822191e-8 	 -2.62862054715697e-7 	 3.5488831912096013e-7 	 -1.1964272653281123e-5 	 -1.1945073150258274e-5 	 4.788988476510854e-6 	 4.788937995776247e-6 	 -3.7671339898726183e-7 	 -3.766907524617733e-7 	 -1.9528980053381376e-7 	 -1.953046545778594e-7 	 2.6693888588772453e-9 	 2.7008583504032046e-9 	 -1.4079212607242297e-8 	 -1.4079132776158172e-8 	 -9.452746818100471e-9 	 -9.456569342986404e-9 	 1.0726276215501632e-7 	 1.0726517569179987e-7 	 1.32393005284311e-8 	 1.3239509838351052e-8 	 
12.814982209093962 	 0.22113795367355574 	 0.22091756041653704 	 2.548943108625214e-6 	 0.00023296522248638879 	 -8.813572036959007e-9 	 -1.0137267448716317e-8 	 -2.651460242224106e-7 	 3.5797232968411765e-7 	 -1.1896562205993527e-5 	 -1.1876408774684003e-5 	 4.760818785809515e-6 	 4.760766794431155e-6 	 -3.761985220414173e-7 	 -3.7617489462221656e-7 	 -1.950708101340014e-7 	 -1.9508637562454208e-7 	 2.6684551656045276e-9 	 2.7008978167076043e-9 	 -1.4077640733165077e-8 	 -1.407755725801328e-8 	 -9.451645778948217e-9 	 -9.455601902388927e-9 	 1.0717183995502957e-7 	 1.0717433932438415e-7 	 1.3239328596286623e-8 	 1.3239545333820342e-8 	 
13.040826509050902 	 0.21413828533787904 	 0.2139221275680434 	 2.5337259768629163e-6 	 0.00022865789423274127 	 -8.813918489207941e-9 	 -1.0137323762600646e-8 	 -2.6741013900868485e-7 	 3.610296953736035e-7 	 -1.182618829594372e-5 	 -1.1805004840449601e-5 	 4.732406401972411e-6 	 4.732352859009046e-6 	 -3.756777968007116e-7 	 -3.7565314036806653e-7 	 -1.948447972855344e-7 	 -1.9486110892083695e-7 	 2.667494788222856e-9 	 2.7009384186235106e-9 	 -1.4076014812622e-8 	 -1.4075927522850552e-8 	 -9.450506887364915e-9 	 -9.454601192828876e-9 	 1.0707955998942867e-7 	 1.070821482365564e-7 	 1.3239357631364856e-8 	 1.3239582059544408e-8 	 
13.270650966529 	 0.20731139719717392 	 0.20709939500798724 	 2.5183800137763672e-6 	 0.00022442512788467593 	 -8.814275627712864e-9 	 -1.0137382004327939e-8 	 -2.696530242556674e-7 	 3.6405885277580066e-7 	 -1.1752871405965976e-5 	 -1.173060604724542e-5 	 4.703753506967915e-6 	 4.70369837059251e-6 	 -3.751511650305882e-7 	 -3.7512542733141983e-7 	 -1.946115696162322e-7 	 -1.9462866357619518e-7 	 2.6665070620790083e-9 	 2.7009801848627755e-9 	 -1.4074333062057486e-8 	 -1.4074241781756333e-8 	 -9.449328893330763e-9 	 -9.453566116927338e-9 	 1.0698590653706025e-7 	 1.0698858681406534e-7 	 1.3239387666508562e-8 	 1.3239620057649719e-8 	 
13.504525725666925 	 0.20066004115790853 	 0.20045211576883878 	 2.5029064571438895e-6 	 0.00022026597532077903 	 -8.814643756968751e-9 	 -1.013744223882361e-8 	 -2.718738568494251e-7 	 3.670578096160689e-7 	 -1.1676618916962709e-5 	 -1.1653388076851689e-5 	 4.674862413046335e-6 	 4.674805640491013e-6 	 -3.746185628901257e-7 	 -3.745916907303814e-7 	 -1.943709323723045e-7 	 -1.9438884624955553e-7 	 2.6654913101291815e-9 	 2.701023144695318e-9 	 -1.4072593647459977e-8 	 -1.4072498192934797e-8 	 -9.448110512745687e-9 	 -9.452495542288184e-9 	 1.0689086368458209e-7 	 1.0689363925447016e-7 	 1.32394187356526e-8 	 1.3239659371680425e-8 	 
13.742522166785617 	 0.19418662772026365 	 0.19398270267405346 	 2.4873066031834193e-6 	 0.00021617948871956316 	 -8.815023188655192e-9 	 -1.0137504533156374e-8 	 -2.740715463253243e-7 	 3.7002528199262967e-7 	 -1.1598050089217452e-5 	 -1.157411357198622e-5 	 4.64573554162184e-6 	 4.645677089162626e-6 	 -3.740799236593429e-7 	 -3.740518582126319e-7 	 -1.9412268846751465e-7 	 -1.941414614955751e-7 	 2.6644468428994168e-9 	 2.7010673279454967e-9 	 -1.4070794679164516e-8 	 -1.4070694846932194e-8 	 -9.44685041640139e-9 	 -9.451388307691442e-9 	 1.0679441533420462e-7 	 1.067972895749968e-7 	 1.3239450873855003e-8 	 1.3239700046647904e-8 	 
13.984712928174115 	 0.18789267148238092 	 0.1876926737924665 	 2.4715817961619538e-6 	 0.00021216471669567116 	 -8.815414242598876e-9 	 -1.0137568956603537e-8 	 -2.7624501003247567e-7 	 3.729609741483551e-7 	 -1.1518291472756552e-5 	 -1.1494182963742497e-5 	 4.616375403797076e-6 	 4.61631522675633e-6 	 -3.7353517317509427e-7 	 -3.7350585271060834e-7 	 -1.9386663898540103e-7 	 -1.938863118774635e-7 	 2.663372958406104e-9 	 2.7011127650246535e-9 	 -1.4068934205293818e-8 	 -1.4068829785055174e-8 	 -9.445547236909516e-9 	 -9.450243212506374e-9 	 1.066965451851531e-7 	 1.0669952159393544e-7 	 1.3239484117358292e-8 	 1.3239742129071642e-8 	 
14.231171928259263 	 0.18177853368927976 	 0.18158239451004052 	 2.455733416984203e-6 	 0.00020822071247204011 	 -8.815817245926266e-9 	 -1.0137635580721513e-8 	 -2.7839439108851265e-7 	 3.758633025469713e-7 	 -1.1439042524657413e-5 	 -1.1415096304136805e-5 	 4.586784579101945e-6 	 4.586722631825947e-6 	 -3.72984233806518e-7 	 -3.729535929230913e-7 	 -1.9360258369592054e-7 	 -1.9362319848714264e-7 	 2.6622689421739985e-9 	 2.701159486900924e-9 	 -1.4067010225734923e-8 	 -1.406690100303647e-8 	 -9.444199575832798e-9 	 -9.449059024098577e-9 	 1.0659723673858251e-7 	 1.0660031893531931e-7 	 1.323951850359451e-8 	 1.3239785666998242e-8 	 
14.481974388166215 	 0.1758429842048593 	 0.17565063824436605 	 2.439762874440283e-6 	 0.00020434652830392792 	 -8.816232534218684e-9 	 -1.0137704479422085e-8 	 -2.805185843004584e-7 	 3.7873228586819403e-7 	 -1.1361622288012186e-5 	 -1.1338148849411789e-5 	 4.55696569918525e-6 	 4.556901934995836e-6 	 -3.72427016481777e-7 	 -3.7239498481049617e-7 	 -1.9333032103151005e-7 	 -1.9335192119785922e-7 	 2.66113406721027e-9 	 2.7012075251149017e-9 	 -1.4065020673982515e-8 	 -1.4064906422152061e-8 	 -9.442805984334208e-9 	 -9.447834469057938e-9 	 1.0649647328033991e-7 	 1.0649966501207445e-7 	 1.3239554071217041e-8 	 1.3239830710101143e-8 	 
14.73719685467645 	 0.17008308742919456 	 0.169894471143405 	 2.4236715976737334e-6 	 0.00020054122512802803 	 -8.816660450801497e-9 	 -1.0137775729042294e-8 	 -2.826177993156211e-7 	 3.815672261997486e-7 	 -1.1286637785828661e-5 	 -1.1263548831161675e-5 	 4.526921433611457e-6 	 4.526855804886251e-6 	 -3.7186342472709083e-7 	 -3.718299286981721e-7 	 -1.9304964872328164e-7 	 -1.9307227925569704e-7 	 2.659967594022015e-9 	 2.701256911785196e-9 	 -1.4062963425607222e-8 	 -1.4062843907905262e-8 	 -9.4413649742879e-9 	 -9.446568241821237e-9 	 1.0639423788103329e-7 	 1.0639754302643876e-7 	 1.3239590860154435e-8 	 1.323987730970786e-8 	 
14.996917223590433 	 0.16449418186692055 	 0.16430923152401916 	 2.407461032976767e-6 	 0.00019680386541419685 	 -8.817101347451128e-9 	 -1.0137849408429051e-8 	 -2.8469125632230794e-7 	 3.84367845816847e-7 	 -1.12136289618342e-5 	 -1.1190638938219335e-5 	 4.4966544840644915e-6 	 4.496586942168154e-6 	 -3.7129335643076997e-7 	 -3.712583168964033e-7 	 -1.9276036434012845e-7 	 -1.9278407169852563e-7 	 2.658768770651512e-9 	 2.7013076796026246e-9 	 -1.4060836308943005e-8 	 -1.406071127561942e-8 	 -9.439875018012118e-9 	 -9.445259003232557e-9 	 1.0629051337949235e-7 	 1.0629393595345591e-7 	 1.3239628911635103e-8 	 1.3239925518892823e-8 	 
15.261214763501995 	 0.15906993390298463 	 0.15888860722846673 	 2.391132643690143e-6 	 0.00019313352260562664 	 -8.817555584203804e-9 	 -1.0137925599010557e-8 	 -2.8673918304072454e-7 	 3.871335571877767e-7 	 -1.115328164465971e-5 	 -1.1129270815783057e-5 	 4.46616758396734e-6 	 4.466098079233851e-6 	 -3.707166986293221e-7 	 -3.7068003101304917e-7 	 -1.9246226581041593e-7 	 -1.9248709768903613e-7 	 2.657536832720059e-9 	 2.7013598618421325e-9 	 -1.4058637083118222e-8 	 -1.4058506268518795e-8 	 -9.43833454522382e-9 	 -9.443905372224322e-9 	 1.0618528237351295e-7 	 1.0618882653193057e-7 	 1.3239668268267037e-8 	 1.3239975392472852e-8 	 
15.530170139991698 	 0.15380276670166085 	 0.1536249705455802 	 2.374687915039103e-6 	 0.0001895292735525354 	 -8.818023529655357e-9 	 -1.0138004384887325e-8 	 -2.887607479091223e-7 	 3.8986390174347606e-7 	 -1.1078899351595291e-5 	 -1.1054350392030262e-5 	 4.435463507733919e-6 	 4.4353919894515765e-6 	 -3.701333253235481e-7 	 -3.700949389328224e-7 	 -1.9215515198833806e-7 	 -1.9218115719573304e-7 	 2.656271003513114e-9 	 2.701413492341704e-9 	 -1.4056363433630974e-8 	 -1.4056226563008698e-8 	 -9.436741935426489e-9 	 -9.442505926928063e-9 	 1.0607852720576272e-7 	 1.0608219725001469e-7 	 1.3239708974066451e-8 	 1.3240026987102062e-8 	 
15.803865440246554 	 0.14868413198636535 	 0.14850979456858265 	 2.3581283628791856e-6 	 0.00018599020622621913 	 -8.818505561176724e-9 	 -1.0138085852909808e-8 	 -2.907552965863556e-7 	 3.925580104786256e-7 	 -1.1003754801647188e-5 	 -1.0973070328163123e-5 	 4.404545086829724e-6 	 4.404471503287379e-6 	 -3.6954310247742413e-7 	 -3.695029044537687e-7 	 -1.9183882369690657e-7 	 -1.9186605187824228e-7 	 2.6549704940471676e-9 	 2.7014686055158345e-9 	 -1.4054012999530863e-8 	 -1.4053869798471558e-8 	 -9.435095538595368e-9 	 -9.441059212609403e-9 	 1.0597022995040786e-7 	 1.0597403033176366e-7 	 1.3239751074529645e-8 	 1.3240080361294466e-8 	 
16.08238419811368 	 0.14370518232457064 	 0.1435342429723497 	 2.3414555461019394e-6 	 0.0001825154122198347 	 -8.819002064620339e-9 	 -1.0138170092772375e-8 	 -2.9272210449379945e-7 	 3.952145169502264e-7 	 -1.0924105276156606e-5 	 -1.0899379738063658e-5 	 4.373415233177983e-6 	 4.3733395315784325e-6 	 -3.689458874635877e-7 	 -3.68903774522672e-7 	 -1.9151308391550125e-7 	 -1.9154158571181723e-7 	 2.6536345031541665e-9 	 2.701525236361058e-9 	 -1.4051583364560989e-8 	 -1.4051433533637585e-8 	 -9.433393650598218e-9 	 -9.439563739805664e-9 	 1.0586037239784098e-7 	 1.0586430772306793e-7 	 1.323979461658874e-8 	 1.3240135575489785e-8 	 
16.365811419595428 	 0.13885737633715994 	 0.13868977741256988 	 2.3246710820841424e-6 	 0.00017910399243383865 	 -8.819513435313769e-9 	 -1.013825719709776e-8 	 -2.946600271266264e-7 	 3.978320453810132e-7 	 -1.085030128253586e-5 	 -1.08250719281172e-5 	 4.342076967894188e-6 	 4.341999094410114e-6 	 -3.6834152136750577e-7 	 -3.682973847303678e-7 	 -1.911777388115558e-7 	 -1.912075655586166e-7 	 2.652262217591156e-9 	 2.701583420434315e-9 	 -1.404907202957216e-8 	 -1.4048915258200795e-8 	 -9.431634521948348e-9 	 -9.4380179715088e-9 	 1.0574893604152872e-7 	 1.0575301107846235e-7 	 1.3239839648722271e-8 	 1.3240192692185042e-8 	 
16.65423360879386 	 0.1341331107292219 	 0.1339687893171877 	 2.3077766623988657e-6 	 0.0001757550503120763 	 -8.820040076964815e-9 	 -1.0138347261533505e-8 	 -2.9656745836186863e-7 	 4.004086152791852e-7 	 -1.0776004617749816e-5 	 -1.075031972628536e-5 	 4.3105334505898e-6 	 4.31045335032252e-6 	 -3.6772983678239635e-7 	 -3.6768356089610095e-7 	 -1.908325989417297e-7 	 -1.908638023198314e-7 	 2.650852812128679e-9 	 2.7016431938681424e-9 	 -1.4046476443775493e-8 	 -1.404631241513913e-8 	 -9.429816363675568e-9 	 -9.43642033756623e-9 	 1.0563590205888836e-7 	 1.0564012174160624e-7 	 1.3239886220992001e-8 	 1.3240251775897973e-8 	 
16.947738794312446 	 0.1295262946030803 	 0.1293651889425149 	 2.29077406911764e-6 	 0.0001724676952799856 	 -8.820582403184436e-9 	 -1.0138440384850367e-8 	 -2.984427678761828e-7 	 4.029418887467554e-7 	 -1.0701362248663691e-5 	 -1.0675248015396893e-5 	 4.278788009902676e-6 	 4.278705626900451e-6 	 -3.6711065458001947e-7 	 -3.670621146074749e-7 	 -1.9047747991247747e-7 	 -1.905101118317807e-7 	 2.6494054496368103e-9 	 2.701704593366756e-9 	 -1.4043793996457335e-8 	 -1.4043622370859197e-8 	 -9.427937338563572e-9 	 -9.434769228264757e-9 	 1.0552125129691781e-7 	 1.0552562073140093e-7 	 1.3239934385086405e-8 	 1.3240312893295665e-8 	 
17.246416556123023 	 0.12503273005325238 	 0.12487477944465566 	 2.2736651866747516e-6 	 0.00016924103737946288 	 -8.821140836331826e-9 	 -1.0138536669033362e-8 	 -3.002841166008481e-7 	 4.054292759140742e-7 	 -1.0626478725363206e-5 	 -1.0599932772601171e-5 	 4.2468441656006266e-6 	 4.246759442793727e-6 	 -3.6648377896255985e-7 	 -3.6643284048508816e-7 	 -1.901122036697499e-7 	 -1.9014631575522902e-7 	 2.647919281207557e-9 	 2.7017676561943548e-9 	 -1.4041021991874603e-8 	 -1.4040842426015764e-8 	 -9.425995559754214e-9 	 -9.433062986465513e-9 	 1.0540496425513087e-7 	 1.0540948872546757e-7 	 1.3239984194375105e-8 	 1.3240376113215534e-8 	 
17.550358052906326 	 0.12065034946841119 	 0.12049549410389288 	 2.2564520113535532e-6 	 0.00016607418949999553 	 -8.82171580877682e-9 	 -1.0138636219395182e-8 	 -3.0208952507792814e-7 	 4.0786820047664746e-7 	 -1.055137113774579e-5 	 -1.052437099330169e-5 	 4.214705646286499e-6 	 4.214618525531e-6 	 -3.658490011068318e-7 	 -3.657955264456376e-7 	 -1.89736600184451e-7 	 -1.8977224307233126e-7 	 2.646393446205221e-9 	 2.701832420195352e-9 	 -1.4038157685971022e-8 	 -1.4037969844331855e-8 	 -9.423989112270363e-9 	 -9.431299919895773e-9 	 1.0528702107112225e-7 	 1.052917060455787e-7 	 1.324003570399088e-8 	 1.3240441506784016e-8 	 
17.859656049874243 	 0.11637915786634867 	 0.11622733869704772 	 2.239136652050046e-6 	 0.00016296626309921183 	 -8.822307762029553e-9 	 -1.013873914466942e-8 	 -3.0385693893197567e-7 	 4.1025589976311964e-7 	 -1.0475996397859854e-5 	 -1.0448486274940693e-5 	 4.182376390859299e-6 	 4.182286812914967e-6 	 -3.652061024955316e-7 	 -3.651499368484019e-7 	 -1.8935050808260292e-7 	 -1.8938773165330408e-7 	 2.6448270724149636e-9 	 2.7018989237693004e-9 	 -1.4035198289970107e-8 	 -1.4035001791450582e-8 	 -9.421916014556296e-9 	 -9.429478311051101e-9 	 1.0516740150560378e-7 	 1.0517225264279553e-7 	 1.3240088970787308e-8 	 1.3240509147482448e-8 	 
18.174404947082486 	 0.11222089311002847 	 0.11207205170228572 	 2.221721327182639e-6 	 0.00015991637073134663 	 -8.822917147613936e-9 	 -1.0138845557129338e-8 	 -3.0558459434454415e-7 	 4.125900362563197e-7 	 -1.0400235193198525e-5 	 -1.0372136382666536e-5 	 4.149860542695206e-6 	 4.149768447218708e-6 	 -3.6455483994658176e-7 	 -3.6449581909394494e-7 	 -1.8895377660836743e-7 	 -1.889926291406845e-7 	 2.6432192760837064e-9 	 2.701967205902236e-9 	 -1.4032140920488911e-8 	 -1.4031935366349843e-8 	 -9.419774239512585e-9 	 -9.42759638487271e-9 	 1.0504608492717697e-7 	 1.0505110808190405e-7 	 1.3240144053502192e-8 	 1.3240579111281695e-8 	 
18.49470080824217 	 0.10817849310450983 	 0.108032571498387 	 2.2042083511869253e-6 	 0.0001569236239271721 	 -8.823544426896293e-9 	 -1.0138955572687131e-8 	 -3.0727093100245736e-7 	 4.14868446365265e-7 	 -1.0323904126778098e-5 	 -1.0295101090363442e-5 	 4.1171624244983385e-6 	 4.11706775000298e-6 	 -3.638949550971224e-7 	 -3.638329068305323e-7 	 -1.885462678641972e-7 	 -1.8858679493572438e-7 	 2.6415691621335895e-9 	 2.702037306113584e-9 	 -1.4028982634622335e-8 	 -1.4028767632138446e-8 	 -9.417561730691802e-9 	 -9.425652330558922e-9 	 1.0492305029759366e-7 	 1.0492825152675007e-7 	 1.3240201012741309e-8 	 1.3240651476582986e-8 	 
18.8206413900392 	 0.10425529244831504 	 0.10411223499845067 	 2.186600119028375e-6 	 0.00015398712924466547 	 -8.82419007101871e-9 	 -1.0139069311018515e-8 	 -3.089147588437725e-7 	 4.170894395677593e-7 	 -1.0247513008396797e-5 	 -1.0218303347403436e-5 	 4.084286509300205e-6 	 4.084189193205638e-6 	 -3.6322617147624924e-7 	 -3.63160907873484e-7 	 -1.8812785820933264e-7 	 -1.8817010230222707e-7 	 2.639875824207907e-9 	 2.7021092645151533e-9 	 -1.4025720445132569e-8 	 -1.4025495578593681e-8 	 -9.415276377816233e-9 	 -9.423644309497294e-9 	 1.0479827615969269e-7 	 1.0480366172956125e-7 	 1.3240259911089112e-8 	 1.3240726324300726e-8 	 
19.15232617197028 	 0.10045419564398515 	 0.10031394542103403 	 2.1688990827357052e-6 	 0.00015110600242189474 	 -8.824854561868813e-9 	 -1.0139186895671633e-8 	 -3.105152175929056e-7 	 4.192519542173148e-7 	 -1.017031549084889e-5 	 -1.0140333472431544e-5 	 4.051237376692313e-6 	 4.05113735528424e-6 	 -3.62548185394322e-7 	 -3.62479501233829e-7 	 -1.876984405488475e-7 	 -1.8774243997356023e-7 	 2.6381383449575314e-9 	 2.702183121755455e-9 	 -1.4022351289519103e-8 	 -1.4022116124058315e-8 	 -9.412916019849455e-9 	 -9.421570436312367e-9 	 1.0467174061951088e-7 	 1.0467731701303033e-7 	 1.324032081308296e-8 	 1.3240803738068765e-8 	 
19.489856386704883 	 0.09677683172216248 	 0.09663933254967541 	 2.151107731470069e-6 	 0.00014827935476831268 	 -8.825538390671129e-9 	 -1.0139308454193381e-8 	 -3.120717903304545e-7 	 4.213554184703444e-7 	 -1.0092150420023338e-5 	 -1.0061229378935055e-5 	 4.018019675575988e-6 	 4.017916883999482e-6 	 -3.618606625573783e-7 	 -3.6178834407701693e-7 	 -1.8725792710819906e-7 	 -1.8730371435476685e-7 	 2.6363557961851746e-9 	 2.702258919050311e-9 	 -1.4018872036643938e-8 	 -1.4018626150935502e-8 	 -9.410478468616655e-9 	 -9.41942877985486e-9 	 1.0454342133100607e-7 	 1.0454919525511407e-7 	 1.3240383785398166e-8 	 1.324088380416081e-8 	 
19.83333505098216 	 0.093222902877569 	 0.09308809865558014 	 2.1332285696124962e-6 	 0.0001455062981564347 	 -8.826242059967013e-9 	 -1.0139434118260585e-8 	 -3.135844458262048e-7 	 4.2339958693696204e-7 	 -1.0012639235321763e-5 	 -9.980570454433434e-6 	 3.984638083286133e-6 	 3.9845324555547424e-6 	 -3.611632498750548e-7 	 -3.6108706524271073e-7 	 -1.868062513731608e-7 	 -1.868538525857062e-7 	 2.6345272392065805e-9 	 2.7023366981460634e-9 	 -1.401527953516282e-8 	 -1.4015022485853965e-8 	 -9.407961494243908e-9 	 -9.417217400962088e-9 	 1.0441329548101038e-7 	 1.0441927387399372e-7 	 1.324044889687221e-8 	 1.3240966611659761e-8 	 
20.182866997052432 	 0.08978977471943889 	 0.0896576090917323 	 2.1152641053946983e-6 	 0.00014278595273928166 	 -8.826966081984527e-9 	 -1.013956402380021e-8 	 -3.15053146975958e-7 	 4.2538452315362436e-7 	 -9.931259827694715e-6 	 -9.897755549242725e-6 	 3.951097284296489e-6 	 3.9509887532994195e-6 	 -3.6045555760549633e-7 	 -3.6037525007342196e-7 	 -1.8634336980736772e-7 	 -1.863928040485367e-7 	 2.6326517250961644e-9 	 2.7024165013385077e-9 	 -1.4011570562449217e-8 	 -1.4011301866139362e-8 	 -9.405362804300767e-9 	 -9.414934315739974e-9 	 1.0428133976393603e-7 	 1.0428752980262754e-7 	 1.3240516218476163e-8 	 1.3241052252529113e-8 	 
20.53855890467278 	 0.08647250853889005 	 0.08634292469522288 	 2.097216843697784e-6 	 0.0001401174401732167 	 -8.827710980322675e-9 	 -1.01396983111362e-8 	 -3.1647795497984504e-7 	 4.273102317407988e-7 	 -9.847360246312108e-6 	 -9.812116927569395e-6 	 3.917401956829125e-6 	 3.917290454308011e-6 	 -3.597371548867287e-7 	 -3.5965245511272625e-7 	 -1.8586926471184348e-7 	 -1.859205425565559e-7 	 2.6307282951377e-9 	 2.7024983714392236e-9 	 -1.4007741819299016e-8 	 -1.4007461007241242e-8 	 -9.40268008334183e-9 	 -9.412577493939159e-9 	 1.0414753037430624e-7 	 1.0415393948221286e-7 	 1.3240585823474866e-8 	 1.3241140821706607e-8 	 
20.900519333666473 	 0.08326421954908166 	 0.08313716060070359 	 2.079089293635535e-6 	 0.00013749988930840686 	 -8.82847728856577e-9 	 -1.0139837125109479e-8 	 -3.1785867851094254e-7 	 4.2917652574249715e-7 	 -9.760364890800475e-6 	 -9.723293306613111e-6 	 3.883556786990548e-6 	 3.883442243554861e-6 	 -3.590075841522458e-7 	 -3.5891819903023957e-7 	 -1.8538394595959727e-7 	 -1.8543706867638567e-7 	 2.6287559811549193e-9 	 2.702582351778633e-9 	 -1.4003789992864978e-8 	 -1.4003496582187654e-8 	 -9.399910982987646e-9 	 -9.410144892222733e-9 	 1.0401184296883703e-7 	 1.040184788238464e-7 	 1.3240657787367623e-8 	 1.3241232417219689e-8 	 
21.26885875705629 	 0.08015689517446849 	 0.0800323058194846 	 2.060883982382811e-6 	 0.00013493243350037583 	 -8.829265551859742e-9 	 -1.0139980615232656e-8 	 -3.1919482120898315e-7 	 4.3098268384211794e-7 	 -9.67035343634553e-6 	 -9.631937894049103e-6 	 3.84956649457694e-6 	 3.8494488397048955e-6 	 -3.582663400674745e-7 	 -3.5817194980256246e-7 	 -1.8488745170137775e-7 	 -1.849424107326014e-7 	 2.6267338059886003e-9 	 2.702668486177916e-9 	 -1.3999711698211082e-8 	 -1.3999405186250344e-8 	 -9.39705309889763e-9 	 -9.40763442580197e-9 	 1.0387425265279308e-7 	 1.038811231944649e-7 	 1.3240732188078934e-8 	 1.3241327140277685e-8 	 
21.64368959478166 	 0.07714237526249364 	 0.07702020469573101 	 2.042603480094847e-6 	 0.0001324142123845763 	 -8.830076325827128e-9 	 -1.0140128935817605e-8 	 -3.2048540559438656e-7 	 4.327274381009559e-7 	 -9.578805431215389e-6 	 -9.5402203220885e-6 	 3.81543587962082e-6 	 3.815315041655378e-6 	 -3.575128756225671e-7 	 -3.5741314397882666e-7 	 -1.8437984992012233e-7 	 -1.8443662594332444e-7 	 2.6246607838532154e-9 	 2.702756818955136e-9 	 -1.3995503514101637e-8 	 -1.399518342329325e-8 	 -9.394104019354789e-9 	 -9.405043984272873e-9 	 1.0373473395457647e-7 	 1.0374184739298752e-7 	 1.3240809106022482e-8 	 1.3241425095289072e-8 	 
22.025126248010096 	 0.07421352592713598 	 0.07409373000373999 	 2.0242504249422034e-6 	 0.00012994437003880364 	 -8.830910177111048e-9 	 -1.0140282246143348e-8 	 -3.2172895685094347e-7 	 4.3440880012667613e-7 	 -9.48856755405696e-6 	 -9.4511112571927e-6 	 3.781169869131552e-6 	 3.7810457752919354e-6 	 -3.567466099408479e-7 	 -3.566411648534902e-7 	 -1.838612377864071e-7 	 -1.8391980132306476e-7 	 2.6225359208139788e-9 	 2.7028473949072413e-9 	 -1.399116201807308e-8 	 -1.3990827835692761e-8 	 -9.391061285820706e-9 	 -9.402371456271674e-9 	 1.0359326079498599e-7 	 1.0360062562019275e-7 	 1.3240888624016466e-8 	 1.324152639003648e-8 	 
22.413285134053275 	 0.07136514966988675 	 0.07124768875726523 	 2.0058275501474724e-6 	 0.00012752205487452667 	 -8.83176768401664e-9 	 -1.0140440710601678e-8 	 -3.2292366633647796e-7 	 4.3602434373627724e-7 	 -9.402001874993524e-6 	 -9.365922647511202e-6 	 3.746773567604161e-6 	 3.7466461439803822e-6 	 -3.5596690208352387e-7 	 -3.558553470787656e-7 	 -1.8333174247316976e-7 	 -1.8339205227586273e-7 	 2.6203582151385034e-9 	 2.70294025928725e-9 	 -1.3986683701185987e-8 	 -1.3986334951857128e-8 	 -9.38792241771204e-9 	 -9.399614673955018e-9 	 1.034498064677466e-7 	 1.0345743145838538e-7 	 1.3240970827536303e-8 	 1.3241631135756355e-8 	 
22.808284721898477 	 0.06859469172776925 	 0.06847952599188795 	 1.9873377010269935e-6 	 0.00012514641821138504 	 -8.8326494351786e-9 	 -1.0140604498859529e-8 	 -3.24067488257149e-7 	 4.3757119836834405e-7 	 -9.319132764897343e-6 	 -9.283593691191929e-6 	 3.7122522888029844e-6 	 3.712121460354065e-6 	 -3.5517307094726055e-7 	 -3.550549778350924e-7 	 -1.827915229648416e-7 	 -1.8285352467289914e-7 	 2.6181266576852247e-9 	 2.70303545781215e-9 	 -1.3982065082441358e-8 	 -1.3981701297233455e-8 	 -9.38468491314076e-9 	 -9.396771477144491e-9 	 1.0330434361041784e-7 	 1.0331223784213788e-7 	 1.3241055804753425e-8 	 1.3241739447184991e-8 	 
23.21024556836616 	 0.06590226442064025 	 0.06578935074941597 	 1.968783842394656e-6 	 0.00012281661344894739 	 -8.83355603182757e-9 	 -1.0140773786021473e-8 	 -3.2515833866356645e-7 	 4.3904664141358665e-7 	 -9.23797118645467e-6 	 -9.202003270431873e-6 	 3.6776115696318714e-6 	 3.6774772601981697e-6 	 -3.5436437808380836e-7 	 -3.542392781482798e-7 	 -1.8224077685723308e-7 	 -1.8230439755254797e-7 	 2.6158402322297075e-9 	 2.7031330366388982e-9 	 -1.3977302648483523e-8 	 -1.3976923348806682e-8 	 -9.381346227802279e-9 	 -9.393839683283762e-9 	 1.031568441838891e-7 	 1.0316501703960643e-7 	 1.3241143646507431e-8 	 1.3241851442675349e-8 	 
23.619290354904884 	 0.06329024890114528 	 0.06317954173704164 	 1.950169049306176e-6 	 0.00012053179585864132 	 -8.834488085257304e-9 	 -1.0140948752789467e-8 	 -3.261944323903821e-7 	 4.404482938881447e-7 	 -9.156652848186823e-6 	 -9.119740572593338e-6 	 3.64285715280462e-6 	 3.6427192851024815e-6 	 -3.535400224503003e-7 	 -3.534074127789995e-7 	 -1.8167975853654256e-7 	 -1.8174489360355714e-7 	 2.6134979158405893e-9 	 2.7032330423664834e-9 	 -1.3972392877901693e-8 	 -1.3971997622232565e-8 	 -9.377903815361216e-9 	 -9.390817089677993e-9 	 1.0300727944468494e-7 	 1.0301574062443009e-7 	 1.3241234446452248e-8 	 1.324196724421018e-8 	 
24.035543925034524 	 0.06076220927672716 	 0.060653662861623756 	 1.9314964851517645e-6 	 0.00011829112125141925 	 -8.835446219188963e-9 	 -1.0141129585644943e-8 	 -3.271744867404672e-7 	 4.4177439379923606e-7 	 -9.074408510704806e-6 	 -9.036545654701586e-6 	 3.6079949459573583e-6 	 3.6078534415813676e-6 	 -3.526991404602589e-7 	 -3.5255846830135683e-7 	 -1.8110881383136484e-7 	 -1.811753033548772e-7 	 2.611098679245541e-9 	 2.703335522024424e-9 	 -1.396733227077282e-8 	 -1.3966920601029059e-8 	 -9.374355095803426e-9 	 -9.387701497451728e-9 	 1.0285561993110065e-7 	 1.0286437946106599e-7 	 1.3241328301197886e-8 	 1.3242086977652214e-8 	 
24.459133322449496 	 0.058321644929065095 	 0.058215214636790004 	 1.9127693682973903e-6 	 0.00011609374815105119 	 -8.836431068449926e-9 	 -1.0141316477011286e-8 	 -3.2809789622932244e-7 	 4.430240834614068e-7 	 -8.99131650945913e-6 	 -8.952646621265569e-6 	 3.573030959361465e-6 	 3.572885738796928e-6 	 -3.5184078708431975e-7 	 -3.516914528206394e-7 	 -1.805284435855796e-7 	 -1.8059603075288835e-7 	 2.608641487311859e-9 	 2.7034405230510985e-9 	 -1.3962117317301565e-8 	 -1.3961688828662475e-8 	 -9.370697502096753e-9 	 -9.384490696902406e-9 	 1.0270183543013604e-7 	 1.027109036729081e-7 	 1.3241425310167564e-8 	 1.3242210772915865e-8 	 
24.89018782979343 	 0.05597054193233403 	 0.05586618466389693 	 1.8939909363810148e-6 	 0.00011393883576747649 	 -8.837443280052057e-9 	 -1.014150962546446e-8 	 -3.2896458701302225e-7 	 4.4419729913494406e-7 	 -8.907731311018736e-6 	 -8.86839146215801e-6 	 3.5379712392429733e-6 	 3.5378222218746304e-6 	 -3.5096393325270406e-7 	 -3.5080527858274906e-7 	 -1.7993939473072707e-7 	 -1.8000766833472041e-7 	 2.6061252995539864e-9 	 2.7035480932969358e-9 	 -1.3956744551424965e-8 	 -1.3956298852277226e-8 	 -9.366928465392119e-9 	 -9.38118249360948e-9 	 1.0254589497098111e-7 	 1.0255528263648017e-7 	 1.3241525575797173e-8 	 1.3242338763957338e-8 	 
25.32883900811714 	 0.053708405712871075 	 0.05360607965791816 	 1.8751644155051804e-6 	 0.00011182554818553166 	 -8.838483511990198e-9 	 -1.0141709235887005e-8 	 -3.297749375242902e-7 	 4.452945864381796e-7 	 -8.823927236250136e-6 	 -8.783974286464894e-6 	 3.5028218102411836e-6 	 3.502668914360462e-6 	 -3.500674544807813e-7 	 -3.49898769514662e-7 	 -1.7934276562200487e-7 	 -1.7941109790696982e-7 	 2.603549070807837e-9 	 2.703658280983642e-9 	 -1.3951210529566872e-8 	 -1.3950747294991075e-8 	 -9.363045474050069e-9 	 -9.377774730186854e-9 	 1.0238776678311549e-7 	 1.0239748493765026e-7 	 1.3241629203739036e-8 	 1.3242471088780046e-8 	 
25.775220737032132 	 0.051531752426644796 	 0.05143141671031395 	 1.8562930036089346e-6 	 0.00010975305167627072 	 -8.839552434121319e-9 	 -1.0141915519694352e-8 	 -3.305295134162387e-7 	 4.4631664938932176e-7 	 -8.740015290407345e-6 	 -8.699400784483567e-6 	 3.467588644363654e-6 	 3.467431787186728e-6 	 -3.4915013781086564e-7 	 -3.489706577671602e-7 	 -1.7874006220943772e-7 	 -1.7880758547200805e-7 	 2.600911751944713e-9 	 2.7037711346888066e-9 	 -1.3945511906130164e-8 	 -1.3945030853827926e-8 	 -9.359046092135545e-9 	 -9.374265331727772e-9 	 1.0222741828832668e-7 	 1.0223747836471178e-7 	 1.3241736302726985e-8 	 1.3242607889690511e-8 	 
26.229469255571605 	 0.04943453662650402 	 0.04933615094449049 	 1.8373798728492552e-6 	 0.00010772051930676298 	 -8.840650729389782e-9 	 -1.0142128694997478e-8 	 -3.312286055627461e-7 	 4.472639225945916e-7 	 -8.655920063049717e-6 	 -8.614504240449868e-6 	 3.432277665437101e-6 	 3.432116763112215e-6 	 -3.482106894807156e-7 	 -3.4801962668899834e-7 	 -1.7813309614334222e-7 	 -1.7819878564505043e-7 	 2.598212290662495e-9 	 2.703886703331491e-9 	 -1.3939645391630284e-8 	 -1.393914629141435e-8 	 -9.354927995340805e-9 	 -9.370652329374606e-9 	 1.0206481606573398e-7 	 1.0207522987586373e-7 	 1.3241846984767134e-8 	 1.324274931328967e-8 	 
26.69172320377162 	 0.04740920174433651 	 0.04731272601388036 	 1.8184281918788065e-6 	 0.00010572712756357823 	 -8.841779090583528e-9 	 -1.0142348986835268e-8 	 -3.318719557858872e-7 	 4.481360958446837e-7 	 -8.57140074676437e-6 	 -8.528937406541742e-6 	 3.3968947906791675e-6 	 3.3967297583278206e-6 	 -3.4724779945684547e-7 	 -3.470443779160829e-7 	 -1.7752361553267406e-7 	 -1.7758653583460837e-7 	 2.59544963231257e-9 	 2.704005036127699e-9 	 -1.3933607811113499e-8 	 -1.3933090495734007e-8 	 -9.350689000954354e-9 	 -9.366933912364354e-9 	 1.0189992583609352e-7 	 1.0191070558203752e-7 	 1.3241961365113121e-8 	 1.3242895510650241e-8 	 
27.162123664985092 	 0.04544833839446678 	 0.04535373234349215 	 1.7994411625822817e-6 	 0.0001037720599798322 	 -8.842938224140411e-9 	 -1.0142576627363263e-8 	 -3.324586764197611e-7 	 4.489318855081201e-7 	 -8.48602420653878e-6 	 -8.442142141928664e-6 	 3.3614459993450925e-6 	 3.3612767510443968e-6 	 -3.4626020530098557e-7 	 -3.460437432407596e-7 	 -1.7691271131350304e-7 	 -1.7697237038511231e-7 	 2.592622720665387e-9 	 2.704126182587664e-9 	 -1.392739604959689e-8 	 -1.3926860462619754e-8 	 -9.346327028954084e-9 	 -9.363108389110519e-9 	 1.0173271241696157e-7 	 1.0174387070135505e-7 	 1.3242079562437685e-8 	 1.324304663755351e-8 	 
27.640814208941478 	 0.04354629795059989 	 0.04345352485556122 	 1.7804220609237632e-6 	 0.00010185450340806605 	 -8.844128847049594e-9 	 -1.0142811856075492e-8 	 -3.3298707415186575e-7 	 4.4964910008289236e-7 	 -8.399157389719234e-6 	 -8.357503187517344e-6 	 3.3259374089479048e-6 	 3.3257638577765578e-6 	 -3.452468530993777e-7 	 -3.4501683621287305e-7 	 -1.7630033626217582e-7 	 -1.7635691929581397e-7 	 2.589730498644599e-9 	 2.7042501924709496e-9 	 -1.39210071468132e-8 	 -1.392045331202226e-8 	 -9.341840032515681e-9 	 -9.359174191034769e-9 	 1.0156313971790395e-7 	 1.0157468955581878e-7 	 1.3242201698833404e-8 	 1.3243202854353102e-8 	 
28.12794093556528 	 0.04170042165257941 	 0.041609444226824464 	 1.7613742688743002e-6 	 9.997365027140455e-5 	 -8.845351689764405e-9 	 -1.0143054920037002e-8 	 -3.3345518257903253e-7 	 4.502849956881357e-7 	 -8.31529291687232e-6 	 -8.269175323733731e-6 	 3.290375334923707e-6 	 3.2901973929557963e-6 	 -3.4420700509299757e-7 	 -3.439631479051299e-7 	 -1.7568538248583238e-7 	 -1.7573962122249598e-7 	 2.5867719089447154e-9 	 2.7043771157852415e-9 	 -1.3914438202625417e-8 	 -1.3913866148851608e-8 	 -9.337225822895278e-9 	 -9.355129708835167e-9 	 1.0139117069860525e-7 	 1.0140312552940314e-7 	 1.3242327899968199e-8 	 1.3243364326198567e-8 	 
28.623652519566928 	 0.03991133737774317 	 0.03982211211314424 	 1.7423012858135086e-6 	 9.812869546294043e-5 	 -8.846607493114359e-9 	 -1.0143306074086643e-8 	 -3.3386096456493233e-7 	 4.5083687957112434e-7 	 -8.226607660234025e-6 	 -8.177974135358539e-6 	 3.254766311899165e-6 	 3.2545838902325545e-6 	 -3.431403604253529e-7 	 -3.4288264191548524e-7 	 -1.7506637302193362e-7 	 -1.7511909543320997e-7 	 2.583745894600196e-9 	 2.704507002769523e-9 	 -1.3907686355027411e-8 	 -1.3907096155891897e-8 	 -9.332482090026538e-9 	 -9.350973214793561e-9 	 1.0121676735326925e-7 	 1.0122914105191009e-7 	 1.324245829502661e-8 	 1.3243531223259542e-8 	 
29.128100255819334 	 0.038182184739541276 	 0.03809467004084413 	 1.7232067131774851e-6 	 9.631883796531573e-5 	 -8.847897011302124e-9 	 -1.0143565581089674e-8 	 -3.342029175735847e-7 	 4.5130271769941933e-7 	 -8.134687906848081e-6 	 -8.083443604408957e-6 	 3.2191170650428613e-6 	 3.218930073799004e-6 	 -3.42047056808296e-7 	 -3.4177567990536957e-7 	 -1.7444223329258391e-7 	 -1.744939545263471e-7 	 2.580651399559801e-9 	 2.70463990387123e-9 	 -1.3900748724016747e-8 	 -1.3900140423640437e-8 	 -9.327606312045117e-9 	 -9.346702804309385e-9 	 1.0103989070148076e-7 	 1.0105269759043736e-7 	 1.3242593016892316e-8 	 1.3243703720717937e-8 	 
29.64143810553424 	 0.03651698889469114 	 0.036431146508028145 	 1.704094214966214e-6 	 9.454327914915177e-5 	 -8.849221009547649e-9 	 -1.0143833712146924e-8 	 -3.344803937503316e-7 	 4.516816590481476e-7 	 -8.039835381707918e-6 	 -7.987841769388783e-6 	 3.18343443629239e-6 	 3.1832427846449458e-6 	 -3.409276218775973e-7 	 -3.4064294893724287e-7 	 -1.7381259261626049e-7 	 -1.7386342122889288e-7 	 2.577487369303492e-9 	 2.704775869745797e-9 	 -1.3893622390496152e-8 	 -1.3892995981288628e-8 	 -9.322595875104162e-9 	 -9.342316451532173e-9 	 1.0086050076263706e-7 	 1.0087375562301194e-7 	 1.3242732202322239e-8 	 1.3243881998893965e-8 	 
30.16382274325235 	 0.03491859994511914 	 0.03483440078225326 	 1.6849674655675748e-6 	 9.28012246753609e-5 	 -8.850580265228478e-9 	 -1.0144110746885276e-8 	 -3.346936695418877e-7 	 4.5197403649587216e-7 	 -7.945641038088959e-6 	 -7.895964700693398e-6 	 3.147725286936795e-6 	 3.1475288831350884e-6 	 -3.397828236171236e-7 	 -3.3948531687947413e-7 	 -1.7317757443283535e-7 	 -1.732273843972512e-7 	 2.5742527516374192e-9 	 2.704914951215992e-9 	 -1.3886304258446356e-8 	 -1.3885659688615563e-8 	 -9.317448084269733e-9 	 -9.337811993796169e-9 	 1.0067855653083943e-7 	 1.0069227461407778e-7 	 1.324287599189888e-8 	 1.3244066243406083e-8 	 
30.69541360466149 	 0.03338705216675967 	 0.033304473912955615 	 1.665830102512103e-6 	 9.109188413833344e-5 	 -8.851975568885968e-9 	 -1.0144396973670089e-8 	 -3.3484368557355256e-7 	 4.521811400305378e-7 	 -7.85653002260698e-6 	 -7.809385495563276e-6 	 3.111996409378422e-6 	 3.1117951607677047e-6 	 -3.386135883564556e-7 	 -3.3830374386994194e-7 	 -1.7253741588863513e-7 	 -1.7258606946197343e-7 	 2.5709464976421546e-9 	 2.7050571992572846e-9 	 -1.3878791141394913e-8 	 -1.3878128318789753e-8 	 -9.312160230654649e-9 	 -9.33318728874241e-9 	 1.0049401598314651e-7 	 1.0050821302434891e-7 	 1.3243024530156414e-8 	 1.3244256645505522e-8 	 
31.236372935257677 	 0.03191884604481255 	 0.03183786327726885 	 1.6466857021944924e-6 	 8.941447295508414e-5 	 -8.853407720199464e-9 	 -1.0144692689890062e-8 	 -3.349315334454094e-7 	 4.523044584648306e-7 	 -7.771930271340621e-6 	 -7.724798600693527e-6 	 3.0762544817908747e-6 	 3.076048294851305e-6 	 -3.374208829119311e-7 	 -3.370992041193391e-7 	 -1.7189219524072947e-7 	 -1.7193967866381968e-7 	 2.5675675627921092e-9 	 2.7052026649550588e-9 	 -1.3871079697782287e-8 	 -1.3870398416385746e-8 	 -9.306729544000993e-9 	 -9.328440154277433e-9 	 1.0030683606601453e-7 	 1.0032152829719182e-7 	 1.3243177965753686e-8 	 1.3244453402112373e-8 	 
31.786865839863584 	 0.030507685601983678 	 0.030428266966874246 	 1.6275377888783812e-6 	 8.776821265626379e-5 	 -8.854877534495171e-9 	 -1.0144998202206321e-8 	 -3.3495783456368116e-7 	 4.5234481768479315e-7 	 -7.687966353602964e-6 	 -7.639385018689449e-6 	 3.0405060849288157e-6 	 3.0402948653064902e-6 	 -3.3620568534775386e-7 	 -3.358726533498557e-7 	 -1.712417400040785e-7 	 -1.7128819685298985e-7 	 2.56411490817727e-9 	 2.7053513994701416e-9 	 -1.3863166443670076e-8 	 -1.3862466382095916e-8 	 -9.301153193255635e-9 	 -9.323568401972423e-9 	 1.0011697265328959e-7 	 1.0013217681605212e-7 	 1.3243336451438092e-8 	 1.3244656716078964e-8 	 
32.34706033301979 	 0.02914628365972944 	 0.029068396500686853 	 1.6083898760042987e-6 	 8.615233162675606e-5 	 -8.856385835403806e-9 	 -1.0145313826803903e-8 	 -3.349222943653713e-7 	 4.523018394661841e-7 	 -7.6028361898134084e-6 	 -7.552887935442213e-6 	 3.0047577792675005e-6 	 3.004541431810618e-6 	 -3.3496893905487583e-7 	 -3.3462502046009407e-7 	 -1.7058565230257412e-7 	 -1.7063135793496922e-7 	 2.5605875016625435e-9 	 2.7055034539959425e-9 	 -1.3855047676646178e-8 	 -1.3854328444755062e-8 	 -9.295428262151488e-9 	 -9.318569751705077e-9 	 9.992438060008821e-8 	 9.994011395805387e-8 	 1.3243500144436333e-8 	 1.3244866795860766e-8 	 
32.91712739026405 	 0.02782881174386131 	 0.027752425108350756 	 1.589245522892378e-6 	 8.456606528881662e-5 	 -8.857933461430538e-9 	 -1.0145639889690447e-8 	 -3.348236175927223e-7 	 4.5217376499534053e-7 	 -7.5168296420377035e-6 	 -7.465972236211809e-6 	 2.969016210894398e-6 	 2.9687946396797986e-6 	 -3.337115700807228e-7 	 -3.333572060606152e-7 	 -1.6992338101451583e-7 	 -1.6996870035443763e-7 	 2.556984318953015e-9 	 2.705658879738484e-9 	 -1.3846719610183657e-8 	 -1.3845980692410405e-8 	 -9.289551745862088e-9 	 -9.313441892428717e-9 	 9.972901365615463e-8 	 9.974529400604145e-8 	 1.3243669206549578e-8 	 1.3245083856199136e-8 	 
33.49724100031435 	 0.02655270327108546 	 0.02647778811494926 	 1.5701083840380887e-6 	 8.300865561495802e-5 	 -8.859521260055373e-9 	 -1.0145976726941565e-8 	 -3.3465988158583366e-7 	 4.519580014447181e-7 	 -7.430633448801934e-6 	 -7.37911753770016e-6 	 2.9332882035646525e-6 	 2.9330613119268657e-6 	 -3.324344694472099e-7 	 -3.320700817869483e-7 	 -1.6925429135504848e-7 	 -1.6929963964854338e-7 	 2.5533043444161198e-9 	 2.705817727875889e-9 	 -1.3838178212353828e-8 	 -1.3837419028541463e-8 	 -9.283520524879877e-9 	 -9.308182371876989e-9 	 9.953082451810126e-8 	 9.954767020080112e-8 	 1.324384380387805e-8 	 1.3245308118489256e-8 	 
34.08757821817146 	 0.025319225115027863 	 0.025245753597049107 	 1.55098222497908e-6 	 8.147935131188222e-5 	 -8.861150093182995e-9 	 -1.0146324685022692e-8 	 -3.344292310638921e-7 	 4.516520485022481e-7 	 -7.344604243183171e-6 	 -7.292435535286536e-6 	 2.8975807883353617e-6 	 2.8973484788913146e-6 	 -3.3113850842272045e-7 	 -3.3076450052301267e-7 	 -1.6857771815578643e-7 	 -1.686235339293318e-7 	 2.5495465718219062e-9 	 2.705980049562352e-9 	 -1.3829419334647301e-8 	 -1.3828639227935989e-8 	 -9.277331376775456e-9 	 -9.30278866510993e-9 	 9.932976483159184e-8 	 9.934719474519223e-8 	 1.3244024107270126e-8 	 1.3245539810491134e-8 	 
34.68831921915758 	 0.024132158886542382 	 0.024060103717125216 	 1.5318708964689051e-6 	 7.99774072305821e-5 	 -8.862820831614549e-9 	 -1.0146684121045677e-8 	 -3.34130655627144e-7 	 4.512545461584166e-7 	 -7.258750034378799e-6 	 -7.205742143338857e-6 	 2.8619011553353413e-6 	 2.8616633300095675e-6 	 -3.29824530166173e-7 	 -3.294412833994042e-7 	 -1.678929975137948e-7 	 -1.6793972685227906e-7 	 2.545710004969859e-9 	 2.706145895897103e-9 	 -1.3820438646843345e-8 	 -1.3819636857600253e-8 	 -9.270980940348067e-9 	 -9.297258132024953e-9 	 9.912578522846564e-8 	 9.914381884038993e-8 	 1.3244210292398733e-8 	 1.3245779166461003e-8 	 
35.29964735390708 	 0.022995383783884535 	 0.022924717680986802 	 1.5127782718860896e-6 	 7.850208523481422e-5 	 -8.86453435922813e-9 	 -1.0147055403117822e-8 	 -3.337643821004197e-7 	 4.507657890750124e-7 	 -7.17282257325114e-6 	 -7.118573027240896e-6 	 2.8262565368790883e-6 	 2.8260130969370266e-6 	 -3.2849335788421753e-7 	 -3.281012154706565e-7 	 -1.6719948526434395e-7 	 -1.6724757385938303e-7 	 2.5417936586067862e-9 	 2.7063153179090703e-9 	 -1.3811231708744394e-8 	 -1.3810407289961209e-8 	 -9.264465719876681e-9 	 -9.291588058588625e-9 	 9.891883522645472e-8 	 9.893749258337355e-8 	 1.324440253983208e-8 	 1.3246026427886049e-8 	 
35.92174920432655 	 0.02191016455117892 	 0.021840859560303745 	 1.493708179180395e-6 	 7.705265432594788e-5 	 -8.866291571866411e-9 	 -1.0147438910598115e-8 	 -3.333317025066337e-7 	 4.501875508037426e-7 	 -7.086284302897349e-6 	 -7.030080514585424e-6 	 2.7906540803695966e-6 	 2.7904049264653996e-6 	 -3.2714576422862706e-7 	 -3.2674505184791215e-7 	 -1.6649656620512517e-7 	 -1.6654645393795078e-7 	 2.5377965594402622e-9 	 2.7064883665321216e-9 	 -1.3801793830899824e-8 	 -1.3800945808701935e-8 	 -9.257782144821598e-9 	 -9.285775583603188e-9 	 9.870886346191274e-8 	 9.872816520181367e-8 	 1.3244601035229062e-8 	 1.3246281842839911e-8 	 
36.554814640540975 	 0.020873843565491615 	 0.02080587026711045 	 1.4746643568078506e-6 	 7.562839234910827e-5 	 -8.868093374340993e-9 	 -1.0147835034441861e-8 	 -3.328342734428804e-7 	 4.4952205635072274e-7 	 -6.9981930974362466e-6 	 -6.939037456524135e-6 	 2.7551007660137877e-6 	 2.7548457982297714e-6 	 -3.2578249208257685e-7 	 -3.253734907408719e-7 	 -1.657836557227418e-7 	 -1.658357758575811e-7 	 2.533717747679912e-9 	 2.7066650925498016e-9 	 -1.3792120216103278e-8 	 -1.3791247475557599e-8 	 -9.250926497599974e-9 	 -9.279817761632762e-9 	 9.849581749098029e-8 	 9.851578485476604e-8 	 1.324480596945224e-8 	 1.3246545666872138e-8 	 
37.19903687884344 	 0.019880410215894786 	 0.019813737849962564 	 1.455650462709897e-6 	 7.422858562930737e-5 	 -8.86994068571758e-9 	 -1.0148244177492827e-8 	 -3.322731266316907e-7 	 4.4877070452501016e-7 	 -6.907288711387754e-6 	 -6.844667269205694e-6 	 2.7196034235709773e-6 	 2.719342541477568e-6 	 -3.2440423070334234e-7 	 -3.239871867268073e-7 	 -1.6506020140063588e-7 	 -1.6511497934398115e-7 	 2.5295562784727087e-9 	 2.7068455465539588e-9 	 -1.3782205880966214e-8 	 -1.3781307201830198e-8 	 -9.243894938276657e-9 	 -9.273711536546634e-9 	 9.82796440431023e-8 	 9.830029888546557e-8 	 1.3245017538937014e-8 	 1.3246818163160912e-8 	 
37.85461254066628 	 0.018923123164648923 	 0.018857723060724096 	 1.4366701294164204e-6 	 7.285252958765587e-5 	 -8.871834432658487e-9 	 -1.0148666754801303e-8 	 -3.316480353468674e-7 	 4.4793317517396764e-7 	 -6.813090469227558e-6 	 -6.7488524705692955e-6 	 2.6841688352634948e-6 	 2.683901937961779e-6 	 -3.2301162044448126e-7 	 -3.225867387879258e-7 	 -1.6432568541858985e-7 	 -1.6438353606034912e-7 	 2.525311223515252e-9 	 2.707029778905273e-9 	 -1.377204569064362e-8 	 -1.3771119743067344e-8 	 -9.236683529774497e-9 	 -9.26745374718966e-9 	 9.806028888035302e-8 	 9.808165368124502e-8 	 1.3245235945298086e-8 	 1.324709960249075e-8 	 
38.5217417125914 	 0.01799749330091782 	 0.017933345252146973 	 1.4177270412938113e-6 	 7.149952952968959e-5 	 -8.873775556409256e-9 	 -1.0149103193959949e-8 	 -3.3095750706861216e-7 	 4.4700748846046937e-7 	 -6.718259068708029e-6 	 -6.65671794731672e-6 	 2.648803880041167e-6 	 2.6485308662083816e-6 	 -3.2160525898248965e-7 	 -3.2117269579223107e-7 	 -1.6357962643351052e-7 	 -1.6364095149126723e-7 	 2.5209816720898204e-9 	 2.707217839688443e-9 	 -1.3761634378847277e-8 	 -1.376067968877845e-8 	 -9.22928820456916e-9 	 -9.261041133598034e-9 	 9.783769702704603e-8 	 9.785979490164821e-8 	 1.324546139604081e-8 	 1.3247390263510204e-8 	 
39.20062800741813 	 0.017103283287301586 	 0.017040376070532916 	 1.3988249839334963e-6 	 7.016889628286787e-5 	 -8.875765004997814e-9 	 -1.0149553935409658e-8 	 -3.3019967239884294e-7 	 4.459910885392783e-7 	 -6.628184228096615e-6 	 -6.571185516604403e-6 	 2.613515625821387e-6 	 2.6132363937384764e-6 	 -3.201856862074244e-7 	 -3.1974555055196155e-7 	 -1.6282158315865893e-7 	 -1.6288676830849948e-7 	 2.5165667319641005e-9 	 2.707409778718321e-9 	 -1.3750966478360308e-8 	 -1.374998145141975e-8 	 -9.221704767194098e-9 	 -9.254470317371993e-9 	 9.761181264839277e-8 	 9.76346673569876e-8 	 1.3245694104298069e-8 	 1.324769043301628e-8 	 
39.89147862630742 	 0.016243827780909697 	 0.016182149556199885 	 1.3799678358646087e-6 	 6.885994654618782e-5 	 -8.877803740781012e-9 	 -1.015001943277036e-8 	 -3.293733622834406e-7 	 4.448824174131333e-7 	 -6.544650374507598e-6 	 -6.489188419559682e-6 	 2.578311314010714e-6 	 2.5780257616035557e-6 	 -3.1875339593828767e-7 	 -3.1830573785121527e-7 	 -1.6205115791565234e-7 	 -1.6212057205053405e-7 	 2.512065529957643e-9 	 2.7076056455186702e-9 	 -1.3740036393738073e-8 	 -1.3739019309456255e-8 	 -9.21392892707259e-9 	 -9.247737836502741e-9 	 9.738257932419739e-8 	 9.74062152817358e-8 	 1.3245934289240275e-8 	 1.3248000406407949e-8 	 
40.594504422021174 	 0.015423306981365827 	 0.01536284848876131 	 1.3611594987768127e-6 	 6.757199970189773e-5 	 -8.87989273308917e-9 	 -1.0150500153128496e-8 	 -3.284789724356001e-7 	 4.4368200547628475e-7 	 -6.469982150219409e-6 	 -6.410319800978666e-6 	 2.5431982292005193e-6 	 2.5429062540743405e-6 	 -3.1730881782703484e-7 	 -3.168536417983652e-7 	 -1.6126799918917256e-7 	 -1.6134199485824017e-7 	 2.507477212853771e-9 	 2.7078054893104353e-9 	 -1.3728838380701476e-8 	 -1.372778745208309e-8 	 -9.205956329608248e-9 	 -9.24084012965036e-9 	 9.714993996280189e-8 	 9.717438224644432e-8 	 1.3246182176028167e-8 	 1.3248320487378658e-8 	 
41.30991996327603 	 0.014643194330970926 	 0.01458391656083113 	 1.3424038090055241e-6 	 6.630437492713535e-5 	 -8.882032963867342e-9 	 -1.0150996577472237e-8 	 -3.2751829245243625e-7 	 4.423922754430248e-7 	 -6.385230410079486e-6 	 -6.323116947707654e-6 	 2.5081835338507174e-6 	 2.5078850333521243e-6 	 -3.1585232155683513e-7 	 -3.153895650244839e-7 	 -1.6047180155732648e-7 	 -1.6055071622777692e-7 	 2.5028009485139923e-9 	 2.70800935897437e-9 	 -1.3717366596653967e-8 	 -1.371627985658365e-8 	 -9.197782491085919e-9 	 -9.233773572359582e-9 	 9.691383701091367e-8 	 9.693911136629319e-8 	 1.3246437996118732e-8 	 1.3248650988492632e-8 	 
42.03794360023143 	 0.013900548859572929 	 0.013842433288455452 	 1.3237044839676451e-6 	 6.505638920566848e-5 	 -8.884225424296653e-9 	 -1.0151509200931216e-8 	 -3.2649344911097436e-7 	 4.410160964143337e-7 	 -6.299244752768293e-6 	 -6.238551699821287e-6 	 2.4732741682507688e-6 	 2.4729690395284498e-6 	 -3.143842073017256e-7 	 -3.1391373284739613e-7 	 -1.5966230223684929e-7 	 -1.5974646024728238e-7 	 2.4980359276471013e-9 	 2.708217303001904e-9 	 -1.3705615030431718e-8 	 -1.3704490421887703e-8 	 -9.189402864623098e-9 	 -9.226534452681356e-9 	 9.667421254291319e-8 	 9.670034538671061e-8 	 1.324670198746334e-8 	 1.324899223129255e-8 	 
42.778797531131644 	 0.013189164664499172 	 0.013132194015694685 	 1.3050651437306221e-6 	 6.382735552624149e-5 	 -8.886471113788289e-9 	 -1.0152038533161038e-8 	 -3.254055224996239e-7 	 4.395549302337154e-7 	 -6.215569382454102e-6 	 -6.1536570905645695e-6 	 2.43847689079689e-6 	 2.438165030872337e-6 	 -3.1290469632520855e-7 	 -3.1242629048107526e-7 	 -1.5883927509809825e-7 	 -1.5892899287878054e-7 	 2.4931813656071167e-9 	 2.708429369445895e-9 	 -1.3693577582203202e-8 	 -1.3692412964869684e-8 	 -9.180812844691322e-9 	 -9.219119006720988e-9 	 9.643100843521993e-8 	 9.645802684832674e-8 	 1.3246974394506093e-8 	 1.3249344546330676e-8 	 
43.532707870122366 	 0.01250332456613971 	 0.012447480117704473 	 1.2864893950886232e-6 	 6.261658465543791e-5 	 -8.888771044745812e-9 	 -1.0152585098626301e-8 	 -3.242538876884133e-7 	 4.380079324100074e-7 	 -6.131629131935131e-6 	 -6.068890788058331e-6 	 2.4037984350126205e-6 	 2.4034797408309704e-6 	 -3.1141392843730645e-7 	 -3.109272816282244e-7 	 -1.5800252552698606e-7 	 -1.5809811439529263e-7 	 2.488236504013974e-9 	 2.708645605891704e-9 	 -1.3681248075401129e-8 	 -1.3680041132118274e-8 	 -9.17200771029035e-9 	 -9.211523421785147e-9 	 9.618416652621917e-8 	 9.621209823466042e-8 	 1.3247255468084927e-8 	 1.3249708273780359e-8 	 
44.29990471626244 	 0.011841071120347844 	 0.011786335024184115 	 1.2679809185274646e-6 	 6.142339048957385e-5 	 -8.891126233883567e-9 	 -1.0153149436947577e-8 	 -3.2303678036227237e-7 	 4.3637273150040286e-7 	 -6.047914112083296e-6 	 -5.9839674784821e-6 	 2.3692456719696082e-6 	 2.3689200404471904e-6 	 -3.0991195010339015e-7 	 -3.094166550663136e-7 	 -1.5715189411112677e-7 	 -1.5725365425298751e-7 	 2.4832006117555543e-9 	 2.708866059422021e-9 	 -1.3668620186730547e-8 	 -1.366736860128047e-8 	 -9.162982718622382e-9 	 -9.203743790766952e-9 	 9.59336289475997e-8 	 9.596250229180905e-8 	 1.3247545466115707e-8 	 1.3250083763651303e-8 	 
45.08062222375173 	 0.011205070814842885 	 0.011151424436508618 	 1.2495434910137613e-6 	 6.02471030814216e-5 	 -8.893537712605362e-9 	 -1.0153732103208392e-8 	 -3.217528780003299e-7 	 4.3464753870209715e-7 	 -5.964030730118343e-6 	 -5.8978422586813595e-6 	 2.3348256528594136e-6 	 2.3344929809180374e-6 	 -3.083987120280003e-7 	 -3.0789424369579074e-7 	 -1.562872604573445e-7 	 -1.5639547296950032e-7 	 2.478072985475654e-9 	 2.7090907766201284e-9 	 -1.3655687528993896e-8 	 -1.3654388913859362e-8 	 -9.153732999846204e-9 	 -9.195776132594686e-9 	 9.567933850180479e-8 	 9.570918240227492e-8 	 1.3247844653681984e-8 	 1.3250471375497206e-8 	 
45.87509867339686 	 0.010599575054406904 	 0.01054699751854414 	 1.2311809181609729e-6 	 5.9087084467483225e-5 	 -8.89600651451249e-9 	 -1.0154333668247648e-8 	 -3.2040262658115003e-7 	 4.328329452186148e-7 	 -5.878923401987184e-6 	 -5.808710514893142e-6 	 2.3005454823049614e-6 	 2.3002056669192603e-6 	 -3.0687405333248635e-7 	 -3.0635975914692054e-7 	 -1.5540855783966479e-7 	 -1.555234734550444e-7 	 2.472852950203091e-9 	 2.7093198035629695e-9 	 -1.3642443739258634e-8 	 -1.364109561487831e-8 	 -9.144253643329987e-9 	 -9.18761645753523e-9 	 9.542123903780636e-8 	 9.545208297562312e-8 	 1.3248153302758166e-8 	 1.3250871479194579e-8 	 
46.68357654533621 	 0.010026321826775982 	 0.00997479109691788 	 1.2128969258080146e-6 	 5.7942748388583176e-5 	 -8.898533689727927e-9 	 -1.0154954719032623e-8 	 -3.189882469539361e-7 	 4.309319653312178e-7 	 -5.7907610310578095e-6 	 -5.7166750618065065e-6 	 2.2664121158693777e-6 	 2.266065054130411e-6 	 -3.053376890999147e-7 	 -3.048127716445004e-7 	 -1.545158006613484e-7 	 -1.546376121875646e-7 	 2.4675398603975634e-9 	 2.709553185811265e-9 	 -1.362888241772561e-8 	 -1.3627482242927635e-8 	 -9.134539673902014e-9 	 -9.179260698451805e-9 	 9.515927600739273e-8 	 9.519115002952731e-8 	 1.3248471692915263e-8 	 1.3251284455558774e-8 	 
47.50630259304667 	 0.009482104491803612 	 0.009431605831956921 	 1.1946950939655522e-6 	 5.681357318962188e-5 	 -8.901120288388788e-9 	 -1.0155595858828748e-8 	 -3.1751226648030543e-7 	 4.289480057469265e-7 	 -5.69964085642424e-6 	 -5.628436056575729e-6 	 2.232432236676118e-6 	 2.2320778258713315e-6 	 -3.037891948068964e-7 	 -3.032526930862847e-7 	 -1.5360913141008677e-7 	 -1.5373792327221975e-7 	 2.462133101941357e-9 	 2.709790968338257e-9 	 -1.3614997130317019e-8 	 -1.3613542391771388e-8 	 -9.124586079759692e-9 	 -9.170704733885055e-9 	 9.489339685376185e-8 	 9.49263316158472e-8 	 1.3248800111174493e-8 	 1.3251710695891795e-8 	 
48.34352791865465 	 0.00896086213550093 	 0.008911391836404716 	 1.1765788956330225e-6 	 5.5699113001054955e-5 	 -8.903767373438923e-9 	 -1.015625770762421e-8 	 -3.1597568906072594e-7 	 4.268824271578397e-7 	 -5.61243137449568e-6 	 -5.5477234185155545e-6 	 2.198612327908918e-6 	 2.1982504655997476e-6 	 -3.0222799319944e-7 	 -3.0167875510355054e-7 	 -1.5268890873065886e-7 	 -1.5282455767939803e-7 	 2.4566320940395932e-9 	 2.7100331954979175e-9 	 -1.3600781487785345e-8 	 -1.3599269742570197e-8 	 -9.114387860930404e-9 	 -9.161944427908973e-9 	 9.462355133182852e-8 	 9.465757816660595e-8 	 1.3249138851949473e-8 	 1.3252150601993944e-8 	 
49.195508049574364 	 0.008458139737691779 	 0.008409692048216242 	 1.1585518063394134e-6 	 5.4598999942952375e-5 	 -8.906476014522745e-9 	 -1.0156940902303384e-8 	 -3.143774730565219e-7 	 4.2473382678995153e-7 	 -5.532933198843282e-6 	 -5.46834342227268e-6 	 2.1649588773986995e-6 	 2.1645894614745195e-6 	 -3.0065334499015165e-7 	 -3.0008998745132837e-7 	 -1.5175587844011308e-7 	 -1.5189785796557048e-7 	 2.451036290874633e-9 	 2.710279910965384e-9 	 -1.3586229256286071e-8 	 -1.358465806549542e-8 	 -9.103940049118503e-9 	 -9.152975679074306e-9 	 9.434969179043414e-8 	 9.438484277502599e-8 	 1.3249488217705675e-8 	 1.3252604587045137e-8 	 
50.06250301649657 	 0.007974474447881926 	 0.007927034567990236 	 1.140617390189233e-6 	 5.351294743855472e-5 	 -8.909247286616019e-9 	 -1.0157646096985576e-8 	 -3.1271594117798365e-7 	 4.224999303636777e-7 	 -5.4547793124365356e-6 	 -5.3873438589169146e-6 	 2.131478538346285e-6 	 2.131101467067877e-6 	 -2.9906430703959354e-7 	 -2.9848519786352104e-7 	 -1.5081143942458351e-7 	 -1.509585070379141e-7 	 2.445345182007697e-9 	 2.7105311577657677e-9 	 -1.3571334204466665e-8 	 -1.3569701426111831e-8 	 -9.093237841237796e-9 	 -9.143794388626868e-9 	 9.407177318682934e-8 	 9.410808118941535e-8 	 1.3249848518720908e-8 	 1.325307307547391e-8 	 
50.94477743275206 	 0.00751394847198384 	 0.007467499810863305 	 1.1227792725246277e-6 	 5.2440744632479266e-5 	 -8.912082275413006e-9 	 -1.015837396328374e-8 	 -3.109909194212775e-7 	 4.201805078947283e-7 	 -5.374947695747612e-6 	 -5.3057611291316594e-6 	 2.098178078270144e-6 	 2.0977932503060236e-6 	 -2.974597278780984e-7 	 -2.96862943888139e-7 	 -1.498579375560241e-7 	 -1.5000778033329857e-7 	 2.439558292631647e-9 	 2.710786978315787e-9 	 -1.35560904253088e-8 	 -1.355439401536406e-8 	 -9.082276663824103e-9 	 -9.134396663127812e-9 	 9.378975323618187e-8 	 9.382725194129334e-8 	 1.3250220073434149e-8 	 1.3253556503139347e-8 	 
51.8426005750735 	 0.0070794157215552335 	 0.007033943747580671 	 1.1050410204231389e-6 	 5.138225253391891e-5 	 -8.914982068304596e-9 	 -1.0159125190648561e-8 	 -3.092045693108907e-7 	 4.1777847594757766e-7 	 -5.294511514020058e-6 	 -5.224457303281797e-6 	 2.065064155814104e-6 	 2.0646714703030243e-6 	 -2.9583820421379655e-7 	 -2.952215633837171e-7 	 -1.4889880481447212e-7 	 -1.4904785172191855e-7 	 2.4336751841285716e-9 	 2.7110474144049956e-9 	 -1.3540492223426126e-8 	 -1.3538730491631481e-8 	 -9.071052450956515e-9 	 -9.124778852240426e-9 	 9.350359256544233e-8 	 9.35423164885071e-8 	 1.325060320811431e-8 	 1.3254055317992479e-8 	 
52.75624646578071 	 0.00666873664253944 	 0.00662422778553257 	 1.0874060418912654e-6 	 5.033739030344009e-5 	 -8.917947763363912e-9 	 -1.0159900486717375e-8 	 -3.073598836544904e-7 	 4.1529788044734616e-7 	 -5.214381820329286e-6 	 -5.143415137784736e-6 	 2.03214313244761e-6 	 2.0317424890871087e-6 	 -2.941981049174556e-7 	 -2.9355924276957363e-7 	 -1.479381553597097e-7 	 -1.4808197751335966e-7 	 2.427695455836154e-9 	 2.7113125071559165e-9 	 -1.3524534226701576e-8 	 -1.3522705956761892e-8 	 -9.059561786446003e-9 	 -9.114937822261675e-9 	 9.321325461254858e-8 	 9.325323911390513e-8 	 1.3250998257548095e-8 	 1.325456998005323e-8 	 
53.68599395641439 	 0.006276224392034265 	 0.006232625309387299 	 1.069877610324665e-6 	 4.934512171789466e-5 	 -8.920980459365058e-9 	 -1.0160700577574495e-8 	 -3.0545822953545163e-7 	 4.127405660200462e-7 	 -5.134605566680994e-6 	 -5.06179091843739e-6 	 1.999421118154184e-6 	 1.9990124172844865e-6 	 -2.9253762847057754e-7 	 -2.918741990894805e-7 	 -1.4697955464394087e-7 	 -1.471142051860517e-7 	 2.421618747226665e-9 	 2.7115822969665882e-9 	 -1.3508211477571094e-8 	 -1.3506315995149438e-8 	 -9.047801939198378e-9 	 -9.104871096082426e-9 	 9.291870599743998e-8 	 9.295998730946378e-8 	 1.3251405564705898e-8 	 1.3255100960717842e-8 	 
54.63212681284355 	 0.005897858396667954 	 0.005855186351144634 	 1.0524589935227384e-6 	 4.833231275755118e-5 	 -8.924081269918029e-9 	 -1.0161526208196099e-8 	 -3.0349855774193764e-7 	 4.1010511485177884e-7 	 -5.054474361472755e-6 	 -4.977777649981982e-6 	 1.9669042124084653e-6 	 1.9664873550722326e-6 	 -2.9085499096034466e-7 	 -2.901649421762878e-7 	 -1.4602432472970538e-7 	 -1.4614827542188497e-7 	 2.4154447392720994e-9 	 2.7118568234877095e-9 	 -1.3491519588440197e-8 	 -1.3489556632897573e-8 	 -9.035770564383307e-9 	 -9.094577055759592e-9 	 9.261991633246978e-8 	 9.266253159630137e-8 	 1.32518254814672e-8 	 1.3255648744356199e-8 	 
55.59493380187314 	 0.005534968353721767 	 0.005493203545749854 	 1.0351535464532625e-6 	 4.733319716451009e-5 	 -8.927251300673699e-9 	 -1.0162378142703163e-8 	 -3.01479327446178e-7 	 4.07389441756777e-7 	 -4.9723121378889205e-6 	 -4.8902406226621676e-6 	 1.9345986774563295e-6 	 1.934173565427599e-6 	 -2.891486480168778e-7 	 -2.884306101274933e-7 	 -1.4507060315715035e-7 	 -1.4518593182175897e-7 	 2.409173154693515e-9 	 2.7121361256472756e-9 	 -1.3474454596689969e-8 	 -1.347242446456145e-8 	 -9.02346533509015e-9 	 -9.084054584850804e-9 	 9.231685853612966e-8 	 9.236084584286342e-8 	 1.3252258367559344e-8 	 1.3256213827506897e-8 	 
56.5747087793777 	 0.005191844153823783 	 0.005150970233864657 	 1.0179646603022505e-6 	 4.634773311066596e-5 	 -8.93049167334243e-9 	 -1.0163257164783446e-8 	 -2.994011728308669e-7 	 4.0459440337987303e-7 	 -4.886459225429975e-6 	 -4.804270492852388e-6 	 1.9025108431664808e-6 	 1.9020773789871289e-6 	 -2.87417629924781e-7 	 -2.866711651608265e-7 	 -1.4411426945154113e-7 	 -1.4422575859665536e-7 	 2.4028037573151403e-9 	 2.7124202417161697e-9 	 -1.3457013077773387e-8 	 -1.3454916264797294e-8 	 -9.010883264043661e-9 	 -9.07330269403865e-9 	 9.200950863161282e-8 	 9.205490706829742e-8 	 1.3252704591553344e-8 	 1.3256796719515282e-8 	 
57.57175077998846 	 0.0048696700768740215 	 0.0048296814080214315 	 1.0008956125281102e-6 	 4.537588826625273e-5 	 -8.933803507405426e-9 	 -1.0164164078254006e-8 	 -2.972671351355782e-7 	 4.0172410594685693e-7 	 -4.800536162945488e-6 	 -4.726950903099045e-6 	 1.8706468269467177e-6 	 1.870204914001602e-6 	 -2.8566176714545026e-7 	 -2.848874504839904e-7 	 -1.4315126762850535e-7 	 -1.4326380766049572e-7 	 2.3963363530465204e-9 	 2.7127092093015587e-9 	 -1.3439191856209535e-8 	 -1.3437028839243952e-8 	 -8.998020547799878e-9 	 -9.062319781790585e-9 	 9.169784594697937e-8 	 9.174469564503871e-8 	 1.325316453041106e-8 	 1.3257397942008234e-8 	 
58.58636410836086 	 0.004564421323141473 	 0.004525320130286793 	 9.839495012862932e-7 	 4.4417635758710385e-5 	 -8.937187928545238e-9 	 -1.0165099707290534e-8 	 -2.950799427299733e-7 	 3.9878223402677014e-7 	 -4.72281111801914e-6 	 -4.657868366185136e-6 	 1.8390124112508009e-6 	 1.8385619538601003e-6 	 -2.838817625074867e-7 	 -2.8308101986216393e-7 	 -1.4217943623748552e-7 	 -1.422958269209781e-7 	 2.3897707913496665e-9 	 2.7130030653301397e-9 	 -1.3420987797404235e-8 	 -1.3418758839943832e-8 	 -8.984872748956109e-9 	 -9.051103361624707e-9 	 9.138185287708663e-8 	 9.143019506012868e-8 	 1.3253638569778221e-8 	 1.3258018030546329e-8 	 
59.618858432050686 	 0.004270846622031176 	 0.004232621274085173 	 9.671293413016835e-7 	 4.3472955202499346e-5 	 -8.940646067082146e-9 	 -1.0166064896855649e-8 	 -2.9283953725743436e-7 	 3.9576870884893266e-7 	 -4.655851232002871e-6 	 -4.5805927696063275e-6 	 1.8076132226577357e-6 	 1.8071541261509007e-6 	 -2.820790778581115e-7 	 -2.8125388957935135e-7 	 -1.4119864162548324e-7 	 -1.4131931139548404e-7 	 2.383106967706336e-9 	 2.7133018459860435e-9 	 -1.3402397644432878e-8 	 -1.3400102554532776e-8 	 -8.971435205032503e-9 	 -9.039650237486321e-9 	 9.10615149942404e-8 	 9.111139202713914e-8 	 1.3254127104412188e-8 	 1.3258657534767097e-8 	 
60.66954887602675 	 0.00398866247538109 	 0.003951290128404109 	 9.50438216940247e-7 	 4.254183003567855e-5 	 -8.944179052331705e-9 	 -1.0167060513248683e-8 	 -2.9054413092969913e-7 	 3.9268110552158646e-7 	 -4.580092045034227e-6 	 -4.503468448716009e-6 	 1.776455017819086e-6 	 1.775987188556538e-6 	 -2.802556795147501e-7 	 -2.794082426576885e-7 	 -1.402097550897619e-7 	 -1.4033390738062132e-7 	 2.376344823008241e-9 	 2.7136055867781262e-9 	 -1.3383417816842491e-8 	 -1.338105573099122e-8 	 -8.957703206066954e-9 	 -9.027956886986342e-9 	 9.073682079499812e-8 	 9.078827623384445e-8 	 1.3254630538013772e-8 	 1.3259317017437884e-8 	 
61.738756118849636 	 0.0037216933093548 	 0.0036851604700265427 	 9.338792771901471e-7 	 4.162424605478083e-5 	 -8.947788022240185e-9 	 -1.0168087444458544e-8 	 -2.8819369448880296e-7 	 3.8951938364219624e-7 	 -4.504035107122675e-6 	 -4.427339108821565e-6 	 1.7455436741036937e-6 	 1.7450670194934805e-6 	 -2.784137586575145e-7 	 -2.775462565861767e-7 	 -1.3921360556981213e-7 	 -1.3934047113035823e-7 	 2.3694843432226372e-9 	 2.7139143225953334e-9 	 -1.3364044327330362e-8 	 -1.3361613745635756e-8 	 -8.943672220255005e-9 	 -9.016019831867101e-9 	 9.040776168384233e-8 	 9.046084032719879e-8 	 1.3255149283714648e-8 	 1.3259997055600895e-8 	 
62.826806490544975 	 0.003472046752054036 	 0.0034363195716304727 	 9.174555866243028e-7 	 4.0741648532683375e-5 	 -8.951474110190648e-9 	 -1.0169146600652126e-8 	 -2.857911390835795e-7 	 3.862874721332534e-7 	 -4.42932705374159e-6 	 -4.351658039285679e-6 	 1.7148849112039275e-6 	 1.7143993397573e-6 	 -2.765555120715004e-7 	 -2.7566994001619593e-7 	 -1.3821050089720875e-7 	 -1.3833994250440315e-7 	 2.362525558030747e-9 	 2.714228087808336e-9 	 -1.334427270602832e-8 	 -1.3341771457613958e-8 	 -8.929337710211872e-9 	 -9.003835732827142e-9 	 9.007433174659208e-8 	 9.012907968112713e-8 	 1.325568376401067e-8 	 1.3260698241153607e-8 	 
63.93403207220191 	 0.003235778697401528 	 0.0032008634008152737 	 9.011700213330781e-7 	 3.985208137473363e-5 	 -8.955238458803168e-9 	 -1.0170238914757039e-8 	 -2.8333931129647316e-7 	 3.829892151882903e-7 	 -4.354916746440179e-6 	 -4.275604523312108e-6 	 1.6844840967295857e-6 	 1.6839895181523283e-6 	 -2.746829897037364e-7 	 -2.7378108602608536e-7 	 -1.372002099683208e-7 	 -1.3733276897305346e-7 	 2.3554685433754876e-9 	 2.7145469162264986e-9 	 -1.332409806576317e-8 	 -1.3321523316978346e-8 	 -8.91469508835794e-9 	 -8.99140132582763e-9 	 8.973652765528843e-8 	 8.97929923001814e-8 	 1.3256234411281716e-8 	 1.326142118086977e-8 	 
65.0607707973267 	 0.0030082064764087087 	 0.002974086373722148 	 8.850253863596185e-7 	 3.897592025664193e-5 	 -8.959082204649328e-9 	 -1.0171365342805346e-8 	 -2.808377705937718e-7 	 3.7962401350302026e-7 	 -4.280705356597475e-6 	 -4.196748642090828e-6 	 1.6543464655860105e-6 	 1.6538427908328781e-6 	 -2.727980377376407e-7 	 -2.7188126626501137e-7 	 -1.361821087497051e-7 	 -1.3631884488098574e-7 	 2.348313421718633e-9 	 2.714870841168119e-9 	 -1.3303515041800641e-8 	 -1.3300863427319447e-8 	 -8.899739651560841e-9 	 -8.978713317008203e-9 	 8.939434847898102e-8 	 8.945257863053138e-8 	 1.3256801668274831e-8 	 1.3262166497305284e-8 	 
66.20736655498246 	 0.002789541466237588 	 0.0027561984856217738 	 8.690245751039785e-7 	 3.8113150687323634e-5 	 -8.963006492503536e-9 	 -1.0172526864625134e-8 	 -2.7828441165628763e-7 	 3.761890130509063e-7 	 -4.204817275891314e-6 	 -4.115581020439362e-6 	 1.6244774177780925e-6 	 1.623964559044307e-6 	 -2.709022825899082e-7 	 -2.699718331666503e-7 	 -1.3515529772345276e-7 	 -1.352976611935295e-7 	 2.3410603623134605e-9 	 2.715199895468401e-9 	 -1.3282517950560817e-8 	 -1.327978553756751e-8 	 -8.88446651039835e-9 	 -8.965768322167856e-9 	 8.904779545136034e-8 	 8.910784132595015e-8 	 1.3257385988341847e-8 	 1.326293482881484e-8 	 
67.37416929474684 	 0.0025839269382006203 	 0.002551351355320363 	 8.53170552034328e-7 	 3.726375731556451e-5 	 -8.967012461870842e-9 	 -1.0173724484257777e-8 	 -2.7567955060914856e-7 	 3.7268463110787673e-7 	 -4.125047476758489e-6 	 -4.042652275043835e-6 	 1.5948824861424726e-6 	 1.5943603568477713e-6 	 -2.6899714714792765e-7 	 -2.68053904723142e-7 	 -1.3411873800817356e-7 	 -1.3426843030197304e-7 	 2.3337095773002173e-9 	 2.7155341117241405e-9 	 -1.326110079708761e-8 	 -1.325828311206897e-8 	 -8.868870561854925e-9 	 -8.95256281393409e-9 	 8.86968718748367e-8 	 8.875878515550552e-8 	 1.3257987835441178e-8 	 1.3263726829637136e-8 	 
68.5615351335191 	 0.0023913581850611514 	 0.0023595200626140554 	 8.374661674870941e-7 	 3.6451707787065706e-5 	 -8.971101256276565e-9 	 -1.0174959230618494e-8 	 -2.730262240724803e-7 	 3.6911497060306446e-7 	 -4.049256108188098e-6 	 -3.973871467898557e-6 	 1.5655669903776878e-6 	 1.565035505210301e-6 	 -2.670838256181348e-7 	 -2.6612833717190244e-7 	 -1.3307139682380272e-7 	 -1.33230192427229e-7 	 2.326261321812158e-9 	 2.7158735223316323e-9 	 -1.323925730099859e-8 	 -1.3236349393419764e-8 	 -8.852946449786032e-9 	 -8.939093065656882e-9 	 8.834158283635511e-8 	 8.840541671420693e-8 	 1.3258607683639035e-8 	 1.326454317126109e-8 	 
69.76982646420971 	 0.002207025649278436 	 0.0021759410617067016 	 8.219141349563147e-7 	 3.5629316262842196e-5 	 -8.975274018408414e-9 	 -1.0176232157856861e-8 	 -2.703255207235739e-7 	 3.6548149283994717e-7 	 -3.981942535302984e-6 	 -3.903078767847675e-6 	 1.5365359946196297e-6 	 1.5359950695877547e-6 	 -2.6516325920831403e-7 	 -2.6419569638811113e-7 	 -1.3201238512623607e-7 	 -1.3218195442333775e-7 	 2.3187158933283094e-9 	 2.7162181595473432e-9 	 -1.3216980975301901e-8 	 -1.3213977388907324e-8 	 -8.836688535808594e-9 	 -8.925355079478717e-9 	 8.798193511966641e-8 	 8.80477443320774e-8 	 1.3259246018563813e-8 	 1.3265384541895191e-8 	 
70.99941206634539 	 0.0020281704167829425 	 0.0019978240584686614 	 8.065172141341179e-7 	 3.4820147971353915e-5 	 -8.979531888095837e-9 	 -1.0177544346095343e-8 	 -2.6757492025143634e-7 	 3.617807818882951e-7 	 -3.913549663809214e-6 	 -3.832029239189083e-6 	 1.5077946494234163e-6 	 1.5072442018281463e-6 	 -2.6323611890398773e-7 	 -2.6225626536345366e-7 	 -1.309410496539133e-7 	 -1.3112282191883862e-7 	 2.3110736317987834e-9 	 2.716568055540055e-9 	 -1.319426498523732e-8 	 -1.3191160064174588e-8 	 -8.820090993997986e-9 	 -8.911344523294478e-9 	 8.761793700063616e-8 	 8.768577787188935e-8 	 1.3259903337305586e-8 	 1.3266251646614071e-8 	 
72.25066721862329 	 0.0018581691903886703 	 0.001828546569021834 	 7.912783252111504e-7 	 3.402417696752288e-5 	 -8.983876008430977e-9 	 -1.0178896901916296e-8 	 -2.6477243474315415e-7 	 3.580101360607462e-7 	 -3.84394450829105e-6 	 -3.7616570486107014e-6 	 1.479348405349391e-6 	 1.4787883536900114e-6 	 -2.613028135594817e-7 	 -2.603100136426358e-7 	 -1.2985704875409023e-7 	 -1.3005209302825088e-7 	 2.30333491395975e-9 	 2.716923242687288e-9 	 -1.3171102505108815e-8 	 -1.3167890225712508e-8 	 -8.80314780665087e-9 	 -8.897056874348092e-9 	 8.724959798120295e-8 	 8.731952845834481e-8 	 1.3260580149198731e-8 	 1.3267145208883115e-8 	 
73.52397381344888 	 0.0016991343316605084 	 0.0016702222219416132 	 7.762003870245333e-7 	 3.324136795837988e-5 	 -8.988307517485577e-9 	 -1.0180290958999985e-8 	 -2.6191989788167453e-7 	 3.541720250343583e-7 	 -3.774857923450257e-6 	 -3.6914780955668285e-6 	 1.4512027106174668e-6 	 1.4506329745444504e-6 	 -2.5936346787730955e-7 	 -2.5835655591500754e-7 	 -1.287605778392423e-7 	 -1.2896929570212968e-7 	 2.295500149780514e-9 	 2.717283753829322e-9 	 -1.3147486609412091e-8 	 -1.3144160917908718e-8 	 -8.7858529805968e-9 	 -8.882487414418807e-9 	 8.68769286952637e-8 	 8.694900838250147e-8 	 1.326127697426707e-8 	 1.3268065970260299e-8 	 
74.81972047349241 	 0.001547479035792365 	 0.0015192622816427612 	 7.612862003627403e-7 	 3.247167496880385e-5 	 -8.992827557365231e-9 	 -1.0181727678730747e-8 	 -2.5901866671358e-7 	 3.5026827179590927e-7 	 -3.7064360380244706e-6 	 -3.619383219282105e-6 	 1.423362793098643e-6 	 1.422783293407278e-6 	 -2.5741789073750037e-7 	 -2.563950840651997e-7 	 -1.2765283837589065e-7 	 -1.2787427802031757e-7 	 2.2875697795408255e-9 	 2.71764962247795e-9 	 -1.3123410358379926e-8 	 -1.3119965235398542e-8 	 -8.768200597365498e-9 	 -8.867631278112687e-9 	 8.649994071354395e-8 	 8.657423090907477e-8 	 1.3261994345245256e-8 	 1.3269014690383667e-8 	 
76.13830267029941 	 0.0013998349448320936 	 0.0013722955945252322 	 7.465386012127452e-7 	 3.171505194240919e-5 	 -8.997437259392875e-9 	 -1.0183208250745479e-8 	 -2.5606610576532994e-7 	 3.462952962838673e-7 	 -3.637632351181129e-6 	 -3.543588328919586e-6 	 1.3958339466692716e-6 	 1.3952446052114869e-6 	 -2.5546551401823215e-7 	 -2.544243488687151e-7 	 -1.2653657873659636e-7 	 -1.267675261601818e-7 	 2.2795442717313763e-9 	 2.7180208829137804e-9 	 -1.3098866999018574e-8 	 -1.3095296596212763e-8 	 -8.750185161460606e-9 	 -8.852483601017928e-9 	 8.61186463784429e-8 	 8.619521010503364e-8 	 1.3262732806527145e-8 	 1.3269992148019356e-8 	 
77.48012284499157 	 0.0012593685758275422 	 0.0012324951433277504 	 7.319606148085814e-7 	 3.097143873797064e-5 	 -9.002137765991072e-9 	 -1.0184733893607e-8 	 -2.5305950364005787e-7 	 3.42249414853809e-7 	 -3.56566374945144e-6 	 -3.4732919131741416e-6 	 1.3686218190983477e-6 	 1.3680225585933766e-6 	 -2.535053727211465e-7 	 -2.5244269043829944e-7 	 -1.2541638006476924e-7 	 -1.2565065655332701e-7 	 2.2714241153861873e-9 	 2.7183975705671702e-9 	 -1.3073849955059291e-8 	 -1.3070149102007971e-8 	 -8.731802173251101e-9 	 -8.837039725947479e-9 	 8.573305867419839e-8 	 8.581196070890755e-8 	 1.3263492916008044e-8 	 1.3270999140556459e-8 	 
78.84559053109479 	 0.0011291941276968523 	 0.0011029792168124114 	 7.175552840147277e-7 	 3.0240764953532607e-5 	 -9.006930205293731e-9 	 -1.0186305855411652e-8 	 -2.5000100654570154e-7 	 3.3813351254212777e-7 	 -3.4917108593283803e-6 	 -3.4113422388651408e-6 	 1.3417320914488684e-6 	 1.3411228353459241e-6 	 -2.5153609251624683e-7 	 -2.504481109795608e-7 	 -1.2429812861882767e-7 	 -1.24526895390416e-7 	 2.2632098122767483e-9 	 2.7187797224165366e-9 	 -1.304835305018427e-8 	 -1.3044517497956016e-8 	 -8.713048436778416e-9 	 -8.82129564885901e-9 	 8.534319116308865e-8 	 8.542449807125582e-8 	 1.326427524330378e-8 	 1.3272036483446676e-8 	 
80.2351224795317 	 0.0010070586823313586 	 0.0009814968552888078 	 7.03325477326907e-7 	 2.952296687626243e-5 	 -9.011815711320333e-9 	 -1.0187925414483535e-8 	 -2.4689352997971346e-7 	 3.339515186959372e-7 	 -3.4274005217826242e-6 	 -3.348015293392237e-6 	 1.3151701193531886e-6 	 1.3145507917753602e-6 	 -2.495558926302961e-7 	 -2.4843846627477083e-7 	 -1.2318731265754458e-7 	 -1.234011942777466e-7 	 2.254901872709074e-9 	 2.7191673772356974e-9 	 -1.3022370631722753e-8 	 -1.3018397440646339e-8 	 -8.693922237307563e-9 	 -8.80524850320207e-9 	 8.494905763796359e-8 	 8.503283780122642e-8 	 1.3265080370131968e-8 	 1.3273105011529508e-8 	 
81.64914278581742 	 0.0008923375063865507 	 0.0008674183599812225 	 6.892739655876983e-7 	 2.8817943274833563e-5 	 -9.01679542007377e-9 	 -1.0189593879781706e-8 	 -2.437379047425988e-7 	 3.2970453676861515e-7 	 -3.3675707309107862e-6 	 -3.2834154265221217e-6 	 1.2889410763788848e-6 	 1.2883116020164741e-6 	 -2.475627145275114e-7 	 -2.4641184982031777e-7 	 -1.2208639191650938e-7 	 -1.2227948239176455e-7 	 2.2465008119915152e-9 	 2.719560575814079e-9 	 -1.2995898100816713e-8 	 -1.299178570093249e-8 	 -8.674422991566154e-9 	 -8.788897177669094e-9 	 8.455067217651397e-8 	 8.463699581051576e-8 	 1.3265908891185435e-8 	 1.3274205579431341e-8 	 
83.08808301949652 	 0.0007915603389726273 	 0.0007672682394847611 	 6.754033948298668e-7 	 2.8125618182026655e-5 	 -9.021870455804075e-9 	 -1.0191312591760314e-8 	 -2.405392704536853e-7 	 3.2539950455994573e-7 	 -3.3053535244656772e-6 	 -3.219119424975563e-6 	 1.2630499033093772e-6 	 1.2624102073144665e-6 	 -2.455544347379123e-7 	 -2.443670599377398e-7 	 -1.209928197573069e-7 	 -1.2116668733613284e-7 	 2.238007145475322e-9 	 2.719959361244134e-9 	 -1.2968931603124498e-8 	 -1.2964679890393266e-8 	 -8.654550102142941e-9 	 -8.772242143150151e-9 	 8.414804907170474e-8 	 8.423698822305767e-8 	 1.3266761413334963e-8 	 1.3275339061400327e-8 	 
84.55238235586127 	 0.0007108324529895823 	 0.0006871420910874917 	 6.617158227922316e-7 	 2.745787181785401e-5 	 -9.027041951504499e-9 	 -1.0193082922663734e-8 	 -2.373131186734036e-7 	 3.210573743227849e-7 	 -3.2426252638951634e-6 	 -3.1554781865281263e-6 	 1.2375004420170613e-6 	 1.2368504501683135e-6 	 -2.4352929596841403e-7 	 -2.4230398880051417e-7 	 -1.1989982882746232e-7 	 -1.2006402843319934e-7 	 2.2294213883783642e-9 	 2.7203637790333995e-9 	 -1.2941468328000597e-8 	 -1.2937078123864507e-8 	 -8.634301694412114e-9 	 -8.755284979841643e-9 	 8.374120274276649e-8 	 8.383283124611506e-8 	 1.3267638555404118e-8 	 1.3276506350767514e-8 	 
86.04248770999126 	 0.0006531572494189458 	 0.000630066797949322 	 6.482121989657754e-7 	 2.679046963106859e-5 	 -9.03231102645887e-9 	 -1.0194906277310056e-8 	 -2.3408208593289565e-7 	 3.167087783253203e-7 	 -3.180378660859333e-6 	 -3.090770466844508e-6 	 1.2122944636649488e-6 	 1.2116341029056525e-6 	 -2.4148633672894705e-7 	 -2.4022371836308084e-7 	 -1.1879994951845016e-7 	 -1.1896753971810416e-7 	 2.2207440711475953e-9 	 2.7207738766463313e-9 	 -1.291350637040335e-8 	 -1.2908978855938153e-8 	 -8.61367407277686e-9 	 -8.738026935867571e-9 	 8.333014778527413e-8 	 8.342454115620079e-8 	 1.3268540948752138e-8 	 1.3277708359304669e-8 	 
87.5588538731551 	 0.0006274080459962984 	 0.0006049013007821708 	 6.348919358088343e-7 	 2.6135446711753708e-5 	 -9.037678816858113e-9 	 -1.0196784093527708e-8 	 -2.3087881034446483e-7 	 3.123979021221531e-7 	 -3.118804282229485e-6 	 -3.022482518565803e-6 	 1.1874308671141588e-6 	 1.1867600664857774e-6 	 -2.3942571138636516e-7 	 -2.381282850501411e-7 	 -1.176885174977997e-7 	 -1.1786974149218388e-7 	 2.2119757678095513e-9 	 2.7211897024066325e-9 	 -1.2885044270495512e-8 	 -1.288037999417381e-8 	 -8.592661819958379e-9 	 -8.720467555801776e-9 	 8.291489900002793e-8 	 8.301213423183264e-8 	 1.3269469236839103e-8 	 1.327894602076194e-8 	 
89.10194365161628 	 0.0006468796881870197 	 0.0006249501268555903 	 6.217520255316352e-7 	 2.5492572563355197e-5 	 -9.043146438179189e-9 	 -1.019871784267954e-8 	 -2.2775656404455298e-7 	 3.081968924020983e-7 	 -3.0555541478681323e-6 	 -2.9624225012750667e-6 	 1.1629040278596097e-6 	 1.1622227202206238e-6 	 -2.3734868106613276e-7 	 -2.3602025637151002e-7 	 -1.1656455189939802e-7 	 -1.1676358110702011e-7 	 2.2031171480622865e-9 	 2.7216113033850845e-9 	 -1.2856080507805239e-8 	 -1.2851278717139953e-8 	 -8.571258802016477e-9 	 -8.702604071141198e-9 	 8.249547199713053e-8 	 8.259562725969623e-8 	 1.3270424075044469e-8 	 1.3280220287878195e-8 	 
90.67222800788498 	 0.0007180773511818362 	 0.000696711002511016 	 6.087857678432484e-7 	 2.486187070141375e-5 	 -9.048715018888629e-9 	 -1.0200709030135357e-8 	 -2.2478962526013484e-7 	 3.0420637419543726e-7 	 -2.989086011944493e-6 	 -2.904699689451591e-6 	 1.1387014195103206e-6 	 1.1380095444750305e-6 	 -2.3525735079094084e-7 	 -2.3390226167553087e-7 	 -1.1542923405514396e-7 	 -1.1564542983460272e-7 	 2.1941690679986765e-9 	 2.7220387217621254e-9 	 -1.2826613373163171e-8 	 -1.2821671483161931e-8 	 -8.549459056753413e-9 	 -8.684432258132768e-9 	 8.207188313479299e-8 	 8.217503742501183e-8 	 1.3271406130682174e-8 	 1.3281532135313494e-8 	 
92.27018620445939 	 0.0008411780090021654 	 0.0008203699864281062 	 5.959818512356247e-7 	 2.4242988854879995e-5 	 -9.054385666932446e-9 	 -1.0202759195338102e-8 	 -2.2206320217778675e-7 	 3.005418226454884e-7 	 -2.9321976326931423e-6 	 -2.845219490609488e-6 	 1.114801895536644e-6 	 1.1140994036267806e-6 	 -2.331541591668032e-7 	 -2.3177657670409177e-7 	 -1.1428393273784784e-7 	 -1.1451515357332135e-7 	 2.1851327106504416e-9 	 2.7224719892085734e-9 	 -1.2796640277471043e-8 	 -1.279155376844566e-8 	 -8.527256870155004e-9 	 -8.665947225815535e-9 	 8.164415029887014e-8 	 8.175038316013085e-8 	 1.3272416083521725e-8 	 1.328288255887585e-8 	 
93.89630595010014 	 0.00101267532182776 	 0.0009924140380908617 	 5.833238952710881e-7 	 2.3636038539729058e-5 	 -9.06015950177611e-9 	 -1.0204869912462e-8 	 -2.1966805321042947e-7 	 2.973262860665727e-7 	 -2.8759343869277144e-6 	 -2.786295886463295e-6 	 1.0911748322424204e-6 	 1.0904616901185166e-6 	 -2.3104146482402155e-7 	 -2.2964492931545052e-7 	 -1.1312923942249503e-7 	 -1.1337427326224073e-7 	 2.176009766203395e-9 	 2.7229111193945965e-9 	 -1.2766157946899467e-8 	 -1.2760920376206e-8 	 -8.504646829716489e-9 	 -8.647144420765813e-9 	 8.121229316762552e-8 	 8.132168462945469e-8 	 1.3273454626221586e-8 	 1.32842725754701e-8 	 
95.55108354868277 	 0.0012149004130100859 	 0.0011951724433265892 	 5.707904449565342e-7 	 2.304060147419268e-5 	 -9.066037598467648e-9 	 -1.0207042790151472e-8 	 -2.1768624026298687e-7 	 2.946710931852827e-7 	 -2.81802609253206e-6 	 -2.727866665981488e-6 	 1.0677801164549707e-6 	 1.0670563130375584e-6 	 -2.289212209293503e-7 	 -2.2750838758793664e-7 	 -1.1196503814052495e-7 	 -1.1222414244624688e-7 	 2.1668026485637258e-9 	 2.7233560991066975e-9 	 -1.2735162265436233e-8 	 -1.2729765598271729e-8 	 -8.481623670337528e-9 	 -8.628019647570006e-9 	 8.077633293537841e-8 	 8.088896374640349e-8 	 1.3274522465048411e-8 	 1.3285703225853598e-8 	 
97.23502405067315 	 0.001416590576327331 	 0.0013973828180325098 	 5.583562845376168e-7 	 2.2456889182762065e-5 	 -9.072021027423622e-9 	 -1.0209279471953391e-8 	 -2.1616208632590812e-7 	 2.9263649663016175e-7 	 -2.7605822045750453e-6 	 -2.668250682758088e-6 	 1.044570599381066e-6 	 1.0438361518898092e-6 	 -2.2679485974558133e-7 	 -2.2536732724745989e-7 	 -1.1079088884423493e-7 	 -1.1106524218104861e-7 	 2.1575147222038493e-9 	 2.7238068789018665e-9 	 -1.2703648500595841e-8 	 -1.2698083373219e-8 	 -8.458182097638795e-9 	 -8.608569013830486e-9 	 8.03362926054738e-8 	 8.04522446829492e-8 	 1.327562031921421e-8 	 1.3287175574106626e-8 	 
98.9486414072729 	 0.0015871025566552856 	 0.0015683989813010185 	 5.459951810319697e-7 	 2.1884491049488783e-5 	 -9.078110815646838e-9 	 -1.0211581635931233e-8 	 -2.1508568550941932e-7 	 2.9120929861597895e-7 	 -2.7034634944222006e-6 	 -2.604122960832327e-6 	 1.0214972234701142e-6 	 1.0207521820326656e-6 	 -2.2466328003166e-7 	 -2.2322147695318107e-7 	 -1.096067046617529e-7 	 -1.0989730367186599e-7 	 2.148150488107668e-9 	 2.7242633654615216e-9 	 -1.2671611565676499e-8 	 -1.2665867623156565e-8 	 -8.434316937401146e-9 	 -8.588788725563481e-9 	 7.989219632173581e-8 	 8.00115532102013e-8 	 1.327674892187661e-8 	 1.3288690706150753e-8 	 
100.69245862728103 	 0.0016987086563673016 	 0.0016805026497239987 	 5.336830527590671e-7 	 2.1323712146158032e-5 	 -9.08430793668113e-9 	 -1.0213950995233048e-8 	 -2.1439134977827044e-7 	 2.9030070329031907e-7 	 -2.645241069918473e-6 	 -2.5464942171014836e-6 	 9.985149447622524e-7 	 9.97759394769743e-7 	 -2.2252690820938276e-7 	 -2.2106997710051828e-7 	 -1.084138590913158e-7 	 -1.087196862917347e-7 	 2.1387156852506696e-9 	 2.7247254176260407e-9 	 -1.2639046209752575e-8 	 -1.2633112600586811e-8 	 -8.410023483562822e-9 	 -8.56867491403259e-9 	 7.944406908972632e-8 	 7.956691625093204e-8 	 1.327790901967648e-8 	 1.3290249731106845e-8 	 
102.46700793672014 	 0.0017300299362432148 	 0.0017123092784011877 	 5.214012045236302e-7 	 2.0774158531114405e-5 	 -9.090613313208734e-9 	 -1.0216389297568834e-8 	 -2.1395750859642838e-7 	 2.8974612932127007e-7 	 -2.5821704085977683e-6 	 -2.492975762491637e-6 	 9.755887811473423e-7 	 9.748228426897582e-7 	 -2.2038576347967975e-7 	 -2.1891145413648652e-7 	 -1.0721614824433322e-7 	 -1.0753197909362093e-7 	 2.1292172798804047e-9 	 2.7251928468537514e-9 	 -1.2605947210896416e-8 	 -1.2599813203826493e-8 	 -8.385298165112256e-9 	 -8.54822370033027e-9 	 7.899193629374575e-8 	 7.911836118630224e-8 	 1.3279101373366273e-8 	 1.3291853781433689e-8 	 
104.27283094127554 	 0.0016784724788506534 	 0.0016612269487059881 	 5.091391098774499e-7 	 2.023610657407006e-5 	 -9.097027775869495e-9 	 -1.0218898325493607e-8 	 -2.136260140745444e-7 	 2.8933132857714274e-7 	 -2.5236598455085734e-6 	 -2.436323587635024e-6 	 9.526990153531503e-7 	 9.519228394557143e-7 	 -2.182394856226512e-7 	 -2.167441438653006e-7 	 -1.0601972381156947e-7 	 -1.0633504899176013e-7 	 2.1196633285054904e-9 	 2.725665422786721e-9 	 -1.2572309635427306e-8 	 -1.2565965307904325e-8 	 -8.360139291030386e-9 	 -8.52743141941808e-9 	 7.853582351707999e-8 	 7.866591555748889e-8 	 1.328032675761854e-8 	 1.3293504013259688e-8 	 
106.11047879159794 	 0.0015549056405917327 	 0.0015381299068287421 	 4.968955242021919e-7 	 1.9709225319901728e-5 	 -9.103552088631767e-9 	 -1.0221479896472133e-8 	 -2.1323582164782856e-7 	 2.888380157833484e-7 	 -2.4714402128915716e-6 	 -2.3792950746837334e-6 	 9.298432786130325e-7 	 9.290570411854469e-7 	 -2.1608734419751236e-7 	 -2.1456610464697986e-7 	 -1.0483160828642002e-7 	 -1.051320369198156e-7 	 2.1100627254491972e-9 	 2.7261428838058086e-9 	 -1.2538129220081756e-8 	 -1.2531566281965507e-8 	 -8.334547728054748e-9 	 -8.506295396376684e-9 	 7.807575675893766e-8 	 7.820960725530817e-8 	 1.3281585961282807e-8 	 1.3295201605855837e-8 	 
107.98051235151794 	 0.0013748835102168064 	 0.0013585523783066966 	 4.846780953164999e-7 	 1.9203807703677547e-5 	 -9.110186902860837e-9 	 -1.0224135862689088e-8 	 -2.1263959664389027e-7 	 2.8806637681088856e-7 	 -2.4156996311790743e-6 	 -2.3221079302162894e-6 	 9.070358259370571e-7 	 9.062397205387734e-7 	 -2.1392824795735222e-7 	 -2.123755593252983e-7 	 -1.0365670466743062e-7 	 -1.0392856355172336e-7 	 2.1004248966084763e-9 	 2.7266249498779484e-9 	 -1.2503402641372529e-8 	 -1.2496615280106802e-8 	 -8.308526679540136e-9 	 -8.484814902954562e-9 	 7.76117620566705e-8 	 7.774946418818827e-8 	 1.328287978642586e-8 	 1.3296947762019959e-8 	 
109.8835023692267 	 0.0011627179881956095 	 0.0011468293636556022 	 4.725021220005054e-7 	 1.8699406957308142e-5 	 -9.116932792849354e-9 	 -1.0226868111759604e-8 	 -2.1172213976608886e-7 	 2.8686006642922065e-7 	 -2.3593935369327904e-6 	 -2.2644874018141054e-6 	 8.843052182985818e-7 	 8.834994484999758e-7 	 -2.1176080816316854e-7 	 -2.1017141226230678e-7 	 -1.0249423122943716e-7 	 -1.0273183291970371e-7 	 2.090759463987504e-9 	 2.727111336445706e-9 	 -1.2468128037396196e-8 	 -1.2461113367841224e-8 	 -8.282080392502773e-9 	 -8.462992087935675e-9 	 7.714386646403634e-8 	 7.728551532862441e-8 	 1.3284209047713002e-8 	 1.329874370779978e-8 	 
111.82002965147176 	 0.0009396274031765015 	 0.0009241664686880127 	 4.603881932838761e-7 	 1.820570857229479e-5 	 -9.123790213421557e-9 	 -1.0229678566247325e-8 	 -2.1041401696669461e-7 	 2.85124722271527e-7 	 -2.3033022007842504e-6 	 -2.20269109256477e-6 	 8.616899116789751e-7 	 8.608746843308487e-7 	 -2.0958354855567628e-7 	 -2.0795374926706494e-7 	 -1.0133665780205217e-7 	 -1.0154818010821154e-7 	 2.081075942854641e-9 	 2.727601767068641e-9 	 -1.2432305405692228e-8 	 -1.2425062939018817e-8 	 -8.255211801080438e-9 	 -8.44083219796118e-9 	 7.667209804885849e-8 	 7.681779077897863e-8 	 1.3285574573728182e-8 	 1.3300590689478717e-8 	 
113.79068524082398 	 0.000720172010621583 	 0.000705135424598179 	 4.483598112820843e-7 	 1.7723107848906454e-5 	 -9.130759564545856e-9 	 -1.0232569184521037e-8 	 -2.086816350925508e-7 	 2.8281454137063116e-7 	 -2.247183189627682e-6 	 -2.1489403633242593e-6 	 8.392338144220202e-7 	 8.384093342591261e-7 	 -2.0739534324895882e-7 	 -2.057240896216252e-7 	 -1.0017322619407845e-7 	 -1.0037923946297026e-7 	 2.071383490498027e-9 	 2.7280959839664597e-9 	 -1.2395936478004765e-8 	 -1.2388467335397184e-8 	 -8.227920917315372e-9 	 -8.418342429382883e-9 	 7.619648653257124e-8 	 7.634632245232273e-8 	 1.3286977206514434e-8 	 1.330248997938053e-8 	 
115.79607059606842 	 0.0005183543027452072 	 0.0005037271461451412 	 4.364414706733457e-7 	 1.7250701956462387e-5 	 -9.137841109309418e-9 	 -1.0235541961048926e-8 	 -2.065247625643201e-7 	 2.799289503839566e-7 	 -2.1879137646209203e-6 	 -2.094004804294496e-6 	 8.169826975076877e-7 	 8.161491630471224e-7 	 -2.051959204679426e-7 	 -2.034852000441183e-7 	 -9.899535740314772e-8 	 -9.921971082163107e-8 	 2.0616907307612286e-9 	 2.728593755455968e-9 	 -1.2359024633798902e-8 	 -1.2351329921377095e-8 	 -8.200204449778973e-9 	 -8.395529399746191e-9 	 7.571706386665373e-8 	 7.587114465958167e-8 	 1.328841779862161e-8 	 1.3304442872367433e-8 	 
117.83679777577332 	 0.00033964758591006184 	 0.00032542161077339833 	 4.246568058337345e-7 	 1.6788994843223215e-5 	 -9.145035058069543e-9 	 -1.0238598926439011e-8 	 -2.039710447466063e-7 	 2.7650519706551427e-7 	 -2.131669710805609e-6 	 -2.039014255556481e-6 	 7.949807304194372e-7 	 7.941383314889978e-7 	 -2.0298626781509933e-7 	 -2.0124059645164102e-7 	 -9.779957541246313e-8 	 -9.805961183471805e-8 	 2.0520056308152485e-9 	 2.729094881479833e-9 	 -1.2321574549045234e-8 	 -1.2313653368131015e-8 	 -8.172057108712892e-9 	 -8.372396720350947e-9 	 7.523386434582371e-8 	 7.539229422513533e-8 	 1.3289897217019963e-8 	 1.3306450685690389e-8 	 
119.91348962509578 	 0.000185975485586178 	 0.00017214518508608728 	 4.1302755883135714e-7 	 1.633732201999386e-5 	 -9.152341546872354e-9 	 -1.02417421482156e-8 	 -2.0105751899205473e-7 	 2.725932867902836e-7 	 -2.0799012707897286e-6 	 -1.98471366545426e-6 	 7.732685512784849e-7 	 7.724174676423578e-7 	 -2.007686668196827e-7 	 -1.9899387552477229e-7 	 -9.658706543375349e-8 	 -9.688939198940063e-8 	 2.04233546046403e-9 	 2.7295991955353405e-9 	 -1.2283591102349583e-8 	 -1.2275439336455387e-8 	 -8.1434732227094e-9 	 -8.348943822065919e-9 	 7.474692505354099e-8 	 7.49098109259105e-8 	 1.3291416338454037e-8 	 1.3308514762769862e-8 	 
122.026779965878 	 5.9888091854882194e-5 	 4.644165067433365e-5 	 4.015729913079744e-7 	 1.5895526021537752e-5 	 -9.159760631570914e-9 	 -1.0244973731693691e-8 	 -1.9783489857705546e-7 	 2.6826181362730715e-7 	 -2.0264220240267803e-6 	 -1.9309277604431112e-6 	 7.518821665879275e-7 	 7.510225673803243e-7 	 -1.9854634501047742e-7 	 -1.9674822027460158e-7 	 -9.536148181314158e-8 	 -9.57039621536477e-8 	 2.0326867669390254e-9 	 2.73010656581925e-9 	 -1.2245078950504723e-8 	 -1.22366887540408e-8 	 -8.11444809347811e-9 	 -8.3251669996604e-9 	 7.425628605142077e-8 	 7.442373765486399e-8 	 1.329297605496588e-8 	 1.3310636473017685e-8 	 
124.17731379009476 	 -4.385957845049578e-5 	 -5.6934959339405916e-5 	 3.903093616518731e-7 	 1.5463770850858396e-5 	 -9.167292329217203e-9 	 -1.0248295820049027e-8 	 -1.9435306399322825e-7 	 2.6357827396862285e-7 	 -1.9740062561479787e-6 	 -1.8741468641938367e-6 	 7.308519727017342e-7 	 7.299840167963817e-7 	 -1.963228922107412e-7 	 -1.9450606443743333e-7 	 -9.412717163777981e-8 	 -9.45033904586141e-8 	 2.0230654138427483e-9 	 2.7306168937439913e-9 	 -1.2206041868267769e-8 	 -1.219740175213694e-8 	 -8.084978468262689e-9 	 -8.301061362102734e-9 	 7.376199041827265e-8 	 7.393412040313541e-8 	 1.3294577271219333e-8 	 1.331281721255855e-8 	 
126.36574745671011 	 -0.00012458621422132898 	 -0.00013729575277458448 	 3.7925022425679316e-7 	 1.5041214930670845e-5 	 -9.174936584890665e-9 	 -1.0251710594922837e-8 	 -1.906601587506166e-7 	 2.5860784106727555e-7 	 -1.922334733383324e-6 	 -1.821497866995897e-6 	 7.102033146812357e-7 	 7.093271510595892e-7 	 -1.941017601022736e-7 	 -1.9226891771522255e-7 	 -9.288927360239702e-8 	 -9.329078301383375e-8 	 2.0134766106389192e-9 	 2.731130112748242e-9 	 -1.2166482621095004e-8 	 -1.2157578318366272e-8 	 -8.05506287495427e-9 	 -8.276622571377578e-9 	 7.326408434822103e-8 	 7.344100826460005e-8 	 1.3296220905323342e-8 	 1.3315058407321696e-8 	 
128.59274889200225 	 -0.00018771045070662838 	 -0.00020006005723546922 	 3.6840626737369237e-7 	 1.462817979938968e-5 	 -9.18269332459524e-9 	 -1.0255220277809633e-8 	 -1.8680421934310577e-7 	 2.5341558021298676e-7 	 -1.870683345488543e-6 	 -1.7733877754859242e-6 	 6.899561820680537e-7 	 6.890719508177299e-7 	 -1.918858683476502e-7 	 -1.9003734045372576e-7 	 -9.165473854411456e-8 	 -9.206978938831615e-8 	 2.003924978991137e-9 	 2.73164618572242e-9 	 -1.2126403104125783e-8 	 -1.2117218831453313e-8 	 -8.024702308952204e-9 	 -8.251847629235347e-9 	 7.276261741254353e-8 	 7.294445352712213e-8 	 1.329790789134024e-8 	 1.3317361510532885e-8 	 
130.8589977934205 	 -0.00023470775613612524 	 -0.000246710489734779 	 3.5778578114462974e-7 	 1.4224306950692987e-5 	 -9.190562414191723e-9 	 -1.0258827129733388e-8 	 -1.8282344639428595e-7 	 2.4805323033556975e-7 	 -1.8176685752341712e-6 	 -1.7237318162675344e-6 	 6.701260834160595e-7 	 6.692339165335233e-7 	 -1.8967738193603559e-7 	 -1.8781100373421522e-7 	 -9.043210909797222e-8 	 -9.084397703559926e-8 	 1.9944146014247406e-9 	 2.7321651031898224e-9 	 -1.208580472204285e-8 	 -1.207632467815369e-8 	 -7.993900854795804e-9 	 -8.226735108416174e-9 	 7.225764269567228e-8 	 7.244451155354103e-8 	 1.3299639179155044e-8 	 1.3319728005170118e-8 	 
133.16518583703325 	 -0.0002688349212385294 	 -0.0002804936247296258 	 3.4739480096264176e-7 	 1.3829117305030721e-5 	 -9.198543710735971e-9 	 -1.0262533452458857e-8 	 -1.7875676759127266e-7 	 2.425735521348932e-7 	 -1.7703892057081224e-6 	 -1.6751977623089809e-6 	 6.507243135787476e-7 	 6.498243359877923e-7 	 -1.874775517447194e-7 	 -1.855888993845956e-7 	 -8.922973444190961e-8 	 -8.961794885976394e-8 	 1.9849490914768803e-9 	 2.7326868808851723e-9 	 -1.204468860441318e-8 	 -1.2034898698287164e-8 	 -7.962665915748923e-9 	 -8.201285261899925e-9 	 7.174921714885983e-8 	 7.194124082406344e-8 	 1.3301415736263622e-8 	 1.3322159403003972e-8 	 
135.51201688863299 	 -0.0002929213024971335 	 -0.00030425114339281646 	 3.372374602472067e-7 	 1.3448301993668637e-5 	 -9.206637012969738e-9 	 -1.0266341588253376e-8 	 -1.7463202455704881e-7 	 2.3701426968852516e-7 	 -1.7225548516983995e-6 	 -1.6274621112732865e-6 	 6.317586128251189e-7 	 6.308509432766664e-7 	 -1.8528668690178358e-7 	 -1.8336981138881008e-7 	 -8.805198996294575e-8 	 -8.839816409705241e-8 	 1.97553164055841e-9 	 2.7332115581299864e-9 	 -1.2003056305833847e-8 	 -1.1992945766361363e-8 	 -7.931007345049312e-9 	 -8.175501058821946e-9 	 7.123740242158219e-8 	 7.14347035201992e-8 	 1.330323854698021e-8 	 1.3324657245981935e-8 	 
137.90020721856175 	 -0.0003080628654598029 	 -0.0003190671308190551 	 3.273163122694603e-7 	 1.3070544195544757e-5 	 -9.214842162391659e-9 	 -1.0270253920851235e-8 	 -1.704771893420012e-7 	 2.3141331140033098e-7 	 -1.6758735290787566e-6 	 -1.5793998826255864e-6 	 6.132337682162534e-7 	 6.12318520061509e-7 	 -1.8310416517451855e-7 	 -1.8115294334316662e-7 	 -8.689495931479577e-8 	 -8.719274399348922e-8 	 1.9661650807088777e-9 	 2.733739195269329e-9 	 -1.1960910299329654e-8 	 -1.1950472572598621e-8 	 -7.898934664157482e-9 	 -8.149388955119019e-9 	 7.072226527786973e-8 	 7.092496593357109e-8 	 1.3305108613526376e-8 	 1.3327223105643788e-8 	 
140.3304857203213 	 -0.00031711456977740425 	 -0.0003278004801216045 	 3.1763249168737894e-7 	 1.2701127914604987e-5 	 -9.223158907631339e-9 	 -1.02742728751435e-8 	 -1.6631269626837852e-7 	 2.2579838058253248e-7 	 -1.630402476434459e-6 	 -1.5323219692459247e-6 	 5.951519151538124e-7 	 5.942291971766887e-7 	 -1.8092864418663656e-7 	 -1.7893852162311338e-7 	 -8.574681018752701e-8 	 -8.600983492473114e-8 	 1.9568519190791596e-9 	 2.734269872289372e-9 	 -1.1918254638846937e-8 	 -1.190748715211627e-8 	 -7.866453700867706e-9 	 -8.122959418231022e-9 	 7.020387798207586e-8 	 7.041209924816247e-8 	 1.3307026955250214e-8 	 1.3329858581620413e-8 	 
142.80359413303793 	 -0.00032043933032434383 	 -0.0003308111277154699 	 3.081860491555152e-7 	 1.2339363257124694e-5 	 -9.231587026915824e-9 	 -1.027840091752032e-8 	 -1.6215731503873595e-7 	 2.2019493755586654e-7 	 -1.5856602250076436e-6 	 -1.489015708277485e-6 	 5.775131629182402e-7 	 5.765830799199747e-7 	 -1.7875854410265264e-7 	 -1.76728042632991e-7 	 -8.45936621741588e-8 	 -8.485318478410522e-8 	 1.947594393076393e-9 	 2.7348036872244453e-9 	 -1.1875095056399413e-8 	 -1.1863997734451304e-8 	 -7.833564370502563e-9 	 -8.096225653214371e-9 	 6.968231859711984e-8 	 6.989618063549531e-8 	 1.3308994609374372e-8 	 1.3332565306303985e-8 	 
145.32028726784566 	 -0.00032023580040702293 	 -0.00033030304065593386 	 2.9897605245153285e-7 	 1.198595229132689e-5 	 -9.240126293366633e-9 	 -1.0282640555244733e-8 	 -1.580252746094625e-7 	 2.1462228348685031e-7 	 -1.5404827699869776e-6 	 -1.4460469045647972e-6 	 5.603157833775375e-7 	 5.59378436827366e-7 	 -1.7659268989169494e-7 	 -1.7452404304228558e-7 	 -8.34260534693294e-8 	 -8.371823996400833e-8 	 1.938394492685791e-9 	 2.735340755316954e-9 	 -1.1831439168843858e-8 	 -1.182001181585004e-8 	 -7.800261657508372e-9 	 -8.069200308171828e-9 	 6.915767041263424e-8 	 6.937729353401284e-8 	 1.3311012628228149e-8 	 1.3335344945264532e-8 	 
147.88133323826136 	 -0.0003165237466284276 	 -0.0003262934967143443 	 2.900008578480071e-7 	 1.1640411680369926e-5 	 -9.248776437820295e-9 	 -1.0286994336426503e-8 	 -1.5392854236335755e-7 	 2.0909665753195907e-7 	 -1.4962497287178961e-6 	 -1.4040490804242123e-6 	 5.43556718421862e-7 	 5.426122068597595e-7 	 -1.7443098248413428e-7 	 -1.7232942047866673e-7 	 -8.224232719572651e-8 	 -8.259288861158748e-8 	 1.929254005237735e-9 	 2.7358812070371198e-9 	 -1.178729592028816e-8 	 -1.1775535072767015e-8 	 -7.766538064215862e-9 	 -8.041891266460546e-9 	 6.863002180659979e-8 	 6.885552796638596e-8 	 1.3313082082585884e-8 	 1.3338199191030833e-8 	 
150.48751369461772 	 -0.0003106948241740796 	 -0.0003201700873666221 	 2.8125815609093005e-7 	 1.1301876716922183e-5 	 -9.257537235790223e-9 	 -1.029146485000707e-8 	 -1.4987732600652912e-7 	 2.0363191753020964e-7 	 -1.4562344648772888e-6 	 -1.3629456980604414e-6 	 5.272316656188928e-7 	 5.26280085147688e-7 	 -1.7227468438770103e-7 	 -1.7014676336021281e-7 	 -8.104765611200947e-8 	 -8.146320075303425e-8 	 1.9201745283125595e-9 	 2.7364251879396007e-9 	 -1.1742674463110008e-8 	 -1.1730571748587413e-8 	 -7.732387269016405e-9 	 -8.014299140135881e-9 	 6.80994659099374e-8 	 6.833098003708162e-8 	 1.3315204059786816e-8 	 1.3341129773284202e-8 	 
153.13962406262917 	 -0.00030306280011687314 	 -0.00031225319628828393 	 2.727451560293769e-7 	 1.097134316114406e-5 	 -9.266408424336953e-9 	 -1.0296054724992239e-8 	 -1.4587891386017607e-7 	 1.9823795795264073e-7 	 -1.4157930816420682e-6 	 -1.3217447663011382e-6 	 5.113354215989476e-7 	 5.10376866206708e-7 	 -1.7012621959707416e-7 	 -1.6797779412098e-7 	 -7.985149809681299e-8 	 -8.032022211941179e-8 	 1.911157506631923e-9 	 2.7369728578546544e-9 	 -1.1697583167363304e-8 	 -1.1685124705690918e-8 	 -7.69780636002193e-9 	 -7.986418217535121e-9 	 6.75661003093777e-8 	 6.780375102398228e-8 	 1.3317379662870082e-8 	 1.3344138455834263e-8 	 
155.83847378616224 	 -0.0002942597022882501 	 -0.0003031710641226214 	 2.6445867031659034e-7 	 1.0648504998956054e-5 	 -9.27538975865698e-9 	 -1.030076663122158e-8 	 -1.41939550746905e-7 	 1.9292326175283251e-7 	 -1.3765699434125764e-6 	 -1.282256901460601e-6 	 4.958620421969146e-7 	 4.948966040391153e-7 	 -1.6798856696464807e-7 	 -1.6582311231789763e-7 	 -7.86654410720594e-8 	 -7.916234677494959e-8 	 1.9022042388718913e-9 	 2.7375243911613217e-9 	 -1.1652028840463174e-8 	 -1.1639196360419408e-8 	 -7.662797362875433e-9 	 -7.9582399645027e-9 	 6.703002670529306e-8 	 6.727394638781774e-8 	 1.3319610013820032e-8 	 1.3347227040614378e-8 	 
158.58488657428276 	 -0.0002844737834500162 	 -0.0002931111930696122 	 2.5639520240258555e-7 	 1.033207718991021e-5 	 -9.284480991639856e-9 	 -1.0305603278648148e-8 	 -1.3806405587136095e-7 	 1.8769437819069444e-7 	 -1.3382065088753182e-6 	 -1.244273229821682e-6 	 4.808050050788772e-7 	 4.798327747065515e-7 	 -1.658645385246261e-7 	 -1.6368222099207307e-7 	 -7.750113963744406e-8 	 -7.799393660387943e-8 	 1.8933159033992435e-9 	 2.7380799762260216e-9 	 -1.1606016619634318e-8 	 -1.159278983874712e-8 	 -7.627367881588727e-9 	 -7.929756658326223e-9 	 6.64913504464067e-8 	 6.67416749524845e-8 	 1.33218962556467e-8 	 1.3350397367898866e-8 	 
161.37970065265932 	 -0.000274127966553196 	 -0.00028249891051769456 	 2.485509933625979e-7 	 1.002325016074123e-5 	 -9.29368187847667e-9 	 -1.0310567418701376e-8 	 -1.3425652665230932e-7 	 1.8255688053478807e-7 	 -1.299837236757684e-6 	 -1.2074120207864344e-6 	 4.6615729719929095e-7 	 4.6517836378526707e-7 	 -1.6375618980922656e-7 	 -1.6155389624815e-7 	 -7.636680351928497e-8 	 -7.682310716212547e-8 	 1.8844935642621007e-9 	 2.7386398146249225e-9 	 -1.1559549984347529e-8 	 -1.154590986431785e-8 	 -7.591530295244908e-9 	 -7.900964041985417e-9 	 6.595018033766494e-8 	 6.62070487134053e-8 	 1.3324239551354853e-8 	 1.3353651312494384e-8 	 
164.22376901939475 	 -0.00026345513315983863 	 -0.00027157205339402345 	 2.409220946470683e-7 	 9.72713106884572e-6 	 -9.302992185755321e-9 	 -1.0315661844535369e-8 	 -1.3051958571090883e-7 	 1.7751433769009539e-7 	 -1.2616521954140744e-6 	 -1.1716083764076459e-6 	 4.5191155084268437e-7 	 4.50926002343847e-7 	 -1.616644717493586e-7 	 -1.5943684242844918e-7 	 -7.526182585168917e-8 	 -7.565989586509888e-8 	 1.8757381898626073e-9 	 2.7392041203424238e-9 	 -1.1512632066055357e-8 	 -1.1498562952722003e-8 	 -7.555298807500349e-9 	 -7.871863328095155e-9 	 6.540662793445983e-8 	 6.567018231024852e-8 	 1.3326641086975057e-8 	 1.3356990785325088e-8 	 
167.11795970536812 	 -0.00025255214034894136 	 -0.0002604128858412702 	 2.3350442057178603e-7 	 9.432181690018184e-6 	 -9.312411680015683e-9 	 -1.032088939173345e-8 	 -1.268554840070223e-7 	 1.7256981712924305e-7 	 -1.2271596633644105e-6 	 -1.1363909568262862e-6 	 4.3806014176678317e-7 	 4.370680650383919e-7 	 -1.595891151390693e-7 	 -1.5733047093472087e-7 	 -7.417521126205307e-8 	 -7.45156126169825e-8 	 1.8670506578254192e-9 	 2.7397731198198527e-9 	 -1.1465265908362612e-8 	 -1.1450757638224666e-8 	 -7.518684968944491e-9 	 -7.84246202846007e-9 	 6.486080716736823e-8 	 6.513119281690685e-8 	 1.3329102071407904e-8 	 1.3360417737184744e-8 	 
170.06315603916474 	 -0.00024157178777930028 	 -0.0002491852491866787 	 2.2629376330254533e-7 	 9.143745680661607e-6 	 -9.321940147950317e-9 	 -1.0326252939800787e-8 	 -1.2326614371580979e-7 	 1.6772594301391636e-7 	 -1.1926275472986582e-6 	 -1.0997820200340527e-6 	 4.245952171292271e-7 	 4.235966980694086e-7 	 -1.5752886855516387e-7 	 -1.5523537499083514e-7 	 -7.308989709774649e-8 	 -7.340079333658682e-8 	 1.8584317658690658e-9 	 2.7403470519182143e-9 	 -1.1417455883084238e-8 	 -1.1402502958818472e-8 	 -7.481693414322401e-9 	 -7.812774746965526e-9 	 6.431283411660364e-8 	 6.459019949458583e-8 	 1.3331623735422617e-8 	 1.336393415705219e-8 	 
173.06025691667327 	 -0.00023072832298996589 	 -0.00023809706607725315 	 2.1928582917661324e-7 	 8.863006687699383e-6 	 -9.33157738760786e-9 	 -1.033175541297182e-8 	 -1.1975252500490755e-7 	 1.6298403082383693e-7 	 -1.1591774604168861e-6 	 -1.0681581655617071e-6 	 4.115087633920485e-7 	 4.105038870602041e-7 	 -1.554820318436288e-7 	 -1.5315322379457806e-7 	 -7.199216417799565e-8 	 -7.231975745901126e-8 	 1.8498822403202546e-9 	 2.7409261678447206e-9 	 -1.1369208150849708e-8 	 -1.1353807337263686e-8 	 -7.44432105417235e-9 	 -7.782821030611946e-9 	 6.376282672487228e-8 	 6.404732322910117e-8 	 1.3334207332666584e-8 	 1.3367542072573424e-8 	 
176.1101770754371 	 -0.0002199937473120585 	 -0.00022712551299302453 	 2.1247628912950408e-7 	 8.589283814759899e-6 	 -9.341323197199975e-9 	 -1.0337399781262038e-8 	 -1.1631513168035566e-7 	 1.5834477638476447e-7 	 -1.1265673317928998e-6 	 -1.0358939843788587e-6 	 3.987927006857147e-7 	 3.9778155134338204e-7 	 -1.5344718718959949e-7 	 -1.5108615624543618e-7 	 -7.087872404945847e-8 	 -7.126642585970491e-8 	 1.8414027403391902e-9 	 2.7415107313152152e-9 	 -1.1320530981025705e-8 	 -1.1304677740163754e-8 	 -7.406560433356759e-9 	 -7.752620221011011e-9 	 6.321090491025668e-8 	 6.350268613678044e-8 	 1.3336854141855712e-8 	 1.337124355254836e-8 	 
179.2138473738376 	 -0.00020921559527773442 	 -0.0002161148879349739 	 2.058607644561937e-7 	 8.320728448660096e-6 	 -9.351177382159328e-9 	 -1.0343189061356073e-8 	 -1.1295526514569548e-7 	 1.538099692719026e-7 	 -1.0944080535149257e-6 	 -1.0047531687467426e-6 	 3.8643885603983664e-7 	 3.8542151727118534e-7 	 -1.5142390391292683e-7 	 -1.4903599167525356e-7 	 -6.975723948644002e-8 	 -7.022507092503311e-8 	 1.8329938662047435e-9 	 2.7421010189287174e-9 	 -1.127143392847946e-8 	 -1.1255119225593546e-8 	 -7.36840461189071e-9 	 -7.72218466327107e-9 	 6.265719118227536e-8 	 6.295641158480561e-8 	 1.333956546198316e-8 	 1.3375040705834157e-8 	 
182.3722150751998 	 -0.0001986108698377468 	 -0.0002052861598175286 	 1.9943479142847405e-7 	 8.059170241279536e-6 	 -9.361139794583319e-9 	 -1.0349126318590189e-8 	 -1.0967421489797317e-7 	 1.4938138821744946e-7 	 -1.0607733260456376e-6 	 -9.745060814354377e-7 	 3.744388969490465e-7 	 3.734154519307137e-7 	 -1.4941304729821312e-7 	 -1.4700364840724516e-7 	 -6.864293075503424e-8 	 -6.917791195997039e-8 	 1.82465616534529e-9 	 2.7426973198555326e-9 	 -1.1221926962234678e-8 	 -1.120513559605613e-8 	 -7.329851576404747e-9 	 -7.691515554460455e-9 	 6.210181082014855e-8 	 6.24086239748552e-8 	 1.3342342613822866e-8 	 1.3378935684386972e-8 	 
185.58624413690444 	 -0.00018808474784054135 	 -0.00019453918858979005 	 1.9319385933784303e-7 	 7.804869075642745e-6 	 -9.37121027390028e-9 	 -1.0355214666118535e-8 	 -1.0647257141259657e-7 	 1.4505986121568252e-7 	 -1.03200128494873e-6 	 -9.443627574390916e-7 	 3.6278440252606294e-7 	 3.617549342655638e-7 	 -1.47416549819296e-7 	 -1.449889742259985e-7 	 -6.75522923376009e-8 	 -6.8114417547167e-8 	 1.8163901507949715e-9 	 2.7432999366494193e-9 	 -1.1172018990189878e-8 	 -1.1154730745235986e-8 	 -7.290906475894443e-9 	 -7.660604337518581e-9 	 6.154489237427578e-8 	 6.185944939195789e-8 	 1.3345186941662066e-8 	 1.3382930684744215e-8 	 
188.85691550459407 	 -0.00017761596200530132 	 -0.00018385622864400313 	 1.8713338975266963e-7 	 7.55671509846371e-6 	 -9.381388686722075e-9 	 -1.0361457266613562e-8 	 -1.0335204763568032e-7 	 1.408477577407682e-7 	 -1.0027384743126479e-6 	 -9.150124296720358e-7 	 3.5146682446869036e-7 	 3.504314161672191e-7 	 -1.4543674103486665e-7 	 -1.4299097218727313e-7 	 -6.649519318486311e-8 	 -6.703531420880087e-8 	 1.808196307266658e-9 	 2.7439091852257875e-9 	 -1.1121716932848667e-8 	 -1.1103909606908074e-8 	 -7.2515802787265545e-9 	 -7.629438578781632e-9 	 6.098656678766891e-8 	 6.130901564951425e-8 	 1.3348099812665646e-8 	 1.3387027953132802e-8 	 
192.1852274115662 	 -0.0001675476618028386 	 -0.00017357714473405068 	 1.8124872867871464e-7 	 7.313518302154098e-6 	 -9.391674928769351e-9 	 -1.0367857331495838e-8 	 -1.0031302929407641e-7 	 1.367456370307158e-7 	 -9.744072538071687e-7 	 -8.87097402901186e-7 	 3.404774721867054e-7 	 3.394362077162852e-7 	 -1.4347555919429903e-7 	 -1.4100836365209232e-7 	 -6.546933962203172e-8 	 -6.595067067592088e-8 	 1.8000751175058205e-9 	 2.7445253949769267e-9 	 -1.1071026116079796e-8 	 -1.1052678805577067e-8 	 -7.211885112253182e-9 	 -7.598008658298742e-9 	 6.042696711197078e-8 	 6.075745352491056e-8 	 1.3351082620654734e-8 	 1.3391229774761061e-8 	 
195.57219568344027 	 -0.0001582198816390274 	 -0.00016404443465647692 	 1.7553526669917525e-7 	 7.077080615955176e-6 	 -9.402068891378064e-9 	 -1.0374418121948357e-8 	 -9.735355141589704e-8 	 1.327508415217953e-7 	 -9.468455105756315e-7 	 -8.600953329347597e-7 	 3.298077379023485e-7 	 3.287607019858544e-7 	 -1.4153391761066098e-7 	 -1.3904031859721325e-7 	 -6.446004231784347e-8 	 -6.487582306324993e-8 	 1.7920270699691762e-9 	 2.7451489097145574e-9 	 -1.1019950377870122e-8 	 -1.100104660888818e-8 	 -7.171828326591674e-9 	 -7.566312412249003e-9 	 5.986622681844548e-8 	 6.02048965670026e-8 	 1.3354136791063107e-8 	 1.3395538483177325e-8 	 
199.01885404819578 	 -0.00014967484315980543 	 -0.00015530110545864163 	 1.6998856753367567e-7 	 6.847524131368268e-6 	 -9.412570532652531e-9 	 -1.0381142948038646e-8 	 -9.44698412990094e-8 	 1.288582336537977e-7 	 -9.194103224375217e-7 	 -8.339666553969848e-7 	 3.194493377282775e-7 	 3.1839661571491417e-7 	 -1.396114355125836e-7 	 -1.3708696565132174e-7 	 -6.344882237526595e-8 	 -6.382656317553307e-8 	 1.7840526632945368e-9 	 2.745780085386133e-9 	 -1.0968493620260599e-8 	 -1.094902200016593e-8 	 -7.131408943213579e-9 	 -7.534357285042574e-9 	 5.930447949096091e-8 	 5.965148154072599e-8 	 1.335726377265263e-8 	 1.3399956461807311e-8 	 
202.5262544516745 	 -0.0001421101219096729 	 -0.00014754654511012688 	 1.6460442599221827e-7 	 6.6263350334046496e-6 	 -9.423179765821073e-9 	 -1.0388035168574214e-8 	 -9.165746427161697e-8 	 1.2506176122628034e-7 	 -8.921119247917104e-7 	 -8.083550455043081e-7 	 3.093944204987675e-7 	 3.083360978782853e-7 	 -1.37706640133814e-7 	 -1.3514934122257692e-7 	 -6.242456109701373e-8 	 -6.281302223980418e-8 	 1.7761523856187697e-9 	 2.7464192909527037e-9 	 -1.0916661071432924e-8 	 -1.0896612928273692e-8 	 -7.090619127508605e-9 	 -7.50215902252777e-9 	 5.874185784625396e-8 	 5.9097347096264485e-8 	 1.3360465045086251e-8 	 1.340448613459054e-8 	 
206.09546737864056 	 -0.0001355544642732607 	 -0.00014080357442027578 	 1.5937896087007166e-7 	 6.407743641168201e-6 	 -9.433896598542253e-9 	 -1.0395098191899979e-8 	 -8.890977993147808e-8 	 1.2135233493881567e-7 	 -8.668554634379953e-7 	 -7.8148878933867e-7 	 2.9963574228340517e-7 	 2.985719037634021e-7 	 -1.3581767656659725e-7 	 -1.3322882223168408e-7 	 -6.139012338335837e-8 	 -6.183470580963483e-8 	 1.7683266903663973e-9 	 2.747066909714101e-9 	 -1.0864459980126109e-8 	 -1.0843825947940454e-8 	 -7.049450456135738e-9 	 -7.469736478559208e-9 	 5.8178493898022625e-8 	 5.8542632750818096e-8 	 1.3363742116441601e-8 	 1.3409129978453209e-8 	 
209.7275821795022 	 -0.00012942492512457222 	 -0.00013448842043001466 	 1.5430863235907121e-7 	 6.1944661975282985e-6 	 -9.444720997402881e-9 	 -1.0402335475994974e-8 	 -8.622250791279843e-8 	 1.1772409118056804e-7 	 -8.42103395554851e-7 	 -7.584305428363349e-7 	 2.901666994348211e-7 	 2.890974277689527e-7 	 -1.339432738297848e-7 	 -1.3132639424098248e-7 	 -6.035974066917924e-8 	 -6.087854402978252e-8 	 1.7605759500364215e-9 	 2.747723341677491e-9 	 -1.0811899433393358e-8 	 -1.0790666012231311e-8 	 -7.0079004178651725e-9 	 -7.43710373302723e-9 	 5.761451871120551e-8 	 5.7987477267373644e-8 	 1.3367096525522553e-8 	 1.3413890518548966e-8 	 
213.42370740278793 	 -0.00012353348498120802 	 -0.0001284186774162224 	 1.4939004528238903e-7 	 5.988356420498267e-6 	 -9.455652994693678e-9 	 -1.0409750529165187e-8 	 -8.359441652435037e-8 	 1.1417534653634037e-7 	 -8.182275790269307e-7 	 -7.350346121369698e-7 	 2.809809597076635e-7 	 2.799063350790929e-7 	 -1.3208344710200306e-7 	 -1.29442223041016e-7 	 -5.935015987230877e-8 	 -5.992513406687112e-8 	 1.752900419858163e-9 	 2.7483890074975824e-9 	 -1.0758989546786175e-8 	 -1.0737137735160673e-8 	 -6.965975671518801e-9 	 -7.404263728628519e-9 	 5.705006253348532e-8 	 5.7432017758266935e-8 	 1.3370529835104645e-8 	 1.3418770332777562e-8 	 
217.18497113348542 	 -0.00011778544279450013 	 -0.00012249667272859065 	 1.4461985353289792e-7 	 5.7873304283836774e-6 	 -9.466692655045382e-9 	 -1.0417346910621257e-8 	 -8.102489162200292e-8 	 1.1070526562339635e-7 	 -7.949410577770907e-7 	 -7.124647843827679e-7 	 2.7207228303161026e-7 	 2.70992382742931e-7 	 -1.302395019825384e-7 	 -1.2757574755110694e-7 	 -5.8371030525361204e-8 	 -5.8959164469222767e-8 	 1.745300229299453e-9 	 2.749064349250472e-9 	 -1.0705739681639772e-8 	 -1.0683246618409842e-8 	 -6.923690192557648e-9 	 -7.371207497662928e-9 	 5.648525405076003e-8 	 5.6876388315537875e-8 	 1.3374043644730485e-8 	 1.3423772052475901e-8 	 
221.0125213373401 	 -0.00011179681028152005 	 -0.00011633947150194923 	 1.3999469697394393e-7 	 5.591780335138474e-6 	 -9.477840040255238e-9 	 -1.0425128233314665e-8 	 -7.85155780907445e-8 	 1.0731612313610388e-7 	 -7.717950308721935e-7 	 -6.904995016259277e-7 	 2.6343440304883114e-7 	 2.6234930145585145e-7 	 -1.284133642606238e-7 	 -1.2572624887893191e-7 	 -5.741836451502528e-8 	 -5.7977451027147014e-8 	 1.7377753697413061e-9 	 2.749749830103227e-9 	 -1.0652157497499983e-8 	 -1.0628999776548815e-8 	 -6.881059241024722e-9 	 -7.337920397856685e-9 	 5.59202214324468e-8 	 5.632072056404867e-8 	 1.3377639576101644e-8 	 1.342889836061681e-8 	 
224.90752621122337 	 -0.00010572137413480739 	 -0.0001101007359797169 	 1.3551103999269782e-7 	 5.400782765141393e-6 	 -9.489095275988789e-9 	 -1.0433098161788049e-8 	 -7.606996224654135e-8 	 1.0401273870561841e-7 	 -7.489982293297396e-7 	 -6.681194844757063e-7 	 2.5506072383034125e-7 	 2.539704930221876e-7 	 -1.266065834469841e-7 	 -1.238935699945725e-7 	 -5.647753059361236e-8 	 -5.6989703444581095e-8 	 1.7303257231398516e-9 	 2.75044593491797e-9 	 -1.0598248501706538e-8 	 -1.0574405535011415e-8 	 -6.838092764862007e-9 	 -7.304391110522195e-9 	 5.535509271401377e-8 	 5.5765143445488183e-8 	 1.3381319287297236e-8 	 1.3434151994003584e-8 	 
228.87117453967576 	 -9.976638859966064e-5 	 -0.00010398602031106686 	 1.3116521831310816e-7 	 5.2157789877764186e-6 	 -9.500458503452154e-9 	 -1.0441260417632047e-8 	 -7.368891949570526e-8 	 1.0079634934585158e-7 	 -7.27485817760513e-7 	 -6.475109096775459e-7 	 2.4694440741609653e-7 	 2.4584911785953417e-7 	 -1.2481959443813696e-7 	 -1.2207838330368935e-7 	 -5.553347273836397e-8 	 -5.6013156635419404e-8 	 1.7229510829177566e-9 	 2.7511531687405644e-9 	 -1.054401710774293e-8 	 -1.0519472020931651e-8 	 -6.794792427965018e-9 	 -7.270619417352887e-9 	 5.478999664778843e-8 	 5.520978352602953e-8 	 1.3385084472099727e-8 	 1.3439535742099707e-8 	 
232.90467605773122 	 -9.37466078659372e-5 	 -9.781215186838693e-5 	 1.2695351178906605e-7 	 5.036990171926746e-6 	 -9.511929913500435e-9 	 -1.0449618777542167e-8 	 -7.13740430005494e-8 	 9.766918998291647e-8 	 -7.067353516366578e-7 	 -6.273146701893195e-7 	 2.3907851024977063e-7 	 2.3797823126316004e-7 	 -1.2305159113529764e-7 	 -1.2028177506031742e-7 	 -5.458175781531276e-8 	 -5.506476810008424e-8 	 1.7156511948854686e-9 	 2.751872056983653e-9 	 -1.0489468243779228e-8 	 -1.046420631321901e-8 	 -6.751155034057681e-9 	 -7.236618865715307e-9 	 5.422506318189111e-8 	 5.465476557436526e-8 	 1.3388936859810336e-8 	 1.3445052455498096e-8 	 
237.00926182013913 	 -8.793900006488808e-5 	 -9.185355615501015e-5 	 1.2287209086912068e-7 	 4.8623243562342375e-6 	 -9.523509730172151e-9 	 -1.0458177074080201e-8 	 -6.912672620003249e-8 	 9.463323091958825e-8 	 -6.867273602487474e-7 	 -6.079678752432242e-7 	 2.314558823219501e-7 	 2.3035068290966408e-7 	 -1.2130115071714582e-7 	 -1.1850445295299556e-7 	 -5.363097401506556e-8 	 -5.415236011001908e-8 	 1.7084257657604328e-9 	 2.752603145222986e-9 	 -1.0434608338369935e-8 	 -1.040861423255666e-8 	 -6.707178863665085e-9 	 -7.2024132189911974e-9 	 5.366042265702077e-8 	 5.410021299065283e-8 	 1.3392878212010779e-8 	 1.3450705041896982e-8 	 
241.18618457708976 	 -8.251763422458051e-5 	 -8.628858167378403e-5 	 1.1891713472789197e-7 	 4.695496734543961e-6 	 -9.53519827185019e-9 	 -1.0466939198450245e-8 	 -6.694522566906891e-8 	 9.168611992321923e-8 	 -6.671612004780839e-7 	 -5.891813289204115e-7 	 2.2406938886907817e-7 	 2.2295933815589714e-7 	 -1.1956722885746665e-7 	 -1.167463680275712e-7 	 -5.269650150635649e-8 	 -5.3268714826997396e-8 	 1.701274516247161e-9 	 2.7533469978820256e-9 	 -1.037944608248932e-8 	 -1.0352700841195109e-8 	 -6.662868796168324e-9 	 -7.168026903431468e-9 	 5.309620439066443e-8 	 5.3546248663764003e-8 	 1.3396910329745167e-8 	 1.345649646470715e-8 	 
245.43671915656367 	 -7.7217501522956e-5 	 -8.084678147182327e-5 	 1.1508492521163291e-7 	 4.530219528794236e-6 	 -9.546995787216623e-9 	 -1.047590909897297e-8 	 -6.482869090885603e-8 	 8.882673854353321e-8 	 -6.474692056416558e-7 	 -5.706644356351382e-7 	 2.1691208682578327e-7 	 2.1579725406777662e-7 	 -1.1784984283864306e-7 	 -1.1500700276917459e-7 	 -5.1788640038308685e-8 	 -5.239498623527807e-8 	 1.6941971613192002e-9 	 2.754104202313131e-9 	 -1.0323991037186908e-8 	 -1.0296472417522997e-8 	 -6.618236758052905e-9 	 -7.133473517912325e-9 	 5.2532535566616316e-8 	 5.2992996382669066e-8 	 1.3401035047186025e-8 	 1.3462429748130569e-8 	 
249.7621628534194 	 -7.232366621294869e-5 	 -7.581735843608728e-5 	 1.1137174499784106e-7 	 4.37052672814946e-6 	 -9.55890267801988e-9 	 -1.0485090782489788e-8 	 -6.277660964252496e-8 	 8.605443891334336e-8 	 -6.286816297959296e-7 	 -5.512855668482705e-7 	 2.099770333526825e-7 	 2.088574884961347e-7 	 -1.1615003076966002e-7 	 -1.1328598115855635e-7 	 -5.090422322341612e-8 	 -5.1512893775535043e-8 	 1.6871934481479206e-9 	 2.7548753637619416e-9 	 -1.0268252295769971e-8 	 -1.0239935976235758e-8 	 -6.573295809362631e-9 	 -7.0987506297375735e-9 	 5.1969540115155446e-8 	 5.244058147282878e-8 	 1.3405254233949266e-8 	 1.3468507980794322e-8 	 
254.16383582533592 	 -6.780897342840987e-5 	 -7.117072879762096e-5 	 1.0777402020699335e-7 	 4.216696684990509e-6 	 -9.570919354168744e-9 	 -1.0494488314417543e-8 	 -6.078525805031932e-8 	 8.336412906650656e-8 	 -6.105941381977326e-7 	 -5.339564299578342e-7 	 2.0325755389253018e-7 	 2.0213336742437514e-7 	 -1.1446921369228894e-7 	 -1.1158344355027235e-7 	 -5.00289205508982e-8 	 -5.0617036489001975e-8 	 1.6802631416854488e-9 	 2.755661110436766e-9 	 -1.021223745630434e-8 	 -1.0183099287285878e-8 	 -6.528053127846627e-9 	 -7.063845492538694e-9 	 5.1407338224056944e-8 	 5.188913056650398e-8 	 1.3409569800449274e-8 	 1.3474734307944444e-8 	 
258.64308149573657 	 -6.340337554014682e-5 	 -6.663563031018159e-5 	 1.0428830686297236e-7 	 4.06609071792239e-6 	 -9.583046250532843e-9 	 -1.0504105820063606e-8 	 -5.8854265417545335e-8 	 8.075535558404375e-8 	 -5.932828095537309e-7 	 -5.171608239017692e-7 	 1.967472168283201e-7 	 1.9561845965832597e-7 	 -1.1280834721862152e-7 	 -1.0989980118612504e-7 	 -4.915037253775253e-8 	 -4.9718319769578694e-8 	 1.6734060350400582e-9 	 2.756462092990529e-9 	 -1.0155952123096317e-8 	 -1.0125969641253548e-8 	 -6.482507390723286e-9 	 -7.02874760287806e-9 	 5.0846047014961225e-8 	 5.133877081001184e-8 	 1.3413983694798806e-8 	 1.3481111944586427e-8 	 
263.20126696381004 	 -5.946167244210638e-5 	 -6.256915240418899e-5 	 1.0091118792144383e-7 	 3.920782657797511e-6 	 -9.595283887177338e-9 	 -1.0513947485128274e-8 	 -5.698168220643637e-8 	 7.822547855399403e-8 	 -5.765179647893601e-7 	 -5.008744985514686e-7 	 1.9043963977595536e-7 	 1.893063836758346e-7 	 -1.1116742629300777e-7 	 -1.0823523569629352e-7 	 -4.8270043269735305e-8 	 -4.883668656887416e-8 	 1.6666219379953186e-9 	 2.7572789825767973e-9 	 -1.009940135568538e-8 	 -1.006855340093106e-8 	 -6.436653984760023e-9 	 -6.99346040817258e-9 	 5.0285781371619987e-8 	 5.078962788215724e-8 	 1.3418497913231804e-8 	 1.348764416732242e-8 	 
267.8397834217601 	 -5.5719564610705845e-5 	 -5.870567227676535e-5 	 9.763943529433955e-8 	 3.779843462453873e-6 	 -9.60763278931875e-9 	 -1.0524017556123008e-8 	 -5.5164291018270256e-8 	 7.577009418642903e-8 	 -5.600693363648684e-7 	 -4.856778454100207e-7 	 1.8432879448945818e-7 	 1.831911116111185e-7 	 -1.0954563079927124e-7 	 -1.0658956095925151e-7 	 -4.7401696290363045e-8 	 -4.7987229271521714e-8 	 1.6599106945567321e-9 	 2.758112472946238e-9 	 -1.0042590879770977e-8 	 -1.0010856387325346e-8 	 -6.390493128930626e-9 	 -6.9580033624175175e-9 	 4.972665571399034e-8 	 5.024182455333389e-8 	 1.342311448864413e-8 	 1.3494334318252992e-8 	 
272.56004657940866 	 -5.212251301932667e-5 	 -5.499208329451119e-5 	 9.446989373853582e-8 	 3.642049919801766e-6 	 -9.620093586253649e-9 	 -1.0534320341900086e-8 	 -5.3402281093571754e-8 	 7.338952608330128e-8 	 -5.424495004439857e-7 	 -4.7037829329626974e-7 	 1.7840878845989402e-7 	 1.7726675146130996e-7 	 -1.0794189424877289e-7 	 -1.0496251881387506e-7 	 -4.6557462274340935e-8 	 -4.716891326042929e-8 	 1.6532721522701144e-9 	 2.758963285620044e-9 	 -9.985527983312319e-9 	 -9.952884940775893e-9 	 -6.34403309932972e-9 	 -6.9224019628720576e-9 	 4.9168784998171795e-8 	 4.969547923655197e-8 	 1.3427835503095396e-8 	 1.3501185809690642e-8 	 
277.36349709627893 	 -4.894278908695236e-5 	 -5.169987091015784e-5 	 9.139945976895225e-8 	 3.51079297028354e-6 	 -9.632666902665861e-9 	 -1.0544860213709339e-8 	 -5.169280942176753e-8 	 7.107988417123774e-8 	 -5.272831501233773e-7 	 -4.555321380669642e-7 	 1.7267382519669733e-7 	 1.7152750752814872e-7 	 -1.0635555399722426e-7 	 -1.0335400740898558e-7 	 -4.573528072066862e-8 	 -4.636492699963583e-8 	 1.6467061893778665e-9 	 2.7598321675882883e-9 	 -9.92822144394197e-9 	 -9.894645860737776e-9 	 -6.297284295229856e-9 	 -6.886672001023817e-9 	 4.8612284787644413e-8 	 4.915070536905619e-8 	 1.343266307864627e-8 	 1.3508202120534855e-8 	 
282.25160102129786 	 -4.582281667241255e-5 	 -4.847043953957436e-5 	 8.84252222244307e-8 	 3.3826254383093654e-6 	 -9.645353486256306e-9 	 -1.0555641606310386e-8 	 -5.0033678038094374e-8 	 6.883816882595322e-8 	 -5.121616951750107e-7 	 -4.4113760696938923e-7 	 1.6711846902816184e-7 	 1.6596794427993415e-7 	 -1.0478676128554016e-7 	 -1.0176403824488336e-7 	 -4.4921969612261074e-8 	 -4.555654355068863e-8 	 1.6402126953663252e-9 	 2.7607198912274646e-9 	 -9.87068050846448e-9 	 -9.836146171147295e-9 	 -6.250251206267101e-9 	 -6.850811190036343e-9 	 4.805727058535389e-8 	 4.860761218116076e-8 	 1.3437599383377322e-8 	 1.3515386801819931e-8 	 
287.22585024024306 	 -4.2913069208700566e-5 	 -4.5454570678057465e-5 	 8.554427993955709e-8 	 3.258254774838839e-6 	 -9.658154037547158e-9 	 -1.056666902012247e-8 	 -4.842534955996387e-8 	 6.666508645500782e-8 	 -4.974940307347361e-7 	 -4.271861845828093e-7 	 1.6173730175591978e-7 	 1.6058264414263752e-7 	 -1.0323636877244314e-7 	 -1.0019246805234583e-7 	 -4.410793150791417e-8 	 -4.4738388333686755e-8 	 1.6337915631219154e-9 	 2.761627253410509e-9 	 -9.81291311555752e-9 	 -9.777392725658464e-9 	 -6.202930772529873e-9 	 -6.8148052706347625e-9 	 4.750385494794881e-8 	 4.806630484353528e-8 	 1.3442646632540274e-8 	 1.3522743470346618e-8 	 
292.2877629310785 	 -4.032678376685551e-5 	 -4.2767787767998016e-5 	 8.275383025271818e-8 	 3.1399367923032643e-6 	 -9.67106947196401e-9 	 -1.0577947020282537e-8 	 -4.686401967565365e-8 	 6.455539240327763e-8 	 -4.832496353013351e-7 	 -4.13647760864672e-7 	 1.565250893850405e-7 	 1.5536637367790177e-7 	 -1.0170531123323582e-7 	 -9.863896242463063e-8 	 -4.329701978823632e-8 	 -4.392158491159309e-8 	 1.627442713489165e-9 	 2.7625550853700863e-9 	 -9.754925636152711e-9 	 -9.71839184477028e-9 	 -6.155318676056557e-9 	 -6.7786438449462925e-9 	 4.695214636095857e-8 	 4.752688674237771e-8 	 1.3447807091888411e-8 	 1.353027581973953e-8 	 
297.4388840273143 	 -3.771125320262768e-5 	 -4.0053839101706105e-5 	 8.005123302057882e-8 	 3.0241833925299873e-6 	 -9.684100596004097e-9 	 -1.058948023882664e-8 	 -4.5349207415394746e-8 	 6.250847400498282e-8 	 -4.694406173137304e-7 	 -4.005251288890105e-7 	 1.5147690294311077e-7 	 1.5031420385961478e-7 	 -1.0019383547076903e-7 	 -9.710322199531145e-8 	 -4.250083334772874e-8 	 -4.3123709370088725e-8 	 1.6211660564583372e-9 	 2.76350425102267e-9 	 -9.696723517210785e-9 	 -9.659150005363612e-9 	 -6.107416104823011e-9 	 -6.742331237609785e-9 	 4.640224731680951e-8 	 4.698945990480993e-8 	 1.3453083072680979e-8 	 1.3537987620233261e-8 	 
302.6807856895305 	 -3.537549417340191e-5 	 -3.762124031140579e-5 	 7.74338120034042e-8 	 2.9104888953792353e-6 	 -9.697248397085717e-9 	 -1.0601273376893867e-8 	 -4.3880634681206425e-8 	 6.052400590645628e-8 	 -4.5602149905019603e-7 	 -3.878133653194556e-7 	 1.465877440292529e-7 	 1.4542113705801004e-7 	 -9.870118776200501e-8 	 -9.558515622221379e-8 	 -4.1744055454929743e-8 	 -4.2354114069076675e-8 	 1.6149615165866906e-9 	 2.7644756395339027e-9 	 -9.638312531828031e-9 	 -9.599673835179778e-9 	 -6.059229623804794e-9 	 -6.705884325664272e-9 	 4.585425506146335e-8 	 4.6454126397860164e-8 	 1.3458476945178855e-8 	 1.3545882716425254e-8 	 
308.0150677852139 	 -3.321030481582161e-5 	 -3.536531875262322e-5 	 7.489903972946653e-8 	 2.803326149541943e-6 	 -9.710513871660245e-9 	 -1.0613331204187322e-8 	 -4.2454701962938606e-8 	 5.859701041838468e-8 	 -4.4299113442807347e-7 	 -3.754805954738711e-7 	 1.418528934429218e-7 	 1.4068245430041714e-7 	 -9.72260835704989e-8 	 -9.408482651868727e-8 	 -4.0996899086635923e-8 	 -4.160727482224449e-8 	 1.6088290238314358e-9 	 2.765470165748951e-9 	 -9.579700109061931e-9 	 -9.539970016966459e-9 	 -6.010765540766136e-9 	 -6.669320469460165e-9 	 4.530826279869281e-8 	 4.5920988303896794e-8 	 1.3463991126304404e-8 	 1.3553965025065095e-8 	 
313.44335837704745 	 -3.1044071567061044e-5 	 -3.311010982838219e-5 	 7.24444772434824e-8 	 2.6983290966335846e-6 	 -9.723898100447838e-9 	 -1.0625658562500178e-8 	 -4.107209588283673e-8 	 5.672851104435878e-8 	 -4.303354184388519e-7 	 -3.6353125062152896e-7 	 1.37267797699521e-7 	 1.3609360217045444e-7 	 -9.57677054847027e-8 	 -9.262396748937397e-8 	 -4.0236525920307156e-8 	 -4.0868724870488294e-8 	 1.602768507289554e-9 	 2.766488771693386e-9 	 -9.52089507387948e-9 	 -9.480045107094009e-9 	 -5.962024949107307e-9 	 -6.632645320949524e-9 	 4.476436156247683e-8 	 4.539014687542822e-8 	 1.3469628091776097e-8 	 1.3562238543151262e-8 	 
318.9673142198097 	 -2.916450644523844e-5 	 -3.114464658581887e-5 	 7.006767051383522e-8 	 2.596747777360582e-6 	 -9.737402238284532e-9 	 -1.0638260364442673e-8 	 -3.973118371360379e-8 	 5.491628101333772e-8 	 -4.1806243227087934e-7 	 -3.5192921692263595e-7 	 1.3282787342899995e-7 	 1.3164999806720143e-7 	 -9.432642957057693e-8 	 -9.115736568761004e-8 	 -3.946375159743423e-8 	 -4.0127500185362844e-8 	 1.5967798960761758e-9 	 2.7675324343127193e-9 	 -9.461906498404467e-9 	 -9.419905579236055e-9 	 -5.913005990841446e-9 	 -6.595851541099094e-9 	 4.422264166878124e-8 	 4.486170063483304e-8 	 1.3475390372774803e-8 	 1.3570707350106481e-8 	 
324.5886212660263 	 -2.7325535646811293e-5 	 -2.9223065975651135e-5 	 6.776633362789107e-8 	 2.498859291853253e-6 	 -9.751027461304297e-9 	 -1.0651141595259275e-8 	 -3.8429474583554765e-8 	 5.31568804578645e-8 	 -4.061530463745477e-7 	 -3.406922986681166e-7 	 1.2852885334954572e-7 	 1.2734737465390794e-7 	 -9.29033116841266e-8 	 -8.970936262630545e-8 	 -3.87080620459828e-8 	 -3.938480359469288e-8 	 1.5908631314323177e-9 	 2.768602180546701e-9 	 -9.402741702911837e-9 	 -9.359558019320035e-9 	 -5.8637103628845845e-9 	 -6.558926862617118e-9 	 4.3683194362919674e-8 	 4.4335744648202986e-8 	 1.3481280552097043e-8 	 1.3579375603799359e-8 	 
330.30899518053633 	 -2.556552065428673e-5 	 -2.738355258068229e-5 	 6.553819807902533e-8 	 2.4044686611738744e-6 	 -9.76477514177324e-9 	 -1.0664307312420695e-8 	 -3.716793115358917e-8 	 5.145172863013077e-8 	 -3.945749157231244e-7 	 -3.297946250029392e-7 	 1.243665017088983e-7 	 1.2318149651358344e-7 	 -9.149890899014295e-8 	 -8.827898547547553e-8 	 -3.798825415558261e-8 	 -3.865227365318355e-8 	 1.585018137650424e-9 	 2.769699077619858e-9 	 -9.343406417707183e-9 	 -9.299009157707017e-9 	 -5.814145702067964e-9 	 -6.521866473079308e-9 	 4.314611006222543e-8 	 4.3812368548708076e-8 	 1.3487301274340787e-8 	 1.3588247548295003e-8 	 
336.13018186412717 	 -2.4012788767954123e-5 	 -2.5755151084026688e-5 	 6.338103111032468e-8 	 2.3143109669134465e-6 	 -9.778646579800257e-9 	 -1.0677762645960213e-8 	 -3.5943947334428474e-8 	 4.979721745569605e-8 	 -3.833325130706295e-7 	 -3.192462133193609e-7 	 1.2033664885467278e-7 	 1.1914819461070353e-7 	 -9.011264078884397e-8 	 -8.686569904312008e-8 	 -3.728631396546589e-8 	 -3.79408209650699e-8 	 1.579244849050975e-9 	 2.7708242294020346e-9 	 -9.283906289493118e-9 	 -9.238265393879065e-9 	 -5.764320758041509e-9 	 -6.484678409077525e-9 	 4.2611476937400957e-8 	 4.3291656912477086e-8 	 1.3493455247283306e-8 	 1.3597327515278264e-8 	 
342.05395798639364 	 -2.2463722707718264e-5 	 -2.413043682437179e-5 	 6.129273603370286e-8 	 2.224896972773269e-6 	 -9.792643300493737e-9 	 -1.069151280000477e-8 	 -3.475664303295251e-8 	 4.819216761379961e-8 	 -3.724320377379835e-7 	 -3.093788128458643e-7 	 1.164353810142674e-7 	 1.1524355509543352e-7 	 -8.874314090909781e-8 	 -8.547002724269108e-8 	 -3.657364587947014e-8 	 -3.724998853701574e-8 	 1.5735432058575584e-9 	 2.7719787860779636e-9 	 -9.224248258101024e-9 	 -9.177333210076356e-9 	 -5.7142409311410635e-9 	 -6.447376138113859e-9 	 4.207937848924995e-8 	 4.277368931396504e-8 	 1.3499745243406576e-8 	 1.3606619907500563e-8 	 
348.082131527994 	 -2.1068835649889657e-5 	 -2.266563136825288e-5 	 5.92712130767154e-8 	 2.141180321398123e-6 	 -9.806766777235609e-9 	 -1.0705563052994105e-8 	 -3.360568585225721e-8 	 4.663617545766126e-8 	 -3.6183441945184003e-7 	 -2.9947343117161324e-7 	 1.1265877715176143e-7 	 1.1146365743950252e-7 	 -8.738946281671459e-8 	 -8.409243204831513e-8 	 -3.5854572605090514e-8 	 -3.656937012293384e-8 	 1.567913118180832e-9 	 2.773163936615428e-9 	 -9.164441073245834e-9 	 -9.116219119924067e-9 	 -5.663909810031179e-9 	 -6.409965984565109e-9 	 4.15498923568823e-8 	 4.2258540984063833e-8 	 1.3506174098663987e-8 	 1.3616129231815223e-8 	 
354.2165423324566 	 -1.9730350618617218e-5 	 -2.125754447446015e-5 	 5.7314455818226226e-8 	 2.0585386281546515e-6 	 -9.82101867915569e-9 	 -1.0719918760648004e-8 	 -3.248898919587846e-8 	 4.5126350835873324e-8 	 -3.5196720028379744e-7 	 -2.898629180286769e-7 	 1.0900309146953809e-7 	 1.0780475603478466e-7 	 -8.605197562890453e-8 	 -8.273254566966648e-8 	 -3.51585335794993e-8 	 -3.588984195240459e-8 	 1.5623545367054735e-9 	 2.774380905205508e-9 	 -9.104493730569985e-9 	 -9.054929673616493e-9 	 -5.613334031741848e-9 	 -6.372442792395701e-9 	 4.1023091070998436e-8 	 4.174628423354682e-8 	 1.351274471526025e-8 	 1.3625860075095184e-8 	 
360.45906266771465 	 -1.8475928196101995e-5 	 -1.993701893555566e-5 	 5.542050059686297e-8 	 1.9793358228173317e-6 	 -9.835400664783527e-9 	 -1.0734585358742676e-8 	 -3.1406895073636076e-8 	 4.366324708187078e-8 	 -3.419893867731711e-7 	 -2.8055265057150423e-7 	 1.0546465764975782e-7 	 1.0426318486076848e-7 	 -8.473179303704661e-8 	 -8.138983032240007e-8 	 -3.4492062811768393e-8 	 -3.521267141529156e-8 	 1.5568673483493295e-9 	 2.775630959309078e-9 	 -9.044413539098153e-9 	 -8.993471622377012e-9 	 -5.5625235457766964e-9 	 -6.334798169851521e-9 	 4.049904388344566e-8 	 4.123698997591873e-8 	 1.3519460067952243e-8 	 1.3635817117547095e-8 	 
366.81159779753773 	 -1.732906146108181e-5 	 -1.8726596249395638e-5 	 5.358743327261979e-8 	 1.9029884270660784e-6 	 -9.849914603251332e-9 	 -1.0749568365970696e-8 	 -3.035693002429559e-8 	 4.224341464233393e-8 	 -3.3230124949412584e-7 	 -2.7151782632948347e-7 	 1.0203990174837713e-7 	 1.008353703945524e-7 	 -8.342940242763552e-8 	 -8.006425522960516e-8 	 -3.38283109095858e-8 	 -3.4546969474372026e-8 	 1.5514515171349007e-9 	 2.776915407164548e-9 	 -8.98420616103754e-9 	 -8.931851202903572e-9 	 -5.511486964228142e-9 	 -6.297032039655943e-9 	 3.9977819444351176e-8 	 4.073072971868818e-8 	 1.352632319274474e-8 	 1.3646005135931019e-8 	 
373.2760865630298 	 -1.6177982648101907e-5 	 -1.7514285000108754e-5 	 5.181342156730616e-8 	 1.8293019524163763e-6 	 -9.864562329916708e-9 	 -1.0764873380777089e-8 	 -2.9339877581168102e-8 	 4.0868039687160814e-8 	 -3.2289022292673e-7 	 -2.627806950535202e-7 	 9.872540344800663e-8 	 9.751789237836342e-8 	 -8.216267467529645e-8 	 -7.875594539442501e-8 	 -3.315489108947517e-8 	 -3.389844834709599e-8 	 1.5461069007020356e-9 	 2.778235607183994e-9 	 -8.923877564324451e-9 	 -8.870074965415314e-9 	 -5.460230567045986e-9 	 -6.259154974885941e-9 	 3.94594868188216e-8 	 4.0227575831934725e-8 	 1.3533337206162526e-8 	 1.3656428994899981e-8 	 
379.8545019743811 	 -1.5231949127533526e-5 	 -1.6509879447349682e-5 	 5.0096621738010956e-8 	 1.758774370024681e-6 	 -9.879345887720904e-9 	 -1.0780506087867441e-8 	 -2.8353151132355176e-8 	 3.953349945366625e-8 	 -3.137561731429386e-7 	 -2.542976792786024e-7 	 9.551771921814403e-8 	 9.430730817180461e-8 	 -8.089383629870229e-8 	 -7.746472022266892e-8 	 -3.249461457749699e-8 	 -3.3277387608567327e-8 	 1.5408334814198863e-9 	 2.779592972067173e-9 	 -8.863435219231562e-9 	 -8.808149494151371e-9 	 -5.408761142554652e-9 	 -6.221178776492269e-9 	 3.8944114735181066e-8 	 3.97275999346886e-8 	 1.3540505300906613e-8 	 1.3667093654933535e-8 	 
386.5488518130427 	 -1.4159889119088388e-5 	 -1.5380282313988076e-5 	 4.843536156627275e-8 	 1.6893959093539706e-6 	 -9.894267398512556e-9 	 -1.0796472251401013e-8 	 -2.7396784091680902e-8 	 3.8239910742551296e-8 	 -3.0488709161335875e-7 	 -2.4608510986538163e-7 	 9.241372945225236e-8 	 9.120049753722386e-8 	 -7.964017173592282e-8 	 -7.619031958047741e-8 	 -3.186239244631289e-8 	 -3.2655535612507496e-8 	 1.535631084596417e-9 	 2.780988990991658e-9 	 -8.802888192330982e-9 	 -8.74608116475984e-9 	 -5.357086804035599e-9 	 -6.183107981102911e-9 	 3.843176981624832e-8 	 3.923087015441977e-8 	 1.3547830748303418e-8 	 1.3678004190646276e-8 	 
393.36117924451753 	 -1.3335837582929966e-5 	 -1.4503259287583623e-5 	 4.6827835979059315e-8 	 1.6248605657136866e-6 	 -9.909329032398428e-9 	 -1.0812777720938414e-8 	 -2.6470942503575087e-8 	 3.698758784456898e-8 	 -2.962850555334999e-7 	 -2.3813563131417793e-7 	 8.94100608082168e-8 	 8.819408891755959e-8 	 -7.840346375688691e-8 	 -7.493262601260437e-8 	 -3.123883936642684e-8 	 -3.2010863471767316e-8 	 1.5304997002750654e-9 	 2.782425215012401e-9 	 -8.742244701239831e-9 	 -8.68387638944501e-9 	 -5.305214900823987e-9 	 -6.144941489868394e-9 	 3.792251509574096e-8 	 3.8737448914280794e-8 	 1.355531690061456e-8 	 1.3689165758294406e-8 	 
400.2935634419512 	 -1.2461892770802885e-5 	 -1.3577151475924061e-5 	 4.527248600590761e-8 	 1.5614135209942264e-6 	 -9.924533148608701e-9 	 -1.0829428430652345e-8 	 -2.55712222507622e-8 	 3.5770270528148087e-8 	 -2.879440526437429e-7 	 -2.3043406501204246e-7 	 8.650380578889407e-8 	 8.528517399871906e-8 	 -7.71852163279166e-8 	 -7.369145436147801e-8 	 -3.0608628078822696e-8 	 -3.137175942530431e-8 	 1.5254391446887268e-9 	 2.783903246641992e-9 	 -8.681511230951829e-9 	 -8.62154190768815e-9 	 -5.253152484190702e-9 	 -6.1066812333197415e-9 	 3.741640920836364e-8 	 3.824739193015641e-8 	 1.3562967190882087e-8 	 1.370058362002915e-8 	 
407.3481202207082 	 -1.1602576923380336e-5 	 -1.266756421807694e-5 	 4.3767668976083875e-8 	 1.5001399125476504e-6 	 -9.939882130876548e-9 	 -1.0846430399853189e-8 	 -2.4702284810885783e-8 	 3.459474845469761e-8 	 -2.798341758737829e-7 	 -2.2296011026832176e-7 	 8.369189645817869e-8 	 8.247068581475581e-8 	 -7.598472966059772e-8 	 -7.24665063733572e-8 	 -2.9988338628357296e-8 	 -3.076931772826141e-8 	 1.520449399174435e-9 	 2.7854247244715746e-9 	 -8.620693401027069e-9 	 -8.559084200937041e-9 	 -5.200907577188168e-9 	 -6.0683362331216664e-9 	 3.6913507545758284e-8 	 3.776074978306045e-8 	 1.3570785133966025e-8 	 1.3712263145378187e-8 	 
414.5270026841376 	 -1.0980495702986352e-5 	 -1.199748407463453e-5 	 4.2311777089648876e-8 	 1.4414241148786462e-6 	 -9.955378577684141e-9 	 -1.0863789739421156e-8 	 -2.3857858802040495e-8 	 3.345204475686e-8 	 -2.719447087697497e-7 	 -2.15711294549512e-7 	 8.097132927907676e-8 	 7.974762194903049e-8 	 -7.479970953798129e-8 	 -7.125766410240614e-8 	 -2.9392138339044962e-8 	 -3.019820035644928e-8 	 1.5155302635590428e-9 	 2.786991349942381e-9 	 -8.559798414019312e-9 	 -8.496509310809767e-9 	 -5.148487268069234e-9 	 -6.029918538652906e-9 	 3.641386361422457e-8 	 3.727757062961722e-8 	 1.3578774333951444e-8 	 1.3724209809461567e-8 	 
421.8324018807136 	 -1.0133930797769013e-5 	 -1.1104529211158191e-5 	 4.0903416213826545e-8 	 1.3846006490808406e-6 	 -9.971025219460167e-9 	 -1.0881512652163796e-8 	 -2.3040383996545297e-8 	 3.234575920146188e-8 	 -2.642996745063863e-7 	 -2.0870640959507613e-7 	 7.833950615734608e-8 	 7.711338306334027e-8 	 -7.362905726690316e-8 	 -7.006492035289144e-8 	 -2.8804469777294205e-8 	 -2.9624943115668924e-8 	 1.5106817453772175e-9 	 2.788604857616383e-9 	 -8.498834731563254e-9 	 -8.433823721161409e-9 	 -5.095896662621875e-9 	 -5.9914362743739395e-9 	 3.591752990307242e-8 	 3.679790334630335e-8 	 1.3586938490733898e-8 	 1.3736429201367253e-8 	 
429.266547472761 	 -9.579018393121986e-6 	 -1.0505290879441963e-5 	 3.9540967591845964e-8 	 1.3300925890959977e-6 	 -9.98682474706687e-9 	 -1.0899605434680705e-8 	 -2.224967196403095e-8 	 3.127570386647606e-8 	 -2.569046935740807e-7 	 -2.019271682893251e-7 	 7.579339924129686e-8 	 7.456494394418303e-8 	 -7.247426060283631e-8 	 -6.888790297917223e-8 	 -2.8213385758233133e-8 	 -2.9033459478023067e-8 	 1.5059035823097699e-9 	 2.7902670575884776e-9 	 -8.437810643462013e-9 	 -8.371034454661007e-9 	 -5.0431434181497185e-9 	 -5.952891421128339e-9 	 3.542455729453061e-8 	 3.6321799008726356e-8 	 1.3595281395715797e-8 	 1.3748927006156941e-8 	 
436.8317084169661 	 -8.926805253021893e-6 	 -9.810344436991084e-6 	 3.8223102235851874e-8 	 1.27761128352381e-6 	 -1.0002780184520979e-8 	 -1.0918074477346916e-8 	 -2.1481046931638354e-8 	 3.023514807520611e-8 	 -2.4971727277814465e-7 	 -1.955528242389645e-7 	 7.333053149583792e-8 	 7.209982668292268e-8 	 -7.133707751556053e-8 	 -6.772623147016894e-8 	 -2.763448500822158e-8 	 -2.8444507935119972e-8 	 1.5011958416503443e-9 	 2.791979867506306e-9 	 -8.376732859952326e-9 	 -8.308147756020949e-9 	 -4.990237154010745e-9 	 -5.914286247460453e-9 	 3.4934994462680305e-8 	 3.584931036940741e-8 	 1.3603806940791186e-8 	 1.3761709030657717e-8 	 
444.53019365687624 	 -8.330355283784387e-6 	 -9.173563684680675e-6 	 3.694841076895247e-8 	 1.227554734919546e-6 	 -1.001889452016772e-8 	 -1.0936926265175313e-8 	 -2.0739048767911203e-8 	 2.9230793337665935e-8 	 -2.426958372374242e-7 	 -1.8917308669609696e-7 	 7.094827083055692e-8 	 6.971539998876221e-8 	 -7.021686853564426e-8 	 -6.657998226122301e-8 	 -2.707523913222727e-8 	 -2.7886717335129455e-8 	 1.4965582098904634e-9 	 2.7937452974745253e-9 	 -8.315607468139984e-9 	 -8.245169371502387e-9 	 -4.937182883879092e-9 	 -5.875628213644049e-9 	 3.444888737774335e-8 	 3.53804885395663e-8 	 1.3612519118347582e-8 	 1.3774781195947208e-8 	 
452.36435282761 	 -7.822963984147225e-6 	 -8.625764959495597e-6 	 3.571550185837884e-8 	 1.1777211219410403e-6 	 -1.0035171099918086e-8 	 -1.0956167380065593e-8 	 -2.0018589785714674e-8 	 2.8255279739240646e-8 	 -2.3589602402954582e-7 	 -1.830222455315961e-7 	 6.864401799962045e-8 	 6.740906608888452e-8 	 -6.91113043559818e-8 	 -6.544911845219593e-8 	 -2.651914063511107e-8 	 -2.735757825511643e-8 	 1.4919907555667727e-9 	 2.7955654012749685e-9 	 -8.254441825711e-9 	 -8.182106156001488e-9 	 -4.883984752171636e-9 	 -5.83692887115991e-9 	 3.39662806802352e-8 	 3.491538044569654e-8 	 1.362142202652504e-8 	 1.3788149542194368e-8 	 
460.3365769729802 	 -7.28670455573746e-6 	 -8.053520988582981e-6 	 3.452312036392748e-8 	 1.1328106060825577e-6 	 -1.005161319732747e-8 	 -1.0975804501981724e-8 	 -1.932181939545921e-8 	 2.731183875858222e-8 	 -2.2959399752839178e-7 	 -1.770527670628595e-7 	 6.641543204814612e-8 	 6.517848368689843e-8 	 -6.801963664317239e-8 	 -6.433313861744974e-8 	 -2.5964629409626846e-8 	 -2.6827101873316825e-8 	 1.4874931838468416e-9 	 2.797442333743488e-9 	 -8.19324406714571e-9 	 -8.118965165565664e-9 	 -4.8306528414704516e-9 	 -5.798196897988881e-9 	 3.3487217253980983e-8 	 3.445402625489274e-8 	 1.3630519858690708e-8 	 1.3801820222008003e-8 	 
468.4492992752599 	 -6.83167831426371e-6 	 -7.561656798346533e-6 	 3.336995631025599e-8 	 1.0869599407488706e-6 	 -1.0068224434722759e-8 	 -1.0995844411000774e-8 	 -1.864610153386716e-8 	 2.6396671380519492e-8 	 -2.2320493508690084e-7 	 -1.7125002396041122e-7 	 6.42600657337234e-8 	 6.302120702851893e-8 	 -6.694352718300558e-8 	 -6.323192881253137e-8 	 -2.542620623607946e-8 	 -2.6281264151597054e-8 	 1.4830655384575314e-9 	 2.7993782913564392e-9 	 -8.132021663881426e-9 	 -8.055751848012372e-9 	 -4.777195316133705e-9 	 -5.762590663510635e-9 	 3.301173796673884e-8 	 3.399645994174856e-8 	 1.3639816940090397e-8 	 1.3815799504196324e-8 	 
476.7049957978088 	 -6.354725268475156e-6 	 -7.050818383195335e-6 	 3.2254795065841185e-8 	 1.0442629073447855e-6 	 -1.0085008401246249e-8 	 -1.1016293989206445e-8 	 -1.799306568886449e-8 	 2.5512270738108977e-8 	 -2.1698129647988113e-7 	 -1.656320245355104e-7 	 6.217565225520626e-8 	 6.093496964182986e-8 	 -6.588412206462445e-8 	 -6.214570240630098e-8 	 -2.489849499875267e-8 	 -2.5742673839443184e-8 	 1.4787075336636844e-9 	 2.8013755588063794e-9 	 -8.0707814480489e-9 	 -7.992472545903147e-9 	 -4.72361550414375e-9 	 -5.724016685927441e-9 	 3.2539881264164977e-8 	 3.3542712425729955e-8 	 1.3649317691494076e-8 	 1.3830093788402455e-8 	 
485.10618624078336 	 -5.993995029799237e-6 	 -6.657136883466545e-6 	 3.1176405921786914e-8 	 1.0027753158998815e-6 	 -1.0101969031357552e-8 	 -1.1037160228430953e-8 	 -1.735901709275519e-8 	 2.4653241163394862e-8 	 -2.1098104080541056e-7 	 -1.6019261775923817e-7 	 6.015989244411186e-8 	 5.8917473949395303e-8 	 -6.484006317840751e-8 	 -6.107412919677479e-8 	 -2.437135266952078e-8 	 -2.523522171094158e-8 	 1.4744192152268508e-9 	 2.80343652497718e-9 	 -8.009530363758613e-9 	 -7.929134475999566e-9 	 -4.669921233110134e-9 	 -5.6854083088343365e-9 	 3.20716826721632e-8 	 3.309281566288097e-8 	 1.3659026661670653e-8 	 1.3844709606359238e-8 	 
493.65543471017156 	 -5.516500239985944e-6 	 -6.147958229133003e-6 	 3.013369385210323e-8 	 9.627394173099093e-7 	 -1.0119110284769764e-8 	 -1.1058450220150107e-8 	 -1.6746701206766842e-8 	 2.382375199866871e-8 	 -2.0512990787529703e-7 	 -1.5491631686694692e-7 	 5.82107454061031e-8 	 5.6966678470968735e-8 	 -6.380949668633089e-8 	 -6.001695750849229e-8 	 -2.385430911723205e-8 	 -2.4746455535828203e-8 	 1.4702003017442634e-9 	 2.80556368813346e-9 	 -7.948276074755324e-9 	 -7.865743553806006e-9 	 -4.616122244704075e-9 	 -5.646795926667843e-9 	 3.1607174652278555e-8 	 3.2646804432956144e-8 	 1.3668948524555876e-8 	 1.385965361138573e-8 	 
502.3553505003736 	 -5.251566336892369e-6 	 -5.853096889123547e-6 	 2.912541058050348e-8 	 9.246624166786819e-7 	 -1.0136436376069532e-8 	 -1.1080171170921546e-8 	 -1.615314702995994e-8 	 2.301945848884781e-8 	 -1.994350285424613e-7 	 -1.4983214539701383e-7 	 5.632587435094858e-8 	 5.50802499106156e-8 	 -6.279277096648885e-8 	 -5.897436237109846e-8 	 -2.3349595584495814e-8 	 -2.4248405989018344e-8 	 1.4660508187121346e-9 	 2.8077596127159255e-9 	 -7.887025752902976e-9 	 -7.802305691114084e-9 	 -4.562223996451638e-9 	 -5.60817281399312e-9 	 3.114638774402324e-8 	 3.22047150624172e-8 	 1.3679088079465008e-8 	 1.3874932586237035e-8 	 
511.2085888905816 	 -4.815943292668401e-6 	 -5.388432477996845e-6 	 2.8150607719303978e-8 	 8.876768964550107e-7 	 -1.0153951743734267e-8 	 -1.110233039426173e-8 	 -1.5577945957744254e-8 	 2.2239827946620663e-8 	 -1.93914356938452e-7 	 -1.4492442023102884e-7 	 5.450351673223524e-8 	 5.3256423449037626e-8 	 -6.179146886881394e-8 	 -5.794617441178651e-8 	 -2.284824752548592e-8 	 -2.3744765733035312e-8 	 1.4619705419298421e-9 	 2.8100269438148934e-9 	 -7.825786328155593e-9 	 -7.738827781945958e-9 	 -4.508233865569197e-9 	 -5.569511744692708e-9 	 3.068935174188781e-8 	 3.176658164464184e-8 	 1.3689450242814502e-8 	 1.389055343585447e-8 	 
520.2178519551875 	 -4.553665791510416e-6 	 -5.098512350644138e-6 	 2.720807600200511e-8 	 8.52330769771635e-7 	 -1.0171660904888084e-8 	 -1.1124935316183598e-8 	 -1.502315489257372e-8 	 2.148805266311711e-8 	 -1.886115022198306e-7 	 -1.4012775126121497e-7 	 5.274140658960512e-8 	 5.149293740991226e-8 	 -6.08054264183325e-8 	 -5.6954501599287006e-8 	 -2.235442185488574e-8 	 -2.3261892061779968e-8 	 1.4579594272645722e-9 	 2.8123683946042245e-9 	 -7.764565309900145e-9 	 -7.675316144833114e-9 	 -4.4541603146083045e-9 	 -5.530815309102997e-9 	 3.023609641550191e-8 	 3.1332432752554824e-8 	 1.3700040087852874e-8 	 1.3906523227087988e-8 	 
529.3858893884775 	 -4.242133640523494e-6 	 -4.760574809687093e-6 	 2.629687876277302e-8 	 8.18358751050996e-7 	 -1.0189568684870731e-8 	 -1.1147993480346466e-8 	 -1.4483327733339255e-8 	 2.075598932890953e-8 	 -1.8342847899042007e-7 	 -1.3546688962409406e-7 	 5.103780064050818e-8 	 4.978804743671003e-8 	 -5.983285688173693e-8 	 -5.5957315149530796e-8 	 -2.187089032548158e-8 	 -2.28031620326026e-8 	 1.454017344642525e-9 	 2.8147868468803216e-9 	 -7.703370404828502e-9 	 -7.611776707498168e-9 	 -4.400010995973986e-9 	 -5.4921134927768375e-9 	 2.9786650078429e-8 	 3.09022902076775e-8 	 1.3710862825634127e-8 	 1.3922849143938006e-8 	 
538.7154993438611 	 -3.930840020992853e-6 	 -4.424825332551923e-6 	 2.5415994019320016e-8 	 7.864981507211265e-7 	 -1.020767999717382e-8 	 -1.1171512545190052e-8 	 -1.3963523399449862e-8 	 2.005140278708755e-8 	 -1.7834566582439237e-7 	 -1.3099436264704808e-7 	 4.939078962574182e-8 	 4.8139845985130175e-8 	 -5.8873286704613985e-8 	 -5.497423785847321e-8 	 -2.13934698680344e-8 	 -2.2343599746738895e-8 	 1.4501441866061031e-9 	 2.8172853449517098e-9 	 -7.642208306939541e-9 	 -7.54821608590393e-9 	 -4.345795221831798e-9 	 -5.453414765392508e-9 	 2.9341037813058843e-8 	 3.047617173676731e-8 	 1.3721923791756982e-8 	 1.3939538518706631e-8 	 
548.2095292878844 	 -3.7161336970129008e-6 	 -4.185247401264771e-6 	 2.456439880724483e-8 	 7.544372841317167e-7 	 -1.0226000125019572e-8 	 -1.1195500290869512e-8 	 -1.345885215272408e-8 	 1.9366942020743253e-8 	 -1.7345914669636364e-7 	 -1.26665250905065e-7 	 4.779846017635025e-8 	 4.6546422442331e-8 	 -5.792791983522144e-8 	 -5.400512595988311e-8 	 -2.092338940900714e-8 	 -2.1876085972460492e-8 	 1.4463398709513198e-9 	 2.8198670460290235e-9 	 -7.581085494166798e-9 	 -7.484640441096561e-9 	 -4.291519283260452e-9 	 -5.414696941637096e-9 	 2.8899280890969145e-8 	 3.005409504326441e-8 	 1.3733228499170283e-8 	 1.3956598829875737e-8 	 
557.8708768693028 	 -3.429191118453724e-6 	 -3.875760905505076e-6 	 2.374123374103254e-8 	 7.24874509916468e-7 	 -1.0244534378962177e-8 	 -1.1219964617185136e-8 	 -1.2970731469649674e-8 	 1.8704858873239633e-8 	 -1.6872864920816753e-7 	 -1.224501019468706e-7 	 4.6259213154994273e-8 	 4.500617701563076e-8 	 -5.699713320454339e-8 	 -5.304979995834814e-8 	 -2.046049228242113e-8 	 -2.1422023825734465e-8 	 1.442604302891638e-9 	 2.8225351450259733e-9 	 -7.52000980155715e-9 	 -7.421056162696411e-9 	 -4.237193005263558e-9 	 -5.375954763345328e-9 	 2.8461398978096725e-8 	 2.963608025633269e-8 	 1.3744782603189983e-8 	 1.3974037689193617e-8 	 
567.7024908034608 	 -3.2184544078734677e-6 	 -3.642765224675677e-6 	 2.2945513613283478e-8 	 6.958955411235308e-7 	 -1.026328855606668e-8 	 -1.1244913554839892e-8 	 -1.2499157884740249e-8 	 1.806525192565473e-8 	 -1.6409808912561252e-7 	 -1.1851845041303614e-7 	 4.477120416204715e-8 	 4.351726880431365e-8 	 -5.6079606941899794e-8 	 -5.210805986633247e-8 	 -2.0006546828939628e-8 	 -2.0991595884003385e-8 	 1.438937395808098e-9 	 2.8252929350574413e-9 	 -7.458989290891731e-9 	 -7.3574695099415e-9 	 -4.182826797397386e-9 	 -5.3372148260244064e-9 	 2.8027412145102206e-8 	 2.9222149388135907e-8 	 1.375659191480553e-8 	 1.3991862874195922e-8 	 
577.707371772264 	 -3.0047018968285777e-6 	 -3.4080507181225896e-6 	 2.2176379928308126e-8 	 6.68239506718937e-7 	 -1.0282268368303134e-8 	 -1.1270355256240139e-8 	 -1.2041847496680518e-8 	 1.7444682528462737e-8 	 -1.596100224830013e-7 	 -1.1457340486926233e-7 	 4.333283203808812e-8 	 4.2078097731996545e-8 	 -5.5174796426286547e-8 	 -5.117965604290195e-8 	 -1.955919074723461e-8 	 -2.0564189011898532e-8 	 1.4353390803829718e-9 	 2.828143889653163e-9 	 -7.398030398867002e-9 	 -7.293886644070558e-9 	 -4.128426582093489e-9 	 -5.2984934545994996e-9 	 2.7597339309073297e-8 	 2.8812323118004558e-8 	 1.3768662416700031e-8 	 1.4010082315845263e-8 	 
587.8885733400108 	 -2.7936110960700003e-6 	 -3.1769201401360727e-6 	 2.1432984657814637e-8 	 6.41648294878348e-7 	 -1.030148003523025e-8 	 -1.1296298006308776e-8 	 -1.1600101802685186e-8 	 1.6845267966784446e-8 	 -1.5526181758509322e-7 	 -1.107433212346887e-7 	 4.194251415383035e-8 	 4.068708267847915e-8 	 -5.4283454040123894e-8 	 -5.0264571255157015e-8 	 -1.9116877180211506e-8 	 -2.0128366265700565e-8 	 1.4318093035328791e-9 	 2.8310916252042066e-9 	 -7.3371393067312885e-9 	 -7.230314099566431e-9 	 -4.074004209174326e-9 	 -5.259773265182535e-9 	 2.717119575119172e-8 	 2.8406616982230296e-8 	 1.3781000272584622e-8 	 1.4028704081925223e-8 	 
598.2492028853594 	 -2.6123430437383115e-6 	 -2.9764113521978856e-6 	 2.071446664031713e-8 	 6.162387489519707e-7 	 -1.0320929919140744e-8 	 -1.1322750224925575e-8 	 -1.1172492007586969e-8 	 1.6264878007040698e-8 	 -1.5124636843187255e-7 	 -1.0704854172738126e-7 	 4.059864024957676e-8 	 3.934261604536234e-8 	 -5.3405781066589364e-8 	 -4.936246731973811e-8 	 -1.8682101277958733e-8 	 -1.970378123474778e-8 	 1.4283479782191887e-9 	 2.8341399537242577e-9 	 -7.276323941872441e-9 	 -7.166757882281062e-9 	 -4.0195692056631115e-9 	 -5.221046971105421e-9 	 2.6748993967265093e-8 	 2.8005039643484198e-8 	 1.3793611822027328e-8 	 1.4047736411449222e-8 	 
608.7924225497273 	 -2.437144271182985e-6 	 -2.7827715020807197e-6 	 2.0020032668869046e-8 	 5.916070605847348e-7 	 -1.0340624653146911e-8 	 -1.134972046854102e-8 	 -1.0758966681472684e-8 	 1.5703530906631286e-8 	 -1.4715662163351947e-7 	 -1.0346724232389977e-7 	 3.92997301916746e-8 	 3.804321916757086e-8 	 -5.254095753225624e-8 	 -4.8473146647591794e-8 	 -1.8264801772215815e-8 	 -1.9302253238161896e-8 	 1.4249551077402922e-9 	 2.837292799180548e-9 	 -7.2155923115064916e-9 	 -7.103224452165335e-9 	 -3.965130276541514e-9 	 -5.182341799288543e-9 	 2.633074658933587e-8 	 2.7607595390251972e-8 	 1.3806503575910604e-8 	 1.4067187706142792e-8 	 
619.5214502023969 	 -2.2709881643526975e-6 	 -2.599277833344786e-6 	 1.9348904520894262e-8 	 5.68198408937706e-7 	 -1.0360571237371264e-8 	 -1.137721742712194e-8 	 -1.0358480899875682e-8 	 1.5159670150647707e-8 	 -1.431692213081945e-7 	 -9.999682849814856e-8 	 3.804433104056983e-8 	 3.678744085506814e-8 	 -5.1688799374819735e-8 	 -4.759663813352373e-8 	 -1.7849065998085832e-8 	 -1.8902908133374173e-8 	 1.4216306215047681e-9 	 2.8405542757531345e-9 	 -7.154950576817376e-9 	 -7.039720041846336e-9 	 -3.910698916523165e-9 	 -5.143675753770882e-9 	 2.5916466403123336e-8 	 2.72142897198445e-8 	 1.3819682240813136e-8 	 1.4087066525636448e-8 	 
630.4395604226339 	 -2.1103750279526434e-6 	 -2.422069706277167e-6 	 1.870030870440216e-8 	 5.456580234655792e-7 	 -1.0380776721192091e-8 	 -1.140524994193311e-8 	 -9.972229936290346e-9 	 1.463531061633534e-8 	 -1.393137368631722e-7 	 -9.66317210981557e-8 	 3.6830997004552646e-8 	 3.557383784941294e-8 	 -5.08495789373865e-8 	 -4.6732450324102065e-8 	 -1.7437190283887675e-8 	 -1.8494372030977444e-8 	 1.4183745183135448e-9 	 2.8439285792373515e-9 	 -7.0944053653927905e-9 	 -6.9762509003924646e-9 	 -3.8562853586113066e-9 	 -5.105029865807493e-9 	 2.551750764609165e-8 	 2.6825131231365484e-8 	 1.3833154734947564e-8 	 1.4107381601586395e-8 	 
641.5500854991163 	 -1.9920649994592614e-6 	 -2.288002108383738e-6 	 1.807350447713234e-8 	 5.241018021909602e-7 	 -1.0401248685062346e-8 	 -1.1433826995246889e-8 	 -9.59701249200546e-9 	 1.4125418386399047e-8 	 -1.3555916896224095e-7 	 -9.337230710275226e-8 	 3.5658344078106216e-8 	 3.440102857316552e-8 	 -5.0023020207160976e-8 	 -4.588068424555059e-8 	 -1.7041694306411892e-8 	 -1.8100019543033437e-8 	 1.4151868165144748e-9 	 2.8474200333821376e-9 	 -7.033964502479075e-9 	 -6.912823413010467e-9 	 -3.8019006341754894e-9 	 -5.0663981702651285e-9 	 2.5111339379999853e-8 	 2.645206423760867e-8 	 1.384692817339892e-8 	 1.4128141837204673e-8 	 
652.8564164469689 	 -1.812881868076264e-6 	 -2.0937682995491976e-6 	 1.7467826277147402e-8 	 5.03423654539474e-7 	 -1.042199491195117e-8 	 -1.1462957720086e-8 	 -9.23583605626979e-9 	 1.3634954698253785e-8 	 -1.319151100884477e-7 	 -9.023214910533184e-8 	 3.452513352709104e-8 	 3.3267775067735036e-8 	 -4.920894512426794e-8 	 -4.504106818825289e-8 	 -1.6642329745828107e-8 	 -1.7728166934702785e-8 	 1.4120674739021544e-9 	 2.8510332083592185e-9 	 -6.973635210618631e-9 	 -6.849443829855597e-9 	 -3.747555803441239e-9 	 -5.0278135715215535e-9 	 2.4709150687623475e-8 	 2.6071476097678816e-8 	 1.3861009873597532e-8 	 1.414935631264635e-8 	 
664.3620040427313 	 -1.7476411875503864e-6 	 -2.0142291047676535e-6 	 1.688248224033747e-8 	 4.836226948654476e-7 	 -1.0443023539268377e-8 	 -1.1492651402640548e-8 	 -8.885389495773873e-9 	 1.315865143942763e-8 	 -1.283789717373268e-7 	 -8.718108356208596e-8 	 3.3429876570828456e-8 	 3.217259528949595e-8 	 -4.8407489696162005e-8 	 -4.421337724937267e-8 	 -1.6257968061386187e-8 	 -1.735255626876844e-8 	 1.4090165996652476e-9 	 2.854772979763819e-9 	 -6.9134239754092e-9 	 -6.7861184902324736e-9 	 -3.6932632019346724e-9 	 -4.989288092201527e-9 	 2.431094780949545e-8 	 2.56950425373341e-8 	 1.3875407383811478e-8 	 1.4171034274222474e-8 	 
676.0703598775564 	 -1.5678499593456747e-6 	 -1.8209405323632546e-6 	 1.6316945778376194e-8 	 4.6473945349114474e-7 	 -1.0464342966581121e-8 	 -1.1522917487097207e-8 	 -8.54663381579486e-9 	 1.2698178791678725e-8 	 -1.249526278929771e-7 	 -8.422448959236359e-8 	 3.237160353203775e-8 	 3.111451709828703e-8 	 -4.76181835784711e-8 	 -4.339769303625114e-8 	 -1.5875784868339846e-8 	 -1.696891776479029e-8 	 1.4060341515380204e-9 	 2.8586443312500002e-9 	 -6.853338032337647e-9 	 -6.722853840632197e-9 	 -3.6390341349231164e-9 	 -4.95079493572743e-9 	 2.3916737241068767e-8 	 2.5322756899164513e-8 	 1.3890128475938435e-8 	 1.4193185173382368e-8 	 
687.985057428976 	 -1.5125902874197306e-6 	 -1.7527863467539298e-6 	 1.577041208103539e-8 	 4.4658831533171457e-7 	 -1.0485961985426017e-8 	 -1.1553765577001424e-8 	 -8.22009271915319e-9 	 1.2254525559067646e-8 	 -1.2162082417174122e-7 	 -8.135280321427391e-8 	 3.134879505817443e-8 	 3.009203056323411e-8 	 -4.684067059406101e-8 	 -4.259359796294724e-8 	 -1.550011156453545e-8 	 -1.66078429301213e-8 	 1.4031202867174442e-9 	 2.8626522847352364e-9 	 -6.793384435148965e-9 	 -6.659656158463682e-9 	 -3.5848815789536402e-9 	 -4.912339319562354e-9 	 2.352652487455141e-8 	 2.495461571160461e-8 	 1.3905181164517746e-8 	 1.4215818630235686e-8 	 
700.1097331515554 	 -1.3739340669310463e-6 	 -1.601380483320208e-6 	 1.524238919551427e-8 	 4.2876087982480717e-7 	 -1.050788976972222e-8 	 -1.1585205439796376e-8 	 -7.90246220806481e-9 	 1.1822298031985473e-8 	 -1.1838860963621564e-7 	 -7.858410423799998e-8 	 3.0360546204622676e-8 	 2.910422836595475e-8 	 -4.6100476478075694e-8 	 -4.180122987512495e-8 	 -1.5133348111626213e-8 	 -1.6263246510030795e-8 	 1.4002749913025132e-9 	 2.8668023127407416e-9 	 -6.733570022703053e-9 	 -6.596531772113179e-9 	 -3.530818047516392e-9 	 -4.873960490271347e-9 	 2.314031276086191e-8 	 2.4590619151566923e-8 	 1.3920573696841441e-8 	 1.4238944452224236e-8 	 
712.4480875867604 	 -1.2986856514418843e-6 	 -1.514587722468456e-6 	 1.4732175366527121e-8 	 4.122077219162129e-7 	 -1.0530135815199043e-8 	 -1.16172470153083e-8 	 -7.597587492254298e-9 	 1.1408062346775097e-8 	 -1.1525215356893887e-7 	 -7.589856303875612e-8 	 2.9405535796617003e-8 	 2.814979669289069e-8 	 -4.5347949372886215e-8 	 -4.102025947869506e-8 	 -1.4768428174849626e-8 	 -1.5905354843777756e-8 	 1.3974984976788232e-9 	 2.8711001171302593e-9 	 -6.673901984687813e-9 	 -6.533487357295442e-9 	 -3.4768570296726844e-9 	 -4.83565059361726e-9 	 2.27580999173221e-8 	 2.423076891192176e-8 	 1.3936314575610645e-8 	 1.426257265382366e-8 	 
725.0038864923972 	 -1.2018187612293762e-6 	 -1.4065497782949444e-6 	 1.4239227697345105e-8 	 3.961464729196303e-7 	 -1.0552710008349567e-8 	 -1.164990041461932e-8 	 -7.300818037046697e-9 	 1.1004070718306428e-8 	 -1.1219222719741281e-7 	 -7.330903275351857e-8 	 2.848275433033412e-8 	 2.722772731605077e-8 	 -4.460826588629792e-8 	 -4.025068412549061e-8 	 -1.4413882085839235e-8 	 -1.5550823548239628e-8 	 1.3947907571942213e-9 	 2.8755514071796424e-9 	 -6.614387525943535e-9 	 -6.470529010168131e-9 	 -3.423012129709207e-9 	 -4.797381415328522e-9 	 2.2379884934293807e-8 	 2.3875065112476057e-8 	 1.395241257259324e-8 	 1.4286713438128495e-8 	 
737.7809619919432 	 -1.1231835353582075e-6 	 -1.3173037974580316e-6 	 1.376296032580393e-8 	 3.8082705866434475e-7 	 -1.057562260942912e-8 	 -1.1683175926329372e-8 	 -7.015418322428182e-9 	 1.0616004595502917e-8 	 -1.0921632944805522e-7 	 -7.085574303775255e-8 	 2.759110539386724e-8 	 2.633692818598697e-8 	 -4.387975443898842e-8 	 -3.949231536167945e-8 	 -1.4061494250404722e-8 	 -1.5224498185422213e-8 	 1.392152172508404e-9 	 2.8801621548876456e-9 	 -6.555032756872374e-9 	 -6.407663599100815e-9 	 -3.3692979941168923e-9 	 -4.759184418435788e-9 	 2.2005666558507295e-8 	 2.352350046925904e-8 	 1.3968876722169034e-8 	 1.4311377206002267e-8 	 
750.7832137441454 	 -1.0397870403655292e-6 	 -1.223796461178249e-6 	 1.3302828914324735e-8 	 3.660520539836024e-7 	 -1.0598884307495796e-8 	 -1.1717084024928746e-8 	 -6.738499215994516e-9 	 1.0239011794217565e-8 	 -1.0633446141827881e-7 	 -6.841055656788156e-8 	 2.672957235587596e-8 	 2.5476386392291067e-8 	 -4.31617515508032e-8 	 -3.8745047838388366e-8 	 -1.3717608527742501e-8 	 -1.4897298490905106e-8 	 1.3895825913697538e-9 	 2.8849389026440152e-9 	 -6.4958451442769526e-9 	 -6.344897449782707e-9 	 -3.315729435477419e-9 	 -4.721084948227888e-9 	 2.163544402791543e-8 	 2.3176059843171824e-8 	 1.398571634567581e-8 	 1.4336574581814459e-8 	 
764.014610133221 	 -9.78455539145699e-7 	 -1.1528359370604185e-6 	 1.2858277577590551e-8 	 3.5186768852831596e-7 	 -1.0622506091029724e-8 	 -1.1751635367712925e-8 	 -6.471605384622743e-9 	 9.875899113951004e-9 	 -1.0353886344448954e-7 	 -6.60583441303095e-8 	 2.5897113723420215e-8 	 2.4645066290763307e-8 	 -4.245554312001676e-8 	 -3.8008734266199156e-8 	 -1.3377982210744198e-8 	 -1.4558165929111515e-8 	 1.387082618459724e-9 	 2.889888213111591e-9 	 -6.436832110073092e-9 	 -6.2822372297953285e-9 	 -3.2623223535093215e-9 	 -4.683048841607953e-9 	 2.1269215862636375e-8 	 2.283272902368627e-8 	 1.4002941052027443e-8 	 1.436231638997892e-8 	 
777.479189480039 	 -8.982781760998801e-7 	 -1.0635003301340434e-6 	 1.2428831197134857e-8 	 3.382795483542593e-7 	 -1.0646499724922744e-8 	 -1.1786840810081072e-8 	 -6.21268980149595e-9 	 9.523182037199022e-9 	 -1.0083160009939633e-7 	 -6.377150083319936e-8 	 2.509284661316031e-8 	 2.3842087356848754e-8 	 -4.176070942120641e-8 	 -3.728326953942588e-8 	 -1.304436401904864e-8 	 -1.4241392379016376e-8 	 1.3846520277472697e-9 	 2.8950169200339158e-9 	 -6.377999727588726e-9 	 -6.219689558430829e-9 	 -3.2090929009250363e-9 	 -4.64801519904852e-9 	 2.0906977105583255e-8 	 2.2493502034532077e-8 	 1.4020560742668513e-8 	 1.438861365878188e-8 	 
791.1810612746491 	 -8.469306285725188e-7 	 -1.00357227293643e-6 	 1.2013932321934409e-8 	 3.2550497464986955e-7 	 -1.0670877011259414e-8 	 -1.1822711401341978e-8 	 -5.963702592276987e-9 	 9.184468412453426e-9 	 -9.833829507364273e-8 	 -6.154875392758742e-8 	 2.4315721459473728e-8 	 2.3066408069598766e-8 	 -4.107611978664674e-8 	 -3.656846171349045e-8 	 -1.2717087583488408e-8 	 -1.393868217932368e-8 	 1.3822915651626233e-9 	 2.9003321997093117e-9 	 -6.3193548534889965e-9 	 -6.157261326861349e-9 	 -3.1560583132852893e-9 	 -4.610281290404982e-9 	 2.0548721887869168e-8 	 2.2158377545386413e-8 	 1.403858564026919e-8 	 1.4415477665282916e-8 	 
805.1244074305225 	 -7.82798921380686e-7 	 -9.313083187585363e-7 	 1.161315090345504e-8 	 3.1308546819767163e-7 	 -1.0695650474095395e-8 	 -1.1859258396064928e-8 	 -5.721384798784461e-9 	 8.854000850123593e-9 	 -9.574870410619713e-8 	 -5.939319539904387e-8 	 2.3564941438487596e-8 	 2.2317233056494032e-8 	 -4.0402346296326004e-8 	 -3.586426074051009e-8 	 -1.239371946550729e-8 	 -1.3622739381105165e-8 	 1.3800010080019747e-9 	 2.9058416145682843e-9 	 -6.26090515931367e-9 	 -6.09495903202476e-9 	 -3.1032358657617364e-9 	 -4.572622252409447e-9 	 2.019444663024553e-8 	 2.182734886166246e-8 	 1.4057026296900557e-8 	 1.4442919887383482e-8 	 
819.3134835609102 	 -7.258284551840476e-7 	 -8.664946142893529e-7 	 1.1225980886817361e-8 	 3.0110506582797716e-7 	 -1.0720833037202273e-8 	 -1.1896493258800626e-8 	 -5.489062538442464e-9 	 8.537987888400828e-9 	 -9.32661348213972e-8 	 -5.731772956097606e-8 	 2.2839555277642135e-8 	 2.1593618469095636e-8 	 -3.973952744687911e-8 	 -3.5170416069852905e-8 	 -1.207846717716639e-8 	 -1.3317020165134006e-8 	 1.377781191997236e-9 	 2.911553032295138e-9 	 -6.2026570193042374e-9 	 -6.032789858848797e-9 	 -3.050643699879345e-9 	 -4.534998623656873e-9 	 1.984414562177394e-8 	 2.150039855237369e-8 	 1.4075893594577471e-8 	 1.4470952039895094e-8 	 
833.7526202776816 	 -6.850902170043808e-7 	 -8.185175508032124e-7 	 1.0851974858139854e-8 	 2.898178072808374e-7 	 -1.074643821284149e-8 	 -1.1934427671310637e-8 	 -5.262716010507581e-9 	 8.229128575578068e-9 	 -9.082233733800512e-8 	 -5.530368432167869e-8 	 2.2138726528337353e-8 	 2.0894733071455792e-8 	 -3.908690244737632e-8 	 -3.448689927770769e-8 	 -1.1765060772535727e-8 	 -1.3048607569707761e-8 	 1.375631929724426e-9 	 2.9174746211871334e-9 	 -6.144616950509723e-9 	 -5.970760477344353e-9 	 -2.9983000691732557e-9 	 -4.497490832090445e-9 	 1.9497809848916344e-8 	 2.1177504198674595e-8 	 1.4095198758279177e-8 	 1.449958607849025e-8 	 
848.4462245130624 	 -6.225301573776353e-7 	 -7.489345345461635e-7 	 1.0490717067110288e-8 	 2.788689144421167e-7 	 -1.0772479901161316e-8 	 -1.1973073532162029e-8 	 -5.045435838881005e-9 	 7.933344584879535e-9 	 -8.849608127353978e-8 	 -5.334635527623854e-8 	 2.1461681760884824e-8 	 2.021980889222224e-8 	 -3.8444537214083566e-8 	 -3.383529118139571e-8 	 -1.1461623455020331e-8 	 -1.2748261901310092e-8 	 1.3735541603810273e-9 	 2.923614792416944e-9 	 -6.086792374666854e-9 	 -5.9088781255515175e-9 	 -2.946223628085039e-9 	 -4.460090911254498e-9 	 1.9155430758937252e-8 	 2.08586477604316e-8 	 1.4114953363819071e-8 	 1.4528834198679145e-8 	 
863.3987808646654 	 -5.948430636292991e-7 	 -7.146271348737199e-7 	 1.0141736944496908e-8 	 2.683565256921959e-7 	 -1.079897268802257e-8 	 -1.2012442973245358e-8 	 -4.834491304636483e-9 	 7.64559368056477e-9 	 -8.621442071993218e-8 	 -5.144445126971522e-8 	 2.0807532408310677e-8 	 1.9567967226511827e-8 	 -3.781245508931642e-8 	 -3.317271353466846e-8 	 -1.1158193555187206e-8 	 -1.2449864462907283e-8 	 1.3715477173173582e-9 	 2.9299826095852716e-9 	 -6.029189837673305e-9 	 -5.8471499947413804e-9 	 -2.8944333452608074e-9 	 -4.422731414065988e-9 	 1.8816998621983124e-8 	 2.0543818334888587e-8 	 1.4135169363800351e-8 	 1.4558708834138447e-8 	 
878.6148529642173 	 -3.613958261019027e-7 	 -6.531603194066282e-7 	 9.804676295163055e-9 	 2.5823529975174196e-7 	 -1.0825931656255387e-8 	 -1.2052548359260478e-8 	 -4.631063918032653e-9 	 7.3682824409608284e-9 	 -8.398957945881801e-8 	 1.287320412657764e-7 	 2.0175617698934145e-8 	 1.8938550987636983e-8 	 -3.7190376072689964e-8 	 -3.251977002289544e-8 	 -1.0865603561149556e-8 	 -1.2196061076261582e-8 	 1.369613659597358e-9 	 2.9365873786525087e-9 	 -5.971816102244677e-9 	 -5.785583260978646e-9 	 -2.842948298273532e-9 	 -4.385480534924616e-9 	 1.8482500511121627e-8 	 2.0233003855614894e-8 	 1.4155859095588825e-8 	 1.458922268572164e-8 	 
894.0990848704206 	 -5.108027336320965e-7 	 -6.185182658356906e-7 	 9.479092883882318e-9 	 2.4884916957620937e-7 	 -1.0853372382189325e-8 	 -1.209340229708166e-8 	 -4.4344368197557155e-9 	 7.100159737001771e-9 	 -8.18508786565976e-8 	 -4.783649856685831e-8 	 1.9565101456146296e-8 	 1.833073352604798e-8 	 -3.6578277097339005e-8 	 -3.187641940060891e-8 	 -1.057318533294714e-8 	 -1.1919967953457695e-8 	 1.3677518589066709e-9 	 2.9434388084671253e-9 	 -5.914678046034965e-9 	 -5.724185473328176e-9 	 -2.7917878923435047e-9 	 -4.348362311665571e-9 	 1.8151926847332852e-8 	 1.992618573242799e-8 	 1.4177035313318051e-8 	 1.4620388694061135e-8 	 
909.8562024863477 	 -4.7042827898050163e-7 	 -5.720726801513346e-7 	 9.164629115968115e-9 	 2.39125917919553e-7 	 -1.088131125266129e-8 	 -1.2135017642743766e-8 	 -4.244292967014159e-9 	 6.840734885373261e-9 	 -7.972996915573627e-8 	 -4.6117975297010176e-8 	 1.897531957778098e-8 	 1.7743856529263664e-8 	 -3.597584832868938e-8 	 -3.124235305434965e-8 	 -1.028941889629521e-8 	 -1.1632915254478315e-8 	 1.3659634472618113e-9 	 2.9505473082483236e-9 	 -5.857782325165832e-9 	 -5.662964170720755e-9 	 -2.740971764083477e-9 	 -4.311297783970271e-9 	 1.782527399684095e-8 	 1.9623345036730482e-8 	 1.4198711159985451e-8 	 1.4652220086745582e-8 	 
925.8910150018253 	 -4.384928786434713e-7 	 -5.352668862007429e-7 	 8.860904980544807e-9 	 2.3075109954988716e-7 	 -1.0909765122839023e-8 	 -1.217740751217764e-8 	 -4.060665511214521e-9 	 6.590222453292553e-9 	 -7.770956346346624e-8 	 -4.443755592644562e-8 	 1.840555846663259e-8 	 1.7177214634052046e-8 	 -3.538307691953138e-8 	 -3.0617604939184814e-8 	 -1.0009758950633225e-8 	 -1.1392471901801249e-8 	 1.36424842446424e-9 	 2.9579235174766037e-9 	 -5.801135847050918e-9 	 -5.601927055018901e-9 	 -2.690519830054391e-9 	 -4.274340923686055e-9 	 1.7502535140612404e-8 	 1.9324463735969948e-8 	 1.4220900211135166e-8 	 1.4684730346308233e-8 	 
942.2084163612376 	 -4.0683435895603823e-7 	 -4.984317332615825e-7 	 8.567554955903072e-9 	 2.2212484596901809e-7 	 -1.093875156894846e-8 	 -1.2220585281636333e-8 	 -3.883268141636203e-9 	 6.348193366606818e-9 	 -7.572095285312e-8 	 -4.283306414534525e-8 	 1.7855132651179298e-8 	 1.6630131399050982e-8 	 -3.480006982333591e-8 	 -3.000187541440546e-8 	 -9.733108322555642e-9 	 -1.1135946652009031e-8 	 1.3626079052197312e-9 	 2.965578333838902e-9 	 -5.744745304172532e-9 	 -5.54108211366813e-9 	 -2.6404522527855144e-9 	 -4.237534362831023e-9 	 1.7183694714497042e-8 	 1.9029521509180527e-8 	 1.4243616497720549e-8 	 1.471793323977872e-8 	 
958.8133867571879 	 -3.790383766019727e-7 	 -4.6612706224399614e-7 	 8.28423950281586e-9 	 2.1421889120832005e-7 	 -1.0968288850533404e-8 	 -1.2264564604631713e-8 	 -3.711668830702261e-9 	 6.113882949744949e-9 	 -7.381142871828189e-8 	 -4.1250143675301436e-8 	 1.732340721495207e-8 	 1.6101980674142132e-8 	 -3.422623279081209e-8 	 -2.9395130709781255e-8 	 -9.465580936600264e-9 	 -1.086315638801175e-8 	 1.3610421136414066e-9 	 2.9735238963182285e-9 	 -5.68861730688331e-9 	 -5.480437441044692e-9 	 -2.5881852360400286e-9 	 -4.200796156917052e-9 	 1.6868734922070823e-8 	 1.8738497497618e-8 	 1.4266874486627659e-8 	 1.4751842821313503e-8 	 
975.7109941504982 	 -3.4949969773583336e-7 	 -4.321474824361142e-7 	 8.010619847571783e-9 	 2.065031104607104e-7 	 -1.0998395951253327e-8 	 -1.2309359419969991e-8 	 -3.546093635923619e-9 	 5.8879468305669614e-9 	 -7.194850898370535e-8 	 -3.9732177886858076e-8 	 1.6809747006593184e-8 	 1.5592137992705196e-8 	 -3.366167690797633e-8 	 -2.8797225071634687e-8 	 -9.198268867111384e-9 	 -1.0636080403750436e-8 	 1.3595520942125582e-9 	 2.9817723357548663e-9 	 -5.632758824564692e-9 	 -5.420001370711984e-9 	 -2.538556092703161e-9 	 -4.164172539926019e-9 	 1.655764217795551e-8 	 1.845136934869567e-8 	 1.429068913519012e-8 	 1.4786473426413726e-8 	 
992.9063958169821 	 -3.2777430805370076e-7 	 -4.0619925295548716e-7 	 7.746364178717371e-9 	 1.990871175466259e-7 	 -1.1029092409150535e-8 	 -1.2354983946255715e-8 	 -3.3859253592018974e-9 	 5.66919033568962e-9 	 -7.011895282423012e-8 	 -3.8304424243627686e-8 	 1.6313528052559018e-8 	 1.509999114931045e-8 	 -3.31065953746149e-8 	 -2.8207972540552036e-8 	 -8.938867804784999e-9 	 -1.0394322143749337e-8 	 1.3581383176430636e-9 	 2.9903366834296736e-9 	 -5.577176389317008e-9 	 -5.359782464436903e-9 	 -2.489346021264617e-9 	 -4.127710784269668e-9 	 1.6250404489456026e-8 	 1.8168110842158123e-8 	 1.431507589625048e-8 	 1.4821839715402013e-8 	 
1010.4048399214864 	 -3.0116154686023663e-7 	 -3.7568703246903055e-7 	 7.491172488372803e-9 	 1.9201264654927823e-7 	 -1.1060398678072108e-8 	 -1.24014527176166e-8 	 -3.231206531236934e-9 	 5.457873334574718e-9 	 -6.835758577363423e-8 	 -3.687225987608789e-8 	 1.5834191175885673e-8 	 1.4624990907047406e-8 	 -3.2560269656085296e-8 	 -2.76273362570021e-8 	 -8.68316343783466e-9 	 -1.0137887730433508e-8 	 1.3568017704658259e-9 	 2.999230331186871e-9 	 -5.521876675062318e-9 	 -5.299789484623033e-9 	 -2.4405777695483652e-9 	 -4.091329661725388e-9 	 1.5947009247743343e-8 	 1.7888696719517075e-8 	 1.4340050720720207e-8 	 1.4857956612964148e-8 	 
1028.2116671196736 	 -2.8117533744505277e-7 	 -3.519235718089496e-7 	 7.244725533605772e-9 	 1.8522785400169644e-7 	 -1.1092336191283722e-8 	 -1.2448780567464772e-8 	 -3.081814355061462e-9 	 5.253898756336597e-9 	 -6.670437923210668e-8 	 -3.548584042644148e-8 	 1.5371133479757332e-8 	 1.4166547590843748e-8 	 -3.2022901450973e-8 	 -2.705512605397132e-8 	 -8.431994615680068e-9 	 -9.924519547721388e-9 	 1.3555431567025728e-9 	 3.0084676762106844e-9 	 -5.466866577386924e-9 	 -5.24003154272219e-9 	 -2.3912859970448736e-9 	 -4.055077550743199e-9 	 1.5647442786516738e-8 	 1.761310599405268e-8 	 1.436563008142039e-8 	 1.4894839415354888e-8 	 
1046.3323121880223 	 -2.60926780988337e-7 	 -3.2806152436019913e-7 	 7.006739346360456e-9 	 1.786003084296442e-7 	 -1.1124926792514457e-8 	 -1.2496982651814374e-8 	 -2.937284317716402e-9 	 5.056334047324044e-9 	 -6.504522621367318e-8 	 -3.41423377810816e-8 	 1.4923824293602116e-8 	 1.3724141883205969e-8 	 -3.149458176179221e-8 	 -2.649123486843719e-8 	 -8.18518452046472e-9 	 -9.693598151561757e-9 	 1.3543634218213276e-9 	 3.0180633853263694e-9 	 -5.412152631805196e-9 	 -5.1805179828238415e-9 	 -2.3433540807946105e-9 	 -4.018992180387369e-9 	 1.5351690030492757e-8 	 1.7341317743156884e-8 	 1.4391831022549077e-8 	 1.4932503703245858e-8 	 
1064.77230568257 	 -2.402719475037231e-7 	 -3.040805401808554e-7 	 6.7769291542294305e-9 	 1.7232750867927658e-7 	 -1.1158193414492317e-8 	 -1.2546074467566198e-8 	 -2.7978262009417853e-9 	 4.865886748184238e-9 	 -6.344369763257303e-8 	 -3.284243953510168e-8 	 1.4491728589214648e-8 	 1.3297252451459542e-8 	 -3.097470846727807e-8 	 -2.593554547152285e-8 	 -7.942718480156696e-9 	 -9.45556602566033e-9 	 1.3532635201585477e-9 	 3.028033771925578e-9 	 -5.357741498696542e-9 	 -5.121258527772346e-9 	 -2.2959210699429672e-9 	 -3.982998535813917e-9 	 1.505973616304558e-8 	 1.7073306419250645e-8 	 1.4418671113399139e-8 	 1.497096539450703e-8 	 
1083.5372756268719 	 -2.2540788653261274e-7 	 -2.861734109532852e-7 	 6.5550122413357045e-9 	 1.6638534131806498e-7 	 -1.1192159742330245e-8 	 -1.259607183825088e-8 	 -2.662959352090656e-9 	 4.681540125683177e-9 	 -6.185149653274124e-8 	 -3.1566236413265736e-8 	 1.4074312580625348e-8 	 1.2885360807460986e-8 	 -3.046349258692186e-8 	 -2.538792634721462e-8 	 -7.706655612891054e-9 	 -9.254634661173945e-9 	 1.3522443400713658e-9 	 3.0383949882299278e-9 	 -5.3036399401868885e-9 	 -5.06226319372856e-9 	 -2.249011100725622e-9 	 -3.947153473779055e-9 	 1.4771566384577058e-8 	 1.6809043137102654e-8 	 1.4446168523246242e-8 	 1.501024076957539e-8 	 
1102.6329492297234 	 -2.0597117805642952e-7 	 -2.638250242164697e-7 	 6.340738603578558e-9 	 1.6064408182947122e-7 	 -1.1226850537582566e-8 	 -1.2646990955747799e-8 	 -2.5326442553190664e-9 	 4.503382911742898e-9 	 -6.031765798278285e-8 	 -3.034907615146372e-8 	 1.3671110664854682e-8 	 1.2488016017324761e-8 	 -2.996078047926156e-8 	 -2.4848263878653286e-8 	 -7.471804672950275e-9 	 -9.032723917342464e-9 	 1.3513071133108317e-9 	 3.049164619906218e-9 	 -5.249854547166208e-9 	 -5.003542384778312e-9 	 -2.202648231768437e-9 	 -3.9114720658246874e-9 	 1.4487165445763667e-8 	 1.6548500520032623e-8 	 1.4474342057475478e-8 	 1.5050346437220537e-8 	 
1122.0651546331405 	 -1.9293334838721795e-7 	 -2.480382877457094e-7 	 6.1338372048123e-9 	 1.5509574835869917e-7 	 -1.1262291080612503e-8 	 -1.2698848367479263e-8 	 -2.4068410901445e-9 	 4.331533432693784e-9 	 -5.8813282644369445e-8 	 -2.9151124454500334e-8 	 1.328160819881237e-8 	 1.2104721396801592e-8 	 -2.9466362134281665e-8 	 -2.4316393926911344e-8 	 -7.241654589435491e-9 	 -8.814954995354865e-9 	 1.3504526594823982e-9 	 3.0603610802119198e-9 	 -5.196392016181369e-9 	 -4.945106916877846e-9 	 -2.1568562165882816e-9 	 -3.875897097107142e-9 	 1.420651846819416e-8 	 1.629165361103784e-8 	 1.4503211100791162e-8 	 1.509129937679876e-8 	 
1141.8398226911547 	 -1.773532070465945e-7 	 -2.2998345498048998e-7 	 5.934070583227649e-9 	 1.4991427183284414e-7 	 -1.1298508480623888e-8 	 -1.275166100479479e-8 	 -2.2851139419611637e-9 	 4.1649725688149335e-9 	 -5.735337362174626e-8 	 -2.7994046401776394e-8 	 1.2905361423872904e-8 	 1.1735048988311526e-8 	 -2.898018360839544e-8 	 -2.3792218066871897e-8 	 -7.018889858076947e-9 	 -8.622786428346294e-9 	 1.349682481450777e-9 	 3.072003717460554e-9 	 -5.143258975432805e-9 	 -4.886968012423989e-9 	 -2.1116618413894534e-9 	 -3.8404893964038675e-9 	 1.3929608401256362e-8 	 1.6038474933655308e-8 	 1.4532795683880441e-8 	 1.5133116957364082e-8 	 
1161.9629887799572 	 -1.641065423810608e-7 	 -2.144062889656992e-7 	 5.741197880215465e-9 	 1.4495195785237795e-7 	 -1.1335530140990989e-8 	 -1.2805446186393974e-8 	 -2.167660866176504e-9 	 4.004520114082407e-9 	 -5.597878518711938e-8 	 -2.686949701032602e-8 	 1.2541915558294439e-8 	 1.1378563637515002e-8 	 -2.8502011569054237e-8 	 -2.3275644723421543e-8 	 -6.797762645556002e-9 	 -8.411538652944563e-9 	 1.34899738275514e-9 	 3.0841131338487553e-9 	 -5.090462046032414e-9 	 -4.82913738084009e-9 	 -2.0670916155499117e-9 	 -3.805236680321971e-9 	 1.3656418052707902e-8 	 1.578893423706509e-8 	 1.4563116544471922e-8 	 1.5175816896031938e-8 	 
1182.4407946399335 	 -1.5209384952016867e-7 	 -2.0015169299167467e-7 	 5.554982405358427e-9 	 1.4009395238847072e-7 	 -1.1373384831130566e-8 	 -1.286022164153207e-8 	 -2.0540639779541724e-9 	 3.849140984180792e-9 	 -5.4587917554601276e-8 	 -2.5785292264015487e-8 	 1.2190822661363075e-8 	 1.1034840335499898e-8 	 -2.8032081438719602e-8 	 -2.2766487511671487e-8 	 -6.579342209801868e-9 	 -8.213769477713342e-9 	 1.3483990714469337e-9 	 3.0967108900757356e-9 	 -5.038007868936944e-9 	 -4.7716273446781805e-9 	 -2.0222428119813256e-9 	 -3.77011283333415e-9 	 1.3386931652712937e-8 	 1.554300242666686e-8 	 1.4594195097065947e-8 	 1.5219417324735097e-8 	 
1203.2794902501767 	 -1.4024416002752425e-7 	 -1.8624932374548216e-7 	 5.3752117442653006e-9 	 1.355049701380793e-7 	 -1.1412102338467686e-8 	 -1.2916005509627044e-8 	 -1.944307818307906e-9 	 3.6990253460611723e-9 	 -5.3258677185207936e-8 	 -2.4725359202330896e-8 	 1.1851684973796547e-8 	 1.0703501897893182e-8 	 -2.756972038113102e-8 	 -2.2264598625960338e-8 	 -6.366884911549682e-9 	 -8.026577530935684e-9 	 1.3478884268971608e-9 	 3.109820020699359e-9 	 -4.985903110827158e-9 	 -4.714450667541508e-9 	 -1.978961705976815e-9 	 -3.735164549483796e-9 	 1.3121133800410445e-8 	 1.5300650675437734e-8 	 1.4626053441797066e-8 	 1.526393678996813e-8 	 
1224.4854357360205 	 -1.2894775558419358e-7 	 -1.7295275816251986e-7 	 5.2016618813252295e-9 	 1.3100972294977757e-7 	 -1.1451713509557146e-8 	 -1.2972816371931807e-8 	 -1.8383113184142014e-9 	 3.5541947687683405e-9 	 -5.197241245696737e-8 	 -2.3697365239363283e-8 	 1.1524076584931518e-8 	 1.0384146697569751e-8 	 -2.7115210042141503e-8 	 -2.1769914284540944e-8 	 -6.158464015326026e-9 	 -7.830254458887388e-9 	 1.3474672776167779e-9 	 3.123464810016624e-9 	 -4.934154366656462e-9 	 -4.657620726230786e-9 	 -1.936385005519746e-9 	 -3.700366556556197e-9 	 1.2859008406564134e-8 	 1.5068138873112427e-8 	 1.4658714461707087e-8 	 1.5309394219029675e-8 	 
1246.0651033101992 	 -1.2042418383719238e-7 	 -1.6262074409533058e-7 	 5.0341275856786315e-9 	 1.2672420107766782e-7 	 -1.1492250638034099e-8 	 -1.3030673251328773e-8 	 -1.735781169391925e-9 	 3.4138560495372284e-9 	 -5.067112210309024e-8 	 -2.2700622841614006e-8 	 1.1207609679960567e-8 	 1.0076412206745677e-8 	 -2.6668678586748714e-8 	 -2.1282322128887423e-8 	 -5.952981622974283e-9 	 -7.647327209396226e-9 	 1.3471366517012081e-9 	 3.1376709788641e-9 	 -4.882768272409777e-9 	 -4.601151623768896e-9 	 -1.8945410834660483e-9 	 -3.6657230263923846e-9 	 1.2600539296985501e-8 	 1.483293951198772e-8 	 1.4692201768174482e-8 	 1.5355809008338067e-8 	 
1268.0250792482202 	 -1.0851257246370744e-7 	 -1.489794766601146e-7 	 4.87241448781946e-9 	 1.22613646461263e-7 	 -1.1533746940092322e-8 	 -1.3089595635353714e-8 	 -1.636788758566926e-9 	 3.278616376941708e-9 	 -4.945683919806403e-8 	 -2.1732048855508946e-8 	 1.0901919197326777e-8 	 9.779959816224996e-9 	 -2.6228983462161155e-8 	 -2.0801642485932778e-8 	 -5.751774336516738e-9 	 -7.46641340073951e-9 	 1.3468984634587727e-9 	 3.1524659410115626e-9 	 -4.831751422969305e-9 	 -4.5450580859088945e-9 	 -1.853460114263073e-9 	 -3.631249999526787e-9 	 1.2349368164811305e-8 	 1.4601227233195207e-8 	 1.4726539789932986e-8 	 1.5403200960025528e-8 	 
1290.3720658985355 	 1.1412589869364505e-7 	 -1.4188210968336013e-7 	 4.716313922552608e-9 	 1.186010902635415e-7 	 -1.1576237322159413e-8 	 -1.3149603495606312e-8 	 -1.541069162359455e-9 	 3.1477112664768923e-9 	 1.6894439566700153e-7 	 -2.0787097758008928e-8 	 1.0606602652856915e-8 	 9.494417785184985e-9 	 -2.5797379610430547e-8 	 -2.0327718339783738e-8 	 -5.5545380648429e-9 	 -7.287434484323918e-9 	 1.3467539172549664e-9 	 3.167878579962168e-9 	 -4.781110472239361e-9 	 -4.48935570958244e-9 	 -1.813172962369805e-9 	 -3.5969367688325194e-9 	 1.2098190113762697e-8 	 1.4372964241572168e-8 	 1.4761753756274931e-8 	 1.5451590361103182e-8 	 
1313.1128837281576 	 -9.162701344079479e-8 	 -1.2888295491060809e-7 	 4.565661365929847e-9 	 1.1476633680523968e-7 	 -1.161975768911573e-8 	 -1.3210717292030025e-8 	 -1.4485397507238725e-9 	 3.021114954282246e-9 	 -4.7102652397542026e-8 	 -1.9877271678485812e-8 	 1.0321357652265041e-8 	 9.21951301779897e-9 	 -2.53728960593574e-8 	 -1.986045072435912e-8 	 -5.360376276267478e-9 	 -7.112211404867751e-9 	 1.346705003382106e-9 	 3.1839402738788503e-9 	 -4.730851996813889e-9 	 -4.434060842665178e-9 	 -1.773710535337667e-9 	 -3.5627915523184056e-9 	 1.1850614610714443e-8 	 1.4148118313002849e-8 	 1.4797869730285967e-8 	 1.5500997942917633e-8 	 
1336.254473404309 	 -8.703349115843536e-8 	 -1.2292585181986483e-7 	 4.420252368032349e-9 	 1.111607575713874e-7 	 -1.1664345618999414e-8 	 -1.3272958005062874e-8 	 -1.3591790577314863e-9 	 2.8991771959486206e-9 	 -4.5978933057299614e-8 	 -1.8985804056628678e-8 	 1.0045784031014078e-8 	 8.954884849780844e-9 	 -2.4955099258960348e-8 	 -1.9399744621187354e-8 	 -5.169669120443354e-9 	 -6.94336499681075e-9 	 1.3467531112836823e-9 	 3.200683684979019e-9 	 -4.680982618947141e-9 	 -4.379190805495564e-9 	 -1.73510445302947e-9 	 -3.531184047214966e-9 	 1.160662082442615e-8 	 1.3926647132782097e-8 	 1.4834914668379164e-8 	 1.5551444941227098e-8 	 
1359.8038979127691 	 -7.778179546561168e-8 	 -1.1214425318236853e-7 	 4.279935601957893e-9 	 1.074477169766497e-7 	 -1.171003990403213e-8 	 -1.3336347145803762e-8 	 -1.2726939166942086e-9 	 2.780668364939295e-9 	 -4.4874942546262425e-8 	 -1.8133474123053552e-8 	 9.779604216867105e-9 	 8.700290099855224e-9 	 -2.45454217360823e-8 	 -1.8957683216768693e-8 	 -4.982993930094654e-9 	 -6.776778577256442e-9 	 1.3469002892843413e-9 	 3.218144047638869e-9 	 -4.631508929562739e-9 	 -4.3247638448356234e-9 	 -1.6973878160397755e-9 	 -3.497372686512581e-9 	 1.1366204411468865e-8 	 1.370853260653924e-8 	 1.4872916405572373e-8 	 1.5602953068982835e-8 	 
1383.768344713554 	 -7.248641731870039e-8 	 -1.059166494004964e-7 	 4.1445251334014895e-9 	 1.0434308945751901e-7 	 -1.1756881057940047e-8 	 -1.340090676980473e-8 	 -1.1892093140380303e-9 	 2.666993931111629e-9 	 -4.378710497412719e-8 	 -1.7303679979205547e-8 	 9.522454005672634e-9 	 8.455408529252987e-9 	 -2.41416866859775e-8 	 -1.8509524196387314e-8 	 -4.800275374500565e-9 	 -6.61045530624901e-9 	 1.3471481594339712e-9 	 3.236359016161089e-9 	 -4.582437499794219e-9 	 -4.270799379290345e-9 	 -1.659556712621053e-9 	 -3.4638205403029475e-9 	 1.1129367419585196e-8 	 1.349377595457978e-8 	 1.4911903718445316e-8 	 1.5655544546871402e-8 	 
1408.1551279345736 	 -6.563157587417726e-8 	 -9.789946832650083e-8 	 4.013871153980482e-9 	 1.0110474069758173e-7 	 -1.1804911142745475e-8 	 -1.3466659501805675e-8 	 -1.108389914274394e-9 	 2.5562105980183817e-9 	 -4.2798697096392466e-8 	 -1.6469808178652605e-8 	 9.27405272189964e-9 	 8.22000084964107e-9 	 -2.374531657744845e-8 	 -1.806747886034156e-8 	 -4.621287510268938e-9 	 -6.455692066934704e-9 	 1.3474987868363687e-9 	 3.255368760662546e-9 	 -4.533774960599765e-9 	 -4.217317881135434e-9 	 -1.6236854708855447e-9 	 -3.4303896722504645e-9 	 1.0896086760418938e-8 	 1.328232248602589e-8 	 1.495190633080628e-8 	 1.5709242140187714e-8 	 
1432.9716906039691 	 -5.992618468811961e-8 	 -9.126244759851926e-8 	 3.887813225258247e-9 	 9.813506876289611e-8 	 -1.1854173804186605e-8 	 -1.3533628559753285e-8 	 -1.0303269191409587e-9 	 2.44997827391427e-9 	 -4.181175138372965e-8 	 -1.5691363888409052e-8 	 9.034090022849133e-9 	 7.993809123150172e-9 	 -2.3356055640818675e-8 	 -1.7631433831445225e-8 	 -4.445843855341509e-9 	 -6.294765679317557e-9 	 1.3479540763591485e-9 	 3.2752167449029164e-9 	 -4.485527906244687e-9 	 -4.164341259519363e-9 	 -1.588813178503485e-9 	 -3.397108748724178e-9 	 1.0666329135057569e-8 	 1.3074114100234974e-8 	 1.4992954967492933e-8 	 1.576406913341843e-8 	 
1458.2256069217708 	 -5.4627216693893486e-8 	 -8.517154452028597e-8 	 3.7662012320464825e-9 	 9.527002142393099e-8 	 -1.1904714617032348e-8 	 -1.3601837766987752e-8 	 -9.54793750391726e-10 	 2.346610310017913e-9 	 -4.080620707354562e-8 	 -1.489861915657524e-8 	 8.802276867787123e-9 	 7.77659595648504e-9 	 -2.29724593739368e-8 	 -1.720127331316388e-8 	 -4.2741499153629035e-9 	 -6.143475575407767e-9 	 1.3485160529066277e-9 	 3.2959492182585576e-9 	 -4.437702883599365e-9 	 -4.1118926401695486e-9 	 -1.554976919444413e-9 	 -3.3640754742251005e-9 	 1.044007353565265e-8 	 1.2869130936868404e-8 	 1.5035081356344304e-8 	 1.582004939593684e-8 	 
1483.9245845716043 	 -4.911493073845662e-8 	 -7.893249685812538e-8 	 3.648893567417055e-9 	 9.25601724837846e-8 	 -1.1956580651885322e-8 	 -1.367131156973577e-8 	 -8.81767756017405e-10 	 2.247201340858625e-9 	 -3.9849446525486566e-8 	 -1.413959154579886e-8 	 8.57834175269607e-9 	 7.568147953633315e-9 	 -2.2611133475305225e-8 	 -1.6776881866312225e-8 	 -4.1061674127506484e-9 	 -5.995645881747064e-9 	 1.3491869400702202e-9 	 3.317616353899895e-9 	 -4.3903064756338756e-9 	 -4.059996883429429e-9 	 -1.5222148651763085e-9 	 -3.331122959840651e-9 	 1.0217306425071722e-8 	 1.2667341555721832e-8 	 1.507831828232521e-8 	 1.587720733330957e-8 	 
1510.0764670731387 	 -4.4589929358052683e-8 	 -7.37122771988315e-8 	 3.5357475088622546e-9 	 8.9900299903224e-8 	 -1.2009822401144232e-8 	 -1.3742075071235635e-8 	 -8.11128583915422e-10 	 2.1508012746053216e-9 	 -3.891071333842027e-8 	 -1.3408827363622538e-8 	 8.362005618713321e-9 	 7.368249910508635e-9 	 -2.2240643029738697e-8 	 -1.635814466461496e-8 	 -3.941810646240916e-9 	 -5.845814198737922e-9 	 1.3499687122731346e-9 	 3.3402717717033935e-9 	 -4.343345232223932e-9 	 -4.0086803219995495e-9 	 -1.490566340926126e-9 	 -3.2984185160944596e-9 	 9.99801537666651e-9 	 1.2468709853791998e-8 	 1.512269964790957e-8 	 1.5935567971435335e-8 	 
1536.6892361759749 	 -4.014005322750538e-8 	 -6.855746163233229e-8 	 3.4266312810371667e-9 	 8.724769201539862e-8 	 -1.2064487709663216e-8 	 -1.3814154033712781e-8 	 -7.427936168643046e-10 	 2.057776575340022e-9 	 -3.798576265512371e-8 	 -1.2681818022874191e-8 	 8.153013727400053e-9 	 7.176719937990602e-9 	 -2.187675228736855e-8 	 -1.594494830853727e-8 	 -3.780931294118875e-9 	 -5.705678935192704e-9 	 1.3508639049183332e-9 	 3.363974275446643e-9 	 -4.296825727897987e-9 	 -3.957971281838856e-9 	 -1.4600718622037321e-9 	 -3.2658721063888563e-9 	 9.782183514977645e-9 	 1.2273203752952222e-8 	 1.516826036113014e-8 	 1.5995156900020508e-8 	 
1563.7710142957494 	 -3.571463306776733e-8 	 -6.356569637560295e-8 	 3.3214167908210444e-9 	 8.480462239813024e-8 	 -1.2120633587649357e-8 	 -1.3887574922369126e-8 	 -6.766758821803798e-10 	 1.9677816604569887e-9 	 -3.7101141383823025e-8 	 -1.1996143848800251e-8 	 7.95111559550203e-9 	 6.993382930653666e-9 	 -2.1519726521558392e-8 	 -1.5537178797183003e-8 	 -3.623305340138041e-9 	 -5.565149402283918e-9 	 1.3518744766286256e-9 	 3.3887865273854846e-9 	 -4.250754535533319e-9 	 -3.907012158097636e-9 	 -1.4307733153709717e-9 	 -3.233471616256615e-9 	 9.569794999503284e-9 	 1.2080792306427677e-8 	 1.5215036594690446e-8 	 1.605600033888019e-8 	 
1591.3300669931418 	 -3.241893119618463e-8 	 -5.961795862370648e-8 	 3.2199761980810364e-9 	 8.227661386117635e-8 	 -1.2178313646092271e-8 	 -1.3962364907793092e-8 	 -6.126856325395558e-10 	 1.8808294523544127e-9 	 -3.624124704154537e-8 	 -1.1293811859731519e-8 	 7.75605754240422e-9 	 6.81807777330377e-9 	 -2.1167530451644817e-8 	 -1.51347218772915e-8 	 -3.4687388940444913e-9 	 -5.427624381564799e-9 	 1.3530032189082608e-9 	 3.41477754427379e-9 	 -4.2051381062802816e-9 	 -3.857549928391954e-9 	 -1.402714019162955e-9 	 -3.2013277339156656e-9 	 9.360832508420662e-9 	 1.18914368579961e-8 	 1.5263065698992638e-8 	 1.6118125251608876e-8 	 
1619.3748054966 	 -2.821827953830992e-8 	 -5.490743483691801e-8 	 3.1221982205165215e-9 	 7.995545761762064e-8 	 -1.2237586373111368e-8 	 -1.403855190199694e-8 	 -5.507599295639421e-10 	 1.7966370394089043e-9 	 -3.539379722406309e-8 	 -1.0650080921963308e-8 	 7.567624327090327e-9 	 6.6506773697411e-9 	 -2.0822935071161938e-8 	 -1.4737463387239767e-8 	 -3.316970067646686e-9 	 -5.291894799965601e-9 	 1.3542521401096134e-9 	 3.442021792546564e-9 	 -4.159982940483646e-9 	 -3.808787699701784e-9 	 -1.37593887618289e-9 	 -3.1692856973170238e-9 	 9.155278640376321e-9 	 1.1705097772631533e-8 	 1.5312386182325062e-8 	 1.6181559086639474e-8 	 
1647.9137892694969 	 -2.536906901662475e-8 	 -5.1621999050793066e-8 	 3.0279601321846637e-9 	 7.770754356695942e-8 	 -1.2298511751839511e-8 	 -1.4116164570703491e-8 	 -4.907702228956523e-10 	 1.7154530708252135e-9 	 -3.4581337024110735e-8 	 -9.970909776641634e-9 	 7.385565518473275e-9 	 6.491046167174573e-9 	 -2.0483082508875734e-8 	 -1.4345287553097196e-8 	 -3.1678236385364015e-9 	 -5.167158547450176e-9 	 1.3556241944596884e-9 	 3.470601292910974e-9 	 -4.1152955976592185e-9 	 -3.7607626231155334e-9 	 -1.350494501966738e-9 	 -3.1374922792917348e-9 	 8.953116369333698e-9 	 1.1521742445357568e-8 	 1.536303780199355e-8 	 1.6246330070679448e-8 	 
1676.9557286225488 	 -2.1717402724306867e-8 	 -4.7549346333248426e-8 	 2.9371612204561627e-9 	 7.547993302137521e-8 	 -1.236115275139799e-8 	 -1.4195232357984465e-8 	 -4.327228431216523e-10 	 1.6366617334963662e-9 	 -3.377298953557127e-8 	 -9.314486864105772e-9 	 7.209684890195993e-9 	 6.339101551738623e-9 	 -2.0149535309808407e-8 	 -1.3958077480611229e-8 	 -3.0210666707495233e-9 	 -5.029367430108523e-9 	 1.357121512886123e-9 	 3.500605024851791e-9 	 -4.071082490530054e-9 	 -3.713514858775011e-9 	 -1.3264294633067172e-9 	 -3.10586566929751e-9 	 8.754329600169748e-9 	 1.134134005071738e-8 	 1.5415061734626777e-8 	 1.6312466993795514e-8 	 
1706.5094873722715 	 -1.9089415998363142e-8 	 -4.453682624128413e-8 	 2.8496888885727207e-9 	 7.338733290546351e-8 	 -1.242557539150084e-8 	 -1.4275785517046595e-8 	 -3.764020110822375e-10 	 1.5608347178141246e-9 	 -3.3000365848628325e-8 	 -8.70584307512207e-9 	 7.0397481768749e-9 	 6.194748614965971e-9 	 -1.982231807167823e-8 	 -1.3575714407905625e-8 	 -2.8765835126161805e-9 	 -4.915114206181262e-9 	 1.358747151255142e-9 	 3.5321319564520614e-9 	 -4.02735006226493e-9 	 -3.6670878007482292e-9 	 -1.3029371432555853e-9 	 -3.0744063752604734e-9 	 8.557309119522941e-9 	 1.1163852306495987e-8 	 1.5468500314405822e-8 	 1.637999951438842e-8 	 
1736.5840855462714 	 -1.6181378167487043e-8 	 -4.1359310325041144e-8 	 2.7654493655601466e-9 	 7.139481592506079e-8 	 -1.2491847857729942e-8 	 -1.4357855120240925e-8 	 -3.219302859106643e-10 	 1.4870697525209142e-9 	 -3.226678372646404e-8 	 -8.068420232638348e-9 	 6.875567653497722e-9 	 6.0579476556923594e-9 	 -1.9499434751536478e-8 	 -1.3198076169155017e-8 	 -2.734208539636934e-9 	 -4.786470706101482e-9 	 1.3605034158022192e-9 	 3.565289914633466e-9 	 -3.984104741346639e-9 	 -3.6215286691400776e-9 	 -1.2817183235498772e-9 	 -3.043196323973544e-9 	 8.365267759354436e-9 	 1.0989240931507216e-8 	 1.5523397384385295e-8 	 1.644895784696348e-8 	 
1767.1887021362386 	 -1.336722536588762e-8 	 -3.8333135294626835e-8 	 2.684344633121153e-9 	 6.948300044121691e-8 	 -1.2560042527352029e-8 	 -1.4441473087629096e-8 	 -2.6899372721766845e-10 	 1.4161242667461914e-9 	 -3.149890390193151e-8 	 -7.490772810089882e-9 	 6.716938081430781e-9 	 5.928665832939966e-9 	 -1.9183899951721087e-8 	 -1.2825040159695344e-8 	 -2.5938943973531186e-9 	 -4.663551491237924e-9 	 1.3623933897158443e-9 	 3.6001993712943465e-9 	 -3.9413528142567e-9 	 -3.5768887944396866e-9 	 -1.262040720645615e-9 	 -3.0121067380036383e-9 	 8.176564247922128e-9 	 1.0817469691459345e-8 	 1.5579798104167152e-8 	 1.6519372990298694e-8 	 
1798.3326778994324 	 -1.1163331002075315e-8 	 -3.5913573028688555e-8 	 2.6062839900063375e-9 	 6.758511409778819e-8 	 -1.2630233847302917e-8 	 -1.4526672199473185e-8 	 -2.1775715886317438e-10 	 1.3471625585334036e-9 	 -3.077921096543589e-8 	 -6.8711451396059445e-9 	 6.563667370812987e-9 	 5.80690812303883e-9 	 -1.8872263661795133e-8 	 -1.2456483680755687e-8 	 -2.455515428475949e-9 	 -4.562172633244177e-9 	 1.3644195660053032e-9 	 3.6369933805405196e-9 	 -3.8991006828640476e-9 	 -3.533224229776447e-9 	 -1.2439635628013148e-9 	 -2.9812772167476527e-9 	 7.991182048606382e-9 	 1.0648505516391219e-8 	 1.5637749157533984e-8 	 1.6591276624497607e-8 	 
1830.025518209555 	 -8.334234652016547e-9 	 -3.305795169191987e-8 	 2.531228015691666e-9 	 6.594229895531124e-8 	 -1.2702500814525312e-8 	 -1.4613486137945004e-8 	 -1.6793876619889735e-10 	 1.2806750232868658e-9 	 -3.010094612071506e-8 	 -6.322090430733085e-9 	 6.415577586175266e-9 	 5.692717448164634e-9 	 -1.856706152862341e-8 	 -1.209229009288213e-8 	 -2.3191015650711183e-9 	 -4.423087275796891e-9 	 1.366585026593735e-9 	 3.6758209134244814e-9 	 -3.857354577649905e-9 	 -3.490596473429082e-9 	 -1.2275492666785506e-9 	 -2.950603741719855e-9 	 7.809108182770323e-9 	 1.0482312950466451e-8 	 1.5697298555042688e-8 	 1.666470117494427e-8 	 
1862.2768959578668 	 -6.412672562206539e-9 	 -3.1050725006457104e-8 	 2.459018403095102e-9 	 6.421443426520872e-8 	 -1.2776926000865053e-8 	 -1.470194947441171e-8 	 -1.195985520271825e-10 	 1.2162374023932497e-9 	 -2.940350349865864e-8 	 -5.720342761602223e-9 	 6.272478619741652e-9 	 5.5861629660495614e-9 	 -1.8267089858291285e-8 	 -1.1732343735552399e-8 	 -2.184594519643017e-9 	 -4.33883788456154e-9 	 1.3688924613462693e-9 	 3.7168486925151065e-9 	 -3.8161207602394054e-9 	 -3.4490731259220857e-9 	 -1.2128634396078565e-9 	 -2.9201320158487927e-9 	 7.630327036977722e-9 	 1.0318852368750652e-8 	 1.5758496090466875e-8 	 1.6739679764936846e-8 	 
1895.0966545054139 	 -3.980380107594005e-9 	 -2.8651049000671583e-8 	 2.3896159197152632e-9 	 6.26347880345282e-8 	 -1.2853596144872132e-8 	 -1.4792097706805513e-8 	 -7.262924625077688e-11 	 1.1538568674337113e-9 	 -2.8724639513015578e-8 	 -5.187021586312312e-9 	 6.134209579019407e-9 	 5.487379775255112e-9 	 -1.797161062385672e-8 	 -1.1376516068809917e-8 	 -2.051930284764108e-9 	 -4.207290067916021e-9 	 1.3713449173450128e-9 	 3.760264634055579e-9 	 -3.7754053219265985e-9 	 -3.4087289111923126e-9 	 -1.1999747768417927e-9 	 -2.8898904351475047e-9 	 7.454819012534185e-9 	 1.015808165892519e-8 	 1.5821392970014054e-8 	 1.6816246211963158e-8 	 
1928.494810687309 	 -2.0193993375154032e-9 	 -2.6772728519306838e-8 	 2.322948002222871e-9 	 6.11180762947322e-8 	 -1.2932602771685473e-8 	 -1.4883967272178658e-8 	 -2.6899635962192303e-11 	 1.0935528332410154e-9 	 -2.8089950706221716e-8 	 -4.595646824851969e-9 	 6.000595645843212e-9 	 5.396534450698662e-9 	 -1.7682699539397288e-8 	 -1.102465832990271e-8 	 -1.921214195223395e-9 	 -4.111040241271663e-9 	 1.3739452842066786e-9 	 3.8062818828949455e-9 	 -3.7352143487455604e-9 	 -3.368982248511606e-9 	 -1.1889553730995277e-9 	 -2.859787953761605e-9 	 7.2825685963118155e-9 	 9.999968576885957e-9 	 1.5886042033626756e-8 	 1.6894435021940686e-8 	 
1962.4815578699313 	 -1.4730989454115964e-10 	 -2.4841821397415965e-8 	 2.258951580919113e-9 	 5.956566087604959e-8 	 -1.3014042017985936e-8 	 -1.497759557365022e-8 	 1.7534459125800873e-11 	 1.0350255831163296e-9 	 -2.7499386393964792e-8 	 -4.077817238657627e-9 	 5.871481693653231e-9 	 5.313876786259286e-9 	 -1.7397250005768397e-8 	 -1.0676622849090176e-8 	 -1.7922866916032381e-9 	 -4.013089818317661e-9 	 1.37669652246283e-9 	 3.855141715162619e-9 	 -3.6955539258508894e-9 	 -3.3311858757043413e-9 	 -1.1798825540242244e-9 	 -2.8299602322974776e-9 	 7.1135610093004084e-9 	 9.844475333727558e-9 	 1.595249785111672e-8 	 1.697428126889629e-8 	 
1997.0672690620238 	 1.5749550211206885e-9 	 -2.299475092627886e-8 	 2.1975665343308037e-9 	 5.7801278983294944e-8 	 -1.3098015986893202e-8 	 -1.5073020954715096e-8 	 6.09785046509409e-11 	 9.785559548479773e-10 	 -2.6862821518702677e-8 	 -3.492367721390007e-9 	 5.7467081151513495e-9 	 5.239524996644216e-9 	 -1.7118257958709537e-8 	 -1.0332286334336429e-8 	 -1.6653325551643922e-9 	 -3.891129259300739e-9 	 1.379601757440768e-9 	 3.9071211751264825e-9 	 -3.656429820810877e-9 	 -3.294838044405285e-9 	 -1.172840735046325e-9 	 -2.8002637747920724e-9 	 6.9477795792498696e-9 	 9.691557751503328e-9 	 1.6020816681432586e-8 	 1.705582057799292e-8 	 
2032.2625000806186 	 3.313291890914963e-9 	 -2.1623384667472072e-8 	 2.1387397081813782e-9 	 5.6479159973929415e-8 	 -1.3184632760812557e-8 	 -1.5170282751603575e-8 	 1.0321079992787862e-10 	 9.236208960797026e-10 	 -2.626099167918224e-8 	 -2.979431142652962e-9 	 5.626121817321703e-9 	 5.174207698791568e-9 	 -1.6843259999577007e-8 	 -9.991512802263919e-9 	 -1.3428272624504423e-9 	 -3.82039186876557e-9 	 1.3826639082552045e-9 	 3.9623903657696645e-9 	 -3.617847973921595e-9 	 -3.2600540993560045e-9 	 -1.1679205548958757e-9 	 -2.7708184568227363e-9 	 6.785208029070162e-9 	 9.541179189701563e-9 	 1.6091056621361767e-8 	 1.713908890230151e-8 	 
2068.077992772737 	 5.39053633535195e-9 	 -1.9771830238467156e-8 	 2.0824278532142406e-9 	 5.51176651764774e-8 	 -1.32740073628864e-8 	 -1.5269421283647066e-8 	 1.4460833674848906e-10 	 8.705506678994274e-10 	 -2.569847531693748e-8 	 -2.401753902203057e-9 	 5.509588649822263e-9 	 5.118321760627065e-9 	 -1.657337418684181e-8 	 -9.654126215033307e-9 	 -1.2162236762867019e-9 	 -3.6938329184730767e-9 	 1.3858864180058156e-9 	 4.021556406932738e-9 	 -3.5798139902105097e-9 	 -3.226965080732196e-9 	 -1.1652185533608377e-9 	 -2.7415611450318223e-9 	 6.625831486970737e-9 	 9.393303474180013e-9 	 1.6163277597008015e-8 	 1.7224122377577157e-8 	 
2104.524678293899 	 6.704227445202408e-9 	 -1.8692265663274924e-8 	 2.0285898261866194e-9 	 5.3841964528434145e-8 	 -1.3366262327998617e-8 	 -1.5370477805400498e-8 	 1.850724667791201e-10 	 8.190566905779051e-10 	 -2.5119388612874358e-8 	 -1.8845949858744504e-9 	 5.396953030227275e-9 	 5.072524128519435e-9 	 -1.630860446463878e-8 	 -9.319958778162286e-9 	 -1.081085503899709e-9 	 -3.6221584938158734e-9 	 1.3892722813460718e-9 	 4.084943406310514e-9 	 -3.5423334348672237e-9 	 -3.1957210789882664e-9 	 -1.164841758471039e-9 	 -2.712479727342728e-9 	 6.469634439721792e-9 	 9.24789091637131e-9 	 1.6237541452133805e-8 	 1.7310956914203174e-8 	 
2141.6136804443754 	 8.628089817468432e-9 	 -1.708467423865802e-8 	 1.9771997991555827e-9 	 5.255520383767875e-8 	 -1.3461529396750336e-8 	 -1.54734946019296e-8 	 2.2478043988812756e-10 	 7.691233257325386e-10 	 -2.4547570617199303e-8 	 -1.3144453036023578e-9 	 5.2880930734532536e-9 	 5.037696556612832e-9 	 -1.604772386601956e-8 	 -8.993724958038884e-9 	 -9.419908057143062e-10 	 -3.517293259345665e-9 	 1.3928255663644545e-9 	 4.153055696084803e-9 	 -3.50541178607427e-9 	 -3.166495671737892e-9 	 -1.1669090338255518e-9 	 -2.6836692810187596e-9 	 6.31660498488656e-9 	 9.10489939152758e-9 	 1.63139121905481e-8 	 1.7399627775450352e-8 	 
2179.3563190642653 	 9.787570343007147e-9 	 -1.6158556858568782e-8 	 1.928315204865011e-9 	 5.1271881769764354e-8 	 -1.3559950415578727e-8 	 -1.5578514904184332e-8 	 2.6380297044080124e-10 	 7.206601961897235e-10 	 -2.402689027329549e-8 	 -7.707325670487416e-10 	 5.182867374994411e-9 	 5.014748919018371e-9 	 -1.5792435515340036e-8 	 -8.665262863328426e-9 	 -8.159551752774237e-10 	 -3.4280444830884664e-9 	 1.3965498339329745e-9 	 4.226492361381303e-9 	 -3.469054221390805e-9 	 -3.1394918444106145e-9 	 -1.1715508657189475e-9 	 -2.6549661892196798e-9 	 6.166732929704376e-9 	 8.964300270641277e-9 	 1.639245584245858e-8 	 1.7490168846066423e-8 	 
2217.7641134883993 	 1.1524092788454879e-8 	 -1.4725070531002768e-8 	 1.8818107299007576e-9 	 5.011913601337489e-8 	 -1.3661679487396614e-8 	 -1.5685582902086954e-8 	 3.022826344983515e-10 	 6.736197106121428e-10 	 -2.350223595917416e-8 	 -3.157640142587148e-10 	 5.081161196494449e-9 	 5.005378379460009e-9 	 -1.5540780170156233e-8 	 -8.339419709170582e-9 	 -6.78409522792033e-10 	 -3.3454354261472323e-9 	 1.4004504073584345e-9 	 4.305968975932869e-9 	 -3.4332658667528492e-9 	 -3.114484117007508e-9 	 -1.1789149157794631e-9 	 -2.6265769923614644e-9 	 6.0200035344139624e-9 	 8.826048211766857e-9 	 1.6473240856639365e-8 	 1.758261175208936e-8 	 
2256.8487860621126 	 1.2814063896487007e-8 	 -1.3976788049722128e-8 	 1.8377505608472162e-9 	 4.893533354920331e-8 	 -1.3766884341063626e-8 	 -1.5794743730811346e-8 	 3.4035996178311156e-10 	 6.279350727754245e-10 	 -2.2977858937838277e-8 	 3.8103555965891293e-10 	 4.982841969967181e-9 	 5.011315344775227e-9 	 -1.5294237332320298e-8 	 -8.015960458332784e-9 	 -5.440068278998662e-10 	 -3.2510358759978175e-9 	 1.4045324731051365e-9 	 4.3921363852150955e-9 	 -3.398051653567342e-9 	 -3.092610488547899e-9 	 -1.1885271359703186e-9 	 -2.598293847508315e-9 	 5.8764013049871436e-9 	 8.690097381022996e-9 	 1.6556338317522044e-8 	 1.767698469520423e-8 	 
2296.6222657190083 	 1.4516279372194816e-8 	 -1.2684541661276301e-8 	 1.7961699191944008e-9 	 4.7780046065765944e-8 	 -1.3875750077777695e-8 	 -1.5906043465368356e-8 	 3.7814049243060753e-10 	 5.834820160010483e-10 	 -2.245877426684129e-8 	 9.17824117077077e-10 	 4.887807462956923e-9 	 5.035034108963469e-9 	 -1.505172873437264e-8 	 -7.694579023262824e-9 	 -4.1144956755824835e-10 	 -3.1727048145163294e-9 	 1.4088039085677601e-9 	 4.4863861655377535e-9 	 -3.3634162164728163e-9 	 -3.073818812038125e-9 	 -1.2017924265414713e-9 	 -2.5702800354960765e-9 	 5.735921267189426e-9 	 8.556409647096493e-9 	 1.664182197615079e-8 	 1.7773311326785297e-8 	 
2337.0966916217417 	 1.57057865842033e-8 	 -1.2098457513361687e-8 	 1.7571298961721608e-9 	 4.665520056141108e-8 	 -1.3988482052691482e-8 	 -1.601952907170846e-8 	 4.1593399812118917e-10 	 5.40291380000612e-10 	 -2.197766879875749e-8 	 1.6146469764716193e-9 	 4.795933822115211e-9 	 5.079625914885637e-9 	 -1.4813584941499702e-8 	 -7.374956141887886e-9 	 -2.7343342383851684e-10 	 -3.090233834547935e-9 	 1.4132730607647492e-9 	 4.5898869111192716e-9 	 -3.329364101465531e-9 	 -3.05854062306648e-9 	 -1.218364023070719e-9 	 -2.5424586230526695e-9 	 5.5985605161139985e-9 	 8.428997899191166e-9 	 1.6729768912100024e-8 	 1.7871609884685137e-8 	 
2378.2844168669976 	 1.7498401128484798e-8 	 -1.0947565471435062e-8 	 1.7208050027937165e-9 	 4.5629938182053115e-8 	 -1.4105309554628631e-8 	 -1.6135248397357593e-8 	 4.5366398954086456e-10 	 4.980905376489503e-10 	 -2.1511270883526343e-8 	 2.2386750395476234e-9 	 4.707134162142224e-9 	 5.149926087907766e-9 	 -1.4579774429372523e-8 	 -7.056658183112053e-9 	 -1.3845014555304355e-10 	 -3.005847504251577e-9 	 1.4179515158186181e-9 	 4.704272763525426e-9 	 -3.295899587942528e-9 	 -3.0473259623015708e-9 	 -1.238497058259094e-9 	 -2.5164393312591316e-9 	 5.464314768804266e-9 	 8.299761936352037e-9 	 1.6820259902819302e-8 	 1.797189374853004e-8 	 
2420.198012255736 	 1.8797577779304204e-8 	 -1.0414277319515752e-8 	 1.6872380975333506e-9 	 4.4553002265746856e-8 	 -1.4226490266725818e-8 	 -1.625325014664047e-8 	 4.92179930749908e-10 	 4.5712286087825895e-10 	 -2.1028287628861818e-8 	 2.9847305158854036e-9 	 4.621292891277382e-9 	 5.2523073762004355e-9 	 -1.434998802598685e-8 	 -6.73919157359193e-9 	 1.7351078655888918e-12 	 -2.932788339071912e-9 	 1.42285050719216e-9 	 4.831332409321232e-9 	 -3.2630265890951822e-9 	 -3.04066485954999e-9 	 -1.2625085367761824e-9 	 -2.489147317476118e-9 	 5.3331746363096215e-9 	 8.172676513394249e-9 	 1.691337997105492e-8 	 1.8074175299186866e-8 	 
2462.8502701298967 	 2.0614836549658066e-8 	 -9.499914572713555e-9 	 1.6567143007922296e-9 	 4.3547670093610986e-8 	 -1.4352314133970115e-8 	 -1.6373583810697442e-8 	 5.310388135433076e-10 	 4.1679163357513844e-10 	 -2.057066264999557e-8 	 3.7626788418415835e-9 	 4.538327982696916e-9 	 5.396114933403315e-9 	 -1.4124354486011286e-8 	 -6.421866487021083e-9 	 1.4285736641419033e-10 	 -2.8540168294223345e-9 	 1.4279811804947704e-9 	 4.974086310589069e-9 	 -3.2307489623415797e-9 	 -3.039920816953259e-9 	 -1.2907694194987066e-9 	 -2.46182744820717e-9 	 5.205149010002039e-9 	 8.047710427190809e-9 	 1.7009218847075508e-8 	 1.81784764252603e-8 	 
2506.2542082767286 	 2.1956084391991226e-8 	 -8.939366633230708e-9 	 1.6296250116320687e-9 	 4.2546728385892544e-8 	 -1.4483106147599783e-8 	 -1.6496299511684587e-8 	 5.717881146864638e-10 	 3.775986804313057e-10 	 -2.0145212117517408e-8 	 4.370112839938698e-9 	 4.458131934464322e-9 	 5.5967652290041005e-9 	 -1.3902775603069427e-8 	 -6.103821800464153e-9 	 2.8826214824534965e-10 	 -2.774769164643502e-9 	 1.4333456072051473e-9 	 5.135385400836407e-9 	 -3.1990700247490717e-9 	 -3.0463017272572918e-9 	 -1.3237464258444453e-9 	 -2.4349606305375116e-9 	 5.080250051387407e-9 	 7.924798842431133e-9 	 1.710787122767643e-8 	 1.828485070475774e-8 	 
2550.4230739018953 	 2.4193336256028478e-8 	 -8.263339047217188e-9 	 1.606580796945048e-9 	 4.157869734265906e-8 	 -1.4619224986233303e-8 	 -1.6621447784555943e-8 	 6.139481056064981e-10 	 3.3875952391056387e-10 	 -1.9712021374127486e-8 	 5.6405314900005166e-9 	 4.380598317411258e-9 	 5.879336038486136e-9 	 -1.3684997197137373e-8 	 -5.783752202201413e-9 	 4.3170836823235135e-10 	 -2.71538251001063e-9 	 1.4389286194831517e-9 	 5.319117085264813e-9 	 -3.167992882700381e-9 	 -3.0619203463587363e-9 	 -1.3620017070988797e-9 	 -2.408066636066229e-9 	 4.958503021246345e-9 	 7.803916224429327e-9 	 1.7209436247163776e-8 	 1.8393421748897192e-8 	 
2595.370347672644 	 2.6504265721747813e-8 	 -7.668154539579237e-9 	 1.5886215663664985e-9 	 4.061112934686265e-8 	 -1.4761058004747091e-8 	 -1.6749079039306053e-8 	 6.601141130671521e-10 	 3.0081903933818847e-10 	 -1.9267977542335016e-8 	 6.888440267408546e-9 	 4.305587606725904e-9 	 6.288298578200973e-9 	 -1.3471240567819457e-8 	 -5.459789452756591e-9 	 5.6229079857814e-10 	 -2.6233862149494177e-9 	 1.44467820621336e-9 	 5.527109244243617e-9 	 -3.1375199553251478e-9 	 -3.0902793571693344e-9 	 -1.4062242755864721e-9 	 -2.3815316849346657e-9 	 4.8399028634829855e-9 	 7.68506131294833e-9 	 1.731401537430766e-8 	 1.8504438038512287e-8 	 
2641.109747832185 	 2.883584523711495e-8 	 -7.1804235496916145e-9 	 1.5776635463091714e-9 	 3.9706570251758165e-8 	 -1.4909006692835592e-8 	 -1.6879242707326608e-8 	 7.111131657977007e-10 	 2.652467527339565e-10 	 -1.8855129303067248e-8 	 8.34215598254382e-9 	 4.232904936160949e-9 	 6.87348177765029e-9 	 -1.3261217792628974e-8 	 -5.129074201807714e-9 	 6.349066579429577e-10 	 -2.578045911962947e-9 	 1.4504894741642199e-9 	 5.752062179778368e-9 	 -3.107652910442683e-9 	 -3.273641923430069e-9 	 -1.5148029345467732e-9 	 -2.355139094052506e-9 	 4.7244167744426704e-9 	 7.568172065136634e-9 	 1.742170822872697e-8 	 1.8618330465761806e-8 	 
2687.655234386611 	 3.174362203441933e-8 	 -6.595197042887151e-9 	 1.5814829269391398e-9 	 3.88105691810746e-8 	 -1.5063463983110136e-8 	 -1.7011986008312724e-8 	 7.73631915075983e-10 	 2.2547804188223362e-10 	 -1.8459443222854457e-8 	 1.011460795687409e-8 	 4.162307216165415e-9 	 7.566603126974145e-9 	 -1.3054858563637563e-8 	 -4.788484710578974e-9 	 4.796613802390351e-10 	 -2.4876161728548073e-9 	 1.456190801948354e-9 	 5.964489080841516e-9 	 -3.0783921678852984e-9 	 -3.3163185413652956e-9 	 -1.5401005098355785e-9 	 -2.3288803897637033e-9 	 4.612033804997593e-9 	 7.452962673014904e-9 	 1.7532605841579463e-8 	 1.8735739399898547e-8 	 
2735.0210133656037 	 3.141159271057775e-8 	 -6.2498352656427416e-9 	 1.6050599495961798e-9 	 3.7947131222494546e-8 	 -1.5224778957276387e-8 	 -1.7147352345519428e-8 	 8.60244613244118e-10 	 1.8481069073068992e-10 	 -1.8097561306266057e-8 	 1.0809859463856797e-8 	 4.093473540530468e-9 	 7.81646253756147e-9 	 -1.2852423838006689e-8 	 -4.4320477648924406e-9 	 -9.621342420888237e-10 	 -2.437758027977539e-9 	 1.4615561702351736e-9 	 6.037059671684079e-9 	 -3.0497367910704294e-9 	 -3.4195345190504127e-9 	 -1.57458704123018e-9 	 -2.303001196424001e-9 	 4.502815702986288e-9 	 7.339618357377391e-9 	 1.764678267226346e-8 	 1.8857469413462218e-8 	 
2783.2215411581997 	 3.039132272008031e-8 	 -5.6876612451501215e-9 	 1.6218354834002742e-9 	 3.7127459947517514e-8 	 -1.539321236054986e-8 	 -1.728537997573318e-8 	 9.411002960797203e-10 	 1.4431535241030364e-10 	 -1.7717207683672633e-8 	 9.977485007872603e-9 	 4.026086135575466e-9 	 6.871358817360321e-9 	 -1.2653166210311646e-8 	 -4.083056210012317e-9 	 -3.4115082279022857e-10 	 -2.3668216243419054e-9 	 1.466339631207754e-9 	 5.784455357195894e-9 	 -3.0216839005588993e-9 	 -3.516106323082748e-9 	 -1.6004924309831842e-9 	 -2.277045649532302e-9 	 4.396783275650087e-9 	 7.228438511436715e-9 	 1.7764289890826713e-8 	 1.8984359450265968e-8 	 
2832.2715289250114 	 2.787912609554034e-8 	 -5.419887778575008e-9 	 1.5924001130070884e-9 	 3.6281156287675725e-8 	 -1.556889238888169e-8 	 -1.742610112978805e-8 	 9.73536353369105e-10 	 1.0269394805976301e-10 	 -1.7341190389280915e-8 	 8.238399803623993e-9 	 3.9598179252619506e-9 	 5.883052548650872e-9 	 -1.2457914154957725e-8 	 -3.769659498730478e-9 	 1.327617748073653e-10 	 -2.3012923625842857e-9 	 1.4703280758075241e-9 	 5.438802765534993e-9 	 -2.9942288871224526e-9 	 -3.4793585927183885e-9 	 -1.598591362485992e-9 	 -2.2516090461807085e-9 	 4.2937448175869145e-9 	 7.118887188505112e-9 	 1.788515257797143e-8 	 1.91171175069842e-8 	 
2882.1859470881627 	 2.5905872368292353e-8 	 -4.9597017973037745e-9 	 1.5478172118475936e-9 	 3.555056563971145e-8 	 -1.5751790531100094e-8 	 -1.7569542014514986e-8 	 9.875784223394531e-10 	 6.522324880845345e-11 	 -1.6971277070995637e-8 	 6.790029072855538e-9 	 3.894446759807055e-9 	 5.091897397212088e-9 	 -1.226565707320649e-8 	 -3.488364561805305e-9 	 3.7861590640142205e-10 	 -2.2496273952419167e-9 	 1.4733785437230612e-9 	 5.0926043244608525e-9 	 -2.9673653603940865e-9 	 -3.4042336001328012e-9 	 -1.5827384661305627e-9 	 -2.2260539886754836e-9 	 4.193527251132525e-9 	 7.010964517089378e-9 	 1.800937228573815e-8 	 1.925620364666647e-8 	 
2932.9800299003823 	 2.418536321879849e-8 	 -4.670686063802993e-9 	 1.4941010074516139e-9 	 3.479416292127507e-8 	 -1.5941738243211208e-8 	 -1.7715723469122715e-8 	 9.890585384322684e-10 	 3.1398026852358757e-11 	 -1.6609763492796948e-8 	 5.697530379244351e-9 	 3.829799567332104e-9 	 4.491747713498878e-9 	 -1.2077137410133965e-8 	 -3.2339869505221203e-9 	 5.094774038879812e-10 	 -2.1774869497631264e-9 	 1.4754301312578877e-9 	 4.771295444431304e-9 	 -2.941085864567088e-9 	 -3.3095900764830215e-9 	 -1.5600382733450357e-9 	 -2.2009410331312545e-9 	 4.096020434322265e-9 	 6.904775152699497e-9 	 1.813693341497744e-8 	 1.9401810910014952e-8 	 
2984.6692800946194 	 2.2779762502376273e-8 	 -4.357400060257402e-9 	 1.435024876023826e-9 	 3.406101989934081e-8 	 -1.6138460779078908e-8 	 -1.786466172652244e-8 	 9.802411869089204e-10 	 1.1887959395655463e-12 	 -1.6267975596519015e-8 	 4.845606088117713e-9 	 3.765798922933178e-9 	 4.01457685713279e-9 	 -1.1891766494047152e-8 	 -3.002774545537996e-9 	 5.803957050692308e-10 	 -2.1300140467074868e-9 	 1.4764879869674989e-9 	 4.477582453727241e-9 	 -2.915381861651781e-9 	 -3.2039591566302343e-9 	 -1.5330223906853423e-9 	 -2.175892726854123e-9 	 4.001115419478613e-9 	 6.8002996958892756e-9 	 1.8267810270644028e-8 	 1.9553923728695466e-8 	 
3037.269473615574 	 2.1640653600333013e-8 	 -4.035885703876666e-9 	 1.3726886351773121e-9 	 3.334512939516909e-8 	 -1.634163734458936e-8 	 -1.8016369179580126e-8 	 9.639709560234383e-10 	 -2.5162964099809463e-11 	 -1.5931474229038196e-8 	 4.1665056028032685e-9 	 3.7024082287654776e-9 	 3.620069630929994e-9 	 -1.1709667577807342e-8 	 -2.790411675624834e-9 	 6.182710249733627e-10 	 -2.0670507649713785e-9 	 1.4765995536472107e-9 	 4.2086795861673625e-9 	 -2.890244276319542e-9 	 -3.0918685949843965e-9 	 -1.5034064974769407e-9 	 -2.1510156244283017e-9 	 3.908698601840862e-9 	 6.697450992030953e-9 	 1.840197258495349e-8 	 1.971240324064808e-8 	 
3090.796664434656 	 2.0553697417866836e-8 	 -3.7960736644506385e-9 	 1.3086649610949713e-9 	 3.260761968327522e-8 	 -1.655093687975333e-8 	 -1.817085460793788e-8 	 9.415454098045254e-10 	 -4.786429166034386e-11 	 -1.5594267412525e-8 	 3.611363427562762e-9 	 3.6396134362387643e-9 	 3.2852733939937973e-9 	 -1.1530836037289553e-8 	 -2.595124262321811e-9 	 6.315219747733031e-10 	 -2.013159702152395e-9 	 1.4758316580253745e-9 	 3.9607566196111595e-9 	 -2.865663434945086e-9 	 -2.976349687730677e-9 	 -1.4721401741762984e-9 	 -2.1265121369799284e-9 	 3.81863748851255e-9 	 6.596204555956761e-9 	 1.853938914815462e-8 	 1.9877057952785972e-8 	 
3145.267189449756 	 1.9647427787193075e-8 	 -3.5369379541441022e-9 	 1.2439942078013212e-9 	 3.189770373626593e-8 	 -1.676604937198013e-8 	 -1.8328123434950393e-8 	 9.140497946982551e-10 	 -6.716854348357199e-11 	 -1.5251451858323718e-8 	 3.1501782926379423e-9 	 3.5774249226735795e-9 	 2.9956138962064155e-9 	 -1.1355042736715823e-8 	 -2.4155686395305604e-9 	 6.31429700074727e-10 	 -1.9603859069217796e-9 	 1.4742567919802038e-9 	 3.730920505260984e-9 	 -2.841629430661903e-9 	 -2.8590835114097835e-9 	 -1.4398502939328453e-9 	 -2.1018846305450234e-9 	 3.730821410498688e-9 	 6.496494317924536e-9 	 1.8680029167781102e-8 	 2.004768735598902e-8 	 
3200.6976734713967 	 1.882998858731777e-8 	 -3.2752571312868543e-9 	 1.1795109415118713e-9 	 3.120774017438701e-8 	 -1.6986694969810846e-8 	 -1.8488177468056884e-8 	 8.831186930284722e-10 	 -8.31155879710779e-11 	 -1.4945706439391174e-8 	 2.7614145607218006e-9 	 3.515849907098341e-9 	 2.74156109489695e-9 	 -1.118232824801074e-8 	 -2.248783420828077e-9 	 6.22489989720442e-10 	 -1.9073518168735897e-9 	 1.4719447761154486e-9 	 3.5167700757622305e-9 	 -2.818131933892688e-9 	 -2.7414576356147086e-9 	 -1.4070112355631008e-9 	 -2.077849342245158e-9 	 3.6451478581419604e-9 	 6.398340325560299e-9 	 1.8823862531754383e-8 	 2.0224102888163457e-8 	 
3257.10503429676 	 1.8039038481901448e-8 	 -3.1076030228923178e-9 	 1.1158560935377812e-9 	 3.0546184127104844e-8 	 -1.721262807857133e-8 	 -1.8651014798766774e-8 	 8.490041890910982e-10 	 -9.61748981581137e-11 	 -1.463404553570836e-8 	 2.431296246667906e-9 	 3.454891242807113e-9 	 2.516338270277129e-9 	 -1.1012729753871773e-8 	 -2.094257652575895e-9 	 6.072710568069302e-10 	 -1.8516406864449477e-9 	 1.4689604029291714e-9 	 3.316146718704148e-9 	 -2.7951601848618567e-9 	 -2.624404067589931e-9 	 -1.3738616956138227e-9 	 -2.053593463468971e-9 	 3.5615199248774597e-9 	 6.30169103254665e-9 	 1.897085921916344e-8 	 2.0406133795911865e-8 	 
3314.506487873102 	 1.7332861449732718e-8 	 -2.8451325262469996e-9 	 1.0534168998233445e-9 	 2.98550983478873e-8 	 -1.744363418141932e-8 	 -1.8816629514279303e-8 	 8.127999807610889e-10 	 -1.0650406901591778e-10 	 -1.4353900449236092e-8 	 2.147871019604469e-9 	 3.394569854370157e-9 	 2.314822245239003e-9 	 -1.0845897453925599e-8 	 -1.9508600882412256e-9 	 5.878621203270975e-10 	 -1.813100184668212e-9 	 1.4653621389061283e-9 	 3.1276140553006017e-9 	 -2.772703094917649e-9 	 -2.50867854828444e-9 	 -1.340641491313983e-9 	 -2.0298685957433605e-9 	 3.479853384471224e-9 	 6.206525519418864e-9 	 1.9120988700971356e-8 	 2.0593627379944178e-8 	 
3372.919553552214 	 1.667611549270995e-8 	 -2.6866238410048695e-9 	 9.92570336702857e-10 	 2.9194960066962367e-8 	 -1.7679522272360804e-8 	 -1.8985011460834275e-8 	 7.754267215554546e-10 	 -1.1428666155627851e-10 	 -1.4037926268845125e-8 	 1.903159640852519e-9 	 3.3348771359569774e-9 	 2.133340468359174e-9 	 -1.0682092607140083e-8 	 -1.8176034923335665e-9 	 5.657055822510355e-10 	 -1.7464936434069004e-9 	 1.4612029222893113e-9 	 2.9498929936131836e-9 	 -2.7507492195236834e-9 	 -2.3945723628227705e-9 	 -1.3075174246649334e-9 	 -2.006138948468494e-9 	 3.400070958413744e-9 	 6.1127824721728104e-9 	 1.9274219142152753e-8 	 2.0786445254389542e-8 	 
3432.362059437434 	 1.606469842422353e-8 	 -2.5100946797114576e-9 	 9.33570622326873e-10 	 2.857869087732066e-8 	 -1.7920123975395732e-8 	 -1.9156146039465382e-8 	 7.365948518991925e-10 	 -1.200556013079198e-10 	 -1.3746540689086592e-8 	 1.69035315917324e-9 	 3.2758288602256203e-9 	 1.96897619888054e-9 	 -1.0521137223945914e-8 	 -1.6936254755639758e-9 	 5.418464631073939e-10 	 -1.7204694361562639e-9 	 1.4565305297834429e-9 	 2.782016362102676e-9 	 -2.7292866303194264e-9 	 -2.282575404196362e-9 	 -1.2746099102030977e-9 	 -1.982597678498709e-9 	 3.3221038566525764e-9 	 6.020472429127284e-9 	 1.9430516821650644e-8 	 2.0984460135824207e-8 	 
3492.8521478249413 	 1.556205955642252e-8 	 -2.3017435475596363e-9 	 8.766018986429138e-10 	 2.796106167678499e-8 	 -1.8165286248849915e-8 	 -1.933001396853068e-8 	 6.977699483218081e-10 	 -1.2372541976882785e-10 	 -1.345995273728242e-8 	 1.5046288167109906e-9 	 3.217430666396562e-9 	 1.8194209309214874e-9 	 -1.0362583129166216e-8 	 -1.5781669019054145e-9 	 5.169884401607245e-10 	 -1.6547978928005505e-9 	 1.4513883087714767e-9 	 2.6229354839491846e-9 	 -2.7083030333141255e-9 	 -2.172970157629116e-9 	 -1.2420078040840563e-9 	 -1.9594555725219977e-9 	 3.2458859580783127e-9 	 5.929556001690407e-9 	 1.958984542159735e-8 	 2.1187552417809265e-8 	 
3554.408280740901 	 1.494521991050683e-8 	 -2.1975004176617024e-9 	 8.217950416837401e-10 	 2.7346262797867333e-8 	 -1.8414868660640734e-8 	 -1.950659114466727e-8 	 6.586645960822965e-10 	 -1.2577551283353822e-10 	 -1.3191151492918762e-8 	 1.342022320164113e-9 	 3.1596752017185005e-9 	 1.6828444972606615e-9 	 -1.020749498889962e-8 	 -1.4705563890864427e-9 	 4.916973962561777e-10 	 -1.6211255567615702e-9 	 1.4458157532707844e-9 	 2.4720503850546956e-9 	 -2.6877857935941903e-9 	 -2.0659676407414676e-9 	 -1.2098167139516503e-9 	 -1.9361142519902126e-9 	 3.1713539214483605e-9 	 5.840013000062446e-9 	 1.975216580463518e-8 	 2.139560775874971e-8 	 
3617.049245576217 	 1.4449546708884479e-8 	 -2.004784170356427e-9 	 7.692537783538081e-10 	 2.6772015839325663e-8 	 -1.8668739351127605e-8 	 -1.968584845190509e-8 	 6.197019255976882e-10 	 -1.2640476517631037e-10 	 -1.2972386476385177e-8 	 1.1987434014279983e-9 	 3.1025847449458856e-9 	 1.557657422059851e-9 	 -1.005399492044805e-8 	 -1.3701936032948108e-9 	 4.663599899109124e-10 	 -1.578312709816227e-9 	 1.439848850844729e-9 	 2.328747662253894e-9 	 -2.667721726536523e-9 	 -1.9617260669572526e-9 	 -1.1780008801180069e-9 	 -1.9134509698434116e-9 	 3.0984487295390066e-9 	 5.751797887463623e-9 	 1.9917435539065868e-8 	 2.1608515030060448e-8 	 
3680.7941608205992 	 1.3990506160229332e-8 	 -1.876933497624727e-9 	 7.189769767673644e-10 	 2.6166665226004498e-8 	 -1.8926774414730848e-8 	 -1.9867751667231754e-8 	 5.817154996851755e-10 	 -1.255987226755239e-10 	 -1.2665468665425786e-8 	 1.0725032224859048e-9 	 3.0461477990769103e-9 	 1.4426382418961289e-9 	 -9.904301801361328e-9 	 -1.2765401569697054e-9 	 4.412664114330207e-10 	 -1.5202788002202605e-9 	 1.4335204736591067e-9 	 2.192503654371503e-9 	 -2.64809737677879e-9 	 -1.860363128552793e-9 	 -1.146646472738765e-9 	 -1.8904891537834876e-9 	 3.0271170319745496e-9 	 5.664922128990644e-9 	 2.0085608478246276e-8 	 2.1826164873732017e-8 	 
3745.662481897642 	 1.3503440736588735e-8 	 -1.7694849049241327e-9 	 6.710148101174054e-10 	 2.559487413333076e-8 	 -1.9188854069740276e-8 	 -2.0052261379387364e-8 	 5.440218228679753e-10 	 -1.239218004366007e-10 	 -1.238668029142437e-8 	 9.60463108290077e-10 	 2.990372591974669e-9 	 1.3367267305295826e-9 	 -9.75614064659981e-9 	 -1.1891089019653235e-9 	 4.166351729767201e-10 	 -1.5008964951565219e-9 	 1.4268606160835296e-9 	 2.0628672749171863e-9 	 -2.628898964105937e-9 	 -1.7620157776020808e-9 	 -1.115783513616105e-9 	 -1.868086244809408e-9 	 2.9573081523842524e-9 	 5.579345838617209e-9 	 2.025663475765292e-8 	 2.2048448716614378e-8 	 
3811.6740071027934 	 1.3196454352281685e-8 	 -1.6006359403049119e-9 	 6.253632617129064e-10 	 2.5077585422557842e-8 	 -1.945486287104477e-8 	 -2.0239332883968398e-8 	 5.076677986430225e-10 	 -1.2119454306631157e-10 	 -1.2153178745019211e-8 	 8.609337387837138e-10 	 2.9352726097378923e-9 	 1.2390124095811782e-9 	 -9.610947270544144e-9 	 -1.1074572621305168e-9 	 3.9261220131616557e-10 	 -1.3955746545779227e-9 	 1.4198966414874343e-9 	 1.9394463885508526e-9 	 -2.610112179136473e-9 	 -1.6666277604169205e-9 	 -1.0854341715920617e-9 	 -1.8457097406108854e-9 	 2.8889755819373234e-9 	 5.495037874938937e-9 	 2.043046051831767e-8 	 2.2275257927129268e-8 	 
3878.848883645918 	 1.2656637761630598e-8 	 -1.5296078863222445e-9 	 5.820055537169846e-10 	 2.4551360083632855e-8 	 -1.9724687399731758e-8 	 -2.0428916245308332e-8 	 4.723826782543448e-10 	 -1.177448402882197e-10 	 -1.1929597190261289e-8 	 7.731287923423962e-10 	 2.8808318486162754e-9 	 1.1487118519037643e-9 	 -9.46853508680336e-9 	 -1.0311817156254075e-9 	 3.693165910721661e-10 	 -1.4279206459538216e-9 	 1.4126533366282367e-9 	 1.821941912060722e-9 	 -2.5917225541608357e-9 	 -1.5743092848648732e-9 	 -1.0556150245728826e-9 	 -1.823415023830163e-9 	 2.822078048541912e-9 	 5.41196905101887e-9 	 2.060702773174142e-8 	 2.2506483179823832e-8 	 
3947.2076138003845 	 1.2322389012823891e-8 	 -1.3967953663029947e-9 	 5.409024146366824e-10 	 2.4041985858734608e-8 	 -1.9998216234240266e-8 	 -2.0620956228565176e-8 	 4.3815337990898655e-10 	 -1.1378303028484086e-10 	 -1.1694111538783977e-8 	 6.941106832728429e-10 	 2.8270729579225497e-9 	 1.0651553367424856e-9 	 -9.327323378970007e-9 	 -9.599124839774303e-10 	 3.468230467944144e-10 	 -1.364030683788559e-9 	 1.405153374265693e-9 	 1.7099439889547284e-9 	 -2.5737152793371965e-9 	 -1.4850831934604217e-9 	 -1.0263381891700762e-9 	 -1.8016575834408382e-9 	 2.7565745117170302e-9 	 5.330148486193869e-9 	 2.078627419218478e-8 	 2.2742013971817e-8 	 
4016.7710611605276 	 1.1892095428028147e-8 	 -1.2921612891117286e-9 	 5.02008985162618e-10 	 2.3505864120043688e-8 	 -2.027533848061944e-8 	 -2.081539241231483e-8 	 4.0560202656388493e-10 	 -1.0918688608791076e-10 	 -1.1486567614035698e-8 	 6.242000613571388e-10 	 2.7739893500878777e-9 	 9.877618149305561e-10 	 -9.190344778345168e-9 	 -8.933097675762049e-10 	 3.2518886887633673e-10 	 -1.3305071930865286e-9 	 1.3974169612855547e-9 	 1.6032453791767031e-9 	 -2.556075182610352e-9 	 -1.3989585340776118e-9 	 -9.976125684541174e-10 	 -1.779564562226561e-9 	 2.692423852794501e-9 	 5.249541086006439e-9 	 2.0968133504290467e-8 	 2.298173868599854e-8 	 
4087.560457009342 	 1.1550864031299027e-8 	 -1.219004590651174e-9 	 4.6526973822650286e-10 	 2.3018105864854208e-8 	 -2.0555944117640794e-8 	 -2.101215923631626e-8 	 3.742394418035072e-10 	 -1.0434278150698552e-10 	 -1.1203127699564923e-8 	 5.615830387854459e-10 	 2.721578892693277e-9 	 9.159674822271032e-10 	 -9.053526711515554e-9 	 -8.310611328901252e-10 	 3.044372025923723e-10 	 -1.3176070566878647e-9 	 1.3894626387184072e-9 	 1.5015999515315392e-9 	 -2.5387870199153166e-9 	 -1.3159330585289298e-9 	 -9.694445914358367e-10 	 -1.758220589617553e-9 	 2.6295949369833764e-9 	 5.170104330133811e-9 	 2.115253503903796e-8 	 2.3225544059982846e-8 	 
4159.5974067984625 	 1.1264788350216026e-8 	 -1.1047700478098777e-9 	 4.3061930607438846e-10 	 2.2535259023586393e-8 	 -2.0839923676058723e-8 	 -2.121118622214934e-8 	 3.443863000471592e-10 	 -9.921475924496013e-11 	 -1.0993995550043698e-8 	 5.052565536058435e-10 	 2.6698606487786103e-9 	 8.49338793695847e-10 	 -8.920722222465297e-9 	 -7.728770974640181e-10 	 2.845911605828121e-10 	 -1.234263674695852e-9 	 1.3813066728119704e-9 	 1.4047847109857355e-9 	 -2.5218352445824366e-9 	 -1.235995093209895e-9 	 -9.418386092092835e-10 	 -1.7366167052749737e-9 	 2.5680617238341237e-9 	 5.091842795954569e-9 	 2.1339404097899902e-8 	 2.3473315464567028e-8 	 
4232.903896742278 	 1.0933793819278438e-8 	 -1.03230721700574e-9 	 3.9799222986480156e-10 	 2.209772453418602e-8 	 -2.112716535885523e-8 	 -2.141239810296608e-8 	 3.1621508781512604e-10 	 -9.38073775101787e-11 	 -1.0760865528822863e-8 	 4.55315264659765e-10 	 2.618818265237045e-9 	 7.874573735737417e-10 	 -8.78930209533476e-9 	 -7.184909274530268e-10 	 2.6565960381011324e-10 	 -1.2382265971318618e-9 	 1.3729639124687621e-9 	 1.3125962420959888e-9 	 -2.5052041746143354e-9 	 -1.1591250627117628e-9 	 -9.14797618559261e-10 	 -1.7153934085089262e-9 	 2.50778965745978e-9 	 5.014746440712723e-9 	 2.152866192524939e-8 	 2.3724936751619204e-8 	 
4307.502300528305 	 1.0615337968447187e-8 	 -9.627696343092596e-10 	 3.6731508664777077e-10 	 2.1637866888540445e-8 	 -2.141756194314735e-8 	 -2.1615715075401832e-8 	 2.892821959749698e-10 	 -8.845571334174518e-11 	 -1.0564394937154046e-8 	 4.100502867609628e-10 	 2.5684640416664263e-9 	 7.299523151896059e-10 	 -8.659631622825984e-9 	 -6.676546102867197e-10 	 2.4763609170057854e-10 	 -1.179432393086327e-9 	 1.3644472321615522e-9 	 1.2248474207939652e-9 	 -2.488878038520421e-9 	 -1.0852966239380706e-9 	 -8.883233719713253e-10 	 -1.6944677501667292e-9 	 2.44874787818871e-9 	 4.938793395255042e-9 	 2.1720226014336593e-8 	 2.398029083538037e-8 	 
4383.41538614581 	 1.0310731007833777e-8 	 -8.64151012569526e-10 	 3.385125021061547e-10 	 2.119657306614537e-8 	 -2.1711001418154056e-8 	 -2.1821053136122606e-8 	 2.6411167709517223e-10 	 -8.291890678341657e-11 	 -1.0373501357569164e-8 	 3.6978663154002807e-10 	 2.5188036779005046e-9 	 6.764890350700168e-10 	 -8.533751840525002e-9 	 -6.20138090812345e-10 	 2.3051289607347176e-10 	 -1.1621455810736005e-9 	 1.3557682781524308e-9 	 1.1413651731098254e-9 	 -2.4728409575657105e-9 	 -1.0144776787669301e-9 	 -8.624167175840621e-10 	 -1.6733135542851845e-9 	 2.3909132254618883e-9 	 4.8663351663035525e-9 	 2.1914010239405224e-8 	 2.4239259691281746e-8 	 
4460.666322834745 	 9.992749622541841e-9 	 -8.258931995221272e-10 	 3.1151065096155656e-10 	 2.0752489083872398e-8 	 -2.2007375159699202e-8 	 -2.2028324416757764e-8 	 2.4033689962748626e-10 	 -7.746611692342083e-11 	 -1.0156676014678454e-8 	 3.3330463476159207e-10 	 2.4698221487655354e-9 	 6.267614970504048e-10 	 -8.407496978682507e-9 	 -5.75727798298831e-10 	 2.1427301830429708e-10 	 -1.1304804543966847e-9 	 1.346936928529438e-9 	 1.0619883323077656e-9 	 -2.457077141664952e-9 	 -9.466311046636958e-10 	 -8.370779398757077e-10 	 -1.6529348717063059e-9 	 2.33426072885402e-9 	 4.792576691800278e-9 	 2.2109925281978817e-8 	 2.4501724922597922e-8 	 
4539.278688157207 	 9.785401417908934e-9 	 -7.380370921707506e-10 	 2.86229228646555e-10 	 2.03327279819665e-8 	 -2.230657488001919e-8 	 -2.2237437637396243e-8 	 2.1799627929670904e-10 	 -7.211108626226635e-11 	 -9.927316510041013e-9 	 3.007667286708359e-10 	 2.4215423814127175e-9 	 5.804972531394369e-10 	 -8.285711430693166e-9 	 -5.342244033253477e-10 	 1.988971733838161e-10 	 -1.0827479517120397e-9 	 1.3379621114383342e-9 	 9.865655798926561e-10 	 -2.4415707420600576e-9 	 -8.817154562130419e-10 	 -8.123066617211386e-10 	 -1.6321622446518414e-9 	 2.2787681216509676e-9 	 4.719917101281815e-9 	 2.2307878816753737e-8 	 2.476756875664095e-8 	 
4619.276475193451 	 9.498004216875009e-9 	 -6.886995647252149e-10 	 2.6259333172215965e-10 	 1.9933411991314398e-8 	 -2.260849570162584e-8 	 -2.2448298516666023e-8 	 1.9725307302554778e-10 	 -6.67604297132701e-11 	 -9.737409968259362e-9 	 2.7126367319257395e-10 	 2.3739488530330787e-9 	 5.374413276231814e-10 	 -8.164318278986296e-9 	 -4.954426754665047e-10 	 1.843619731992422e-10 	 -1.0667480326286462e-9 	 1.328851065355466e-9 	 9.149546139145583e-10 	 -2.4263060867815513e-9 	 -8.196854529040046e-10 	 -7.881023181086633e-10 	 -1.6130047634239802e-9 	 2.2244183034245475e-9 	 4.64832705779682e-9 	 2.250777611609114e-8 	 2.5036674626471646e-8 	 
4700.684099864773 	 9.201081512517389e-9 	 -6.345792691969021e-10 	 2.405250228146978e-10 	 1.952965493705745e-8 	 -2.2913032916806203e-8 	 -2.2660810461766476e-8 	 1.7776634605759485e-10 	 -6.16607085953338e-11 	 -9.595351108175322e-9 	 2.4490146683541236e-10 	 2.327047615114748e-9 	 4.973661919082819e-10 	 -8.04510874785927e-9 	 -4.592094009220904e-10 	 1.706424401619069e-10 	 -1.0219225906440595e-9 	 1.3196103325585978e-9 	 8.470200638298799e-10 	 -2.4112676408439665e-9 	 -7.604924925259468e-10 	 -7.644639724962808e-10 	 -1.5929752754244162e-9 	 2.1711933296120585e-9 	 4.577779388870057e-9 	 2.270952042713637e-8 	 2.53089285358166e-8 	 
4783.526408385447 	 8.999068672828437e-9 	 -5.74862820264412e-10 	 2.1994772286642906e-10 	 1.9144065678938683e-8 	 -2.322008744723361e-8 	 -2.2874875140148134e-8 	 1.5973966452184948e-10 	 -5.665957810043923e-11 	 -9.356636160455867e-9 	 2.2096202645511146e-10 	 2.280846288151489e-9 	 4.6006084561835804e-10 	 -7.92911258133613e-9 	 -4.2536327415452564e-10 	 1.5771096825782802e-10 	 -1.0094824167269554e-9 	 1.3102448696108012e-9 	 7.826334987586994e-10 	 -2.3964400537666518e-9 	 -7.04084984424083e-10 	 -7.413906579946542e-10 	 -1.5726873824280923e-9 	 2.1190739958041026e-9 	 4.508232149628769e-9 	 2.29130137401136e-8 	 2.558421972113627e-8 	 
4867.828684845938 	 8.693743989756148e-9 	 -5.327999721215354e-10 	 2.0078766376732927e-10 	 1.8742272795791147e-8 	 -2.35295659079311e-8 	 -2.3090393215943893e-8 	 1.430269676548343e-10 	 -5.1850541774635576e-11 	 -9.214583812031866e-9 	 1.995687364817997e-10 	 2.2353326146406472e-9 	 4.253288288766473e-10 	 -7.81269843708854e-9 	 -3.9375320993917683e-10 	 1.4553951321324971e-10 	 -9.788151480434286e-10 	 1.3007589994842581e-9 	 7.216714758874521e-10 	 -2.3818082642509736e-9 	 -6.504087440922393e-10 	 -7.188813433182803e-10 	 -1.5533505121993893e-9 	 2.068042218384561e-9 	 4.4397224842973935e-9 	 2.311815723388455e-8 	 2.5862443566127344e-8 	 
4953.616658929837 	 8.524505360663978e-9 	 -4.874478063679593e-10 	 1.829704441412947e-10 	 1.8371846625273195e-8 	 -2.384138224319659e-8 	 -2.330726527905518e-8 	 1.2752404198835992e-10 	 -4.729686696161916e-11 	 -8.985353611177433e-9 	 1.8010378281025898e-10 	 2.1905187567337097e-9 	 3.929953156714639e-10 	 -7.700565106903197e-9 	 -3.642383442025016e-10 	 1.3409888725730153e-10 	 -9.387321358699577e-10 	 1.2911556060048115e-9 	 6.640157466746683e-10 	 -2.3673575557411567e-9 	 -5.994072270820693e-10 	 -6.969351205043262e-10 	 -1.5333991807507967e-9 	 2.01808881190906e-9 	 4.3722127542982424e-9 	 2.3324852292825717e-8 	 2.6143502772888682e-8 	 
5040.9165137667105 	 8.264514012307758e-9 	 -4.394320812596056e-10 	 1.6642464288548147e-10 	 1.8016613091473322e-8 	 -2.4155462646803727e-8 	 -2.3525392778951043e-8 	 1.1330736941851025e-10 	 -4.289754444419062e-11 	 -8.842058978786167e-9 	 1.6268594726960745e-10 	 2.146401780808287e-9 	 3.6289317907826967e-10 	 -7.588679887064432e-9 	 -3.366866579942026e-10 	 1.2335921498376164e-10 	 -9.289565350631208e-10 	 1.2814368352459654e-9 	 6.095518527197899e-10 	 -2.3530736113764097e-9 	 -5.510218563291888e-10 	 -6.755512767495134e-10 	 -1.5141514515140702e-9 	 1.9691989127954264e-9 	 4.305694285407458e-9 	 2.3533001425237724e-8 	 2.6427310781319822e-8 	 
5129.7548939234275 	 8.073752744082876e-9 	 -4.1023815315347445e-10 	 1.5108117626750157e-10 	 1.7651520785597397e-8 	 -2.4471745340625158e-8 	 -2.37446792356584e-8 	 1.00200774550129e-10 	 -3.8769080123141755e-11 	 -8.640809248936892e-9 	 1.4685683433539268e-10 	 2.1029769154597376e-9 	 3.3487039043821385e-10 	 -7.478700842242125e-9 	 -3.109747677604589e-10 	 1.1329096452561397e-10 	 -8.856265288218329e-10 	 1.271603404415803e-9 	 5.581692631513374e-10 	 -2.3389425026999715e-9 	 -5.051921905823232e-10 	 -6.547295167521974e-10 	 -1.495056258704384e-9 	 1.9222332918147378e-9 	 4.2401086018706145e-9 	 2.3742509290957225e-8 	 2.671379471675953e-8 	 
5220.1589135362465 	 7.818027853624726e-9 	 -3.6528940377778013e-10 	 1.3687134405733128e-10 	 1.7303819392702327e-8 	 -2.4790188753072813e-8 	 -2.396503166014484e-8 	 8.819541322980039e-11 	 -3.487334340504482e-11 	 -8.511944436347829e-9 	 1.3264650350570721e-10 	 2.0602566005976246e-9 	 3.087873512504758e-10 	 -7.371795826360911e-9 	 -2.8698711370309457e-10 	 1.0386415000654878e-10 	 -8.719552185595575e-10 	 1.2616550639546468e-9 	 5.097605140676665e-10 	 -2.3249508236583517e-9 	 -4.6185620673181107e-10 	 -6.344700618961072e-10 	 -1.4755951047121364e-9 	 1.8754436672510963e-9 	 4.1754811369570075e-9 	 2.3953284171570544e-8 	 2.7002900496844227e-8 	 
5312.156164586265 	 7.621595877103421e-9 	 -3.3746486387493185e-10 	 1.237308179967182e-10 	 1.6963299542112015e-8 	 -2.511077358790061e-8 	 -2.4186362202862216e-8 	 7.726388025975732e-11 	 -3.1179732311037814e-11 	 -8.329345288178673e-9 	 1.1973928606335392e-10 	 2.018230714047387e-9 	 2.845115847159939e-10 	 -7.264525318053456e-9 	 -2.646156041879386e-10 	 9.504916966572433e-11 	 -8.49150735844236e-10 	 1.2515898387304156e-9 	 4.6422112644475627e-10 	 -2.311085732265693e-9 	 -4.2095043720930383e-10 	 -6.147740495248048e-10 	 -1.4571940375701268e-9 	 1.829667307030854e-9 	 4.111876038303956e-9 	 2.416523956654347e-8 	 2.7294598594972044e-8 	 
5405.774725320715 	 7.4392090519366045e-9 	 -3.052682797611559e-10 	 1.1159588600732904e-10 	 1.664180170174948e-8 	 -2.543351914803928e-8 	 -2.4408590452542488e-8 	 6.727027747643909e-11 	 -2.7773608425107417e-11 	 -8.24607005251061e-9 	 1.0814634180967419e-10 	 1.976907543652926e-9 	 2.619243575528938e-10 	 -7.1608992917974055e-9 	 -2.4375880087722424e-10 	 8.681692341244496e-11 	 -7.397343810528531e-10 	 1.241404249460629e-9 	 4.2144910587786437e-10 	 -2.297334949124463e-9 	 -3.8241022023608906e-10 	 -5.956437521939121e-10 	 -1.4381918262629548e-9 	 1.7848679631873015e-9 	 4.049030587245363e-9 	 2.437829644195541e-8 	 2.7588892435372392e-8 	 
5501.043168822617 	 7.264611307713528e-9 	 -2.754920999672767e-10 	 1.0040593831761351e-10 	 1.6321851227238175e-8 	 -2.575848151567162e-8 	 -2.4631646075560618e-8 	 5.823774213887369e-11 	 -2.4561724657559916e-11 	 -8.026872100555702e-9 	 9.759956562750474e-11 	 1.9362896147061654e-9 	 2.409115033569098e-10 	 -7.061122694041779e-9 	 -2.243220575155373e-10 	 7.913844501781877e-11 	 -7.59653991375635e-10 	 1.2310923157445225e-9 	 3.8134476215414324e-10 	 -2.283686827933155e-9 	 -3.461698227522897e-10 	 -5.770832286447107e-10 	 -1.4196838553271906e-9 	 1.741127222438167e-9 	 3.987173499869905e-9 	 2.459238588120035e-8 	 2.7885829583906454e-8 	 
5597.990571731539 	 7.087102322642819e-9 	 -2.5125553066914896e-10 	 9.010290528423899e-11 	 1.5997480087156198e-8 	 -2.6085780939319204e-8 	 -2.485547275772506e-8 	 5.0058312157101e-11 	 -2.1601090824150118e-11 	 -7.822697253760964e-9 	 8.812769211144296e-11 	 1.8963752546884293e-9 	 2.2136944545338758e-10 	 -6.95639473389694e-9 	 -2.0621626656304681e-10 	 7.198569378240419e-11 	 -7.681183023154822e-10 	 1.2206452556629042e-9 	 3.4381065774277633e-10 	 -2.2701303626634916e-9 	 -3.1216266578865997e-10 	 -5.590989932274662e-10 	 -1.4016406685241102e-9 	 1.69844851572318e-9 	 3.9262982220797996e-9 	 2.4807452971381937e-8 	 2.818551687469674e-8 	 
5696.646523117965 	 6.876708515496167e-9 	 -2.2616110882276222e-10 	 8.0630560325438e-11 	 1.5694547371136628e-8 	 -2.6415621539144804e-8 	 -2.508003339067824e-8 	 4.268956485787922e-11 	 -1.8871622571160828e-11 	 -7.697947038575444e-9 	 7.95052921738995e-11 	 1.8571753313704589e-9 	 2.0320115746499498e-10 	 -6.861816595196477e-9 	 -1.8935840309781938e-10 	 6.533108037821771e-11 	 -7.482444808041155e-10 	 1.2100499715822202e-9 	 3.0875130447881166e-10 	 -2.2566551679972242e-9 	 -2.8032144367241e-10 	 -5.417011668804039e-10 	 -1.3829780685986593e-9 	 1.6567432404965788e-9 	 3.8661868327536644e-9 	 2.5023461914897075e-8 	 2.8488144919619832e-8 	 
5797.0411335141225 	 6.72774047108267e-9 	 -2.0340583540608453e-10 	 7.193561130211104e-11 	 1.539599667015623e-8 	 -2.6748323962864272e-8 	 -2.5305317742541586e-8 	 3.609003536829636e-11 	 -1.6348247394815975e-11 	 -7.55973795234225e-9 	 7.175416515627442e-11 	 1.8186931219162225e-9 	 1.8631633395163994e-10 	 -6.761379834653234e-9 	 -1.7367039657308903e-10 	 5.914775801719724e-11 	 -6.927100584843031e-10 	 1.1992875484253338e-9 	 2.7607309697001065e-10 	 -2.243251488788736e-9 	 -2.5057832454129197e-10 	 -5.24905160858182e-10 	 -1.3654013440441227e-9 	 1.6160383436536201e-9 	 3.807012998109008e-9 	 2.524040388777965e-8 	 2.879402124876906e-8 	 
5899.205044103951 	 6.588550022347557e-9 	 -1.846122101842461e-10 	 6.396705485421857e-11 	 1.5111166097143094e-8 	 -2.7084381535885597e-8 	 -2.5531354316333248e-8 	 3.0188218541726735e-11 	 -1.4051868027488566e-11 	 -7.3885972309457505e-9 	 6.469855999941373e-11 	 1.780937732796509e-9 	 1.7063075358154051e-10 	 -6.665711636975912e-9 	 -1.5907925717802487e-10 	 5.340980522149741e-11 	 -6.706432476942087e-10 	 1.1883302114268207e-9 	 2.456842334391512e-10 	 -2.229910144466661e-9 	 -2.2286506664955387e-10 	 -5.087343754988527e-10 	 -1.347526001673291e-9 	 1.5763730705116299e-9 	 3.748698255389954e-9 	 2.5458308674448553e-8 	 2.9103624246506284e-8 	 
6003.169436074985 	 6.317070349039502e-9 	 -1.6427814573752833e-10 	 5.6676050386546443e-11 	 1.4835054791753164e-8 	 -2.7424543486041738e-8 	 -2.5758228811469082e-8 	 2.494365811294592e-11 	 -1.1958805343553777e-11 	 -7.317390378444637e-9 	 5.834509280978879e-11 	 1.7439271719078888e-9 	 1.5606711242229387e-10 	 -6.57321938912295e-9 	 -1.455166217779847e-10 	 4.8091900117809386e-11 	 -6.929072013604529e-10 	 1.1771368181812356e-9 	 2.1749461837201143e-10 	 -2.2166222587650382e-9 	 -1.9711318889916555e-10 	 -4.932244239368332e-10 	 -1.3295557928797503e-9 	 1.5377637055140952e-9 	 3.6911780021391894e-9 	 2.5677263130043615e-8 	 2.9417686801057638e-8 	 
6108.966040135128 	 6.217092308945326e-9 	 -1.4818368371318663e-10 	 5.0016566675166446e-11 	 1.4559807254264556e-8 	 -2.7769960748026032e-8 	 -2.598611577121731e-8 	 2.0310233049083822e-11 	 -1.0054378634411871e-11 	 -7.123757857847502e-9 	 5.257616142191779e-11 	 1.7076779951328976e-9 	 1.4255172774771653e-10 	 -6.477070996799024e-9 	 -1.3291845174011932e-10 	 4.316984090962597e-11 	 -6.698984986389521e-10 	 1.1656447888247513e-9 	 1.9141585160278793e-10 	 -2.2033789951632227e-9 	 -1.7325406944597589e-10 	 -4.784305851554907e-10 	 -1.3125887497715153e-9 	 1.5002441028766437e-9 	 3.6345077150122716e-9 	 2.589744277028766e-8 	 2.9737340087292995e-8 	 
