# The input matter Power Spectrum as InputPS returns it,
# together with its two asymptotic power laws.
# Input file: WideA_ZA_pk.dat, tabulated on [2.056154633223e-7, 20.22821679002]
# q 	 P(q) 	 left_powerlaw 	 right_powerlaw
1.0e-8 	 0.06293628663345469 	 0.06293628663345469 	 1.2330392356084106e23
1.013918393116299e-8 	 0.06377698658711431 	 0.06377698658711431 	 1.1888365854573977e23
1.0280305078995381e-8 	 0.06462891657117278 	 0.06462891657117278 	 1.1462185355558717e23
1.0423390406440324e-8 	 0.06549222659584741 	 0.06549222659584741 	 1.1051282803063842e23
1.0568467251721823e-8 	 0.06636706867518495 	 0.06636706867518495 	 1.065511050508931e23
1.071556333356802e-8 	 0.06725359685382865 	 0.06725359685382865 	 1.0273140403590917e23
1.086470675650722e-8 	 0.0681519672341428 	 0.0681519672341428 	 9.9048633706317e22
1.1015926016237599e-8 	 0.06906233800369978 	 0.06906233800369978 	 9.549788529765352e22
1.116925000507166e-8 	 0.06998486946313409 	 0.06998486946313409 	 9.207442601747019e22
1.1324708017456474e-8 	 0.07091972405436854 	 0.07091972405436854 	 8.877369273699402e22
1.1482329755570737e-8 	 0.07186706638921751 	 0.07186706638921751 	 8.559128590893338e22
1.164214533499975e-8 	 0.07282706327837228 	 0.07282706327837228 	 8.252296370332153e22
1.1804185290489364e-8 	 0.07379988376077344 	 0.07379988376077344 	 7.95646363535817e22
1.196848058178003e-8 	 0.0747856991333758 	 0.0747856991333758 	 7.671236070527714e22
1.2135062599522036e-8 	 0.07578468298131086 	 0.07578468298131086 	 7.396233496028083e22
1.2303963171273083e-8 	 0.0767970112084521 	 0.0767970112084521 	 7.1310893609358855e22
1.2475214567579327e-8 	 0.07782286206838866 	 0.07782286206838866 	 6.875450254641328e22
1.2648849508141078e-8 	 0.07886241619581279 	 0.07886241619581279 	 6.628975435787207e22
1.2824901168064293e-8 	 0.07991585663832633 	 0.07991585663832633 	 6.391336378094789e22
1.3003403184199095e-8 	 0.08098336888867251 	 0.08098336888867251 	 6.162216332471124e22
1.3184389661566513e-8 	 0.08206514091739779 	 0.08206514091739779 	 5.9413099048142e22
1.3367895179874667e-8 	 0.08316136320595038 	 0.08316136320595038 	 5.728322648953141e22
1.3553954800125641e-8 	 0.0842722287802207 	 0.0842722287802207 	 5.522970674180933e22
1.374260407131434e-8 	 0.08539793324452995 	 0.08539793324452995 	 5.324980266856493e22
1.3933879037220545e-8 	 0.08653867481607258 	 0.08653867481607258 	 5.134087525571773e22
1.4127816243295512e-8 	 0.0876946543598189 	 0.0876946543598189 	 4.950038009397601e22
1.4324452743644534e-8 	 0.08886607542388446 	 0.08886607542388446 	 4.7725863987392794e22
1.4523826108106429e-8 	 0.09005314427537053 	 0.09005314427537053 	 4.601496168350249e22
1.4725974429431821e-8 	 0.09125606993668472 	 0.09125606993668472 	 4.4365392720675035e22
1.4930936330561224e-8 	 0.09247506422234618 	 0.09247506422234618 	 4.277495838848877e22
1.5138750972004407e-8 	 0.09371034177628232 	 0.09371034177628232 	 4.124153879706955e22
1.534945805932252e-8 	 0.09496212010962413 	 0.09496212010962413 	 3.976309005148946e22
1.5563097850714314e-8 	 0.09623061963900602 	 0.09623061963900602 	 3.833764152745936e22
1.5779711164707985e-8 	 0.09751606372537742 	 0.09751606372537742 	 3.6963293244683853e22
1.5999339387960048e-8 	 0.09881867871333283 	 0.09881867871333283 	 3.5638213334377603e22
1.6222024483162763e-8 	 0.10013869397096711 	 0.10013869397096711 	 3.4360635597567495e22
1.644780899706165e-8 	 0.10147634193026342 	 0.10147634193026342 	 3.3128857150926017e22
1.667673606858456e-8 	 0.10283185812802038 	 0.10283185812802038 	 3.1941236156998173e22
1.690884943708388e-8 	 0.10420548124732604 	 0.10420548124732604 	 3.0796189635796424e22
1.714419345069353e-8 	 0.10559745315958594 	 0.10559745315958594 	 2.9692191354846594e22
1.7382813074802162e-8 	 0.10700801896711244 	 0.10700801896711244 	 2.862776979487278e22
1.76247539006444e-8 	 0.10843742704628309 	 0.10843742704628309 	 2.7601506188409277e22
1.7870062154011597e-8 	 0.10988592909127541 	 0.10988592909127541 	 2.661203262872544e22
1.8118784704083828e-8 	 0.11135378015838576 	 0.11135378015838576 	 2.565803024654296e22
1.8370969072384854e-8 	 0.1128412387109407 	 0.1128412387109407 	 2.47382274521149e22
1.862666344186168e-8 	 0.11434856666480755 	 0.11434856666480755 	 2.385139824032387e22
1.8885916666090508e-8 	 0.1158760294345136 	 0.1158760294345136 	 2.299636055653977e22
1.9148778278610822e-8 	 0.11742389597998078 	 0.11742389597998078 	 2.217197472105926e22
1.9415298502389374e-8 	 0.11899243885388505 	 0.11899243885388505 	 2.1377141910026693e22
1.9685528259415924e-8 	 0.12058193424964825 	 0.12058193424964825 	 2.0610802690811803e22
1.995951918043249e-8 	 0.12219266205007082 	 0.12219266205007082 	 1.9871935609892044e22
2.023732361479806e-8 	 0.12382490587661453 	 0.12382490587661453 	 1.915955583135718e22
2.0518994640490585e-8 	 0.1254789531393433 	 0.1254789531393433 	 1.8472713824221528e22
2.0804586074248166e-8 	 0.1271550950875311 	 0.1271550950875311 	 1.781049409679417e22
2.1094152481851436e-8 	 0.12885362686094606 	 0.12885362686094606 	 1.717201397642004e22
2.1387749188549e-8 	 0.13057484754181936 	 0.13057484754181936 	 1.655642243296565e22
2.168543228962803e-8 	 0.1323190602075086 	 0.1323190602075086 	 1.5962898944480988e22
2.1987258661131963e-8 	 0.13408657198386448 	 0.13408657198386448 	 1.5390652403525853e22
2.229328597072735e-8 	 0.13587769409931025 	 0.13587769409931025 	 1.4838920062702792e22
2.2603572688722007e-8 	 0.13769274193964384 	 0.13769274193964384 	 1.4306966517991097e22
2.2918178099236482e-8 	 0.13953203510357184 	 0.13953203510357184 	 1.3794082728526783e22
2.3237162311531012e-8 	 0.1413958974589853 	 0.1413958974589853 	 1.3299585071522102e22
2.3560586271490152e-8 	 0.1432846571999873 	 0.1432846571999873 	 1.2822814431064699e22
2.3888511773267233e-8 	 0.14519864690468232 	 0.14519864690468232 	 1.236313531958205e22
2.4221001471090906e-8 	 0.14713820359373744 	 0.14713820359373744 	 1.1919935030800102e22
2.4558118891236005e-8 	 0.149103668789726 	 0.149103668789726 	 1.1492622823067086e22
2.489992844416104e-8 	 0.15109538857726384 	 0.15109538857726384 	 1.1080629131953985e22
2.5246495436814592e-8 	 0.1531137136639487 	 0.1531137136639487 	 1.0683404811082144e22
2.559788608511303e-8 	 0.15515899944211395 	 0.15515899944211395 	 1.0300420400166052e22
2.5954167526591876e-8 	 0.157231606051407 	 0.157231606051407 	 9.931165419295763e21
2.6315407833233267e-8 	 0.15933189844220375 	 0.15933189844220375 	 9.575147688518228e21
2.6681676024471943e-8 	 0.16146024643986998 	 0.16146024643986998 	 9.23189267181066e21
2.7053042080382276e-8 	 0.16361702480988138 	 0.16361702480988138 	 8.900942844571469e21
2.742957695504882e-8 	 0.16580261332381313 	 0.16580261332381313 	 8.581857083785743e21
2.781135259012291e-8 	 0.16801739682621092 	 0.16801739682621092 	 8.274210080052449e21
2.8198441928568243e-8 	 0.17026176530235682 	 0.17026176530235682 	 7.977591770689343e21
2.859091892859719e-8 	 0.17253611394693685 	 0.17253611394693685 	 7.691606793160718e21
2.8988858577801642e-8 	 0.17484084323362947 	 0.17484084323362947 	 7.415873958098515e21
2.9392336907480286e-8 	 0.1771763589856216 	 0.1771763589856216 	 7.150025741215057e21
2.98014310071653e-8 	 0.17954307244706716 	 0.17954307244706716 	 6.893707793429948e21
3.0216219039351296e-8 	 0.18194140035550024 	 0.18194140035550024 	 6.646578468558188e21
3.063678025442919e-8 	 0.18437176501521518 	 0.18437176501521518 	 6.408308367929987e21
3.106319500582801e-8 	 0.18683459437162725 	 0.18683459437162725 	 6.178579901335288e21
3.149554476536738e-8 	 0.1893303220866264 	 0.1893303220866264 	 5.957086863707783e21
3.1933912138823755e-8 	 0.1918593876149377 	 0.1918593876149377 	 5.743534026984187e21
3.2378380881713265e-8 	 0.1944222362815018 	 0.1944222362815018 	 5.537636746594765e21
3.282903591529421e-8 	 0.19701931935988884 	 0.19701931935988884 	 5.339120582060599e21
3.328596334279238e-8 	 0.19965109415176008 	 0.19965109415176008 	 5.147720931191867e21
3.374925046585209e-8 	 0.202318024067391 	 0.202318024067391 	 4.963182677399603e21
3.4218985801216256e-8 	 0.20502057870726945 	 0.20502057870726945 	 4.785259849650807e21
3.469525909763864e-8 	 0.20775923394478468 	 0.20775923394478468 	 4.613715294613647e21
3.517816135303143e-8 	 0.2105344720100203 	 0.2105344720100203 	 4.448320360555804e21
3.566778483185152e-8 	 0.2133467815746665 	 0.2133467815746665 	 4.28885459257458e21
3.61642230827288e-8 	 0.21619665783806702 	 0.21619665783806702 	 4.135105438752562e21
3.666757095633976e-8 	 0.21908460261441512 	 0.21908460261441512 	 3.9868679668471835e21
3.7177924623529883e-8 	 0.22201112442111431 	 0.22201112442111431 	 3.84394459113654e21
3.769538159368831e-8 	 0.22497673856831982 	 0.22497673856831982 	 3.7061448090573834e21
3.822004073337817e-8 	 0.22798196724967557 	 0.22798196724967557 	 3.5732849472842713e21
3.87520022852263e-8 	 0.23102733963426353 	 0.23102733963426353 	 3.4451879169113866e21
3.9291367887075793e-8 	 0.23411339195978143 	 0.23411339195978143 	 3.3216829774107477e21
3.9838240591405246e-8 	 0.23724066762696489 	 0.23724066762696489 	 3.202605509052156e21
4.039272488501813e-8 	 0.24040971729527102 	 0.24040971729527102 	 3.087796793481569e21
4.095492670900633e-8 	 0.24362109897984002 	 0.24362109897984002 	 2.977103802165409e21
4.15249534789915e-8 	 0.246875378149752 	 0.246875378149752 	 2.870378992418835e21
4.210291410564813e-8 	 0.25017312782759643 	 0.25017312782759643 	 2.7674801107461016e21
4.268891901551232e-8 	 0.2535149286903716 	 0.2535149286903716 	 2.6682700032308795e21
4.3283080172080074e-8 	 0.25690136917173184 	 0.25690136917173184 	 2.5726164327238064e21
4.388551109719938e-8 	 0.26033304556560044 	 0.26033304556560044 	 2.480391902583589e21
4.4496326892759903e-8 	 0.26381056213116677 	 0.26381056213116677 	 2.3914734867367414e21
4.5115644262684694e-8 	 0.26733453119928624 	 0.26733453119928624 	 2.305742665829417e21
4.574358153522784e-8 	 0.2709055732803008 	 0.2709055732803008 	 2.2230851692529742e21
4.638025868558262e-8 	 0.27452431717330034 	 0.27452431717330034 	 2.143390822832677e21
4.702579735880421e-8 	 0.27819140007684356 	 0.27819140007684356 	 2.0665534019765467e21
4.7680320893051463e-8 	 0.2819074677011573 	 0.2819074677011573 	 1.992470490088603e21
4.834395434315225e-8 	 0.2856731743818353 	 0.2856731743818353 	 1.9210433420577881e21
4.901682450449665e-8 	 0.28948918319505546 	 0.28948918319505546 	 1.8521767526406118e21
4.969905993726288e-8 	 0.2933561660743358 	 0.2933561660743358 	 1.7857789295620823e21
5.039079099098022e-8 	 0.29727480392885075 	 0.29727480392885075 	 1.7217613711657882e21
5.109214982943395e-8 	 0.3012457867633276 	 0.3012457867633276 	 1.6600387484500416e21
5.1803270455916864e-8 	 0.30526981379954404 	 0.30526981379954404 	 1.6005287913328565e21
5.252428873883228e-8 	 0.3093475935994495 	 0.3093475935994495 	 1.5431521789941572e21
5.325534243765335e-8 	 0.3134798441899306 	 0.3134798441899306 	 1.487832434149059e21
5.399657122924362e-8 	 0.3176672931892424 	 0.3176672931892424 	 1.4344958211113067e21
5.474811673454448e-8 	 0.32191067793513267 	 0.32191067793513267 	 1.3830712475109488e21
5.551012254563291e-8 	 0.3262107456146699 	 0.3262107456146699 	 1.3334901695353675e21
5.628273425315696e-8 	 0.3305682533958129 	 0.3305682533958129 	 1.2856865005672e21
5.70660994741526e-8 	 0.33498396856073465 	 0.33498396856073465 	 1.239596523097496e21
5.786036788024768e-8 	 0.339458668640927 	 0.339458668640927 	 1.1951588037966543e21
5.8665691226258655e-8 	 0.3439931415541111 	 0.3439931415541111 	 1.1523141116299371e21
5.948222337918514e-8 	 0.3485881857429757 	 0.3485881857429757 	 1.1110053389084258e21
6.031012034760816e-8 	 0.35324461031576954 	 0.35324461031576954 	 1.0711774251701858e21
6.114954031149748e-8 	 0.3579632351887712 	 0.3579632351887712 	 1.0327772837901774e21
6.200064365243388e-8 	 0.3627448912306624 	 0.3627448912306624 	 9.957537312210935e20
6.286359298425204e-8 	 0.3675904204088294 	 0.3675904204088294 	 9.600574187708136e20
6.373855318410987e-8 	 0.3725006759376193 	 0.3725006759376193 	 9.25640766825532e20
6.462569142399046e-8 	 0.3774765224285763 	 0.3774765224285763 	 8.92457901430891e20
6.55251772026422e-8 	 0.38251883604268483 	 0.38251883604268483 	 8.604645931465914e20
6.643718237796373e-8 	 0.38762850464464654 	 0.38762850464464654 	 8.296181980929698e20
6.736188119983949e-8 	 0.3928064279592178 	 0.3928064279592178 	 7.998776011109744e20
6.829945034343229e-8 	 0.39805351772963615 	 0.39805351772963615 	 7.712031609597702e20
6.925006894293933e-8 	 0.40337069787816243 	 0.40337069787816243 	 7.4355665747893e20
7.021391862581797e-8 	 0.4087589046687671 	 0.4087589046687671 	 7.16901240644785e20
7.119118354748795e-8 	 0.4142190868719911 	 0.4142190868719911 	 6.912013814530273e20
7.218205042651649e-8 	 0.41975220593200746 	 0.41975220593200746 	 6.664228245621026e20
7.318670858029328e-8 	 0.4253592361359151 	 0.4253592361359151 	 6.425325426342663e20
7.420534996120181e-8 	 0.43104116478529414 	 0.43104116478529414 	 6.194986923134458e20
7.523816919329437e-8 	 0.43679899237005293 	 0.43679899237005293 	 5.972905717812311e20
7.628536360947727e-8 	 0.4426337327445967 	 0.4426337327445967 	 5.7587857983442393e20
7.734713328921379e-8 	 0.44854641330635026 	 0.44854641330635026 	 5.552341764295939e20
7.842368109675186e-8 	 0.4545380751766646 	 0.4545380751766646 	 5.353298446420548e20
7.951521271988373e-8 	 0.4606097733841409 	 0.4606097733841409 	 5.1613905398855775e20
8.062193670924521e-8 	 0.4667625770504026 	 0.4667625770504026 	 4.976362250648102e20
8.174406451816187e-8 	 0.47299756957834976 	 0.47299756957834976 	 4.797966954506881e20
8.288181054304976e-8 	 0.47931584884292683 	 0.47931584884292683 	 4.625966868376984e20
8.403539216437855e-8 	 0.4857185273844405 	 0.4857185273844405 	 4.4601327333487097e20
8.520502978820474e-8 	 0.49220673260445846 	 0.49220673260445846 	 4.300243509108398e20
8.639094688828295e-8 	 0.4987816069643252 	 0.4987816069643252 	 4.1460860793138033e20
8.759337004876338e-8 	 0.5054443081863303 	 0.5054443081863303 	 3.9974549675313267e20
8.881252900748354e-8 	 0.5121960094575633 	 0.5121960094575633 	 3.8541520633564804e20
9.004865669986241e-8 	 0.5190378996364912 	 0.5190378996364912 	 3.715986358352543e20
9.130198930340576e-8 	 0.5259711834622968 	 0.5259711834622968 	 3.5827736914554126e20
9.25727662828307e-8 	 0.5329970817670119 	 0.5329970817670119 	 3.454336503505335e20
9.386123043581842e-8 	 0.5401168316904854 	 0.5401168316904854 	 3.330503600578301e20
9.516762793940367e-8 	 0.5473316868982219 	 0.5473316868982219 	 3.211109925801674e20
9.649220839700998e-8 	 0.5546429178021308 	 0.5546429178021308 	 3.095996339349884e20
9.783522488613943e-8 	 0.5620518117842241 	 0.5620518117842241 	 2.9850094063269655e20
9.919693400672625e-8 	 0.5695596734233017 	 0.5695596734233017 	 2.8780011922531867e20
1.0057759593016344e-7 	 0.5771678247246662 	 0.5771678247246662 	 2.7748290658831814e20
1.0197747444901174e-7 	 0.5848776053529045 	 0.5848776053529045 	 2.6753555090927708e20
1.0339683702740043e-7 	 0.5926903728677799 	 0.5926903728677799 	 2.5794479335810623e20
1.0483595485212971e-7 	 0.6006075029632755 	 0.6006075029632755 	 2.4869785041434998e20
1.0629510288448402e-7 	 0.608630389709828 	 0.608630389709828 	 2.3978239682803427e20
1.0777455991276772e-7 	 0.6167604457998056 	 0.6167604457998056 	 2.311865491913359e20
1.0927460860556975e-7 	 0.6249991027962508 	 0.6249991027962508 	 2.2289885009919604e20
1.107955355657718e-7 	 0.633347811384959 	 0.633347811384959 	 2.1490825287774077e20
1.1233763138530712e-7 	 0.6418080416299181 	 0.6418080416299181 	 2.072041068601706e20
1.1390119070068172e-7 	 0.6503812832321615 	 0.6503812832321615 	 1.9977614319048737e20
1.1548651224926836e-7 	 0.6590690457920791 	 0.6590690457920791 	 1.9261446113613608e20
1.1709389892638396e-7 	 0.6678728590752316 	 0.6678728590752316 	 1.8570951489131892e20
1.1872365784316157e-7 	 0.6767942732817159 	 0.6767942732817159 	 1.79052100853391e20
1.2037610038522768e-7 	 0.6858348593191291 	 0.6858348593191291 	 1.7263334535537866e20
1.2205154227219636e-7 	 0.6949962090791778 	 0.6949962090791778 	 1.6644469283826916e20
1.237503036179914e-7 	 0.7042799357179831 	 0.7042799357179831 	 1.6047789444730585e20
1.2547270899200798e-7 	 0.7136876739401297 	 0.7136876739401297 	 1.547249970370905e20
1.2721908748112575e-7 	 0.7232210802865088 	 0.7232210802865088 	 1.4917833257083578e20
1.289897727525849e-7 	 0.7328818334260077 	 0.7328818334260077 	 1.4383050789963912e20
1.3078510311773747e-7 	 0.7426716344510925 	 0.7426716344510925 	 1.386743949081549e20
1.3260542159668586e-7 	 0.7525922071773434 	 0.7525922071773434 	 1.3370312101352976e20
1.344510759838211e-7 	 0.7626452984469873 	 0.7626452984469873 	 1.289100600049371e20
1.363224189142733e-7 	 0.7728326784364877 	 0.7728326784364877 	 1.2428882321150067e20
1.38219807931287e-7 	 0.7831561409682418 	 0.7831561409682418 	 1.1983325098683556e20
1.40143605554534e-7 	 0.7936175038264419 	 0.7936175038264419 	 1.1553740449885577e20
1.4209417934937755e-7 	 0.804218609077156 	 0.804218609077156 	 1.1139555781390497e20
1.440719019971001e-7 	 0.8149613233926839 	 0.8149613233926839 	 1.0740219026465951e20
1.4607715136610867e-7 	 0.8258475383802462 	 0.8258475383802462 	 1.035519790916316e20
1.481103105841313e-7 	 0.8368791709150633 	 0.8368791709150633 	 9.98397923484629e19
1.501717681114184e-7 	 0.8480581634778852 	 0.8480581634778852 	 9.626068206155353e19
1.5226191781496283e-7 	 0.8593864844970275 	 0.8593864844970275 	 9.28098776349083e19
1.543811590437531e-7 	 0.870866128694979 	 0.870866128694979 	 8.948277949140931e19
1.5652989670507396e-7 	 0.8824991174396383 	 0.8824991174396383 	 8.627495294203971e19
1.5870854134186887e-7 	 0.8942874991002396 	 0.8942874991002396 	 8.31821222748871e19
1.609175092111794e-7 	 0.9062333494080382 	 0.9062333494080382 	 8.020016505604697e19
1.631572223636763e-7 	 0.9183387718218095 	 0.9183387718218095 	 7.732510663483076e19
1.6542810872429736e-7 	 0.9306058978982319 	 0.9306058978982319 	 7.455311484595415e19
1.67730602174008e-7 	 0.9430368876672175 	 0.9430368876672175 	 7.188049490164396e19
1.7006514263269943e-7 	 0.9556339300122568 	 0.9556339300122568 	 6.930368446685573e19
1.724321761432408e-7 	 0.9683992430558424 	 0.9683992430558424 	 6.6819248911037374e19
1.7483215495670136e-7 	 0.9813350745500428 	 0.9813350745500428 	 6.442387673011024e19
1.7726553761875845e-7 	 0.9944437022722931 	 0.9944437022722931 	 6.211437513256543e19
1.7973278905730844e-7 	 1.0077274344264717 	 1.0077274344264717 	 5.988766578379209e19
1.8223438067129692e-7 	 1.0211886100493364 	 1.0211886100493364 	 5.774078070296529e19
1.8477079042078533e-7 	 1.034829599422387 	 1.034829599422387 	 5.567085830702452e19
1.8734250291827115e-7 	 1.0486528044892327 	 1.0486528044892327 	 5.36751395964696e19
1.8995000952127907e-7 	 1.0626606592785317 	 1.0626606592785317 	 5.175096447789046e19
1.9259380842624098e-7 	 1.0768556303325834 	 1.0768556303325834 	 4.989576821832863e19
1.952744047636826e-7 	 1.0912402171416418 	 1.0912402171416418 	 4.810707802674478e19
1.9799231069473484e-7 	 1.1058169525840351 	 1.1058169525840351 	 4.63825097580356e19
2.007480455089886e-7 	 1.1205884033721607 	 1.1205884033721607 	 4.4719764735206875e19
2.035421357237114e-7 	 1.135557170504439 	 1.135557170504439 	 4.311662668546705e19
2.0637511518444514e-7 	 1.150725889723305 	 1.150725889723305 	 4.157095878615713e19
2.092475251670033e-7 	 1.166097231979315 	 1.166097231979315 	 4.008070081658026e19
2.1215991448089038e-7 	 1.1816739039014639 	 1.1816739039014639 	 3.864386641193251e19
2.151128395741558e-7 	 1.1974586482737617 	 1.1974586482737617 	 3.725854041567879e19
2.1810686463971228e-7 	 1.2134542445182017 	 1.2134542445182017 	 3.5922876326839804e19
2.2114256172313122e-7 	 1.2296635091841641 	 1.2296635091841641 	 3.463509383879115e19
2.2422051083193922e-7 	 1.2460892964443637 	 1.2460892964443637 	 3.3393476466292707e19
2.2734130004643556e-7 	 1.2627344985974198 	 1.2627344985974198 	 3.2196369257585512e19
2.3050552563205234e-7 	 1.279602046577141 	 1.279602046577141 	 3.1042176588506616e19
2.337137921532784e-7 	 1.2966949104686107 	 1.2966949104686107 	 2.9929360035681616e19
2.3696671258916877e-7 	 1.3140161000311703 	 1.3140161000311703 	 2.885643632596026e19
2.402649084504619e-7 	 1.3315686652283836 	 1.3315686652283836 	 2.7821975359361716e19
2.4360900989832704e-7 	 1.3493556967650848 	 1.3493556967650848 	 2.6824598302894273e19
2.4699965586476436e-7 	 1.3673803266315976 	 1.3673803266315976 	 2.5862975752708973e19
2.504374941746807e-7 	 1.3856457286552244 	 1.3856457286552244 	 2.4935825962137194e19
2.539231816696648e-7 	 1.4041551190591048 	 1.4041551190591048 	 2.4041913133250576e19
2.574573843334846e-7 	 1.4229117570285337 	 1.4229117570285337 	 2.3180045769666036e19
2.610407774193322e-7 	 1.4419189452848513 	 1.4419189452848513 	 2.2349075088400196e19
2.6467404557883877e-7 	 1.461180030666993 	 1.461180030666993 	 2.1547893488656683e19
2.6835788299288635e-7 	 1.4806984047208123 	 1.4806984047208123 	 2.0775433075504927e19
2.7209299350423914e-7 	 1.5004775042962704 	 1.5004775042962704 	 2.0030664236483187e19
2.7588009075202175e-7 	 1.5205208121526104 	 1.5205208121526104 	 1.931259426922801e19
2.7971989830806866e-7 	 1.540831857571609 	 1.540831857571609 	 1.8620266058301354e19
2.8361314981517156e-7 	 1.561414216979022 	 1.561414216979022 	 1.7952756799451402e19
2.8756058912725096e-7 	 1.5822715145743331 	 1.5822715145743331 	 1.7309176769606846e19
2.915629704514786e-7 	 1.603407422968911 	 1.603407422968911 	 1.668866814096499e19
2.956210584923782e-7 	 1.6248256638326952 	 1.6248256638326952 	 1.6090403837593127e19
2.9973562859793155e-7 	 1.6465300085495158 	 1.6465300085495158 	 1.5513586433019054e19
3.039074669077186e-7 	 1.6685242788811716 	 1.6685242788811716 	 1.4957447087341306e19
3.081373705031189e-7 	 1.6908123476403747 	 1.6908123476403747 	 1.4421244522442547e19
3.12426147559604e-7 	 1.7133981393726885 	 1.7133981393726885 	 1.3904264033939919e19
3.1677461750114944e-7 	 1.7362856310475694 	 1.7362856310475694 	 1.340581653855564e19
3.2118361115679574e-7 	 1.7594788527586462 	 1.7594788527586462 	 1.2925237655637891e19
3.256539709193886e-7 	 1.7829818884333475 	 1.7829818884333475 	 1.2461886821607897e19
3.3018655090652843e-7 	 1.806798876552012 	 1.806798876552012 	 1.2015146436152726e19
3.3478221712376044e-7 	 1.8309340108766061 	 1.8309340108766061 	 1.1584421039025846e19
3.3944184763003513e-7 	 1.855391541189168 	 1.855391541189168 	 1.116913651635822e19
3.4416633270547286e-7 	 1.8801757740401266 	 1.8801757740401266 	 1.0768739335421895e19
3.4895657502146264e-7 	 1.9052910735066075 	 1.9052910735066075 	 1.038269580682628e19
3.538134898131287e-7 	 1.9307418619608736 	 1.9307418619608736 	 1.0010491373163567e19
3.5873800505419747e-7 	 1.9565326208490283 	 1.9565326208490283 	 9.651629923155167e18
3.637310616342987e-7 	 1.9826678914801206 	 1.9826678914801206 	 9.305633130385009e18
3.687936135387337e-7 	 2.0091522758257927 	 2.0091522758257927 	 8.972039815738274e18
3.739266280307463e-7 	 2.0359904373306064 	 2.0359904373306064 	 8.650405332695765e18
3.7913108583633037e-7 	 2.0631871017331966 	 2.0631871017331966 	 8.340300974664581e18
3.8440798133160977e-7 	 2.090747057898393 	 2.090747057898393 	 8.041313403555097e18
3.8975832273282603e-7 	 2.1186751586604555 	 2.1186751586604555 	 7.753044098842656e18
3.951831322889709e-7 	 2.146976321677577 	 2.146976321677577 	 7.475108826379552e18
4.0068344647709927e-7 	 2.175655530297795 	 2.175655530297795 	 7.20713712624937e18
4.062603162003611e-7 	 2.2047178344364764 	 2.2047178344364764 	 6.948771818980953e18
4.119148069887889e-7 	 2.2341683514655153 	 2.2341683514655153 	 6.699668529463947e18
4.176479992028833e-7 	 2.2640122671144325 	 2.2640122671144325 	 6.45949522793107e18
4.2346098824002483e-7 	 2.2942548363834647 	 2.2942548363834647 	 6.22793178739587e18
4.2935488474376597e-7 	 2.3249013844689013 	 2.3249013844689013 	 6.004669556955331e18
4.3533081481603303e-7 	 2.3559573077007503 	 2.3559573077007503 	 5.789410950389115e18
4.4138992023228135e-7 	 2.3874280744929437 	 2.3874280744929437 	 5.581869049506925e18
4.4753335865964617e-7 	 2.419319226306229 	 2.419319226306229 	 5.381767221715225e18
4.537623038781288e-7 	 2.4516363786239244 	 2.4516363786239244 	 5.188838751293691e18
4.6007794600486217e-7 	 2.4843852219407117 	 2.4843852219407117 	 5.002826483889821e18
4.664814917214973e-7 	 2.517571522764631 	 2.517571522764631 	 4.82348248375791e18
4.729741645047547e-7 	 2.551201124632466 	 2.551201124632466 	 4.650567703285505e18
4.79557204860185e-7 	 2.58527994913869 	 2.58527994913869 	 4.4838516643668413e18
4.862318705591827e-7 	 2.619813996978156 	 2.619813996978156 	 4.323112151198593e18
4.929994368792988e-7 	 2.6548093490027167 	 2.6548093490027167 	 4.168134914088425e18
4.99861196847899e-7 	 2.690272167291957 	 2.690272167291957 	 4.018713383881592e18
5.068184614892118e-7 	 2.7262086962382313 	 2.7262086962382313 	 3.874648396624911e18
5.138725600748166e-7 	 2.7626252636461928 	 2.7626252636461928 	 3.735747928101144e18
5.210248403776169e-7 	 2.7995282818470106 	 2.7995282818470106 	 3.601826837879917e18
5.282766689293496e-7 	 2.836924248827474 	 2.836924248827474 	 3.472706622544046e18
5.356294312816772e-7 	 2.8748197493741703 	 2.8748197493741703 	 3.3482151777623404e18
5.430845322709154e-7 	 2.91322145623296 	 2.91322145623296 	 3.228186568891743e18
5.506433962864434e-7 	 2.9521361312839254 	 2.9521361312839254 	 3.1124608098030536e18
5.583074675428522e-7 	 2.991570626732026 	 2.991570626732026 	 3.000883649635414e18
5.66078210355879e-7 	 3.0315318863136524 	 3.0315318863136524 	 2.893306367195348e18
5.739571094221832e-7 	 3.072026946519299 	 3.072026946519299 	 2.7895855727262807e18
5.819456701030159e-7 	 3.113062937832569 	 3.113062937832569 	 2.6895830167843436e18
5.900454187118378e-7 	 3.1546470859857303 	 3.1546470859857303 	 2.5931654059656873e18
5.982579028059404e-7 	 3.1967867132320404 	 3.1967867132320404 	 2.500204225239713e18
6.065846914821262e-7 	 3.239489239635072 	 3.239489239635072 	 2.410575566651387e18
6.150273756765034e-7 	 3.28276218437526 	 3.28276218437526 	 2.3241599641643377e18
6.235875684684548e-7 	 3.326613167073894 	 3.326613167073894 	 2.240842234424573e18
6.322669053888359e-7 	 3.371049909134808 	 3.371049909134808 	 2.1605113232325947e18
6.410670447324636e-7 	 3.4160802351039834 	 3.4160802351039834 	 2.083060157519258e18
6.49989667874954e-7 	 3.46171207404732 	 3.46171207404732 	 2.008385502628082e18
6.590364795939704e-7 	 3.5079534609468075 	 3.5079534609468075 	 1.936387824713776e18
6.68209208394941e-7 	 3.554812538115343 	 3.554812538115343 	 1.866971158073586e18
6.775096068413129e-7 	 3.6022975566304596 	 3.6022975566304596 	 1.8000429772346043e18
6.869394518893995e-7 	 3.6504168777871926 	 3.6504168777871926 	 1.7355140736265787e18
6.965005452278912e-7 	 3.6991789745703656 	 3.6991789745703656 	 1.6732984366758026e18
7.061947136220897e-7 	 3.748592433146533 	 3.748592433146533 	 1.6133131391616305e18
7.160238092629342e-7 	 3.7986659543758576 	 3.7986659543758576 	 1.5554782266827853e18
7.259897101208857e-7 	 3.849408355344183 	 3.849408355344183 	 1.49971661108614e18
7.360943203047363e-7 	 3.9008285709155706 	 3.9008285709155706 	 1.4459539677159196e18
7.463395704254126e-7 	 3.9529356553055743 	 3.9529356553055743 	 1.3941186363463718e18
7.567274179648433e-7 	 4.005738783675534 	 4.005738783675534 	 1.3441415256658511e18
7.672598476499599e-7 	 4.059247253748164 	 4.059247253748164 	 1.2959560211850143e18
7.779388718319039e-7 	 4.113470487444717 	 4.113470487444717 	 1.2494978964463683e18
7.887665308705105e-7 	 4.16841803254403 	 4.16841803254403 	 1.2047052274168276e18
7.997448935241441e-7 	 4.22409956436371 	 4.22409956436371 	 1.161518309949177e18
8.108760573449659e-7 	 4.280524887463827 	 4.280524887463827 	 1.1198795802023932e18
8.221621490796879e-7 	 4.337703937373277 	 4.337703937373277 	 1.0797335379148381e18
8.336053250759203e-7 	 4.395646782339292 	 4.395646782339292 	 1.0410266724279375e18
8.452077716941672e-7 	 4.454363625100275 	 4.454363625100275 	 1.0037073913618327e18
8.569717057255578e-7 	 4.513864804682332 	 4.513864804682332 	 9.677259518478973e17
8.688993748153915e-7 	 4.574160798219788 	 4.574160798219788 	 9.330343942264709e17
8.809930578925787e-7 	 4.63526222280004 	 4.63526222280004 	 8.99586478121429e17
8.932550656050581e-7 	 4.697179837333033 	 4.697179837333033 	 8.673376208063872e17
9.056877407612748e-7 	 4.75992454444573 	 4.75992454444573 	 8.362448377803876e17
9.182934587778031e-7 	 4.8235073924018685 	 4.8235073924018685 	 8.062666854738566e17
9.310746281331985e-7 	 4.887939577047373 	 4.887939577047373 	 7.773632060084749e17
9.440336908281684e-7 	 4.953232443781752 	 4.953232443781752 	 7.494958739373201e17
9.571731228521457e-7 	 5.019397489555825 	 5.019397489555825 	 7.22627544894301e17
9.704954346563574e-7 	 5.0864463648961395 	 5.0864463648961395 	 6.96722406084434e17
9.840031716334781e-7 	 5.15439087595643 	 5.15439087595643 	 6.717459285489674e17
9.97698914603958e-7 	 5.223242986596476 	 5.223242986596476 	 6.476648211417353e17
1.011585280309121e-6 	 5.292997039485849 	 5.29301482048873 	 6.244469861553888e17
1.0256649219111249e-6 	 5.363714255800934 	 5.363718663253092 	 6.02061476538364e17
1.0399405294998822e-6 	 5.435371652717124 	 5.435366964620196 	 5.804784546455558e17
1.0544148306070338e-6 	 5.507978002129959 	 5.507972340623589 	 5.5966915246772397e17
1.0690905907270785e-6 	 5.5815499003497635 	 5.581547575821203 	 5.3960583328661274e17
1.0839706138457543e-6 	 5.656104579946041 	 5.656105625546488 	 5.202617547046812e17
1.0990577429757756e-6 	 5.731657644349102 	 5.731659618189633 	 5.016111330001609e17
1.114354860700025e-6 	 5.808221572761088 	 5.808222857509244 	 4.836291087599355e17
1.1298648897223065e-6 	 5.885808647973727 	 5.885808824974907 	 4.662917137444287e17
1.1455907934257656e-6 	 5.964431513902787 	 5.964431182141045 	 4.4957583894033824e17
1.1615355764390783e-6 	 6.044104037423565 	 6.044103773052479 	 4.334592037586343e17
1.1777022852105246e-6 	 6.124840579262692 	 6.1248406266821345 	 4.179203263367607e17
1.1940940085900484e-6 	 6.206655709063045 	 6.206655959401291 	 4.029384949054633e17
1.2107138784194222e-6 	 6.289563918185768 	 6.28956417748285 	 3.884937401820715e17
1.2275650701306229e-6 	 6.37357970569126 	 6.373579879638026 	 3.745668087534431e17
1.2446508033525381e-6 	 6.458717773096241 	 6.458717859586932 	 3.6113913741309005e17
1.2619743425261163e-6 	 6.544993058856292 	 6.544993108663498 	 3.481928284182811e17
1.279538997528078e-6 	 6.632420761008523 	 6.632420818455183 	 3.357106256341412e17
1.2973481243033089e-6 	 6.721016305328285 	 6.72101638347796 	 3.236758915329497e17
1.3154051255060556e-6 	 6.810795328535365 	 6.810795403887024 	 3.120725850179801e17
1.3337134511500436e-6 	 6.901773626252536 	 6.9017736882237015 	 3.0088524004232275e17
1.352276599267646e-6 	 6.993967206511578 	 6.993967256199073 	 2.900989449941916e17
1.3710981165782252e-6 	 7.087392308772704 	 7.08739234151477 	 2.7969932282123693e17
1.3901815991657782e-6 	 7.182065376723143 	 7.182065394721437 	 2.69672511867373e17
1.409530693166013e-6 	 7.278003072371773 	 7.278003086115406 	 2.6000514739657677e17
1.429149095462987e-6 	 7.375222301109982 	 7.375222308674042 	 2.5068434377903203e17
1.4490405543954443e-6 	 7.473740188543458 	 7.473740181030303 	 2.4169767731587334e17
1.46920887047298e-6 	 7.573574066810787 	 7.573574050487044 	 2.3303316967963872e17
1.4896578971021767e-6 	 7.674741517693216 	 7.674741496071571 	 2.2467927194835677e17
1.5103915413228444e-6 	 7.777260368520974 	 7.777260331631014 	 2.1662484921198925e17
1.5314137645545087e-6 	 7.881148657256512 	 7.881148608969029 	 2.088591657307099e17
1.5527285833532898e-6 	 7.986424672783968 	 7.986424621024416 	 2.0137187062523686e17
1.5743400701793118e-6 	 8.09310696832962 	 8.09310690509218 	 1.9415298408014733e17
1.5962523541748094e-6 	 8.201214323229848 	 8.20121424608768 	 1.8719288404177715e17
1.6184696219530324e-6 	 8.310765761543216 	 8.31076567985425 	 1.804822933929929e17
1.6409961183981626e-6 	 8.421780584978235 	 8.421780496515128 	 1.7401226758771795e17
1.663836147476349e-6 	 8.534278347572032 	 8.534278243870121 	 1.6777418272874826e17
1.6869940730580337e-6 	 8.648278841431756 	 8.648278730837623 	 1.617597240729604e17
1.710474319751722e-6 	 8.76380214406218 	 8.763802030942621 	 1.5596087494859056e17
1.7342813737493607e-6 	 8.88086861303273 	 8.88086848585131 	 1.503699060698129e17
1.7584197836834796e-6 	 8.99949884577676 	 8.999498708952903 	 1.4497936523437466e17
1.782894161496264e-6 	 9.119713726292284 	 9.119713588989294 	 1.397820673905563e17
1.8077091833207233e-6 	 9.241534440335037 	 9.241534293733206 	 1.3477108506021597e17
1.8328695903741252e-6 	 9.364982431834525 	 9.364982273715484 	 1.2993973910515418e17
1.8583801898638625e-6 	 9.4900794246154 	 9.490079266002136 	 1.2528158982449078e17
1.8842458559059302e-6 	 9.61684745956863 	 9.616847298021892 	 1.2079042837118779e17
1.9104715304561866e-6 	 9.745308865320167 	 9.745308691444826 	 1.1646026847627728e17
1.9370622242545735e-6 	 9.87548624244404 	 9.875486066112837 	 1.122853384697638e17
1.964023017782481e-6 	 10.007402517501987 	 10.0074023440226 	 1.0826007358756565e17
1.991359062233438e-6 	 10.141080936647588 	 10.141080753361752 	 1.0437910855424053e17
2.0190755804973077e-6 	 10.27654502009903 	 10.276544832598958 	 1.0063727043161088e17
2.047177868158189e-6 	 10.413818615599666 	 10.413818434628645 	 9.702957172375389e16
2.075671294506202e-6 	 10.552925915358644 	 10.552925730971074 	 9.355120372916901e16
2.1045613035633566e-6 	 10.693891405993536 	 10.693891216028545 	 9.019753013125936e16
2.1338534151237025e-6 	 10.836739893981314 	 10.836739711398424 	 8.69640808185858e16
2.1635532258079512e-6 	 10.98149654785324 	 10.981496370243804 	 8.384654592665546e16
2.1936664101327836e-6 	 11.12818686440827 	 11.128186681722557 	 8.084077009330325e16
2.2241987215950323e-6 	 11.276836651364171 	 11.276836475475513 	 7.794274692001016e16
2.2551559937709617e-6 	 11.427472088824933 	 11.427471926174633 	 7.514861363177448e16
2.286544141430844e-6 	 11.580119721534954 	 11.580119558131916 	 7.245464592841915e16
2.3183691616690492e-6 	 11.734806407117954 	 11.734806249969875 	 6.985725302047234e16
2.350637135049864e-6 	 11.891559377455401 	 11.891559239354386 	 6.735297284300408e16
2.383354226769259e-6 	 12.050406257645657 	 12.05040612779079 	 6.493846744104015e16
2.416526687832827e-6 	 12.211375008705136 	 12.211374885484043 	 6.261051852040183e16
2.450160856250112e-6 	 12.374493957308738 	 12.374493856263765 	 6.0366023158041976e16
2.4842631582455693e-6 	 12.539791843565954 	 12.539791762575137 	 5.820198966615858e16
2.5188401094863698e-6 	 12.707297782044218 	 12.707297710536395 	 5.611553360457458e16
2.5538983163273033e-6 	 12.877041242696947 	 12.877041195063944 	 5.410387393606732e16
2.589444477073001e-6 	 13.049052120854423 	 13.049052105065885 	 5.216432931952438e16
2.6254853832577328e-6 	 13.22336072788857 	 13.223360728704948 	 5.029431453598391e16
2.662027920943011e-6 	 13.399997732402428 	 13.399997758731717 	 4.84913370427964e16
2.69907907203326e-6 	 13.57899423066426 	 13.57899429788909 	 4.675299365131465e16
2.736645915609795e-6 	 13.76038176780762 	 13.760381864388947 	 4.507696732368371e16
2.7747356292833662e-6 	 13.944192272230303 	 13.94419239746195 	 4.346102408446126e16
2.813355490565534e-6 	 14.130458090331553 	 14.130458262981506 	 4.1903010042951624e16
2.8525128782591236e-6 	 14.31921204061314 	 14.319212259162834 	 4.040084852228514e16
2.8922152738680396e-6 	 14.510487368699012 	 14.510487622338161 	 3.895253729141545e16
2.9324702630267e-6 	 14.704317726389421 	 14.704318032809088 	 3.755614589634589e16
2.9732855369493626e-6 	 14.900737251381015 	 14.900737620777088 	 3.62098130870274e16
3.01466889389963e-6 	 15.09978055607043 	 15.099780972353262 	 3.4911744336498396e16
3.056628240680404e-6 	 15.30148266081059 	 15.30148313564836 	 3.36602094489598e16
3.099171594144569e-6 	 15.505879074666423 	 15.505879626944102 	 3.2453540253597308e16
3.1423070827267408e-6 	 15.713005819089215 	 15.713006436947133 	 3.1290128381075864e16
3.1860429479962625e-6 	 15.922899352786779 	 15.92290003712616 	 3.0168423119745292e16
3.230387546231887e-6 	 16.135596612282907 	 16.135597386134087 	 2.9086929348696028e16
3.2753493500183394e-6 	 16.35113507319331 	 16.351135936315767 	 2.8044205544912732e16
3.3209369498651094e-6 	 16.569552698343944 	 16.569553640302708 	 2.703886186186827e16
3.3671590558477753e-6 	 16.79088791481701 	 16.79088895769588 	 2.6069558276997348e16
3.414024499272171e-6 	 17.015179704722804 	 17.015180861837795 	 2.5135002805580444e16
3.4615422343617173e-6 	 17.242467591780464 	 17.24246884667504 	 2.4233949778657424e16
3.5097213399682362e-6 	 17.472791565534823 	 17.472792933712487 	 2.336519818267543e16
3.558571021306578e-6 	 17.706192173979492 	 17.706193679060373 	 2.2527590058657972e16
3.608100611713393e-6 	 17.942710550004104 	 17.942712180575555 	 2.1720008958761372e16
3.6583195744303794e-6 	 18.18238832544187 	 18.18239008509812 	 2.0941378458161544e16
3.7092375044123535e-6 	 18.425267678370485 	 18.42526959578469 	 2.0190660720287348e16
3.7608641301604848e-6 	 18.671391402457036 	 18.67139347953967 	 1.946685511348823e16
3.813209315581047e-6 	 18.92080284704464 	 18.920805074545754 	 1.8768996877292364e16
3.8662830618700375e-6 	 19.173545892003514 	 19.17354829789503 	 1.809615583647743e16
3.920095509424034e-6 	 19.42966505117782 	 19.429667653322063 	 1.7447435161240086e16
3.974656939777636e-6 	 19.689205456386272 	 19.689208239040177 	 1.682197017181155e16
4.029977777567888e-6 	 19.952212771506083 	 19.952215755682523 	 1.6218927185925974e16
4.086068592526027e-6 	 20.218733298585903 	 20.21873651434916 	 1.5637502407605358e16
4.142940101496967e-6 	 20.488814007333314 	 20.48881744476164 	 1.507692085577993e16
4.200603170486882e-6 	 20.762502436674854 	 20.76250610352651 	 1.453643533131589e16
4.259068816739291e-6 	 21.039846749929893 	 21.039850682509254 	 1.4015325421073706e16
4.318348210840039e-6 	 21.320895813346738 	 21.320900017320003 	 1.3512896537669494e16
4.3784526788515774e-6 	 21.60569912697863 	 21.605703595912683 	 1.3028478993659454e16
4.439393704476947e-6 	 21.894306797211293 	 21.894311567298974 	 1.2561427108913554e16
4.5011829312538806e-6 	 22.186769654581656 	 22.186774750378696 	 1.2111118349988468e16
4.563832164779448e-6 	 22.48313923472036 	 22.483144642888135 	 1.1676952500352784e16
4.627353374965659e-6 	 22.78346768094155 	 22.783473430467915 	 1.1258350860358408e16
4.691758698326464e-6 	 23.08780786581718 	 23.087813995851988 	 1.0854755475891808e16
4.757060440296587e-6 	 23.396213424045293 	 23.396219928179388 	 1.0465628394677002e16
4.82327107758263e-6 	 23.708738639735483 	 23.708745532430328 	 1.0090450949238978e16
4.8904032605469006e-6 	 24.025438510725664 	 24.02544583898841 	 9.728723065571844e15
4.958469815624424e-6 	 24.346368837509292 	 24.34637661333049 	 9.379962596590192e15
5.027483747773588e-6 	 24.67158614354739 	 24.671594365846047 	 9.043704679475264e15
5.097458242960905e-6 	 25.001147645349384 	 25.00115636178768 	 8.719501116059315e15
5.168406670680354e-6 	 25.335111386589812 	 25.335120631354535 	 8.406919775422286e15
5.240342586507786e-6 	 25.6735362153965 	 25.67354597991044 	 8.105544017904508e15
5.313279734690885e-6 	 26.016481673814024 	 26.01649199833848 	 7.814972139767731e15
5.387232050775178e-6 	 26.364008137183554 	 26.36401907353397 	 7.534816837764208e15
5.462213664266594e-6 	 26.716176850791456 	 26.716188399037517 	 7.264704692900207e15
5.5382389013310765e-6 	 27.0730498008309 	 27.073061985810174 	 7.004275672705856e15
5.615322287531783e-6 	 27.434689789334367 	 27.434702673152476 	 6.75318265134786e15
5.693478550604367e-6 	 27.801160534851267 	 27.801174139769405 	 6.5110909469455e15
5.772722623270895e-6 	 28.17252658064133 	 28.172540914983042 	 6.277677875473165e15
5.853069646092932e-6 	 28.548853262192665 	 28.54886839009516 	 6.05263232065481e15
5.934534970364332e-6 	 28.93020685982412 	 28.930222829901428 	 5.835654319277093e15
6.017134161044287e-6 	 29.31665457164733 	 29.316671384359562 	 5.626454661368418e15
6.100882999731201e-6 	 29.708264388130576 	 29.708282100413165 	 5.424754504710992e15
6.185797487678007e-6 	 30.105105251898493 	 30.10512393397391 	 5.23028500317193e15
6.271893848849325e-6 	 30.50724709859044 	 30.507266762063104 	 5.042786948358432e15
6.359188533021308e-6 	 30.914760709243648 	 30.914781395116066 	 4.862010424118798e15
6.4476982189245595e-6 	 31.327717797513426 	 31.327739589450598 	 4.687714473429234e15
6.537439817430813e-6 	 31.746191123586403 	 31.746214059901988 	 4.519666777222235e15
6.628430474783962e-6 	 32.17025438838297 	 32.1702784926269 	 4.3576433447285105e15
6.720687575876063e-6 	 32.59998219837096 	 32.6000075580782 	 4.2014282149196985e15
6.814228747568933e-6 	 33.03545023924105 	 33.035476924153116 	 4.0508131686539125e15
6.909071862061984e-6 	 33.47673524374137 	 33.47676326951713 	 3.9055974511404505e15
7.005235040306923e-6 	 33.92391484928117 	 33.923944297105706 	 3.7655875043537485e15
7.102736655469988e-6 	 34.37706778119458 	 34.37709874780647 	 3.630596709039886e15
7.201595336442367e-6 	 34.83627389830021 	 34.8363064143241 	 3.5004451359717965e15
7.301829971399478e-6 	 35.30161402415207 	 35.30164815523049 	 3.3749593061215975e15
7.4034597114097916e-6 	 35.77317004847108 	 35.7732059092025 	 3.253971959430403e15
7.506503974093875e-6 	 36.251025055954855 	 36.25106270945002 	 3.1373218318674e15
7.610982447334376e-6 	 36.73526320418154 	 36.73530269833661 	 3.024853440481019e15
7.716915093037628e-6 	 37.22596968552687 	 37.226011142195574 	 2.916416876155718e15
7.824322150947626e-6 	 37.723230925030215 	 37.72327444634388 	 2.8118676037981265e15
7.933224142513083e-6 	 38.22713454240565 	 38.22718017029666 	 2.711066269686217e15
8.043641874808295e-6 	 38.737769190924496 	 38.73781704318493 	 2.6138785157247445e15
8.155596444508602e-6 	 39.255224767072775 	 39.255274979379244 	 2.5201748003593365e15
8.269109241921165e-6 	 39.77959246113904 	 39.779645094322085 	 2.4298302259105625e15
8.384201955071845e-6 	 40.31096456387533 	 40.31101972057174 	 2.3427243720978205e15
8.500896573848978e-6 	 40.849434584586746 	 40.84949242406046 	 2.258741135531147e15
8.619215394204808e-6 	 41.39509739702296 	 41.3951580205698 	 2.177768574957013e15
8.739181022415408e-6 	 41.948049098633874 	 41.948112592426085 	 2.0996987620518325e15
8.860816379399888e-6 	 42.5083869695437 	 42.508453505418814 	 2.0244276375642992e15
8.984144705099717e-6 	 43.07620969779976 	 43.07627942594512 	 1.9518548726148188e15
9.109189562919012e-6 	 43.65161733444417 	 43.651690338383204 	 1.881883734967141e15
9.235974844226607e-6 	 44.234711111013226 	 44.234787562697925 	 1.8144209600939728e15
9.364524772920802e-6 	 44.82559367959274 	 44.82567377228145 	 1.749376626864685e15
9.494863910057636e-6 	 45.42436916904283 	 45.42445301203226 	 1.6866640376894472e15
9.62701715854358e-6 	 46.031142963802566 	 46.03123071667571 	 1.6261996029600085e15
9.761009767893546e-6 	 46.6460218411883 	 46.64611372932924 	 1.5679027296331112e15
9.896867339055123e-6 	 47.269114136450824 	 47.26921032031565 	 1.5116957138080275e15
1.0034615829299953e-5 	 47.900529580616016 	 47.90063020622758 	 1.457503637155032e15
1.0174281557183189e-5 	 48.54037925647896 	 48.540484569246786 	 1.4052542670567605e15
1.0315891207571976e-5 	 49.188775854938086 	 49.18888607672133 	 1.3548779603293605e15
1.0459471836743936e-5 	 49.84583362180599 	 49.845948901004434 	 1.3063075703950888e15
1.0605050877556597e-5 	 50.51166815087035 	 50.51178873955823 	 1.2594783577826428e15
1.0752656144688783e-5 	 51.186396658978744 	 51.18652283532611 	 1.2143279038359205e15
1.090231583995495e-5 	 51.870138048562794 	 51.87026999737716 	 1.1707960275161968e15
1.1054058557693499e-5 	 52.563012654700266 	 52.56315062182645 	 1.1288247051868152e15
1.1207913290230066e-5 	 53.265142404632215 	 53.26528671303467 	 1.0883579932734895e15
1.1363909433416882e-5 	 53.97665100442565 	 53.97680190509101 	 1.0493419536971096e15
1.15220767922492e-5 	 54.69766375223627 	 54.69782148358301 	 1.0117245819796821e15
1.168244558655991e-5 	 55.42830749133527 	 55.428472407657196 	 9.754557379275612e14
1.18450464567934e-5 	 56.16871090171576 	 56.16888333237426 	 9.404870787995905e14
1.2009910469859876e-5 	 56.91900443711678 	 56.91918463136351 	 9.067719948710454e14
1.2177069125070943e-5 	 57.679320090248396 	 57.67950841977868 	 8.742655473075629e14
1.2346554360158029e-5 	 58.449791708150876 	 58.449988577561655 	 8.429244082661504e14
1.2518398557374464e-5 	 59.23055506176738 	 59.23076077301624 	 8.127068031435092e14
1.2692634549682515e-5 	 60.02174755714264 	 60.02196248669711 	 7.835724548946675e14
1.2869295627026516e-5 	 60.82350842049876 	 60.82373303561767 	 7.554825303477091e14
1.304841554269334e-5 	 61.63597890907036 	 61.636213597781456 	 7.283995884430385e14
1.3230028519761374e-5 	 62.45930209547755 	 62.45954723704109 	 7.022875303281945e14
1.341416925763926e-5 	 63.293622817611855 	 63.29387892828945 	 6.771115512416906e14
1.3600872938695658e-5 	 64.13908801102407 	 64.1393555829872 	 6.52838094121749e14
1.3790175234981258e-5 	 64.99584663496421 	 64.99612607503134 	 6.294348048780949e14
1.398211231504438e-5 	 65.86404940715326 	 65.86434126696942 	 6.068704892671896e14
1.4176720850841415e-5 	 66.74384916417655 	 66.74415403656376 	 5.851150713134246e14
1.437403802474346e-5 	 67.6354009384081 	 67.63571930371067 	 5.64139553220855e14
1.457410153664047e-5 	 68.5388616269707 	 68.53919405771913 	 5.439159767220373e14
1.4776949611144292e-5 	 69.45439020696593 	 69.45473738495387 	 5.244173858124564e14
1.498262100489194e-5 	 70.38214797430524 	 70.38251049684787 	 5.056177908208672e14
1.5191155013950548e-5 	 71.32229829569816 	 71.32267675828878 	 4.8749213376766306e14
1.540259148132535e-5 	 72.27500655579347 	 72.27540171638476 	 4.700162549650956e14
1.5616970804572196e-5 	 73.24044053498721 	 73.24085312961442 	 4.5316686081482744e14
1.5834333943516e-5 	 74.21877032209794 	 74.21920099736627 	 4.369214927598954e14
1.6054722428076612e-5 	 75.2101680137697 	 75.21061758987258 	 4.2125849734970106e14
1.627817836620365e-5 	 76.21480812733694 	 76.21527747854337 	 4.061569973781267e14
1.6504744451921705e-5 	 77.23286768617847 	 77.23335756670522 	 3.9159686405630856e14
1.6734463973487606e-5 	 78.26452584133594 	 78.2650371207511 	 3.775586901829737e14
1.6967380821661154e-5 	 79.30996412124014 	 79.31049780170602 	 3.640237642765826e14
1.7203539498090988e-5 	 80.36936670165728 	 80.36992369721436 	 3.509740456347966e14
1.7442985123817197e-5 	 81.44292011986926 	 81.4435013539546 	 3.3839214028802506e14
1.7685763447892244e-5 	 82.53081321910271 	 82.531419810487 	 3.262612778150043e14
1.793192085612188e-5 	 83.63323757857104 	 83.63387063053995 	 3.1456528898950425e14
1.8181504379927748e-5 	 84.75038741075282 	 84.75104793674117 	 3.032885842283662e14
1.8434561705333295e-5 	 85.88245922129946 	 85.88314844479925 	 2.924161328121486e14
1.8691141182074797e-5 	 87.02965228140945 	 87.030371498142 	 2.819334428506813e14
1.8951291832839163e-5 	 88.19216872226869 	 88.19291910301732 	 2.718265419668256e14
1.9215063362630326e-5 	 89.37021310219137 	 89.37099596406304 	 2.620819586726934e14
1.948250616826601e-5 	 90.56399269644598 	 90.56480952035196 	 2.5268670441350094e14
1.9753671348006662e-5 	 91.77371780254047 	 91.7745699819182 	 2.436282562551248e14
2.002861071131839e-5 	 92.99960141104101 	 93.00049036677164 	 2.348945401922836e14
2.0307376788771838e-5 	 94.24185914764557 	 94.2427865384067 	 2.2647391505509616e14
2.0590022842078775e-5 	 95.50070976245482 	 95.50167724381222 	 2.1835515699256684e14
2.0876602874268405e-5 	 96.77637500917162 	 96.77738415198898 	 2.1052744451231516e14
2.1167171640005332e-5 	 98.06907926029521 	 98.07013189298185 	 2.0298034405660825e14
2.1461784656051105e-5 	 99.37905004762706 	 99.38014809743325 	 1.957037960954727e14
2.176049821187138e-5 	 100.70651816664196 	 100.70766343666504 	 1.8868810171834688e14
2.206336938039073e-5 	 102.05171718106985 	 102.05291166329572 	 1.8192390970640375e14
2.2370456028897124e-5 	 103.4148837592622 	 103.41612965240023 	 1.7540220406831128e14
2.2681816830098198e-5 	 104.79625801955478 	 104.79755744321965 	 1.6911429202281778e14
2.2997511273331394e-5 	 106.19608315193646 	 106.19743828142795 	 1.630517924121445e14
2.3317599675930092e-5 	 107.61460535843989 	 107.61601866196307 	 1.57206624530741e14
2.3642143194748178e-5 	 109.05207440895119 	 109.0535483724315 	 1.515709973545098e14
2.3971203837844517e-5 	 110.50874349867674 	 110.51028053709001 	 1.4613739915615597e14
2.4304844476330576e-5 	 111.98486881173278 	 111.98647166141762 	 1.4089858749280188e14
2.4643128856382657e-5 	 113.48071014069676 	 113.48238167728144 	 1.3584757955253695e14
2.4986121611421404e-5 	 114.99653100231853 	 114.99827398870613 	 1.3097764284702752e14
2.5333888274460825e-5 	 116.53259807226668 	 116.53441551825505 	 1.262822862377832e14
2.568649529062917e-5 	 118.08918157453681 	 118.09107675403045 	 1.2175525128411888e14
2.6044010029864112e-5 	 119.66655567116584 	 119.66853179730205 	 1.1739050390127906e14
2.6406500799784598e-5 	 121.26499802561818 	 121.26705841077133 	 1.131822263176067e14
2.6774036858741866e-5 	 122.88478974165035 	 122.8869380674809 	 1.0912480932003534e14
2.714668842905212e-5 	 124.5262159965777 	 124.52845600037703 	 1.0521284477756927e14
2.7524526710413355e-5 	 126.18956587434268 	 126.1919012525342 	 1.0144111843278594e14
2.7907623893508964e-5 	 127.87513187267139 	 127.8775667280507 	 9.780460295175225e13
2.8296053173800644e-5 	 129.58321061099113 	 129.58574924362404 	 9.429845122309142e13
2.8689888765513302e-5 	 131.31410295784565 	 131.3167495808151 	 9.091798989726836e13
2.908920591581461e-5 	 133.0681133842013 	 133.07087253901076 	 8.76587131574821e13
2.9494080919191892e-5 	 134.8455504149757 	 134.84842698909372 	 8.451627671386292e13
2.9904591132029143e-5 	 136.64672706966113 	 136.64972592782937 	 8.148649201296833e13
3.0320814987386918e-5 	 138.4719603596321 	 138.47508653297925 	 7.856532065486042e13
3.074283200998794e-5 	 140.3215712265682 	 140.32483021915036 	 7.57488690103226e13
3.11707228314113e-5 	 142.19588526271784 	 142.19928269439103 	 7.303338303104144e13
3.160456920549808e-5 	 144.09523251503012 	 144.0987740175423 	 7.041524324583567e13
3.204445402397148e-5 	 146.01994692790183 	 146.02363865635564 	 6.789095993626334e13
3.249046133227429e-5 	 147.97036715280973 	 147.97421554638706 	 6.545716848517593e13
3.29426763456268e-5 	 149.94683668859304 	 149.95084815067773 	 6.311062489202052e13
3.340118546530824e-5 	 151.9497031416287 	 151.9538845202319 	 6.084820144891142e13
3.386607629516482e-5 	 153.97931874919325 	 153.9836773553029 	 5.866688257170839e13
3.43374376583475e-5 	 156.03604087757395 	 156.04058406749726 	 5.656376078054477e13
3.4815359614282794e-5 	 158.1202314439916 	 158.1249668427091 	 5.453603282444745e13
3.5299933475879706e-5 	 160.23225685583128 	 160.23719270489454 	 5.258099594488396e13
3.5791251826976207e-5 	 162.37248882908867 	 162.3776335806984 	 5.069604427325551e13
3.628940854002852e-5 	 164.54130415812583 	 164.54666636494417 	 4.88786653575349e13
3.679449879404662e-5 	 166.73908408469995 	 166.74467298699875 	 4.7126436813419266e13
3.730661909277935e-5 	 168.96621522488672 	 168.9720404780233 	 4.543702309553418e13
3.782586728315269e-5 	 171.2230897237272 	 171.2291610391232 	 4.380817238438516e13
3.8352342573964565e-5 	 173.51010441035078 	 173.5164321104077 	 4.223771358490764e13
3.888614555483998e-5 	 175.82766140363617 	 175.8342564409722 	 4.072355343261441e13
3.9427378215449865e-5 	 178.17616867446088 	 178.18304215981576 	 3.9263673703483375e13
3.997614396499751e-5 	 180.55603938026684 	 180.5632028477052 	 3.785612852386688e13
4.053254765197611e-5 	 182.96769180635656 	 182.9751576099998 	 3.649904177683681e13
4.109669558420144e-5 	 185.41155029650903 	 185.4193311504486 	 3.5190604601508266e13
4.166869554912323e-5 	 187.88804498262166 	 187.89615384597323 	 3.3929072982009086e13
4.2248656834419306e-5 	 190.39761107056694 	 190.4060618224499 	 3.2712765422881074e13
4.2836690248876375e-5 	 192.94068990103023 	 192.949497031504 	 3.1540060707814734e13
4.343290814356137e-5 	 195.51772911975746 	 195.5269073283296 	 3.040939573873017e13
4.4037424433287566e-5 	 198.1291817133526 	 198.13874655054963 	 2.9319263452323598e13
4.465035461837938e-5 	 200.77550670959283 	 200.78547459812847 	 2.8268210811302832e13
4.527181580674014e-5 	 203.45716981157176 	 203.4675575143526 	 2.7254836867633832e13
4.590192673622694e-5 	 206.1746426299848 	 206.1854675678924 	 2.6277790895217285e13
4.654080779733731e-5 	 208.928402627867 	 208.93968333596214 	 2.533577058950524e13
4.718858105621077e-5 	 211.71893418036143 	 211.73068978858674 	 2.4427520331660336e13
4.7845370277951455e-5 	 214.54672825906192 	 214.55897837399823 	 2.3551829514940816e13
4.851130095027488e-5 	 217.4122816267547 	 217.4250471051711 	 2.270753093108306e13
4.91865003074839e-5 	 220.31609804806072 	 220.32940064751367 	 2.1893499214529684e13
4.987109735477843e-5 	 223.258688475275 	 223.27255040773102 	 2.1108649342429844e13
5.0565222892903456e-5 	 226.24056994421466 	 226.25501462387479 	 2.035193518841232e13
5.126900954314018e-5 	 229.26226638563804 	 229.27731845659633 	 1.962234812820365e13
5.1982591772644896e-5 	 232.3243093421883 	 232.33999408161813 	 1.8918915695232934e13
5.270610592014066e-5 	 235.42723708569207 	 235.4435807834409 	 1.8240700284431137e13
5.3439690221966477e-5 	 238.57159456805758 	 238.58862505030237 	 1.7586797902497318e13
5.418348483848905e-5 	 241.75793462493309 	 241.7756806704044 	 1.6956336962965996e13
5.493763188088218e-5 	 244.9868176057459 	 245.00530882942564 	 1.6348477124469572e13
5.570227543827882e-5 	 248.25881046337054 	 248.27807820933646 	 1.5762408170647352e13
5.647756160530116e-5 	 251.57448813823535 	 251.59456508853438 	 1.5197348930208174e13
5.726363850997374e-5 	 254.93443376149705 	 254.95535344331654 	 1.4652546235707215e13
5.80606563420252e-5 	 258.33923739258495 	 258.361035050708 	 1.4127273919649137e13
5.8868767381583854e-5 	 261.78949695790783 	 261.81220959266335 	 1.362083184657945e13
5.96881260282727e-5 	 265.28581906020287 	 265.30948476166066 	 1.313254497987399e13
6.0518888830709404e-5 	 268.8288179630823 	 268.8534763677054 	 1.2661762481982604e13
6.136121451641682e-5 	 272.4191155506906 	 272.44480844676417 	 1.2207856846927818e13
6.221526402214987e-5 	 276.0573426950308 	 276.0841133706465 	 1.1770223063902137e13
6.30812005246445e-5 	 279.74413882241953 	 279.772031958355 	 1.1348277810849148e13
6.395918947179459e-5 	 283.48015088429145 	 283.509213588922 	 1.0941458676953578e13
6.484939861426288e-5 	 287.26603493945686 	 287.2963163157548 	 1.0549223413003924e13
6.575199803753178e-5 	 291.1024563758119 	 291.13400698250683 	 1.01710492086285e13
6.666716019440027e-5 	 294.99008846799865 	 295.0229613404977 	 9.806431995441521e12
6.759505993793323e-5 	 298.92961346224115 	 298.96386416770144 	 9.454885775170336e12
6.853587455486918e-5 	 302.92172348906655 	 302.9574093893238 	 9.115941971868389e12
6.948978379949322e-5 	 306.96711939387416 	 307.0043001999911 	 8.789148807350299e12
7.04569699279812e-5 	 311.06651070838853 	 311.10524918757 	 8.474070699016784e12
7.14376177332221e-5 	 315.22061720470464 	 315.2609784586425 	 8.170287679266593e12
7.243191458012498e-5 	 319.43016838849815 	 319.4722197656564 	 7.877394835721714e12
7.344005044141736e-5 	 323.6959023374544 	 323.7397146357742 	 7.59500177151967e12
7.446221793394184e-5 	 328.0185675073112 	 328.06421450144313 	 7.322732084953566e12
7.549861235545798e-5 	 332.3989229720899 	 332.44648083271 	 7.060222867766259e12
7.654943172195632e-5 	 336.83773677325325 	 336.88728527130235 	 6.807124221429941e12
7.761487680549181e-5 	 341.33578717436023 	 341.38740976650183 	 6.563098790766425e12
7.869515117254378e-5 	 345.89386369130773 	 345.9476467128316 	 6.327821314286414e12
7.979046122290982e-5 	 350.51276574827585 	 350.56879908958365 	 6.100978190648495e12
8.090101622914111e-5 	 355.19330266527385 	 355.25168060220955 	 5.882267060659892e12
8.202702837652638e-5 	 359.9362954211325 	 359.9971158255998 	 5.671396404261938e12
8.31687128036327e-5 	 364.7425760588967 	 364.8059403492778 	 5.468085151962973e12
8.432628764341024e-5 	 369.6129863713108 	 369.67900092453215 	 5.272062310200841e12
8.549997406486933e-5 	 374.54837996574594 	 374.6171556135155 	 5.08306660013557e12
8.668999631533757e-5 	 379.5496225250908 	 379.6212739403343 	 4.900846109390822e12
8.789658176330496e-5 	 384.6175899241411 	 384.6922370441568 	 4.725157956279892e12
8.911996094186556e-5 	 389.7531696764382 	 389.83093783436726 	 4.555767966068705e12
9.036036759276349e-5 	 394.9572620935741 	 395.03828114779026 	 4.392450358844362e12
9.161803871105287e-5 	 400.23077873668984 	 400.3151839080207 	 4.234987448572989e12
9.28932145903776e-5 	 405.57464242420133 	 405.66257528687305 	 4.0831693529461816e12
9.418613886888321e-5 	 410.9897892344468 	 411.0813968679963 	 3.9367937136287817e12
9.549705857576667e-5 	 416.47716780994625 	 416.5726028126692 	 3.7956654265354863e12
9.682622417847443e-5 	 422.0377378726337 	 422.13716002781194 	 3.659596381776616e12
9.817388963055736e-5 	 427.67247258037065 	 427.7760483362421 	 3.5284052129264473e12
9.95403124201916e-5 	 433.382358807783 	 433.4902606492039 	 3.4019170552799136e12
0.00010092575361937517 	 439.1683949939174 	 439.28080314120393 	 3.2799633127754287e12
0.00010233047793380838 	 445.0315928111639 	 445.1486954271792 	 3.1623814332732476e12
0.0001037547537534699 	 450.9729784701479 	 451.09497074203625 	 3.049014691889658e12
0.0001051988532038955 	 456.993590937111 	 457.12067612258426 	 2.9397119820984346e12
0.00010666305219817106 	 463.09448196733257 	 463.22687259190076 	 2.8343276143209473e12
0.00010814763048964952 	 469.2767183772053 	 469.4146353461604 	 2.7327211217364956e12
0.00010965287172540073 	 475.5413812302669 	 475.6850539439571 	 2.634757073054135e12
0.00011117906350040597 	 481.889564160532 	 482.03923249815676 	 2.5403048919962847e12
0.0001127264974125066 	 488.32237605963087 	 488.4782898703137 	 2.4492386832536133e12
0.00011429546911811735 	 494.8409413769254 	 495.00335986768175 	 2.3614370646791904e12
0.00011588627838871512 	 501.4463976594397 	 501.6155914428588 	 2.2767830054982227e12
0.00011749922916811414 	 508.1398974755193 	 508.3161488960975 	 2.195163670317739e12
0.00011913462963053807 	 514.9226098823219 	 515.1062120803184 	 2.1164702687282988e12
0.0001207927922395006 	 521.7957183748441 	 521.9869766088617 	 2.040597910297258e12
0.00012247403380750543 	 528.7604209512717 	 528.9596540660147 	 1.9674454647603145e12
0.0001241786755565772 	 535.8179326875355 	 536.02547222035 	 1.8969154272249827e12
0.000125907043179635 	 542.9694847843964 	 543.1856752409154 	 1.8289137882063247e12
0.00012765946690271998 	 550.2163226733611 	 550.4415239163101 	 1.7633499083217095e12
0.00012943628154808923 	 557.5597090791566 	 557.7942958766881 	 1.7001363974775823e12
0.0001312378265981875 	 565.0009243380609 	 565.2452858187269 	 1.6391889983872168e12
0.00013306444626050979 	 572.5412635876498 	 572.7958057336011 	 1.5804264742641716e12
0.00013491648953336622 	 580.1820389806306 	 580.4471851380018 	 1.5237705005417878e12
0.00013679431027256264 	 587.9245813322983 	 588.2007713082412 	 1.4691455604743716e12
0.00013869826725900917 	 595.7702377625745 	 596.0579295174855 	 1.416478844480926e12
0.00014062872426726957 	 603.7203718002913 	 604.0200432761552 	 1.3657001530972678e12
0.00014258605013506507 	 611.7763662957772 	 612.0885145755378 	 1.3167418034071567e12
0.00014457061883374524 	 619.9396223035292 	 620.264764134655 	 1.269538538827744e12
0.00014658280953973993 	 628.2115569402303 	 628.5502316504254 	 1.224027442129072e12
0.0001486230067070055 	 636.5936068739705 	 636.9463760511715 	 1.1801478515717039e12
0.00015069160014047995 	 645.0872286598901 	 645.4546757535128 	 1.1378412800506814e12
0.0001527889850705593 	 653.6938955377206 	 654.0766289226871 	 1.097051337138083e12
0.00015491556222861172 	 662.415099971358 	 662.8137537363531 	 1.0577236539202097e12
0.00015707173792354202 	 671.25235549145 	 671.6675886519154 	 1.0198058105292682e12
0.00015925792411942218 	 680.2071939796698 	 680.6396926774202 	 9.832472662729266e11
0.00016147453851420203 	 689.2811658189157 	 689.7316456460696 	 9.479992922686307e11
0.0001637220046195157 	 698.4758431882591 	 698.9450484944036 	 9.140149064928752e11
0.00016600075184159863 	 707.7928187592877 	 708.2815235441967 	 8.812488111588691e11
0.00016831121556333122 	 717.2337032837565 	 717.7427147881215 	 8.496573323391127e11
0.00017065383722742383 	 726.8001295511216 	 727.3302881792273 	 8.191983617524244e11
0.00017302906442076004 	 736.493752733667 	 737.0459319242857 	 7.898313006378134e11
0.00017543735095991363 	 746.3162467286407 	 746.891356781055 	 7.615170056403907e11
0.00017787915697785583 	 756.269307071499 	 756.8682963595147 	 7.342177366371947e11
0.0001803549490118695 	 766.3546529961764 	 766.9785074271258 	 7.078971064333807e11
0.0001828652000926868 	 776.5740243184773 	 777.2237702181652 	 6.825200322617305e11
0.00018541038983486751 	 786.929181640723 	 787.6058887471959 	 6.58052689020834e11
0.00018799100452843544 	 797.4219100628414 	 798.1266911267224 	 6.344624641896116e11
0.0001906075372317902 	 808.0540176597406 	 808.7880298890906 	 6.117179143580847e11
0.00019326048786591187 	 818.8273327636376 	 819.591782312685 	 5.897887233164583e11
0.00019595036330987737 	 829.7437084455581 	 830.5398507524876 	 5.686456616466433e11
0.00019867767749770588 	 840.8050228645932 	 841.634162975048 	 5.4826054776236743e11
0.00020144295151655226 	 852.0131751023537 	 852.8766724979306 	 5.286062103459388e11
0.0002042467137062672 	 863.3700884903278 	 864.2693589336959 	 5.0965645213159863e11
0.00020708949976034323 	 874.8777129021546 	 875.8142283384753 	 4.913860149871847e11
0.00020997185282826521 	 886.5380211855606 	 887.513313565203 	 4.737705462475706e11
0.0002128943236192867 	 898.3530094295288 	 899.3686746215694 	 4.567865662549936e11
0.00021585747050764854 	 910.3247011274599 	 911.3823990327483 	 4.404114370630265e11
0.00021886185963926392 	 922.455145401178 	 923.5566022089768 	 4.246233322624552e11
0.00022190806503988747 	 934.7464139441839 	 935.8934278180429 	 4.0940120788885944e11
0.0002249966687247899 	 947.200606078641 	 948.3950481627481 	 3.947247743731131e11
0.00022812826080995926 	 959.8198491007906 	 961.0636645634117 	 3.805744694974185e11
0.00023130343962484987 	 972.6062935585475 	 973.9015077454867 	 3.6693143232082684e11
0.0002345228118267007 	 985.5621170291035 	 986.9108382323519 	 3.537774780394899e11
0.00023778699251644455 	 998.6895266519344 	 1000.0939467433501 	 3.410950737481365e11
0.0002410966053562309 	 1011.9907550548766 	 1013.4531545971464 	 3.288673150704627e11
0.00024445228268858417 	 1025.468060691027 	 1026.9908141204703 	 3.1707790362729004e11
0.0002478546656572206 	 1039.1237324870478 	 1040.7093090623216 	 3.057111253124555e11
0.0002513044043295466 	 1052.9600877838316 	 1054.6110550137066 	 2.947518293474807e11
0.00025480215782086265 	 1066.9794689175048 	 1068.6984998329833 	 2.8418540808709863e11
0.0002583485944202947 	 1081.1842488851257 	 1082.9741240768851 	 2.7399777754872513e11
0.00026194439171847966 	 1095.5768316723643 	 1097.4404414373068 	 2.6417535863991785e11
0.00026559023673702734 	 1110.1596469257977 	 1112.0999991839203 	 2.5470505905880438e11
0.0002692868260597842 	 1124.935154212333 	 1126.9553786127062 	 2.4557425584335428e11
0.00027303486596592474 	 1139.9058457968667 	 1142.0091955004755 	 2.367707785462324e11
0.00027683507256489454 	 1155.074242024562 	 1157.264100565462 	 2.2828289301281052e11
0.00028068817193323194 	 1170.4428917336152 	 1172.7227799340694 	 2.200992857407131e11
0.000284594900253294 	 1186.0143773992213 	 1188.3879556138509 	 2.1220904880004987e11
0.0002885560039539133 	 1201.7913127621036 	 1204.2623859728096 	 2.046016652942367e11
0.0002925722398530119 	 1217.776339030456 	 1220.3488662250961 	 1.9726699534202496e11
0.0002966443753022023 	 1233.972131171736 	 1236.650228923204 	 1.9019526256205176e11
0.0003007731883333973 	 1250.3813982072525 	 1253.169344456726 	 1.8337704104190515e11
0.0003049594678074642 	 1267.0068772550665 	 1269.9091215577862 	 1.76803242774323e11
0.0003092040135649458 	 1283.8513382815424 	 1286.8725078132134 	 1.704651055437897e11
0.00031350763657888024 	 1300.9175871120804 	 1304.062490183564 	 1.643541812473785e11
0.0003178711591097469 	 1318.208460252169 	 1321.4820955290727 	 1.5846232463427618e11
0.00032229541486257003 	 1335.7268253791335 	 1339.1343911426302 	 1.527816824489778e11
0.000326781249146208 	 1353.4755869652374 	 1357.0224852898814 	 1.4730468296368317e11
0.00033132951903486023 	 1371.4576835785049 	 1375.149527756538 	 1.420240258859408e11
0.0003359410935318217 	 1389.6760837112463 	 1393.5187104029992 	 1.3693267262808846e11
0.00034061685373551703 	 1408.1337926756244 	 1412.1332677263877 	 1.3202383692551968e11
0.00034535769300784487 	 1426.8338528487227 	 1430.996477430084 	 1.2729097579127234e11
0.00035016451714486624 	 1445.7793371083542 	 1450.1116610008776 	 1.227277807948808e11
0.0003550382445498675 	 1464.9733540494253 	 1469.4821842938215 	 1.183281696538699e11
0.00035997980640883334 	 1484.4190511916447 	 1489.1114581249024 	 1.1408627812668022e11
0.0003649901468683607 	 1504.1196092490413 	 1509.002938871626 	 1.0999645219622107e11
0.0003700702232160503 	 1524.0782426988258 	 1529.1601290816259 	 1.0605324053363101e11
0.0003752210060634079 	 1544.2982058342072 	 1549.5865780894028 	 1.02251387232202e11
0.00038044347953129163 	 1564.78278975039 	 1570.2858826412996 	 9.858582480178134e10
0.00038573864143794085 	 1585.5353178460716 	 1591.2616875288281 	 9.505166741431425e10
0.0003911075034896212 	 1606.5591532334895 	 1612.5176862304536 	 9.164420439152388e10
0.0003965510914739241 	 1627.8576989116314 	 1634.0576215619524 	 8.835889392604817e10
0.0004020704454557557 	 1649.4343906568129 	 1655.885286335458 	 8.519135702766516e10
0.000407666619976054 	 1671.292702641005 	 1678.004524027308 	 8.213737168653723e10
0.0004133406842532736 	 1693.4361507819278 	 1700.4192294548209 	 7.919286724569334e10
0.0004190937223876707 	 1715.868286547391 	 1723.133349462097 	 7.635391897525185e10
0.00042492683356843547 	 1738.5926975924333 	 1746.1508836149956 	 7.36167428411473e10
0.00043084113228370515 	 1761.6130141183758 	 1769.4758849053883 	 7.097769046139174e10
0.00043683774853350117 	 1784.9329055732296 	 1793.1124604648212 	 6.843324424314652e10
0.0004429178280456295 	 1808.556075895061 	 1817.0647722877113 	 6.5980012694122795e10
0.0004490825324945859 	 1832.4862713019963 	 1841.3370379642 	 6.3614725902061676e10
0.00045533303972350876 	 1856.7272803790806 	 1865.9335314227988 	 6.133423117626816e10
0.00046167054396921995 	 1881.2829265692694 	 1890.8585836829561 	 5.913548884538995e10
0.00046809625609039925 	 1906.1570740654481 	 1916.1165836176742 	 5.701556820583938e10
0.0004746114037989332 	 1931.3536312111607 	 1941.711978726313 	 5.497164361545894e10
0.00048121723189448537 	 1956.876543949187 	 1967.6492759177215 	 5.3000990727222694e10
0.00048791500250233006 	 1982.7297965085409 	 1993.9330423038225 	 5.110098285795443e10
0.0004947059953144976 	 2008.9174179214365 	 2020.5679060038076 	 4.926908748722151e10
0.0005015915078342748 	 2035.4434784982875 	 2047.558556959064 	 4.75028628817387e10
0.0005085728556241094 	 2062.312084917476 	 2074.9097477589967 	 4.579995484078169e10
0.0005156513725569647 	 2089.5273881970847 	 2102.626294477876 	 4.415809355827322e10
0.0005228284110711717 	 2117.093583670714 	 2130.7130775228648 	 4.257509059735857e10
0.0005301053424288303 	 2145.0149032225504 	 2159.175042493376 	 4.1048835973438065e10
0.0005374835569778051 	 2173.2956213145835 	 2188.017201051907 	 3.957729534176879e10
0.0005449644644173689 	 2201.940058343543 	 2217.2446318065045 	 3.815850728588644e10
0.0005525494940675432 	 2230.9525738352318 	 2246.8624812050252 	 3.6790580703233406e10
0.0005602400951421875 	 2260.3375671534372 	 2276.875964441332 	 3.5471692284508255e10
0.0005680377370258893 	 2290.0994840285866 	 2307.2903663736047 	 3.4200084083376797e10
0.000575943909554708 	 2320.242812831539 	 2338.1110424549033 	 3.2974061173305557e10
0.0005839601233008287 	 2350.7720795611544 	 2369.3434196761873 	 3.1791989388393913e10
0.000592087909861172 	 2381.6918558549482 	 2400.992997521899 	 3.0652293145194897e10
0.0006003288221500277 	 2413.0067588091592 	 2433.0653489383353 	 2.9553453342619762e10
0.0006086844346957566 	 2444.7214429644896 	 2465.5661213149506 	 2.8494005337128242e10
0.0006171563439416244 	 2476.8406064088063 	 2498.501037478759 	 2.747253699050527e10
0.0006257461685508219 	 2509.3689940349977 	 2531.87589670203 	 2.648768678762191e10
0.0006344555497157302 	 2542.311390421376 	 2565.6965757234366 	 2.553814202167198e10
0.0006432861514714913 	 2575.6726205291525 	 2599.9690297828533 	 2.4622637044465115e10
0.0006522396610139427 	 2609.4575562191426 	 2634.6992936699676 	 2.3739951579444347e10
0.0006613177890219765 	 2643.67111219252 	 2669.8934827869025 	 2.2888909095179523e10
0.0006705222699843861 	 2678.3182407280765 	 2705.5577942250347 	 2.206837523716864e10
0.000679854862531262 	 2713.4039398414952 	 2741.6985078561975 	 2.1277256315856678e10
0.0006893173497699996 	 2748.933252862007 	 2778.3219874384545 	 2.0514497848856907e10
0.0006989115396259838 	 2784.9112598227293 	 2815.4346817366504 	 1.9779083155431274e10
0.0007086392651880162 	 2821.343083797471 	 2853.043125657928 	 1.9070032001356735e10
0.0007185023850585484 	 2858.233894097866 	 2891.1539414024114 	 1.8386399292371063e10
0.0007285027837087918 	 2895.588898360816 	 2929.773839629261 	 1.7727273814456734e10
0.0007386423718387689 	 2933.4133432067865 	 2968.9096206383088 	 1.7091777019283787e10
0.0007489230867423765 	 2971.7125210283466 	 3008.568175567469 	 1.647906185319279e10
0.0007593468926775291 	 3010.491765213966 	 3048.756487606154 	 1.5888311628157032e10
0.0007699157812414551 	 3049.756444185836 	 3089.481633224891 	 1.531873893321909e10
0.0007806317717512163 	 3089.5119701949416 	 3130.750783421367 	 1.4769584584950783e10
0.0007914969116295228 	 3129.7637984881317 	 3172.571204983117 	 1.424011661553759e10
0.0008025132767959182 	 3170.5174172385273 	 3214.95026176708 	 1.3729629297138836e10
0.0008136829720634132 	 3211.778354590239 	 3257.895415996261 	 1.3237442201222885e10
0.0008250081315406304 	 3253.5521819607397 	 3301.4142295736747 	 1.2762899291624231e10
0.0008364909190395563 	 3295.844504479292 	 3345.514365413886 	 1.2305368050112753e10
0.0008481335284889633 	 3338.660961579302 	 3390.203588792312 	 1.1864238633310211e10
0.0008599381843535865 	 3382.007234565449 	 3435.489768712552 	 1.1438923059830038e10
0.0008719071420591362 	 3425.889040509359 	 3481.380879291986 	 1.1028854426556961e10
0.0008840426884232241 	 3470.3121249003552 	 3527.8850011658765 	 1.063348615302185e10
0.0008963471420922885 	 3515.282271819151 	 3575.010322910234 	 1.025229125286464e10
0.0009088228539846002 	 3560.8053025275644 	 3622.765142483681 	 9.884761631414227e9
0.0009214722077394347 	 3606.8870631079444 	 3671.157868688579 	 9.530407408449076e9
0.0009342976201724962 	 3653.5334325977515 	 3720.197022651678 	 9.188756265235912e9
0.0009473015417376798 	 3700.7503264821216 	 3769.8912393245355 	 8.85935281497608e9
0.000960486456995261 	 3748.5436848638838 	 3820.2492690039867 	 8.541757995820508e9
0.0009738548850866023 	 3796.9194729108726 	 3871.279978872921 	 8.235548485644156e9
0.000987409380215466 	 3845.8836894012175 	 3922.9923545616375 	 7.940316137800001e9
0.0010011525321360262 	 3895.4423591466357 	 3975.395501730062 	 7.655667437100354e9
0.0010150869666476737 	 3945.601524156229 	 4028.4986476710974 	 7.381222975300502e9
0.0010292153460967075 	 3996.367254968651 	 4082.3111429353908 	 7.116616945385454e9
0.0010435403698850093 	 4047.745648596223 	 4136.842462977804 	 6.861496653985785e9
0.0010580647749857972 	 4099.742814318366 	 4192.102209825881 	 6.615522051272652e9
0.001072791336466558 	 4152.364882311636 	 4248.1001137705925 	 6.378365277705403e9
0.0010877228680192595 	 4205.6180069712145 	 4304.846035079684 	 6.149710227027582e9
0.0011028622224979398 	 4259.508353916248 	 4362.349965733888 	 5.929252124928926e9
0.0011182122924637814 	 4314.042100024457 	 4420.62203118635 	 5.716697122811687e9
0.0011337760107377694 	 4369.225441716379 	 4479.672492145535 	 5.511761906119863e9
0.0011495563509610468 	 4425.06458690427 	 4539.51174638198 	 5.314173316709177e9
0.001165556328163061 	 4481.565745877789 	 4600.150330559141 	 5.123667988754678e9
0.0011817789993376247 	 4538.735141563833 	 4661.598922088732 	 4.939991997710388e9
0.0011982274640269922 	 4596.579006979056 	 4723.86834101083 	 4.762900521853294e9
0.001214904864914066 	 4655.103571829951 	 4786.969551899097 	 4.592157515960479e9
0.0012318143884228444 	 4714.315069431962 	 4850.913665791453 	 4.427535396684453e9
0.0012489592653272272 	 4774.21973879146 	 4915.711942146545 	 4.268814739207318e9
0.0012663427713682956 	 4834.8238130898635 	 4981.375790826328 	 4.1157839847694325e9
0.0012839682278801832 	 4896.133518845101 	 5047.916774105168 	 3.968239158682744e9
0.0013018390024246574 	 4958.155081553289 	 5115.346608705737 	 3.8259835984529405e9
0.0013199585094345345 	 5020.894718495777 	 5183.677167862144 	 3.68882769164801e9
0.0013383302108660486 	 5084.358630848698 	 5252.920483410598 	 3.5565886231638417e9
0.0013569576168603018 	 5148.5530101792865 	 5323.0887479080075 	 3.429090131549977e9
0.00137584428641392 	 5213.484035351729 	 5394.194316778885 	 3.3061622740707254e9
0.0013949938280590427 	 5279.157861640131 	 5466.24971049092 	 3.1876412001885014e9
0.0014144099005527796 	 5345.580624403092 	 5539.267616759622 	 3.0733689331674404e9
0.0014340962135762586 	 5412.758439132211 	 5613.260892782403 	 2.9631931595062237e9
0.001454056528443409 	 5480.697391593407 	 5688.242567502518 	 2.8569670259194036e9
0.0014742946588196055 	 5549.40353586821 	 5764.2258439032275 	 2.754548943596676e9
0.0014948144714503168 	 5618.882896974174 	 5841.224101332626 	 2.65580239947915e9
0.0015156198868998953 	 5689.141463674389 	 5919.250897859504 	 2.5605957743011003e9
0.0015367148803006488 	 5760.185180827911 	 5998.319972660702 	 2.468802167154653e9
0.0015581034821123398 	 5832.019953121076 	 6078.445248440334 	 2.380299226343565e9
0.0015797897788922522 	 5904.651640849494 	 6159.640833881334 	 2.2949689863006616e9
0.0016017779140759859 	 5978.086048816775 	 6241.921026129782 	 2.212697710351507e9
0.001624072088769101 	 6052.328928386227 	 6325.3003133123375 	 2.1333757391148376e9
0.0016466765625497983 	 6127.385976098137 	 6409.7933770873815 	 2.056897344337544e9
0.0016695956542827626 	 6203.262822940244 	 6495.415095230198 	 1.983160587969497e9
0.0016928337429443347 	 6279.965031289864 	 6582.180544252693 	 1.9120671862903206e9
0.00171639526845917 	 6357.498096105979 	 6670.105002058106 	 1.8435223789070263e9
0.0017402847325485404 	 6435.867436774105 	 6759.203950631191 	 1.777434802447886e9
0.0017645066995904445 	 6515.078388598779 	 6849.493078764326 	 1.7137163687841978e9
0.0017890657974916878 	 6595.136204823375 	 6940.988284820036 	 1.652282147617622e9
0.0018139667185721024 	 6676.046051854648 	 7033.705679530425 	 1.5930502532765877e9
0.001839214220461072 	 6757.813000295911 	 7127.661588834002 	 1.5359417355708864e9
0.001864813127006537 	 6840.442023222839 	 7222.872556750389 	 1.4808804745589604e9
0.0018907683291966488 	 6923.9379923126835 	 7319.355348293442 	 1.4277930790876422e9
0.0019170847860942558 	 7008.305667160853 	 7417.126952423288 	 1.3766087889690816e9
0.0019437675257843918 	 7093.549690745054 	 7516.204585037783 	 1.3272593806644986e9
0.001970821646334955 	 7179.674588241672 	 7616.605692003929 	 1.2796790763490286e9
0.0019982523167707566 	 7266.684770220695 	 7718.347952229806 	 1.23380445623646e9
0.002026064778061128 	 7354.584535545425 	 7821.449280777516 	 1.1895743740470057e9
0.0020542643441212698 	 7443.378052180699 	 7925.927832017708 	 1.1469298755054288e9
0.0020828564028275457 	 7533.06933667678 	 8031.802002826267 	 1.1058141197608874e9
0.0021118464170469 	 7623.662195456416 	 8139.09043582368 	 1.0661723036237695e9
0.002141239925680607 	 7715.1602576230525 	 8247.812022657681 	 1.0279515885185217e9
0.0021710425447225446 	 7807.566991192799 	 8357.985907329734 	 9.911010300551147e8
0.002201259968332201 	 7900.88576030648 	 8469.631489565983 	 9.555715101252683e8
0.002231897969922621 	 7995.119809050296 	 8582.768428233212 	 9.213156714329162e8
0.0022629624032634737 	 8090.27220718819 	 8697.416644800402 	 8.882878543716851e8
0.0022944592035995 	 8186.345855442494 	 8813.596326846586 	 8.56444036165193e8
0.0023263943887845084 	 8283.343491509893 	 8931.327931615528 	 8.257417721890982e8
0.0023587740604311637 	 8381.267662723505 	 9050.632189617887 	 7.961401393966572e8
0.0023916044050767736 	 8480.120706794574 	 9171.530108281515 	 7.675996817723992e8
0.0024248916953653046 	 8579.90470579759 	 9294.042975650487 	 7.400823577412038e8
0.0024586422912458482 	 8680.621508016307 	 9418.192364133582 	 7.135514894626855e8
0.0024928626411877663 	 8782.272735238868 	 9544.000134302783 	 6.879717139433035e8
0.0025275592834127533 	 8884.859795859902 	 9671.488438742575 	 6.633089359010268e8
0.002562738847144043 	 8988.383873700759 	 9800.67972595062 	 6.395302823197347e8
0.002598408053873005 	 9092.84590471573 	 9931.596744290558 	 6.166040586327736e8
0.0026345737186433673 	 9198.24657288264 	 10064.262545997599 	 5.944997064772714e8
0.002671242751353316 	 9304.58630613299 	 10198.700491237618 	 5.731877629628962e8
0.0027084221580757155 	 9411.865261566745 	 10334.934252220495 	 5.526398214007698e8
0.0027461190423967085 	 9520.08331935818 	 10472.987817368372 	 5.328284934401935e8
0.0027843406067729407 	 9629.240086212847 	 10612.885495539605 	 5.137273725627163e8
0.0028230941539076813 	 9739.334877865767 	 10754.651920309134 	 4.9531099888488746e8
0.0028623870881460942 	 9850.36670695076 	 10898.312054306034 	 4.775548252227781e8
0.0029022269168899302 	 9962.334280676956 	 11043.891193609003 	 4.604351843730407e8
0.002942621252031909 	 10075.235991124036 	 11191.41497220057 	 4.439292575668946e8
0.0029835778114100657 	 10189.069901986157 	 11340.909366480793 	 4.2801504405498946e8
0.0030251044202823383 	 10303.833740057857 	 11492.400699841259 	 4.1267133178260756e8
0.003067209012821682 	 10419.524886754349 	 11645.91564730018 	 3.9787766911611605e8
0.0031098996336319865 	 10536.140368745264 	 11801.4812401994 	 3.8361433758298695e8
0.003153184439285111 	 10653.676847384859 	 11959.124870964179 	 3.6986232558904046e8
0.0031970716998792788 	 10772.130603522759 	 12118.87429792648 	 3.5660330307789904e8
0.003241569800619193 	 10891.497533402522 	 12280.757650212756 	 3.43819597098851e8
0.003286687243418134 	 11011.77314092727 	 12444.803432697021 	 3.314941682505761e8
0.003332432648522353 	 11132.95251658177 	 12611.040531020044 	 3.19610587969328e8
0.0033788147561580775 	 11255.030330623933 	 12779.49821667563 	 3.0815301663130236e8
0.0034258424282014375 	 11378.000832670421 	 12950.206152164816 	 2.97106182440003e8
0.003473524649871642 	 11501.857829748276 	 13123.194396218927 	 2.8645536107046354e8
0.003521870531447711 	 11626.594665586957 	 13298.493409092418 	 2.7618635604319686e8
0.0035708893100091094 	 11752.204231272533 	 13476.134057926378 	 2.6628547980170658e8
0.0036205903512006063 	 11878.678950249414 	 13656.147622183717 	 2.5673953546834424e8
0.0036709831510216956 	 12006.010737739623 	 13838.56579915694 	 2.4753579925419113e8
0.003722077337640926 	 12134.191016651992 	 14023.420709549488 	 2.3866200349952036e8
0.0037738826732354805 	 12263.210716604737 	 14210.744903131652 	 2.3010632032223374e8
0.003826409055856362 	 12393.060227608963 	 14400.57136447202 	 2.2185734585247818e8
0.0038796665213195374 	 12523.729398659249 	 14592.933518745487 	 2.1390408503242767e8
0.003933665245123407 	 12655.20755575344 	 14787.865237618871 	 2.0623593696097112e8
0.003988415544392958 	 12787.483467431024 	 14985.400845215123 	 1.9884268076377138e8
0.004043927879850978 	 12920.54531339548 	 15185.575124157194 	 1.9171446196986276e8
0.0041002128578167055 	 13054.380715781223 	 15388.423321692695 	 1.8484177937662628e8
0.0041572812322323025 	 13188.976722838857 	 15593.981155900297 	 1.7821547238563725e8
0.004215143906717524 	 13324.319753115162 	 15802.284821979096 	 1.71826708792504e8
0.004273811936652991 	 13460.395626061152 	 16013.37099862194 	 1.656669730144228e8
0.004333296531292455 	 13597.189566579535 	 16227.276854473925 	 1.597280547397581e8
0.004393609055904479 	 13734.686142312576 	 16444.0400546772 	 1.5400203798451704e8
0.004454761033943889 	 13872.869268420898 	 16663.698767503065 	 1.4848129054113677e8
0.004516764149253491 	 14011.722240297882 	 16886.291671072802 	 1.4315845380551392e8
0.004579630248296407 	 14151.22768398069 	 17111.85796016822 	 1.380264329687214e8
0.0046433713424194915 	 14291.367513100455 	 17340.43735313318 	 1.3307838756033805e8
0.004707999610148244 	 14432.122989027746 	 17572.0700988673 	 1.2830772233078593e8
0.004773527399513669 	 14573.474698004005 	 17806.79698391312 	 1.2370807846052212e8
0.0048399672304115255 	 14715.402453372344 	 18044.65933963788 	 1.1927332508436826e8
0.0049073317969943984 	 14857.885366895072 	 18285.699049511284 	 1.1499755111968096e8
0.004975633970097082 	 15000.901866447311 	 18529.958556480462 	 1.1087505738746941e8
0.005044886799695705 	 15144.42956450023 	 18777.480870443407 	 1.0690034901596041e8
0.005115103517401098 	 15288.445283819723 	 19028.30957582233 	 1.030681281164834e8
0.00518629753898685 	 15432.925144975445 	 19282.488839238096 	 9.93732867219152e7
0.005258482466952564 	 15577.844453578926 	 19540.06341728721 	 9.581089997827052e7
0.005331672093122776 	 15723.177606802132 	 19801.078664422672 	 9.237621958036456e7
0.005405880401282061 	 15868.898258594447 	 20065.58054094016 	 8.906466744279669e7
0.005481121569846801 	 16014.979274905476 	 20333.61562107078 	 8.587182959782115e7
0.005557409974574155 	 16161.392505525617 	 20605.23110118206 	 8.2793450311969e7
0.00563476019130872 	 16308.108972486209 	 20880.47480808837 	 7.982542641358148e7
0.005713186998767428 	 16455.098926477607 	 21159.3952074724 	 7.696380182369244e7
0.005792705381363202 	 16602.331578249898 	 21442.041412419167 	 7.420476228297096e7
0.005873330532067916 	 16749.775164749746 	 21728.46319206396 	 7.154463026769505e7
0.005955077855315199 	 16897.397140853373 	 22018.710980355823 	 6.89798600879805e7
0.006037962969943638 	 17045.16398773479 	 22312.835884938115 	 6.650703316173095e7
0.006122001712180971 	 17193.041059436655 	 22610.889696147744 	 6.412285345800946e7
0.006207210138669761 	 17340.9928802952 	 22912.92489613442 	 6.182414310375986e7
0.006293604529535244 	 17488.983088137586 	 23218.994668101986 	 5.960783814801914e7
0.006381201391495837 	 17636.974101450614 	 23529.152905673003 	 5.7470984477977544e7
0.006470017461016951 	 17784.92741151764 	 23843.45422237851 	 5.541073388144168e7
0.006560069707508704 	 17932.80367571625 	 24161.953961274514 	 5.342434025045255e7
0.0066513753365681355 	 18080.562360086133 	 24484.70820468696 	 5.1509155920998335e7
0.006743951793266547 	 18228.16184243465 	 24811.77378408687 	 4.966262814394311e7
0.006837816765482601 	 18375.559679903025 	 25143.208290097387 	 4.788229568246762e7
0.006932988187281809 	 18522.712342504175 	 25479.070082634466 	 4.616578553148677e7
0.007029484242343055 	 18669.57500882646 	 25819.418301183083 	 4.451080975467128e7
0.007127323367432816 	 18816.10199793993 	 26164.312875210664 	 4.29151624348573e7
0.00722652425592773 	 18962.24668013765 	 26513.81453471965 	 4.1376716733779594e7
0.007327105861386203 	 19107.96096310958 	 26867.984820940994 	 3.9893422057208836e7
0.007429087401169716 	 19253.19576286836 	 27226.8860971705 	 3.8463301321714625e7
0.007532488360114541 	 19397.90115004102 	 27590.58155974995 	 3.708444831941106e7
0.007637328494254562 	 19542.025735657404 	 27959.135249194893 	 3.5755025177172266e7
0.00774362783459591 	 19685.5168612278 	 28332.61206147106 	 3.447325990693139e7
0.007851406690944132 	 19828.32106156851 	 28711.077759421427 	 3.3237444043797765e7
0.007960685655784634 	 19970.38361537588 	 29094.598984345957 	 3.2045930368844077e7
0.008071485608217127 	 20111.64821225153 	 29483.243267735936 	 3.0897130713528324e7
0.008183827717944844 	 20252.057682651335 	 29877.07904316514 	 2.978951384282402e7
0.008297733449319266 	 20391.55387448647 	 30276.175658339806 	 2.8721603414237052e7
0.008413224565441156 	 20530.076894260146 	 30680.60338730956 	 2.7691976009988856e7
0.008530323132318662 	 20667.56582273115 	 31090.433442841433 	 2.669925923974292e7
0.008649051523083333 	 20803.958944388483 	 31505.73798895936 	 2.574212991134549e7
0.008769432422264732 	 20939.192944734954 	 31926.590153650806 	 2.4819312267143205e7
0.008891488830124632 	 21073.203183305723 	 32353.064041743477 	 2.39295762835255e7
0.00901524406705149 	 21205.92431341018 	 32785.234747953895 	 2.3071736031426184e7
0.009140721778016095 	 21337.289710126777 	 33223.17837011023 	 2.2244648095598705e7
0.00926794593708924 	 21467.23106506282 	 33666.97202255191 	 2.1447210050557926e7
0.009396940852022254 	 21595.67934246551 	 34116.69384970805 	 2.0678358991157267e7
0.009527731168891312 	 21722.56460638824 	 34572.42303985737 	 1.9937070115842458e7
0.009660341876806356 	 21847.81498628515 	 35034.23983907188 	 1.9222355360693604e7
0.009794798312685595 	 21971.357685998388 	 35502.225565346875 	 1.8533262082434744e7
0.009931126166096416 	 22093.11930018758 	 35976.462622919564 	 1.7868871788655747e7
0.01006935148416371 	 22213.02464153752 	 36457.0345167791 	 1.7228298913553745e7
0.01020950067654649 	 22330.997162598833 	 36944.02586737035 	 1.6610689637562508e7
0.010351600520483787 	 22446.959865191373 	 37437.522425494084 	 1.6015220749296395e7
0.010495678165910766 	 22560.834501937028 	 37937.611087406236 	 1.5441098548291907e7
0.010641761140646069 	 22672.54103350663 	 38444.379910118856 	 1.4887557787084348e7
0.010789877355651336 	 22781.998977303352 	 38957.91812690538 	 1.4353860651209535e7
0.01094005511036394 	 22889.1272103271 	 39478.316163013136 	 1.38392957757709e7
0.011092323098103964 	 22993.842679330795 	 40005.66565158565 	 1.334317729726121e7
0.01124671041155638 	 23096.06171460198 	 40540.05944979765 	 1.2864843939375194e7
0.011403246548329594 	 23195.70044944996 	 41081.59165520563 	 1.2403658131594317e7
0.011561961416591326 	 23292.673385216935 	 41630.35762231683 	 1.1959005159369063e7
0.011722885340782927 	 23386.89395993105 	 42186.45397937949 	 1.1530292344765952e7
0.011886049067413244 	 23478.275696628978 	 42749.97864539747 	 1.111694825648711e7
0.012051483770933123 	 23566.731176355737 	 43321.030847372014 	 1.071842194820954e7
0.012219221059691669 	 23652.17137514122 	 43899.71113777405 	 1.0334182224228762e7
0.012389292981975417 	 23734.50744114004 	 44486.121412249624 	 9.963716931428079e6
0.012561732032131557 	 23813.650444024617 	 45080.36492756206 	 9.606532276629703e6
0.012736571156776372 	 23889.509704536285 	 45682.546319773646 	 9.262152168417854e6
0.012913843761090095 	 23961.99456465178 	 46292.77162267024 	 8.930117582556525e6
0.013093583715199414 	 24031.01496427584 	 46911.14828643208 	 8.609985950156046e6
0.013275825360648731 	 24096.479664403436 	 47537.78519655381 	 8.301330567773104e6
0.013460603516961574 	 24158.29702165891 	 48172.79269301739 	 8.003740028657673e6
0.013647953488293283 	 24216.376461581363 	 48816.28258972108 	 7.716817674388996e6
0.013837911070176316 	 24270.627240850416 	 49468.36819416789 	 7.4401810661695795e6
0.014030512556359417 	 24320.957696953545 	 50129.16432741715 	 7.173461475072536e6
0.014225794745741998 	 24367.277485972954 	 50798.78734430252 	 6.916303390562805e6
0.014423794949405017 	 24409.497286102825 	 51477.35515391998 	 6.668364046637173e6
0.014624550997739726 	 24447.526729270165 	 52164.987240389746 	 6.429312964951472e6
0.014828101247675632 	 24481.276709942907 	 52861.80468389521 	 6.198831514326023e6
0.015034484590009067 	 24510.66014757865 	 53567.9301820032 	 5.976612486042119e6
0.015243740456833745 	 24535.5897345095 	 54283.48807126882 	 5.762359684363564e6
0.01545590882907479 	 24555.979010548643 	 55008.604349129106 	 5.555787531737338e6
0.015671030244127533 	 24571.74429780427 	 55743.40669608887 	 5.356620688147342e6
0.015889145803602713 	 24582.803137018007 	 56488.024498203056 	 5.164593684113667e6
0.01611029718117945 	 24589.07340205394 	 57242.588869859515 	 4.97945056684833e6
0.01633452663056751 	 24590.476237117415 	 58007.232676865875 	 4.800944559095823e6
0.016561876993580405 	 24586.935691463575 	 58782.09055984498 	 4.628837730203707e6
0.016792391708320847 	 24578.37606214188 	 59567.29895794277 	 4.462900678984857e6
0.017026114817480138 	 24564.72500212617 	 60362.996132852866 	 4.302912227948627e6
0.017263090976753073 	 24545.914545737905 	 61169.3221931621 	 4.1486591284933765e6
0.017503365463369957 	 24521.87805741063 	 61986.41911902119 	 3.9999357766674194e6
0.017746984184747395 	 24492.551781247057 	 62814.430787145044 	 3.8565439391195155e6
0.01799399368725945 	 24457.87750841096 	 63653.50299614694 	 3.718292488873656e6
0.018244441165130923 	 24417.80035025488 	 64503.78349221113 	 3.5849971505759107e6
0.018498374469454404 	 24372.26754427959 	 65365.421995108554 	 3.456480254873809e6
0.018755842117332784 	 24321.2326460721 	 66238.57022455969 	 3.3325705016008844e6
0.01901689330114906 	 24264.65495879577 	 67123.38192694994 	 3.2131027314506792e6
0.01928157789796517 	 24202.495662691686 	 68020.0129024017 	 3.0979177058359035e6
0.019549946479051592 	 24134.722393557713 	 68928.62103220799 	 2.9868618946393305e6
0.019822050319549638 	 24061.310688962054 	 69849.3663066328 	 2.8797872715735137e6
0.020097941408268195 	 23982.239238314167 	 70782.41085308253 	 2.7765511168765416e6
0.020377672457616815 	 23897.492284393124 	 71727.91896465377 	 2.6770158270808854e6
0.02066129691367711 	 23807.063648284402 	 72686.0571290626 	 2.581048731601726e6
0.020948868966414243 	 23710.95303478146 	 73656.99405796017 	 2.488521915900348e6
0.021240443560030634 	 23609.164095502187 	 74640.90071663995 	 2.399312050986848e6
0.021536076403463694 	 23501.711031744522 	 75637.95035414168 	 2.3133002290349314e6
0.021835823981029755 	 23388.617447655517 	 76648.3185337577 	 2.230371804889665e6
0.02213974356321604 	 23269.90983830269 	 77672.18316394651 	 2.1504162432569675e6
0.022447893217622934 	 23145.62503648586 	 78709.7245296594 	 2.0733269713711124e6
0.022760331820058512 	 23015.812353072106 	 79761.12532408557 	 1.9990012369438896e6
0.0230771190657875 	 22880.52522240535 	 80826.57068082124 	 1.9273399712060848e6
0.023398315480936772 	 22739.825167965606 	 81906.24820646847 	 1.8582476568587234e6
0.023723982434059637 	 22593.788368470498 	 83000.34801366951 	 1.7916322007580616e6
0.024054182147861054 	 22442.498903441236 	 84109.06275458234 	 1.7274048111646383e6
0.024388977711086047 	 22286.045215361257 	 85232.58765480334 	 1.66547987939277e6
0.0247284330905736 	 22124.53119819886 	 86371.12054774327 	 1.6057748657027353e6
0.025072613143478303 	 21958.073739474617 	 87524.86190946227 	 1.5482101892835577e6
0.025421583629662108 	 21786.791021261295 	 88694.01489397016 	 1.492709122179748e6
0.02577541122425862 	 21610.815201158228 	 89878.78536899865 	 1.4391976870206061e6
0.02613416353041212 	 21430.295640677985 	 91079.38195225075 	 1.3876045584157978e6
0.026497909092194044 	 21245.38388049918 	 92296.01604813502 	 1.3378609678857364e6
0.026866717407699157 	 21056.24025464476 	 93528.90188499007 	 1.28990061220008e6
0.02724065894232403 	 20863.04471605285 	 94778.25655280662 	 1.2436595650021585e6
0.027619805142230325 	 20665.984604407553 	 96044.30004145329 	 1.1990761916015327e6
0.028004228447995466 	 20465.248283477395 	 97327.25527941296 	 1.1560910668211204e6
0.028394002308453313 	 20261.043555455202 	 98627.3481730367 	 1.114646895789377e6
0.02878920119472747 	 20053.59283533348 	 99944.80764632203 	 1.0746884375719628e6
0.029189900614459918 	 19843.113130384383 	 101279.86568122236 	 1.0361624315411061e6
0.02959617712623767 	 19629.83679753808 	 102632.75735849518 	 999017.5263845113
0.030008108354220252 	 19414.016151078857 	 104003.7208990956 	 963204.2116591982
0.030425773002970787 	 19195.89838699604 	 105392.99770612319 	 928674.7517990294
0.030849250872493416 	 18975.736147502816 	 106800.83240732859 	 895383.1224879827
0.031278622873480114 	 18753.80407831285 	 108227.47289818851 	 863284.9493143372
0.03171397104276968 	 18530.378733173868 	 109673.1703855557 	 832337.4486240222
0.03215537855902187 	 18305.72887128721 	 111138.17943189225 	 802499.3704942856
0.03260292975860975 	 18080.143114194496 	 112622.75800009366 	 773730.9437516734
0.03305671015173317 	 17853.9214468181 	 114127.16749891164 	 745993.8229610336
0.03351680643875655 	 17627.345702808143 	 115651.67282898363 	 719251.0373148876
0.03398330652677407 	 17400.70999268421 	 117196.54242947737 	 693466.9413550409
0.0344562995464054 	 17174.32583874805 	 118762.04832535841 	 668607.1674607535
0.034935875868825225 	 16948.486192385502 	 120348.46617528884 	 644638.5800401395
0.03542212712302975 	 16723.4818264669 	 121956.07532016632 	 621529.2313637371
0.035915146213343595 	 16499.62195402504 	 123585.15883231099 	 599248.3189813803
0.03641502733717027 	 16277.204927480076 	 125236.00356530982 	 577766.1446656159
0.03692186600298979 	 16056.509412386116 	 126908.90020452633 	 557054.0748269361
0.03743575904860672 	 15837.828357680064 	 128604.14331828555 	 537084.502348067
0.03795680465965228 	 15621.454074790916 	 130322.0314097423 	 517830.80978644424
0.03848510238834389 	 15407.64662459522 	 132062.86696944246 	 499267.3338958237
0.03902075317250589 	 15196.67113755263 	 133826.95652858642 	 481369.33141974104
0.0395638593548549 	 14988.797971559436 	 135614.61071300387 	 464112.9461112274
0.040114524702553736 	 14784.261683627732 	 137426.14429784977 	 447475.1769348168
0.04067285442703737 	 14583.287851268988 	 139261.87626303075 	 431433.8474084675
0.041238955204114885 	 14386.10749482002 	 141122.12984937197 	 415967.5760445297
0.041812935194351204 	 14192.91995608179 	 143007.2326155344 	 401055.74785036134
0.0423949040637325 	 14003.900281275879 	 144917.51649569202 	 386678.48685060523
0.04298497300461932 	 13819.224906667747 	 146853.31785798015 	 372816.6295945003
0.04358325475699112 	 13639.044673293167 	 148814.9775637236 	 359451.6996129217
0.04418986362998673 	 13463.474812664226 	 150802.84102745674 	 346565.88279109355
0.044804915523744535 	 13292.625047216696 	 152817.2582777451 	 334142.0036241562
0.04542852795154658 	 13126.582858550135 	 154858.58401881924 	 322163.5023239366
0.04606082006227099 	 12965.39366167343 	 156927.17769303222 	 310614.41274640703
0.0467019126631568 	 12809.089240901061 	 159023.40354415102 	 299479.3411104122
0.04735192824288568 	 12657.679125968723 	 161147.63068149373 	 288743.4454792991
0.04801099099498495 	 12511.128925711975 	 163300.23314492343 	 278392.41597809916
0.04867922684155625 	 12369.382920663098 	 165481.58997070996 	 268412.4557198976
0.04935676345733452 	 12232.360624151535 	 167692.0852582719 	 258790.26241596218
0.05004373029408187 	 12099.939402562957 	 169932.10823780962 	 249513.01064512375
0.05074025860532095 	 11971.969214762656 	 172202.0533388425 	 240568.3347587718
0.05144648147141248 	 11848.271509063026 	 174502.3202596605 	 231944.31239868296
0.052162533824981996 	 11728.629176432998 	 176833.3140377048 	 223629.44860570933
0.05288855247670035 	 11612.79310031412 	 179195.4451208875 	 215612.66049814783
0.05362467614142308 	 11500.483044175717 	 181589.1294398646 	 207883.26249936793
0.05437104546469363 	 11391.386851231044 	 184014.7884812742 	 200430.95209500619
0.05512780304961541 	 11285.15689716673 	 186472.8493619532 	 193245.79610074576
0.05589509348409787 	 11181.416158624374 	 188963.74490414496 	 186318.21742237508
0.05667306336848183 	 11079.765052131326 	 191487.91371171203 	 179638.98229047933
0.057461861343549296 	 10979.765862497798 	 194045.80024736666 	 173199.18795274917
0.058261638118923084 	 10880.961850238396 	 196637.85491093324 	 166990.25080750306
0.059072546501861785 	 10782.882838984811 	 199264.53411865552 	 161003.89496260442
0.05989474142645555 	 10685.020553179558 	 201926.30038356435 	 155232.14120452484
0.06072837998322805 	 10586.871116876735 	 204623.62239691752 	 149667.29636285148
0.06157362144915061 	 10487.921677957438 	 207356.97511072876 	 144301.9430560601
0.06243062731807407 	 10387.631452668062 	 210126.83982139837 	 139128.92980488716
0.0632995613315842 	 10285.4977618172 	 212933.70425446128 	 134141.36150012363
0.06418058951028646 	 10181.005055487587 	 215778.06265046712 	 129332.59021212421
0.06507388018552646 	 10073.644003348021 	 218660.4158520077 	 124696.20632978159
0.06597960403155156 	 9962.967392118202 	 221581.27139190643 	 120226.03001715662
0.06689793409812045 	 9848.51375262238 	 224541.1435825863 	 115916.10297637485
0.06782904584356636 	 9729.887914839186 	 227540.55360663138 	 111760.68050581146
0.06877311716832059 	 9606.752091629802 	 230580.02960855837 	 107754.2238429787
0.06973032844890253 	 9478.780211702246 	 233660.10678781316 	 103891.39278190967
0.07070086257238302 	 9345.767246215504 	 236781.32749301125 	 100167.0385551974
0.07168490497132689 	 9207.541786430387 	 239944.2413174349 	 96576.19697120374
0.07268264365922236 	 9064.010425849994 	 243149.40519580766 	 93114.08179728789
0.0736942692664033 	 8915.198928263653 	 246397.383502361 	 89776.0783802373
0.0747199750764715 	 8761.170473969527 	 249688.7481502107 	 86557.73749539634
0.0757599570632259 	 8602.12357733061 	 253024.07869206113 	 83454.76941629517
0.07681441392810583 	 8438.334833603814 	 256403.96242225435 	 80463.03819687311
0.07788354713815532 	 8270.160566553037 	 259828.99448018242 	 77578.55615867664
0.07896756096451597 	 8098.07924973761 	 263299.7779550817 	 74797.47857568256
0.08006666252145543 	 7922.630495022957 	 266816.92399222596 	 72116.098549663
0.08118106180593909 	 7744.448258744928 	 270381.05190053873 	 69530.84206926088
0.08231097173775269 	 7564.24487923718 	 273992.7892616431 	 67038.2632461902
0.08345660820018332 	 7382.788390261856 	 277652.77204036794 	 64635.039722211484
0.08461819008126642 	 7200.899915997487 	 281361.64469673036 	 62317.968240760994
0.08579593931560721 	 7019.457352228737 	 285120.0602994139 	 60083.96037732986
0.08699008092678397 	 6839.3346754225195 	 288928.6806407629 	 57930.03842290318
0.08820084307034162 	 6661.441490107088 	 292788.1763533128 	 55853.33141497179
0.08942845707738364 	 6486.676726379496 	 296699.2270278767 	 53851.07131082645
0.09067315749877075 	 6315.889521070223 	 300662.5213332099 	 51920.58929803373
0.09193518214993475 	 6149.945887987725 	 304678.75713727233 	 50059.31223717604
0.0932147721563161 	 5989.588225744174 	 308748.6416301115 	 48264.75923211421
0.09451217199943397 	 5835.542545367807 	 312872.89144838625 	 46534.53832320099
0.09582762956359736 	 5688.430968046537 	 317052.2328015539 	 44866.34329903827
0.09716139618326661 	 5548.7535378458715 	 321287.401599744 	 43257.95062252779
0.09851372669107374 	 5416.962762263909 	 325579.1435833382 	 41707.21646711883
0.09988487946651176 	 5293.312284527751 	 329928.21445428405 	 40212.073859301505
0.10127511648530084 	 5177.998303898609 	 334335.38000915945 	 38770.52992353828
0.10268470336944222 	 5071.0431371708155 	 338801.4162740169 	 37380.66322595999
0.10411390943796868 	 4972.331994766272 	 343327.10964102874 	 36040.62121328659
0.10556300775840109 	 4881.642417028941 	 347913.2570069568 	 34748.61774355919
0.10703227519892144 	 4798.558351129334 	 352560.6659134721 	 33502.93070539131
0.10852199248127195 	 4722.574981972715 	 357270.15468934964 	 32301.89972256671
0.11003244423439035 	 4653.020490091009 	 362042.5525945614 	 31143.923940924047
0.11156391904879183 	 4589.104762416107 	 366878.6999662951 	 30027.459894578325
0.11311670953170788 	 4529.934469035853 	 371779.44836692314 	 28951.019448635252
0.11469111236299241 	 4474.501861804489 	 376745.6607339479 	 27913.167815656383
0.11628742835180617 	 4421.720771161997 	 381778.2115319502 	 26912.52164323092
0.11790596249409008 	 4370.474472176118 	 386877.9869065679 	 25947.747170105307
0.11954702403083844 	 4319.574171501181 	 392045.88484053005 	 25017.558448412954
0.12121092650718328 	 4267.8896610935235 	 397282.8153117771 	 24120.715629634316
0.12289798783230109 	 4214.307653109283 	 402589.7004536921 	 23256.023312002828
0.1246085303401532 	 4157.775358767218 	 407967.474717472 	 22422.328947153972
0.12634288085107173 	 4097.445751739838 	 413417.0850366689 	 21618.52130389359
0.1281013707342027 	 4032.5053748939936 	 418939.4909939292 	 20843.52898703782
0.1298843359708181 	 3962.476584476868 	 424535.6649899586 	 20096.319009350504
0.13169211721850937 	 3887.0092867274107 	 430206.59241474554 	 19375.895414674593
0.13352505987627433 	 3806.0271044148453 	 435953.27182107215 	 18681.29795042206
0.1353835141505097 	 3719.764985256518 	 441776.71510034124 	 18011.600787653435
0.13726783512192253 	 3628.609208559992 	 447677.94766075315 	 17365.911287040333
0.1391783828133728 	 3533.3054539963327 	 453658.0086078631 	 16743.36880906653
0.1411155222586601 	 3434.741700980523 	 459717.9509275489 	 16143.143566881623
0.14307962357226794 	 3334.001853118002 	 465858.8416714246 	 15564.435520278106
0.14507106202007886 	 3232.3294909100177 	 472081.7621447292 	 15006.473309317818
0.1470902180910733 	 3131.012547709744 	 478387.8080967264 	 14468.513226186331
0.14913747757002704 	 3031.348969110839 	 484778.08991364675 	 13949.83822390479
0.15121323161121994 	 2934.663534262359 	 491253.7328142079 	 13449.756960578043
0.15331787681317088 	 2842.0598653689453 	 497815.87704774603 	 12967.602877905045
0.15545181529441288 	 2754.6114058051758 	 504465.6780949943 	 12502.733312723314
0.15761545477032282 	 2673.116598301259 	 511204.30687154335 	 12054.52864040319
0.15980920863102044 	 2598.1354546852576 	 518032.94993401883 	 11622.391448950239
0.16203349602035164 	 2530.059384077927 	 524952.8096890141 	 11205.7457427148
0.16428874191597118 	 2468.860798115047 	 531965.1046048133 	 10804.036174647386
0.1665753772105399 	 2414.384478267672 	 539071.0694259421 	 10416.72730607664
0.16889383879405195 	 2366.1000106686474 	 546271.9553905857 	 10043.302893023143
0.1712445696373084 	 2323.264432668458 	 553569.0304509103 	 9683.265198097799
0.17362801887655194 	 2284.942960558298 	 560963.5794963272 	 9336.134327067728
0.17604464189927999 	 2249.973842413776 	 568456.9045797397 	 9001.447589205238
0.17849490043125227 	 2217.10610821497 	 576050.3251468127 	 8678.758880567355
0.1809792626247091 	 2185.066656735089 	 583745.1782683046 	 8367.638089383912
0.1834982031478177 	 2152.5190602018733 	 591542.8188755012 	 8067.670522761572
0.18605220327536354 	 2118.3457219016504 	 599444.6199987974 	 7778.456353939678
0.18864175098070363 	 2081.549737003706 	 607451.9730094629 	 7499.610089361189
0.19126734102900006 	 2041.361090804484 	 615566.2878646398 	 7230.760054848322
0.19392947507175093 	 1997.4725459988686 	 623788.9933556109 	 6971.54790019805
0.1966286617426371 	 1949.717355989049 	 632121.5373593858 	 6721.628121537128
0.19936541675470287 	 1898.480068602711 	 640565.3870936469 	 6480.667600800001
0.20214026299888962 	 1844.374765841222 	 649122.0293751019 	 6248.345161715716
0.20495373064394026 	 1788.2790703748724 	 657792.9708812856 	 6024.351141712114
0.20780635723769472 	 1731.3363788322608 	 666579.7384158605 	 5808.386979166578
0.21069868780979503 	 1674.7389374045897 	 675483.8791774601 	 5600.16481545326
0.21363127497582013 	 1619.6351540164544 	 684506.961032125 	 5399.4071112563215
0.21660467904286973 	 1567.1894711765678 	 693650.5727893764 	 5205.846276637797
0.2196194681166182 	 1518.2111800212676 	 702916.3244819783 	 5019.224314366958
0.2226762182098578 	 1473.3473214810983 	 712305.8476494363 	 4839.292476035837
0.22577551335255341 	 1432.9379382145971 	 721820.7956252841 	 4665.810930502459
0.2289179457034285 	 1396.8808600838881 	 731462.8438282069 	 4498.5484442199295
0.23210411566310443 	 1364.9190295956698 	 741233.6900570538 	 4337.282073025242
0.23533463198881446 	 1336.36545484696 	 751135.0547897909 	 4181.79686497702
0.2386101119107143 	 1310.3689759609283 	 761168.6814864479 	 4031.8855738460675
0.24193118124981175 	 1285.9675573284949 	 771336.3368961122 	 3887.3483828768785
0.24529847453753725 	 1262.0919227078834 	 781639.8113680213 	 3747.992638451902
0.24871263513697917 	 1237.7573020603932 	 792080.919166814 	 3613.6325933035296
0.2521743153658063 	 1212.2354527566315 	 802661.4987919908 	 3484.0891589315656
0.2556841766209012 	 1184.874723749522 	 813383.413301642 	 3359.189666896181
0.25924288950472807 	 1155.5465951245037 	 824248.5506404996 	 3238.7676386681487
0.2628511339534602 	 1124.3353781391704 	 835258.8239723734 	 3122.66256372961
0.26650959936688945 	 1091.6308315196677 	 846416.1720170245 	 3010.7196856296296
0.2702189847401452 	 1058.1574185871134 	 857722.5593915415 	 2902.7897957093064
0.27397999879724577 	 1024.6994589844003 	 869179.9769562758 	 2798.7290342215692
0.277793360126509 	 992.0600145638638 	 880790.4421653972 	 2698.398698580516
0.2816597973178473 	 961.0581942530384 	 892555.9994221336 	 2601.6650584847516
0.28558004910197426 	 932.1872558282889 	 904478.7204387554 	 2508.399177668255
0.28955486449154755 	 905.7598342935746 	 916560.704601367 	 2418.476742041258
0.2935850029242776 	 881.8425795436674 	 928804.0793395741 	 2331.777893991981
0.2976712344080275 	 860.1050832850935 	 941211.0005010872 	 2248.1870726284283
0.3018143396679325 	 840.1171287901918 	 953783.6527313284 	 2167.5928597472857
0.3060151102955669 	 821.2554140540655 	 966524.2498581104 	 2089.8878313245978
0.31027434890018823 	 802.81040569869 	 979435.0352814548 	 2014.96841433028
0.3145928692620848 	 784.2242516090125 	 992518.2823686136 	 1942.7347486756462
0.318971496488059 	 765.0686490215405 	 1.0057762948543725e6 	 1873.0905541098875
0.323411067169074 	 745.0660724900571 	 1.019211407246697e6 	 1805.943001888135
0.327912429540095 	 724.3414045036756 	 1.0328259852378014e6 	 1741.2025910400218
0.33247644364215473 	 703.1148714998834 	 1.0466224261207043e6 	 1678.7830290738507
0.3371039814866753 	 681.8002899089397 	 1.0606031592113515e6 	 1618.601116957328
0.34179592722207647 	 660.9237762862007 	 1.0747706462763778e6 	 1560.5766382215795
0.34655317730270324 	 640.9181256823547 	 1.0891273819665795e6 	 1504.6322520406202
0.35137664066010477 	 622.0683783825696 	 1.1036758942561815e6 	 1450.6933901437676
0.35626723887669665 	 604.5851224500567 	 1.1184187448879697e6 	 1398.6881574236008
0.361225906361841 	 588.349756782367 	 1.133358529824369e6 	 1348.547236106969
0.36625359053037654 	 573.1380010200056 	 1.1484978797045476e6 	 1300.203793361338
0.3713512519836343 	 558.6392392265725 	 1.1638394603076293e6 	 1253.593392213306
0.3765198646929724 	 544.4626012439002 	 1.1793859730220889e6 	 1208.6539056605645
0.3817604161858649 	 530.2767017257347 	 1.1951401553214216e6 	 1165.3254338628215
0.38707390773458167 	 515.9539839014959 	 1.2111047812461639e6 	 1123.5502243013036
0.3924613545474937 	 501.41477475391065 	 1.2272826618923568e6 	 1083.272594800424
0.39792378596304095 	 486.78438243560987 	 1.2436766459065285e6 	 1044.4388593090173
0.40346224564640054 	 472.308012786664 	 1.2602896199872934e6 	 1006.9972563421993
0.40907779178889203 	 458.2146022788839 	 1.277124509393651e6 	 970.8978799884845
0.4147714973101574 	 444.6906387307299 	 1.2941842784600724e6 	 936.0926133902036
0.42054445006315605 	 431.8955262454614 	 1.311471931118468e6 	 902.5350646085402
0.4263977530420129 	 419.7906935309948 	 1.328990511427131e6 	 870.1805047877178
0.4323325245927583 	 408.2564248336895 	 1.3467431041067406e6 	 838.9858085359116
0.4383498986270023 	 397.1447891231114 	 1.36473283508353e6 	 808.9093964434135
0.44445102483858273 	 386.2739935625602 	 1.382962872039708e6 	 779.911179661437
0.4506370689232282 	 375.48069496561527 	 1.4014364249712338e6 	 751.9525064676936
0.4569092128012784 	 364.7509000776279 	 1.4201567467530393e6 	 724.9961107475136
0.4632686548435053 	 354.1170902611941 	 1.4391271337118093e6 	 699.0060623218405
0.4697166101000763 	 343.6530403629864 	 1.4583509262064034e6 	 673.9477190558991
0.4762543105327045 	 333.4799037065454 	 1.4778315092160385e6 	 649.7876806846938
0.4828830052500307 	 323.7044008690059 	 1.4975723129363244e6 	 626.4937442937958
0.48960396074628054 	 314.32899612990116 	 1.5175768133832614e6 	 604.034861396081
0.4964184611432443 	 305.32423280765966 	 1.5378485330053093e6 	 582.3810965472017
0.5033278084356242 	 296.63379772346883 	 1.558391041303628e6 	 561.5035874446327
0.5103333227397966 	 288.1693154371176 	 1.5792079554606057e6 	 541.3745064571104
0.5174363425460361 	 279.8491552215701 	 1.6003029409767818e6 	 521.9670235331847
0.5246382249742518 	 271.6701413639017 	 1.6216797123162812e6 	 503.25527043944106
0.5319403460332809 	 263.65651165812 	 1.6433420335608646e6 	 485.21430628073614
0.5393441008837921 	 255.83805090191044 	 1.665293719072719e6 	 467.8200842564785
0.5468509041048497 	 248.25256191206978 	 1.6875386341661038e6 	 451.0494196086473
0.5544621899641846 	 240.935369205878 	 1.7100806957879623e6 	 434.87995871883146
0.5621794126922302 	 233.87382943389963 	 1.7329238732076315e6 	 419.2901493130908
0.5700040467599707 	 227.02689086534997 	 1.7560721887157615e6 	 404.25921173493043
0.5779375871606574 	 220.3580851076274 	 1.779529718332572e6 	 389.76711124809856
0.5859815496954447 	 213.85333467578113 	 1.8033005925255665e6 	 375.7945313322863
0.5941374712630041 	 207.50202405046088 	 1.8273889969368428e6 	 362.3228479361381
0.6024069101531664 	 201.30583389534593 	 1.851799173120105e6 	 349.3341046532552
0.6107914463446532 	 195.28227947013636 	 1.8765354192875342e6 	 336.81098878810104
0.619292681806951 	 189.4484188223538 	 1.9016020910666264e6 	 324.7368082799106
0.6279122408063872 	 183.79958777757383 	 1.9270036022671454e6 	 313.09546945384255
0.6366517702164668 	 178.31772810477565 	 1.9527444256583173e6 	 301.871455569721
0.6455129398325272 	 172.98568864718808 	 1.9788290937564094e6 	 291.0498061397729
0.6544974426907743 	 167.79776544199362 	 2.0052621996228273e6 	 280.616096987794
0.6636069953917569 	 162.75101348326262 	 2.032048397672876e6 	 270.5564210231651
0.6728433384283454 	 157.84331480691736 	 2.0591924044953187e6 	 260.85736970409164
0.6822082365182742 	 153.07561833294275 	 2.0866989996828916e6 	 251.50601516535792
0.6917034789413127 	 148.44907598930283 	 2.1145730266739037e6 	 242.4898929867768
0.7013308798811295 	 143.9616294167436 	 2.1428193936050865e6 	 233.79698557936393
0.711092278771915 	 139.60579997333997 	 2.17144307417583e6 	 225.4157061670938
0.7209895406498275 	 135.3727605899242 	 2.2004491085239663e6 	 217.33488334288649
0.7310245565093316 	 131.25713281495612 	 2.229842604113252e6 	 209.54374617823933
0.7411992436644967 	 127.2587483636641 	 2.259628736632704e6 	 202.0319098666566
0.7515155461153228 	 123.37746041503537 	 2.2898127509079487e6 	 194.78936188174157
0.761975434919166 	 119.61127486510246 	 2.320399961824747e6 	 187.80644863150007
0.7725809085673339 	 115.95586952695095 	 2.351395755264853e6 	 181.07386259106786
0.7833339933669216 	 112.4061881688723 	 2.3828055890543764e6 	 174.5826298967114
0.7942367438279628 	 108.9584905883348 	 2.414634993924811e6 	 168.324098384565
0.8052912430559697 	 105.61109641075258 	 2.4468895744869e6 	 162.28992605816183
0.8164996031499359 	 102.36208167517505 	 2.4795750102175158e6 	 156.47206996938692
0.8278639656058788 	 99.20912146202686 	 2.512697056459713e6 	 150.86277549803228
0.8393865017259997 	 96.14948384763858 	 2.546261545436148e6 	 145.45456601566335
0.8510694130335372 	 93.17995298184833 	 2.5802743872760343e6 	 140.24023292002155
0.862914931693396 	 90.29749022511443 	 2.614741571055813e6 	 135.21282602667839
0.874925320938629 	 87.50019574325196 	 2.649669165853725e6 	 130.36564430513488
0.8871028755028569 	 84.78600508041146 	 2.685063321818473e6 	 125.69222694701821
0.899449922058705 	 82.15260832191909 	 2.720930271252157e6 	 121.18634475447033
0.9119688196623426 	 79.59791005553635 	 2.7572763297076747e6 	 116.84199183725052
0.9246619602042103 	 77.11957547019907 	 2.794107897100783e6 	 112.65337760748423
0.9375317688660202 	 74.71499714044454 	 2.83143145883701e6 	 108.61491906138896
0.9505807045841167 	 72.38221636083813 	 2.869253586953628e6 	 104.72123333768836
0.963811260519287 	 70.11941479165871 	 2.9075809412768716e6 	 100.96713054279684
0.9772259645331102 	 67.9244579149761 	 2.9464202705946225e6 	 97.34760683321043
0.9908273796709365 	 65.79542877858685 	 2.985778413844751e6 	 93.85783774588408
1.0046181046515892 	 63.730609354108616 	 3.0256623013193407e6 	 90.49317176770474
1.0186007743638812 	 61.72798160445768 	 3.0660789558849875e6 	 87.24912413548998
1.0327780603700445 	 59.785601484689316 	 3.1070354942194102e6 	 84.12137085824698
1.0471526714161634 	 57.90200325418711 	 3.148539128064572e6 	 81.10574295372541
1.0617273539497165 	 56.07552657722305 	 3.190597165496548e6 	 78.19822089158066
1.0765048926443166 	 54.30436498442971 	 3.233217012212348e6 	 75.39492923574247
1.0914881109317596 	 52.58710867200022 	 3.276406172833935e6 	 72.69213147884587
1.1066798715414743 	 50.92228096732973 	 3.3201722522296547e6 	 70.0862250618409
1.122083077047484 	 49.308179550888816 	 3.364522956853333e6 	 67.57373657214164
1.1377006704229773 	 47.743381407816145 	 3.4094660961012375e6 	 65.15131711391469
1.1535356356026014 	 46.226594600164056 	 3.4550095836871853e6 	 62.81573784433604
1.1695909980525783 	 44.75629755635559 	 3.50116143903601e6 	 60.563885669866615
1.1858698253487585 	 43.331041211003416 	 3.547929788695646e6 	 58.392759096809826
1.2023752277627195 	 41.94965457901699 	 3.5953228677680697e6 	 56.299464230620835
1.2191103588560208 	 40.61079264871197 	 3.643349021359365e6 	 54.28121091863463
1.2360784160827312 	 39.31302779671827 	 3.6920167060491457e6 	 52.33530903107155
1.253282641400343 	 38.05529474729927 	 3.7413344913796233e6 	 50.459164875363356
1.2707263218891867 	 36.836476763732485 	 3.7913110613645464e6 	 48.650277739020595
1.2884127903804692 	 35.65529346412611 	 3.8419552160183126e6 	 46.90623655643287
1.3063454260930523 	 34.51069026467368 	 3.8932758729054956e6 	 45.224716695159685
1.3245276552790946 	 33.40170174671722 	 3.9452820687110797e6 	 43.603476857427815
1.342962951878679 	 32.32719135920455 	 3.99798296083166e6 	 42.040356092705615
1.3616548381835518 	 31.286085119174913 	 4.051387828987903e6 	 40.53327091737221
1.380606885510101 	 30.277511470957602 	 4.105506076858549e6 	 39.08021253764208
1.3998227148817 	 29.300467270436727 	 4.1603472337362356e6 	 37.679244172043994
1.4193059977205484 	 28.35388605341923 	 4.215920956205442e6 	 36.32849846988501
1.4390604565491443 	 27.43694728445816 	 4.272237029842849e6 	 35.02617502225879
1.4590898657015159 	 26.54878074300127 	 4.32930537094041e6 	 33.77053796228065
1.4793980520443577 	 25.688394990119495 	 4.387136028251438e6 	 32.55991365135055
1.4999888957081982 	 24.85499009177074 	 4.445739184760023e6 	 31.3926884483604
1.5208663308287482 	 24.047843595038305 	 4.505125159474074e6 	 30.267306558871756
1.542034346298566 	 23.266106386716643 	 4.565304409242321e6 	 29.182267961397518
1.5634969865291848 	 22.508980288277332 	 4.62628753059559e6 	 28.136126408023266
1.5852583522238468 	 21.775819401451805 	 4.688085261612667e6 	 27.12748749670358
1.607322601160995 	 21.065880444942 	 4.750708483811085e6 	 26.155006812663462
1.629693948988666 	 20.37837307172967 	 4.814168224063179e6 	 25.217388136428013
1.652376670029944 	 19.71268178270577 	 4.878475656537726e6 	 24.3133817160915
1.675375098099622 	 19.06815101111162 	 4.943642104667521e6 	 23.441782601523062
1.6986936273322306 	 18.444035916132623 	 5.009679043143241e6 	 22.601429038288764
1.7223367130215927 	 17.839738175214244 	 5.076598099933946e6 	 21.791200919149084
1.7463088724720617 	 17.254717707597376 	 5.144411058334551e6 	 21.01001829106807
1.7706146858616088 	 16.688340799655712 	 5.213129859040676e6 	 20.256839915743928
1.795258797116923 	 16.140012317515666 	 5.282766602251189e6 	 19.53066188174253
1.8202459148006904 	 15.609248288305436 	 5.353333549798844e6 	 18.830516266383896
1.845580813011224 	 15.095492263202894 	 5.424843127309382e6 	 18.155469845598088
1.871268332294613 	 14.598155110129973 	 5.497307926389465e6 	 17.50462285003086
1.8973133805695706 	 14.116781867210943 	 5.570740706843843e6 	 16.877107765741147
1.9237209340651524 	 13.650888812737726 	 5.645154398922143e6 	 16.272088177891693
1.9504960382715253 	 13.199927010787517 	 5.72056210559565e6 	 15.688757655891818
1.977643808903972 	 12.763454886551736 	 5.796977104864527e6 	 15.126338678506052
2.0051694328803125 	 12.341071898401001 	 5.874412852095838e6 	 14.584081597496118
2.0330781693119273 	 11.932308629303337 	 5.952882982392807e6 	 14.06126363841482
2.0613753505085763 	 11.536722817728032 	 6.032401312995721e6 	 13.557187937220018
2.0900663829972035 	 11.153950024054673 	 6.112981845714917e6 	 13.071182611424543
2.11915674855492 	 10.78357159541314 	 6.194638769396253e6 	 12.602599864544052
2.148652005256366 	 10.425147974969786 	 6.277386462419524e6 	 12.150815122649139
2.178557788535648 	 10.078348787221472 	 6.361239495230239e6 	 11.715226201870736
2.208879812263062 	 9.742825112785576 	 6.44621263290524e6 	 11.295252505749252
2.2396238698367963 	 9.418180319387897 	 6.532320837752565e6 	 10.89033425135759
2.2707958352898316 	 9.104087884817622 	 6.619579271946063e6 	 10.499931723166487
2.3024016644122507 	 8.800244626163686 	 6.708003300195185e6 	 10.123524553657685
2.3344473958891614 	 8.50629636246955 	 6.797608492450442e6 	 9.760611029726132
2.366939152454467 	 8.221914477967147 	 6.88841062664502e6 	 9.410707423946533
2.3998831420606885 	 7.946834795738292 	 6.9804256914729895e6 	 9.073347349813126
2.4332856590650684 	 7.680754354124655 	 7.073669889204644e6 	 8.74808114009311
2.4671530854321886 	 7.423354409700123 	 7.168159638539436e6 	 8.434475247465203
2.5014918919533238 	 7.174390962058749 	 7.263911577497042e6 	 8.13211166664442
2.536308639482765 	 6.933604751050535 	 7.360942566347015e6 	 7.8405873772228505
2.5716099801913517 	 6.700701932051313 	 7.4592696905775955e6 	 7.55951380648378
2.607402658837453 	 6.475442624154096 	 7.558910263904174e6 	 7.288516311473105
2.643693514055636 	 6.257605013808358 	 7.659881831317934e6 	 7.027233679637768
2.6804894796632723 	 6.0469302390411634 	 7.762202172175224e6 	 6.775317647365548
2.71779758598533 	 5.84317836105114 	 7.865889303328203e6 	 6.5324324357844965
2.7556249611976025 	 5.646155663426179 	 7.970961482297285e6 	 6.298254303203309
2.793978832688637 	 5.455640039402303 	 8.077437210485987e6 	 6.072471113596015
2.832866528440616 	 5.27139837780271 	 8.185335236438705e6 	 5.854781920555881
2.872295478429458 	 5.093252361639178 	 8.294674559142004e6 	 5.644896566163964
2.912273216044407 	 4.921012420231161 	 8.405474431370016e6 	 5.442535294237627
2.952807379527382 	 4.754464019667323 	 8.51775436307453e6 	 5.247428377443513
2.993905713432353 	 4.593432091198232 	 8.631534124820346e6 	 5.059315757778021
3.035576070105038 	 4.437754300804989 	 8.746833751266541e6 	 4.877946699935979
3.0778264111831906 	 4.287241438880075 	 8.863673544694224e6 	 4.703079457105568
3.1206648091177662 	 4.141718692208254 	 8.98207407858142e6 	 4.53448094874401
3.164099448715268 	 4.001044962524007 	 9.102056201225702e6 	 4.371926449904509
3.208138628701551 	 3.8650585381509965 	 9.223641039415218e6 	 4.21519929170039
3.252790763307404 	 3.7335899687435417 	 9.346850002148772e6 	 4.064090572507125
3.2980643838761834 	 3.6065093028041093 	 9.471704784405546e6 	 3.9183988795173845
3.343968140493837 	 3.4836781889397503 	 9.598227370965248e6 	 3.7779300202779087
3.3905108036416096 	 3.3649403523031767 	 9.72644004027923e6 	 3.642496763850384
3.437701265871753 	 3.25016874197401 	 9.856365368393352e6 	 3.5119185912513315
3.485548543506555 	 3.1392455450534236 	 9.988026232923228e6 	 3.3860214548383745
3.534061778361022 	 3.0320335658559974 	 1.0121445817082586e7 	 3.2646375463221204
3.583250239489538 	 2.928406179754393 	 1.0256647613765433e7 	 3.147605073094507
3.633123324956826 	 2.8282607700383684 	 1.039365542968275e7 	 3.0347680425754424
3.6836905636335713 	 2.7314797491495306 	 1.0532493389554435e7 	 2.925976054290295
3.734961617017025 	 2.6379402138028567 	 1.0673185940357266e7 	 2.821084099401107
3.786946281076956 	 2.5475480524685503 	 1.081575785562958e7 	 2.719952367424319
3.839654488127291 	 2.460203029725643 	 1.0960234239833476e7 	 2.622446059877381
3.8930963087238086 	 2.3757920834771826 	 1.1106640532775275e7 	 2.5284352106058527
3.9472819535882397 	 2.2942233775825005 	 1.1255002514085038e7 	 2.437794512551531
4.002221775559154 	 2.215411548728538 	 1.14053463077559e7 	 2.350403150730667
4.057926271569999 	 2.1392572890379427 	 1.1557698386744075e7 	 2.2661446411996855
4.114406084654668 	 2.0656691429228293 	 1.1712085577630274e7 	 2.1849066757937288
4.171672005980984 	 1.9945728678974384 	 1.1868535065343414e7 	 2.1065809724311206
4.2297349769124875 	 1.9258834103593403 	 1.2027074397947414e7 	 2.031063130784169
4.288606091098916 	 1.8595120671298662 	 1.2187731491491929e7 	 1.9582524931239849
4.348296596595785 	 1.795390937378454 	 1.2350534634927891e7 	 1.888052010153792
4.408817898013471 	 1.7334476458675554 	 1.2515512495088717e7 	 1.8203681116519197
4.470181558696198 	 1.6736006726177368 	 1.268269412173802e7 	 1.7551105817520647
4.532399302931361 	 1.6157838967619538 	 1.2852108952684788e7 	 1.69219243869456
4.5954830181896 	 1.5599357366679016 	 1.3023786818966899e7 	 1.6315298188883882
4.659444757396039 	 1.5059846164153703 	 1.3197757950103799e7 	 1.5730418651294116
4.7242967412331565 	 1.4538647567781058 	 1.3374052979419457e7 	 1.516650618825798
4.79005136047569 	 1.4035226593245194 	 1.355270294943632e7 	 1.462280916087024
4.856721178358054 	 1.3548970448651216 	 1.3733739317341402e7 	 1.4098602875379218
4.924318932974696 	 1.3079241383813225 	 1.3917193960525338e7 	 1.3593188617242533
4.992857539713873 	 1.2625551205418382 	 1.4103099182195446e7 	 1.3105892719810501
5.062350093725288 	 1.2187379088110915 	 1.4291487717063762e7 	 1.26360656663959
5.13280987242209 	 1.1764139231846842 	 1.4482392737111067e7 	 1.2183081224533168
5.204250338017681 	 1.1355357256915608 	 1.4675847857427903e7 	 1.1746335611273186
5.276685140097844 	 1.096059054062392 	 1.4871887142133607e7 	 1.1325246688400994
5.350128118228659 	 1.0579325068604546 	 1.5070545110374406e7 	 1.0919253186503797
5.424593304600731 	 1.0211089439103136 	 1.5271856742401684e7 	 1.0527813956854946
5.500094926710208 	 0.9855499561032413 	 1.5475857485731348e7 	 1.0150407250116864
5.576647410077123 	 0.9512115529219 	 1.5682583261385571e7 	 0.9786530020901334
5.654265381001568 	 0.918048047883612 	 1.5892070470217846e7 	 0.943569725726033
5.732963669358228 	 0.8860244727520341 	 1.6104355999322541e7 	 0.9097441334213604
5.812757311429815 	 0.8551034886679608 	 1.6319477228530105e7 	 0.8771311390451368
5.893661552779937 	 0.8252431547360258 	 1.653747203698901e7 	 0.845687272738124
5.975691851165946 	 0.796409552174244 	 1.6758378809835596e7 	 0.8153706229718555
6.058863879492339 	 0.7685709676166653 	 1.698223644495305e7 	 0.7861407806847567
6.143193528805258 	 0.7416906031580416 	 1.7209084359820656e7 	 0.7579587854209107
6.228696911328675 	 0.7157347838159126 	 1.743896249845452e7 	 0.7307870733996659
6.315390363542824 	 0.6906760255606968 	 1.767191133844104e7 	 0.7045894274468761
6.4032904493055 	 0.666482853042951 	 1.790797189806432e7 	 0.6793309287210273
6.492413963016777 	 0.6431226438967376 	 1.814718574352876e7 	 0.6549779101699169
6.582777932827795 	 0.620570427847044 	 1.8389594996278152e7 	 0.631497911655841
6.674399623894191 	 0.5987995165130368 	 1.863524234041257e7 	 0.6088596366894771
6.7672965416748285 	 0.5777799719155271 	 1.888417103020427e7 	 0.5870329107147937
6.861486435276428 	 0.5574876175535213 	 1.913642489771405e7 	 0.565988640889387
6.95698730084476 	 0.5378998046826422 	 1.939204836050932e7 	 0.5456987773066306
7.053817385003018 	 0.5189902741241955 	 1.9651086429485247e7 	 0.526136275607957
7.151995188338075 	 0.500735049107122 	 1.991358471679043e7 	 0.5072750609354326
7.251539468935244 	 0.48311453212188943 	 2.0179589443858385e7 	 0.48908999317658003
7.352469245962244 	 0.46610628040458396 	 2.044914744954638e7 	 0.4715568334551227
7.454803803303044 	 0.44968707812180936 	 2.0722306198382925e7 	 0.4546522118229887
7.558562693242297 	 0.43383914811927143 	 2.099911378892546e7 	 0.43835359611050523
7.663765740201036 	 0.4185434700381877 	 2.127961896222971e7 	 0.4226392618932729
7.7704330445243786 	 0.40377873514407386 	 2.1563871110432107e7 	 0.4074882635356799
7.87858498632195 	 0.3895277584729304 	 2.1851920285446923e7 	 0.3928804062724648
7.988242229361751 	 0.37577440819735736 	 2.2143817207779545e7 	 0.3787962192911148
8.09942572501823 	 0.3624999955105844 	 2.2439613275457487e7 	 0.36521692977922027
8.212156716275297 	 0.34968749698049867 	 2.273936057308068e7 	 0.35212443790219417
8.326456741785073 	 0.33732298227768875 	 2.3043111880992718e7 	 0.3395012926780012
8.442347639983096 	 0.3253904987991509 	 2.3350920684574507e7 	 0.327330668716747
8.559851553260842 	 0.31387357468303956 	 2.3662841183662176e7 	 0.31559634379411433
8.678990932196289 	 0.3027595879923646 	 2.3978928302090697e7 	 0.30428267722876234
8.799788539843393 	 0.2920350187685453 	 2.429923769736505e7 	 0.29337458903486147
8.922267456081235 	 0.28168474035507846 	 2.4623825770460546e7 	 0.28285753982198186
9.046451082023735 	 0.2716965748023122 	 2.4952749675754078e7 	 0.2727175114155395
9.17236314449071 	 0.26205907062597217 	 2.5286067331088e7 	 0.2629409881719723
9.300027700541186 	 0.25275897054976626 	 2.5623837427968487e7 	 0.2535149389637388
9.42946914206979 	 0.24378422290070484 	 2.596611944190009e7 	 0.2444267998101292
9.560712200467128 	 0.23512494723079266 	 2.631297364285833e7 	 0.23566445713073533
9.693781951345024 	 0.2267698284143865 	 2.6664461105902247e7 	 0.22721623159925974
9.82870381932753 	 0.21870720591531861 	 2.7020643721928645e7 	 0.21907086257614186
9.965503582908601 	 0.21092814295215845 	 2.7381584208570004e7 	 0.2112174930992526
10.10420737937741 	 0.20342305723599768 	 2.774734612123797e7 	 0.2036456554126493
10.244841709812196 	 0.19618124125064035 	 2.8117993864314426e7 	 0.19634525701410402
10.38743344414362 	 0.18919408810435154 	 2.8493592702491913e7 	 0.189306567202808
10.532009826288602 	 0.1824534890692272 	 2.887420877226569e7 	 0.18252020410932052
10.678598479355612 	 0.1759500631789186 	 2.925990909357919e7 	 0.17597712219047554
10.827227410922399 	 0.16967530030104958 	 2.9650761581625123e7 	 0.16966860017257757
10.97792501838718 	 0.16362221141915784 	 3.004683505880408e7 	 0.1635862294268164
11.130720094394349 	 0.15778279229254596 	 3.0448199266843136e7 	 0.15772190276140494
11.285641832335617 	 0.1521488101786513 	 3.0854924879075985e7 	 0.15206780361550518
11.442719831927816 	 0.14671395353092953 	 3.1267083512887444e7 	 0.14661639564053305
11.60198410486826 	 0.14147144783252386 	 3.168474774232394e7 	 0.14136041265496063
11.763465080568869 	 0.1364137324733666 	 3.2107991110872623e7 	 0.1362928489592224
11.927193611970084 	 0.13153473967427276 	 3.2536888144411083e7 	 0.13140694999781846
12.093200981435695 	 0.12682874216843873 	 3.297151436433005e7 	 0.12669620335616827
12.261518906729732 	 0.12228911843156975 	 3.3411946300831456e7 	 0.12215433008021286
12.43217954707653 	 0.11790987338297036 	 3.3858261506404065e7 	 0.11777527630719746
12.605215509305154 	 0.11368607398087774 	 3.431053856947914e7 	 0.11355320519647795
12.780659854079333 	 0.10961207024287051 	 3.476885712826848e7 	 0.10948248914959606
12.958546102214106 	 0.1056820625003336 	 3.5233297884787396e7 	 0.10555770230925385
13.138908241080406 	 0.10189160460306529 	 3.570394261906493e7 	 0.10177361332718796
13.321780731098746 	 0.09823591958378833 	 3.6180874203543864e7 	 0.09812517839130658
13.507198512323317 	 0.09470968249124077 	 3.6664176617673196e7 	 0.09460753450279195
13.695197011117724 	 0.09130862517046132 	 3.715393496269545e7 	 0.09121599299420939
13.885812146923625 	 0.08802871056205817 	 3.7650235476631515e7 	 0.08794603327998275
14.079080339123589 	 0.08486527434140378 	 3.815316554946573e7 	 0.08479329683090596
14.275038513999469 	 0.08181410293874926 	 3.866281373853372e7 	 0.08175358136465953
14.473724111787623 	 0.07887172430775627 	 3.917926978411583e7 	 0.07882283524458872
14.67517509383234 	 0.07603416146299488 	 3.970262462523885e7 	 0.07599715207927701
14.879429949838821 	 0.07329733860904289 	 4.02329704156888e7 	 0.0732727655157172
15.086527705227113 	 0.07065812627269585 	 4.077040054023764e7 	 0.07064604421913952
15.296507928588394 	 0.06811315781112863 	 4.131500963108669e7 	 0.0681134870328058
15.509410739245073 	 0.06565868696992821 	 4.186689358452984e7 	 0.06567171831131731
15.725276814916038 	 0.06329173028737689 	 4.242614957783907e7 	 0.06331748342121771
15.944147399488664 	 0.061009469885569816 	 4.299287608637582e7 	 0.06104764440289186
16.166064310898964 	 0.0588086491806202 	 4.356717290093078e7 	 0.058859175787979535
16.39106994912143 	 0.05668628945089869 	 4.414914114529529e7 	 0.05674916056672885
16.61920730427006 	 0.054639869980511936 	 4.473888329406759e7 	 0.05471478629991402
16.850519964812158 	 0.05266650500508287 	 4.533650319069672e7 	 0.05275334137013515
17.08505212589646 	 0.050763333539607665 	 4.594210606576765e7 	 0.050862211367503504
17.32284859779715 	 0.04892844213200626 	 4.655579855553056e7 	 0.04903887560489468
17.56395481447542 	 0.04715982476565685 	 4.7177688720677614e7 	 0.04728090375812484
17.808416842260204 	 0.04545510940101597 	 4.780788606537064e7 	 0.04558595262657151
18.056281388649694 	 0.04381140743584322 	 4.844650155652286e7 	 0.043951763009921825
18.307595811235437 	 0.0422253496108775 	 4.909364764333839e7 	 0.042376156696884104
18.562408126750523 	 0.04069323895710901 	 4.974943827711241e7 	 0.040857033561850505
18.82076702024382 	 0.03921451139274201 	 5.041398893129621e7 	 0.03939236876563941
19.08272185438185 	 0.03779264121020805 	 5.1087416621829964e7 	 0.037980210056587395
19.34832267888013 	 0.03643148733729908 	 5.1769839927747294e7 	 0.03661867516839307
19.61762024006579 	 0.035129163956046025 	 5.246137901205496e7 	 0.035305949311244325
19.890665990573293 	 0.03386623542740679 	 5.316215564289151e7 	 0.034040282752885134
20.16751209917509 	 0.03281998848639742 	 5.3872293214968525e7 	 0.03281998848639742
20.44821146074913 	 0.031643439981589555 	 5.4591916771298386e7 	 0.031643439981589555
20.73281770638505 	 0.0305090690169944 	 5.532115302521211e7 	 0.0305090690169944
21.02138521363108 	 0.0294153635895869 	 5.6060130382671446e7 	 0.0294153635895869
21.31396911688356 	 0.02836086589943529 	 5.680897896487891e7 	 0.02836086589943529
21.61062531792099 	 0.02734417040659972 	 5.75678306311899e7 	 0.02734417040659972
21.91141049658486 	 0.02636392195768786 	 5.8336819002330944e7 	 0.02636392195768786
22.216382121608934 	 0.02541881397957126 	 5.911607948392791e7 	 0.02541881397957126
22.525598461599404 	 0.024507586737853956 	 5.9905749290348604e7 	 0.024507586737853956
22.839118596167847 	 0.02362902565777248 	 6.070596746886393e7 	 0.02362902565777248
23.15700242721909 	 0.022781959705289245 	 6.151687492413171e7 	 0.022781959705289245
23.47931069039622 	 0.021965259826221335 	 6.233861444300748e7 	 0.021965259826221335
23.806104966684877 	 0.021177837441324156 	 6.317133071968694e7 	 0.021177837441324156
24.137447694179077 	 0.02041864299532425 	 6.401517038118403e7 	 0.02041864299532425
24.47340218001077 	 0.019686664557967054 	 6.4870282013149425e7 	 0.019686664557967054
24.81403261244545 	 0.018980926475215137 	 6.573681618603392e7 	 0.018980926475215137
25.15940407314613 	 0.018300488068798942 	 6.6614925481601305e7 	 0.018300488068798942
25.509582549607984 	 0.01764444238238675 	 6.750476451979539e7 	 0.01764444238238675
25.864634947766113 	 0.017011914972702564 	 6.840648998596595e7 	 0.017011914972702564
26.22462910477869 	 0.016402062743980816 	 6.932026065845825e7 	 0.016402062743980816
26.58963380198814 	 0.015814072824203922 	 7.024623743657121e7 	 0.015814072824203922
26.959718778062644 	 0.015247161481625261 	 7.1184583368889e7 	 0.015247161481625261
27.33495474232059 	 0.014700573080133127 	 7.213546368199115e7 	 0.014700573080133127
27.715413388240453 	 0.014173579072063387 	 7.3099045809546e7 	 0.014173579072063387
28.101167407158723 	 0.013665477027118315 	 7.407549942179298e7 	 0.013665477027118315
28.49229050215849 	 0.013175589696097282 	 7.50649964554186e7 	 0.013175589696097282
28.888857402151327 	 0.012703264108191302 	 7.606771114383154e7 	 0.012703264108191302
29.29094387615518 	 0.012247870700638267 	 7.708382004784209e7 	 0.012247870700638267
29.69862674777096 	 0.011808802479578762 	 7.81135020867516e7 	 0.011808802479578762
30.11198390986066 	 0.011385474210993974 	 7.915693856985694e7 	 0.011385474210993974
30.53109433942977 	 0.010977321640647237 	 8.021431322837615e7 	 0.010977321640647237
30.95603811271677 	 0.010583800741989658 	 8.128581224780017e7 	 0.010583800741989658
31.3868964204927 	 0.01020438699102709 	 8.237162430067693e7 	 0.01020438699102709
31.823751583573678 	 0.009838574667182135 	 8.347194057983339e7 	 0.009838574667182135
32.2666870685493 	 0.00948587617921919 	 8.458695483204132e7 	 0.00948587617921919
32.71578750372998 	 0.009145821415334111 	 8.571686339213273e7 	 0.009145821415334111
33.171138695316195 	 0.008817957116542208 	 8.686186521757105e7 	 0.008817957116542208
33.632827643792886 	 0.008501846272529343 	 8.802216192348416e7 	 0.008501846272529343
34.10094256055193 	 0.008197067539160913 	 8.919795781816535e7 	 0.008197067539160913
34.57557288474603 	 0.007903214676872246 	 9.038945993904842e7 	 0.007903214676872246
35.056809300377175 	 0.007619896009191927 	 9.159687808916348e7 	 0.007619896009191927
35.54474375362294 	 0.00734673390067621 	 9.282042487407961e7 	 0.00734673390067621
36.03946947040398 	 0.007083364253558743 	 9.406031573934121e7 	 0.007083364253558743
36.54108097419592 	 0.006829436022444705 	 9.531676900840397e7 	 0.006829436022444705
37.0496741040893 	 0.006584610746402378 	 9.659000592107806e7 	 0.006584610746402378
37.56534603310078 	 0.006348562097828586 	 9.788025067248462e7 	 0.006348562097828586
38.088195286739285 	 0.006120975447486649 	 9.91877304525327e7 	 0.006120975447486649
38.618321761830494 	 0.005901547445137081 	 1.005126754859234e8 	 0.005901547445137081
39.15582674560338 	 0.005689985615202056 	 1.0185531907268855e8 	 0.005689985615202056
39.700812935042386 	 0.005486007966924731 	 1.0321589762927087e8 	 0.005486007966924731
40.253384456508954 	 0.00528934261850377 	 1.0459465073015271e8 	 0.00528934261850377
40.813646885636174 	 0.005099727434702093 	 1.059918211500412e8 	 0.005099727434702093
41.381707267500275 	 0.0049169096774468405 	 1.0740765490661643e8 	 0.0049169096774468405
41.957674137072935 	 0.004740645668954795 	 1.0884240130385111e8 	 0.004740645668954795
42.54165753995829 	 0.004570700466934256 	 1.1029631297590883e8 	 0.004570700466934256
43.1337690534184 	 0.004406847551430494 	 1.117696459316283e8 	 0.004406847551430494
43.73412180769154 	 0.004248868522897297 	 1.1326265959960227e8 	 0.004248868522897297
44.3428305076071 	 0.004096552811092222 	 1.1477561687385836e8 	 0.004096552811092222
44.96001145450139 	 0.003949697394407521 	 1.1630878416015035e8 	 0.003949697394407521
45.585782568438454 	 0.00380810652926265 	 1.1786243142286748e8 	 0.00380810652926265
46.22026341074012 	 0.0036715914891976608 	 1.1943683223257056e8 	 0.0036715914891976608
46.863575206829694 	 0.003539970313319699 	 1.2103226381416313e8 	 0.003539970313319699
47.51584086939359 	 0.003413067563767344 	 1.2264900709570587e8 	 0.003413067563767344
48.17718502186533 	 0.0032907140918694783 	 1.2428734675788338e8 	 0.0032907140918694783
48.847734022236324 	 0.0031727468126870424 	 1.2594757128413132e8 	 0.0031727468126870424
49.52761598719823 	 0.0030590084876371106 	 1.2762997301143356e8 	 0.0030590084876371106
50.21696081662113 	 0.002949347514909605 	 1.2933484818179756e8 	 0.002949347514909605
50.91590021837265 	 0.002843617727397222 	 1.3106249699441774e8 	 0.002843617727397222
51.62456773348222 	 0.002741678197869325 	 1.3281322365853512e8 	 0.002741678197869325
52.34309876165584 	 0.0026433930511300325 	 1.345873364470034e8 	 0.0026433930511300325
53.07163058714583 	 0.0025486312829101705 	 1.363851477505706e8 	 0.0025486312829101705
53.81030240498073 	 0.00245726658525169 	 1.382069741328856e8 	 0.00245726658525169
54.55925534756019 	 0.002369177178151793 	 1.4005313638623965e8 	 0.002369177178151793
55.31863251162008 	 0.0022842456472423685 	 1.419239595880523e8 	 0.0022842456472423685
56.088578985572894 	 0.002202358787288388 	 1.4381977315811196e8 	 0.002202358787288388
56.86924187722869 	 0.002123407451296648 	 1.4574091091658106e8 	 0.002123407451296648
57.66077034190186 	 0.0020472864050337467 	 1.4768771114277607e8 	 0.0020472864050337467
58.463315610909085 	 0.001973894186759379 	 1.4966051663473257e8 	 0.001973894186759379
59.27703102046396 	 0.0019031329719879863 	 1.516596747695662e8 	 0.0019031329719879863
60.10207204097383 	 0.0018349084430984949 	 1.5368553756463987e8 	 0.0018349084430984949
60.93859630674424 	 0.001769129663618373 	 1.5573846173954776e8 	 0.001769129663618373
61.78676364609695 	 0.0017057089570144052 	 1.5781880877892745e8 	 0.0017057089570144052
62.64673611190719 	 0.0016445617898286382 	 1.599269449961115e8 	 0.0016445617898286382
63.518678012565765 	 0.001585606659003746 	 1.6206324159762865e8 	 0.001585606659003746
64.40275594337228 	 0.0015287649832475994 	 1.6422807474856696e8 	 0.0015287649832475994
65.29913881836521 	 0.0014739609982922712 	 1.6642182563880998e8 	 0.0014739609982922712
66.207997902595 	 0.0014211216559078391 	 1.6864488055015785e8 	 0.0014211216559078391
67.12950684484642 	 0.0013701765265364068 	 1.7089763092434478e8 	 0.0013701765265364068
68.06384171081629 	 0.0013210577054165458 	 1.731804734319653e8 	 0.0013210577054165458
69.01118101675299 	 0.0012736997220730436 	 1.754938100423209e8 	 0.0012736997220730436
69.9717057635642 	 0.0012280394530513076 	 1.7783804809420022e8 	 0.0012280394530513076
70.94559947139949 	 0.001184016037780111 	 1.802136003676043e8 	 0.001184016037780111
71.93304821471393 	 0.001141570797450545 	 1.8262088515642986e8 	 0.001141570797450545
72.93424065782003 	 0.0011006471568030343 	 1.8506032634212384e8 	 0.0011006471568030343
73.94936809093433 	 0.0010611905687181744 	 1.8753235346832165e8 	 0.0010611905687181744
74.97862446672586 	 0.0010231484415108767 	 1.900374018164823e8 	 0.0010231484415108767
76.02220643737311 	 0.0009864700688309155 	 1.9257591248253402e8 	 0.0009864700688309155
77.08031339213692 	 0.0009511065620764341 	 1.9514833245454374e8 	 0.0009511065620764341
78.15314749545621 	 0.000917010785230328 	 1.9775511469142392e8 	 0.000917010785230328
79.24091372557407 	 0.0008841372920326511 	 2.0039671820269087e8 	 0.0008841372920326511
80.34381991370135 	 0.0008524422654052951 	 2.0307360812928832e8 	 0.0008524422654052951
81.4620767837254 	 0.0008218834590482084 	 2.0578625582549095e8 	 0.0008218834590482084
82.5958979924714 	 0.0007924201411293056 	 2.0853513894190142e8 	 0.0007924201411293056
83.74550017052434 	 0.0007640130399930051 	 2.11320741509557e8 	 0.0007640130399930051
84.9111029636188 	 0.000736624291815045 	 2.141435540251586e8 	 0.000736624291815045
86.092929074605 	 0.0007102173901337923 	 2.170040735374389e8 	 0.0007102173901337923
87.291204305999 	 0.0006847571371907794 	 2.199028037346841e8 	 0.0006847571371907794
88.50615760312508 	 0.0006602095970156135 	 2.2284025503342503e8 	 0.0006602095970156135
89.73802109785849 	 0.0006365420501927235 	 2.258169446683123e8 	 0.0006365420501927235
90.98703015297724 	 0.0006137229502496512 	 2.2883339678319284e8 	 0.0006137229502496512
92.25342340713094 	 0.0005917218816087597 	 2.3189014252340218e8 	 0.0005917218816087597
93.53744282043577 	 0.0005705095190463102 	 2.3498772012929037e8 	 0.0005705095190463102
94.83933372070395 	 0.0005500575886048725 	 2.3812667503099674e8 	 0.0005500575886048725
96.15934485031659 	 0.0005303388299069678 	 2.4130755994449058e8 	 0.0005303388299069678
97.49772841374902 	 0.0005113269598197134 	 2.4453093496889517e8 	 0.0005113269598197134
98.85474012575774 	 0.0004929966374220327 	 2.477973676851117e8 	 0.0004929966374220327
100.23063926023768 	 0.00047532343022774556 	 2.5110743325576016e8 	 0.00047532343022774556
101.62568869975964 	 0.00045828378161950846 	 2.5446171452645546e8 	 0.00045828378161950846
103.04015498579751 	 0.00044185497945019645 	 2.5786080212843713e8 	 0.00044185497945019645
104.47430836965424 	 0.00042601512576988503 	 2.6130529458256897e8 	 0.00042601512576988503
105.92842286409643 	 0.00041074310763807514 	 2.647957984047279e8 	 0.00041074310763807514
107.40277629570849 	 0.0003960185689822495 	 2.6833292821260235e8 	 0.0003960185689822495
108.8976503579741 	 0.00038182188346527166 	 2.719173068339139e8 	 0.00038182188346527166
110.41333066509767 	 0.0003681341283254374 	 2.755495654160878e8 	 0.0003681341283254374
111.95010680657442 	 0.00035493705915432683 	 2.79230343537387e8 	 0.00035493705915432683
113.50827240252 	 0.00034221308557883326 	 2.829602893195308e8 	 0.00034221308557883326
115.08812515977024 	 0.00032994524781495546 	 2.867400595418177e8 	 0.00032994524781495546
116.68996692876176 	 0.0003181171940621018 	 2.9057031975677335e8 	 0.0003181171940621018
118.31410376120421 	 0.0003067131587077761 	 2.944517444073426e8 	 0.0003067131587077761
119.96084596855525 	 0.0002957179413135929 	 2.9838501694564754e8 	 0.0002957179413135929
121.63050818130941 	 0.0002851168863546136 	 3.0237082995333123e8 	 0.0002851168863546136
123.3234094091121 	 0.0002748958636849979 	 3.0640988526351005e8 	 0.0002748958636849979
125.03987310171043 	 0.00026504124970393275 	 3.105028940843539e8 	 0.00026504124970393275
126.78022721075219 	 0.00025553990919673504 	 3.14650577124318e8 	 0.00025553990919673504
128.54480425244515 	 0.00024637917782692476 	 3.188536647190471e8 	 0.00024637917782692476
130.3339413710884 	 0.00023754684525593064 	 3.231128969599753e8 	 0.00023754684525593064
132.1479804034879 	 0.00022903113886793092 	 3.274290238246431e8 	 0.00022903113886793092
133.98726794426864 	 0.00022082070807813374 	 3.318028053087555e8 	 0.00022082070807813374
135.85215541209587 	 0.0002129046092035829 	 3.3623501156000465e8 	 0.0002129046092035829
137.74299911681797 	 0.00020527229087632343 	 3.4072642301367915e8 	 0.00020527229087632343
139.6601603275439 	 0.00019791357997948314 	 3.452778305300856e8 	 0.00019791357997948314
141.604005341668 	 0.00019081866808752623 	 3.49890035533805e8 	 0.00019081866808752623
143.57490555485586 	 0.00018397809839260215 	 3.5456385015481055e8 	 0.00018397809839260215
145.57323753200387 	 0.00017738275309956753 	 3.5930009737146926e8 	 0.00017738275309956753
147.59938307918668 	 0.0001710238412728771 	 3.640996111554542e8 	 0.0001710238412728771
149.65372931660588 	 0.00016489288711914594 	 3.689632366185928e8 	 0.00016489288711914594
151.7366687525546 	 0.0001589817186897637 	 3.738918301616773e8 	 0.0001589817186897637
153.84859935841033 	 0.00015328245698850653 	 3.788862596252604e8 	 0.00015328245698850653
155.9899246446727 	 0.00014778750546962191 	 3.839474044424685e8 	 0.00014778750546962191
158.1610537380591 	 0.00014248953991239353 	 3.89076155793854e8 	 0.00014248953991239353
160.36240145967352 	 0.00013738149865868713 	 3.9427341676431763e8 	 0.00013738149865868713
162.59438840426304 	 0.00013245657320046727 	 3.9954010250212514e8 	 0.00013245657320046727
164.8574410205778 	 0.00012770819910473674 	 4.0487714038005036e8 	 0.00012770819910473674
167.1519916928493 	 0.0001231300472638043 	 4.1028547015866834e8 	 0.0001231300472638043
169.47847882340275 	 0.00011871601545921684 	 4.157660441518323e8 	 0.00011871601545921684
171.83734691641925 	 0.00011446022022811314 	 4.213198273943583e8 	 0.00011446022022811314
174.22904666286382 	 0.00011035698902115586 	 4.269477978119526e8 	 0.00011035698902115586
176.65403502659558 	 0.00010640085264159096 	 4.3265094639340687e8 	 0.00010640085264159096
179.11277533167623 	 0.00010258653795535543 	 4.384302773650946e8 	 0.00010258653795535543
181.60573735089386 	 9.890896086251725e-5 	 4.442868083677973e8 	 9.890896086251725e-5
184.13339739551895 	 9.536321952067841e-5 	 4.5022157063589483e8 	 9.536321952067841e-5
186.6962384063095 	 9.19445878113096e-5 	 4.5623560917894673e8 	 9.19445878113096e-5
189.29475004578282 	 8.864850904030677e-5 	 4.623299829657016e8 	 8.864850904030677e-5
191.9294287917716 	 8.547058986437386e-5 	 4.685057651105623e8 	 8.547058986437386e-5
194.60077803228222 	 8.240659443513558e-5 	 4.747640430625435e8 	 8.240659443513558e-5
197.3093081616732 	 7.945243875317516e-5 	 4.8110591879675275e8 	 7.945243875317516e-5
200.05553667817236 	 7.660418522447176e-5 	 4.8753250900842893e8 	 7.660418522447176e-5
202.83998828275136 	 7.385803741198145e-5 	 4.9404494530957353e8 	 7.385803741198145e-5
205.66319497937621 	 7.121033497536647e-5 	 5.006443744282079e8 	 7.121033497536647e-5
208.525696176653 	 6.865754879212778e-5 	 5.073319584102915e8 	 6.865754879212778e-5
211.42803879088964 	 6.619627625363707e-5 	 5.1410887482434106e8 	 6.619627625363707e-5
214.37077735058938 	 6.382323672980103e-5 	 5.209763169687761e8 	 6.382323672980103e-5
217.3544741024015 	 6.153526719630874e-5 	 5.2793549408204097e8 	 6.153526719630874e-5
220.37969911854518 	 5.932931801863684e-5 	 5.3498763155553025e8 	 5.932931801863684e-5
223.4470304057288 	 5.720244888719189e-5 	 5.42133971149359e8 	 5.720244888719189e-5
226.55705401558538 	 5.515182489817167e-5 	 5.493757712110155e8 	 5.515182489817167e-5
229.7103641566449 	 5.317471277492206e-5 	 5.567143068969343e8 	 5.317471277492206e-5
232.90756330786533 	 5.1268477224752626e-5 	 5.6415087039703e8 	 5.1268477224752626e-5
236.1492623337435 	 4.9430577426355116e-5 	 5.716867711622288e8 	 4.9430577426355116e-5
239.4360806010286 	 4.765856364314275e-5 	 5.793233361350411e8 	 4.765856364314275e-5
242.76864609705962 	 4.5950073957996444e-5 	 5.870619099832126e8 	 4.5950073957996444e-5
246.14759554975018 	 4.43028311250656e-5 	 5.949038553364974e8 	 4.43028311250656e-5
249.5735745492434 	 4.271463953442702e-5 	 6.028505530265939e8 	 4.271463953442702e-5
253.04723767125975 	 4.118338228555669e-5 	 6.109034023302854e8 	 4.118338228555669e-5
256.5692486021619 	 3.970701836571301e-5 	 6.190638212158283e8 	 3.970701836571301e-5
260.1402802657603 	 3.8283579929471e-5 	 6.273332465926323e8 	 3.8283579929471e-5
263.76101495188334 	 3.6911169675781264e-5 	 6.357131345642754e8 	 3.6911169675781264e-5
267.4321444467377 	 3.5587958319057325e-5 	 6.442049606848989e8 	 3.5587958319057325e-5
271.1543701650823 	 3.431218215092109e-5 	 6.528102202190261e8 	 3.431218215092109e-5
274.9284032842424 	 3.3082140689355896e-5 	 6.61530428404854e8 	 3.3082140689355896e-5
278.7549648799889 	 3.1896194412134104e-5 	 6.703671207210604e8 	 3.1896194412134104e-5
282.63478606430874 	 3.075276257149799e-5 	 6.793218531571739e8 	 3.075276257149799e-5
286.5686081250929 	 2.96503210871811e-5 	 6.88396202487559e8 	 2.96503210871811e-5
290.5571826677686 	 2.8587400514961697e-5 	 6.975917665490574e8 	 2.8587400514961697e-5
294.6012717589026 	 2.7562584088040664e-5 	 7.069101645223395e8 	 2.7562584088040664e-5
298.7016480718047 	 2.657450582863281e-5 	 7.163530372170172e8 	 2.657450582863281e-5
302.8590950341545 	 2.5621848727255574e-5 	 7.259220473605574e8 	 2.5621848727255574e-5
307.07440697768646 	 2.4703342987286776e-5 	 7.356188798910633e8 	 2.4703342987286776e-5
311.34838928995634 	 2.381776433245287e-5 	 7.454452422539619e8 	 2.381776433245287e-5
315.6818585682205 	 2.29639323749911e-5 	 7.554028647026554e8 	 2.29639323749911e-5
320.0756427754569 	 2.2140709042310696e-5 	 7.654935006031901e8 	 2.2140709042310696e-5
324.53058139855784 	 2.1346997060055943e-5 	 7.75718926742993e8 	 2.1346997060055943e-5
329.0475256087241 	 2.0581738489549252e-5 	 7.860809436437339e8 	 2.0581738489549252e-5
333.6273384240918 	 1.9843913317664684e-5 	 7.965813758783666e8 	 1.9843913317664684e-5
338.27089487462285 	 1.9132538097252536e-5 	 8.072220723924041e8 	 1.9132538097252536e-5
342.97908216929017 	 1.844666463630261e-5 	 8.18004906829487e8 	 1.844666463630261e-5
347.7527998655898 	 1.778537873409917e-5 	 8.289317778612987e8 	 1.778537873409917e-5
352.59296004141277 	 1.7147798962682777e-5 	 8.400046095218904e8 	 1.7147798962682777e-5
357.50048746930867 	 1.653307549199503e-5 	 8.512253515464691e8 	 1.653307549199503e-5
362.4763197931751 	 1.5940388957140076e-5 	 8.62595979714713e8 	 1.5940388957140076e-5
367.52140770740584 	 1.5368949366253203e-5 	 8.741184961986718e8 	 1.5368949366253203e-5
372.6367151385332 	 1.4817995047520658e-5 	 8.85794929915316e8 	 1.4817995047520658e-5
377.8232194293976 	 1.4286791633947358e-5 	 8.976273368837928e8 	 1.4286791633947358e-5
383.08191152588176 	 1.3774631084519102e-5 	 9.096178005874568e8 	 1.3774631084519102e-5
388.41379616624226 	 1.328083074045476e-5 	 9.217684323407346e8 	 1.328083074045476e-5
393.8198920730781 	 1.2804732415290371e-5 	 9.340813716608922e8 	 1.2804732415290371e-5
399.3012321479697 	 1.234570151758245e-5 	 9.465587866447659e8 	 1.234570151758245e-5
404.8588636688278 	 1.1903126205061056e-5 	 9.59202874350528e8 	 1.1903126205061056e-5
410.49384848998824 	 1.1476416569105297e-5 	 9.720158611845486e8 	 1.1476416569105297e-5
416.2072632450944 	 1.1065003848454e-5 	 9.850000032934334e8 	 1.1065003848454e-5
422.0001995527986 	 1.0668339671104047e-5 	 9.981575869612844e8 	 1.0668339671104047e-5
427.8737642253312 	 1.0285895323385213e-5 	 1.0114909290122802e9 	 1.0285895323385213e-5
433.82907947997 	 9.917161045237772e-6 	 1.0250023772186277e9 	 9.917161045237772e-6
439.86728315345437 	 9.561645350753323e-6 	 1.0386943107139643e9 	 9.561645350753323e-6
445.9895289193826 	 9.218874373073227e-6 	 1.0525691404122832e9 	 9.218874373073227e-6
452.19698650863563 	 8.88839123277151e-6 	 1.066629309432452e9 	 8.88839123277151e-6
458.49084193286865 	 8.569755428880265e-6 	 1.0808772935284061e9 	 8.569755428880265e-6
464.8722977111132 	 8.262542251745941e-6 	 1.095315601525085e9 	 8.262542251745941e-6
471.34257309953375 	 7.966342216933845e-6 	 1.1099467757601936e9 	 7.966342216933845e-6
477.90290432438104 	 7.680760519426365e-6 	 1.1247733925318644e9 	 7.680760519426365e-6
484.55454481818884 	 7.405416507387369e-6 	 1.1397980625522988e9 	 7.405416507387369e-6
491.29876545925777 	 7.139943174791375e-6 	 1.1550234314074688e9 	 7.139943174791375e-6
498.13685481447214 	 6.883986672241243e-6 	 1.1704521800229597e9 	 6.883986672241243e-6
505.0701193854968 	 6.637205835322315e-6 	 1.186087025136034e9 	 6.637205835322315e-6
512.0998838584003 	 6.399271729864386e-6 	 1.2019307197740033e9 	 6.399271729864386e-6
519.2274913567526 	 6.16986721350535e-6 	 1.2179860537389874e9 	 6.16986721350535e-6
526.4543036982457 	 5.9486865129721555e-6 	 1.2342558540991528e9 	 5.9486865129721555e-6
533.7817016548854 	 5.735434816515622e-6 	 1.2507429856865084e9 	 5.735434816515622e-6
541.2110852168051 	 5.5298278809558745e-6 	 1.2674503516013544e9 	 5.5298278809558745e-6
548.7438738597515 	 5.3315916528146014e-6 	 1.2843808937234683e9 	 5.3315916528146014e-6
556.3815068162924 	 5.1404619030291936e-6 	 1.3015375932301195e9 	 5.1404619030291936e-6
564.1254433508004 	 4.956183874761832e-6 	 1.3189234711210022e9 	 4.956183874761832e-6
571.9771630382628 	 4.7785119438341215e-6 	 1.3365415887501814e9 	 4.7785119438341215e-6
579.9381660469749 	 4.6072092913345726e-6 	 1.3543950483651497e9 	 4.6072092913345726e-6
588.0099734251621 	 4.442047587962765e-6 	 1.3724869936530712e9 	 4.442047587962765e-6
596.1941273915982 	 4.282806689689169e-6 	 1.3908206102943373e9 	 4.282806689689169e-6
604.4921916302634 	 4.129274344325204e-6 	 1.409399126523507e9 	 4.129274344325204e-6
612.9057515891066 	 3.981245908612289e-6 	 1.428225813697745e9 	 3.981245908612289e-6
621.4364147829646 	 3.8385240754528526e-6 	 1.4473039868728518e9 	 3.8385240754528526e-6
630.0858111006974 	 3.700918610919713e-6 	 1.4666370053869855e9 	 3.700918610919713e-6
638.855593116599 	 3.5682461006932735e-6 	 1.4862282734521866e9 	 3.5682461006932735e-6
647.7474364061422 	 3.4403297055885913e-6 	 1.506081240753799e9 	 3.4403297055885913e-6
656.7630398661179 	 3.3169989258464248e-6 	 1.5261994030579016e9 	 3.3169989258464248e-6
665.9041260392302 	 3.1980893738741145e-6 	 1.5465863028268516e9 	 3.1980893738741145e-6
675.1724414432098 	 3.083442555133364e-6 	 1.5672455298430514e9 	 3.083442555133364e-6
684.5697569045078 	 2.972905656882876e-6 	 1.588180721841048e9 	 2.972905656882876e-6
694.097867896634 	 2.8663313444942515e-6 	 1.609395565148075e9 	 2.8663313444942515e-6
703.7585948832044 	 2.7635775650696697e-6 	 1.6308937953331525e9 	 2.7635775650696697e-6
713.5537836657631 	 2.664507358099582e-6 	 1.652679197864854e9 	 2.664507358099582e-6
723.485305736446 	 2.568988672908058e-6 	 1.674755608777866e9 	 2.568988672908058e-6
733.5550586355516 	 2.476894192642441e-6 	 1.6971269153484435e9 	 2.476894192642441e-6
743.7649663140911 	 2.388101164572716e-6 	 1.7197970567788966e9 	 2.388101164572716e-6
754.1169795013816 	 2.3024912364744028e-6 	 1.7427700248912134e9 	 2.3024912364744028e-6
764.6130760777579 	 2.2199502988768793e-6 	 1.766049864829953e9 	 2.2199502988768793e-6
775.2552614524708 	 2.1403683329668714e-6 	 1.7896406757745235e9 	 2.1403683329668714e-6
786.0455689468456 	 2.063639263944376e-6 	 1.8135466116609802e9 	 2.063639263944376e-6
796.9860601827728 	 1.9896608196355716e-6 	 1.8377718819134603e9 	 1.9896608196355716e-6
808.0788254766062 	 1.918334394174238e-6 	 1.8623207521853874e9 	 1.918334394174238e-6
819.3259842385469 	 1.8495649165699835e-6 	 1.8871975451105897e9 	 1.8495649165699835e-6
830.7296853775777 	 1.783260723988155e-6 	 1.9124066410644283e9 	 1.783260723988155e-6
842.2921077120423 	 1.7193334395724268e-6 	 1.9379524789351141e9 	 1.7193334395724268e-6
854.0154603859346 	 1.6576978546472982e-6 	 1.9638395569053178e9 	 1.6576978546472982e-6
865.9019832909833 	 1.59827181514345e-6 	 1.9900724332442222e9 	 1.59827181514345e-6
877.9539474946101 	 1.5409761120945923e-6 	 2.0166557271101553e9 	 1.5409761120945923e-6
890.1736556738468 	 1.4857343760598291e-6 	 2.043594119363945e9 	 1.4857343760598291e-6
902.5634425552885 	 1.4324729753308396e-6 	 2.0708923533931375e9 	 1.4324729753308396e-6
915.1256753611732 	 1.3811209177881722e-6 	 2.0985552359472256e9 	 1.3811209177881722e-6
927.8627542616688 	 1.331609756275851e-6 	 2.1265876379840376e9 	 1.331609756275851e-6
940.7771128334547 	 1.283873497368166e-6 	 2.1549944955274243e9 	 1.283873497368166e-6
953.8712185246876 	 1.2378485134070344e-6 	 2.1837808105364137e9 	 1.2378485134070344e-6
967.1475731264375 	 1.1934734576927006e-6 	 2.2129516517859654e9 	 1.1934734576927006e-6
980.6087132506859 	 1.1506891827147188e-6 	 2.2425121557594957e9 	 1.1506891827147188e-6
994.2572108149772 	 1.1094386613142408e-6 	 2.272467527553325e9 	 1.1094386613142408e-6
1008.0956735338151 	 1.0696669106725149e-6 	 2.3028230417932067e9 	 1.0696669106725149e-6
1022.1267454168991 	 1.0313209190242914e-6 	 2.333584043563095e9 	 1.0313209190242914e-6
1036.3531072742949 	 9.943495749984392e-7 	 2.364755949346324e9 	 9.943495749984392e-7
1050.7774772286366 	 9.587035994916036e-7 	 2.396344247979358e9 	 9.587035994916036e-7
1065.4026112344577 	 9.243354799840893e-7 	 2.42835450161828e9 	 9.243354799840893e-7
1080.2313036047506 	 8.911994072104233e-7 	 2.460792346718192e9 	 8.911994072104233e-7
1095.2663875448536 	 8.592512141001897e-7 	 2.493663495025697e9 	 8.592512141001897e-7
1110.5107356937717 	 8.284483169077389e-7 	 2.5269737345846424e9 	 8.284483169077389e-7
1125.967260673027 	 7.987496584523191e-7 	 2.5607289307552886e9 	 7.987496584523191e-7
1141.6389156431567 	 7.701156533929523e-7 	 2.5949350272471094e9 	 7.701156533929523e-7
1157.5286948679436 	 7.425081354651461e-7 	 2.629598047165364e9 	 7.425081354651461e-7
1173.6396342865123 	 7.158903066090736e-7 	 2.664724094071669e9 	 7.158903066090736e-7
1189.9748120933816 	 6.902266879214424e-7 	 2.7003193530587306e9 	 6.902266879214424e-7
1206.5373493265913 	 6.654830723656653e-7 	 2.7363900918394322e9 	 6.654830723656653e-7
1223.3304104640163 	 6.416264791773015e-7 	 2.7729426618504696e9 	 6.416264791773015e-7
1240.357204027978 	 6.186251099039984e-7 	 2.809983499370733e9 	 6.186251099039984e-7
1257.620983198273 	 5.964483060213336e-7 	 2.847519126654621e9 	 5.964483060213336e-7
1275.1250464337334 	 5.7506650806807e-7 	 2.8855561530805016e9 	 5.7506650806807e-7
1292.872738102437 	 5.544512162463503e-7 	 2.924101276314504e9 	 5.544512162463503e-7
1310.867449120693 	 5.345749524343165e-7 	 2.9631612834898715e9 	 5.345749524343165e-7
1329.112617600915 	 5.154112235605234e-7 	 3.0027430524020486e9 	 5.154112235605234e-7
1347.6117295085178 	 4.969344862913238e-7 	 3.0428535527197504e9 	 4.969344862913238e-7
1366.368319327953 	 4.791201129841594e-7 	 3.083499847212199e9 	 4.791201129841594e-7
1385.3859707380163 	 4.619443588613778e-7 	 3.1246890929927535e9 	 4.619443588613778e-7
1404.6683172965538 	 4.4538433036081805e-7 	 3.166428542779157e9 	 4.4538433036081805e-7
1424.2190431346976 	 4.2941795462098334e-7 	 3.2087255461706147e9 	 4.2941795462098334e-7
1444.0418836607657 	 4.140239500601235e-7 	 3.251587550941932e9 	 4.140239500601235e-7
1464.1406262739572 	 3.9918179801001623e-7 	 3.295022104354939e9 	 3.9918179801001623e-7
1484.5191110879825 	 3.8487171536663403e-7 	 3.339036854487435e9 	 3.8487171536663403e-7
1505.181231664764 	 3.710746282212462e-7 	 3.383639551579882e9 	 3.710746282212462e-7
1526.1309357583496 	 3.577721464368059e-7 	 3.4288380494000893e9 	 3.577721464368059e-7
1547.3722260691798 	 3.449465391357373e-7 	 3.4746403066261253e9 	 3.449465391357373e-7
1568.9091610088517 	 3.325807110664504e-7 	 3.5210543882477045e9 	 3.325807110664504e-7
1590.745855475536 	 3.2065817981707633e-7 	 3.568088466986303e9 	 3.2065817981707633e-7
1612.886481640168 	 3.0916305384606765e-7 	 3.6157508247342153e9 	 3.0916305384606765e-7
1635.3352697436005 	 2.980800113003586e-7 	 3.6640498540128665e9 	 2.980800113003586e-7
1658.096508904841 	 2.8739427959286885e-7 	 3.712994059450589e9 	 2.8739427959286885e-7
1681.1745479405417 	 2.770916157121223e-7 	 3.7625920592801394e9 	 2.770916157121223e-7
1704.5737961958946 	 2.671582872377381e-7 	 3.8128525868562207e9 	 2.671582872377381e-7
1728.2987243870914 	 2.5758105403648745e-7 	 3.863784492193279e9 	 2.5758105403648745e-7
1752.353865455509 	 2.483471506145205e-7 	 3.9153967435238338e9 	 2.483471506145205e-7
1776.7438154337854 	 2.3944426910223995e-7 	 3.9676984288776345e9 	 2.3944426910223995e-7
1801.473234323946 	 2.3086054284914227e-7 	 4.020698757681904e9 	 2.3086054284914227e-7
1826.5468469877574 	 2.2258453060675947e-7 	 4.0744070623829584e9 	 2.2258453060675947e-7
1851.9694440494695 	 2.1460520127861902e-7 	 4.1288328000894957e9 	 2.1460520127861902e-7
1877.7458828111241 	 2.069119192168962e-7 	 4.183985554237824e9 	 2.069119192168962e-7
1903.8810881806014 	 1.9949443004615927e-7 	 4.239875036279342e9 	 1.9949443004615927e-7
1930.3800536125864 	 1.923428469953125e-7 	 4.296511087390562e9 	 1.923428469953125e-7
1957.247842062629 	 1.8544763771951964e-7 	 4.353903680205964e9 	 1.8544763771951964e-7
1984.4895869544846 	 1.787996115945415e-7 	 4.412062920574016e9 	 1.787996115945415e-7
2012.1104931609193 	 1.7238990746655335e-7 	 4.470999049336628e9 	 1.7238990746655335e-7
2040.1158379981634 	 1.6620998184111318e-7 	 4.530722444132399e9 	 1.6620998184111318e-7
2068.51097223421 	 1.6025159749553814e-7 	 4.59124362122393e9 	 1.6025159749553814e-7
2097.301321111144 	 1.5450681249951076e-7 	 4.652573237349572e9 	 1.5450681249951076e-7
2126.4923853817018 	 1.4896796962928037e-7 	 4.714722091599874e9 	 1.4896796962928037e-7
2156.089742360261 	 1.436276861613494e-7 	 4.777701127319136e9 	 1.436276861613494e-7
2186.0990469884514 	 1.384788440320419e-7 	 4.841521434032333e9 	 1.384788440320419e-7
2216.5260329156013 	 1.3351458034983692e-7 	 4.906194249397789e9 	 1.3351458034983692e-7
2247.3765135942313 	 1.2872827824781899e-7 	 4.971730961185951e9 	 1.2872827824781899e-7
2278.6563833907735 	 1.2411355806405857e-7 	 5.0381431092845545e9 	 1.2411355806405857e-7
2310.3716187117707 	 1.1966426883815975e-7 	 5.1054423877306185e9 	 1.1966426883815975e-7
2342.5282791457416 	 1.1537448011264522e-7 	 5.173640646769555e9 	 1.1537448011264522e-7
2375.13250862094 	 1.1123847402825009e-7 	 5.242749894941797e9 	 1.1123847402825009e-7
2408.1905365792277 	 1.0725073770258717e-7 	 5.312782301197296e9 	 1.0725073770258717e-7
2441.7086791662887 	 1.0340595588202626e-7 	 5.383750197038263e9 	 1.0340595588202626e-7
2475.6933404384044 	 9.969900385699282e-8 	 5.4556660786905365e9 	 9.969900385699282e-8
2510.15101358603 	 9.612494063124261e-8 	 5.528542609303951e9 	 9.612494063124261e-8
2545.088282174397 	 9.267900233600807e-8 	 5.602392621182099e9 	 9.267900233600807e-8
2580.5118214013864 	 8.935659588023777e-8 	 5.677229118041881e9 	 8.935659588023777e-8
2616.428399372908 	 8.615329282846527e-8 	 5.753065277303236e9 	 8.615329282846527e-8
2652.8448783960293 	 8.306482349814802e-8 	 5.829914452409456e9 	 8.306482349814802e-8
2689.768216290106 	 8.008707126860716e-8 	 5.907790175178504e9 	 8.008707126860716e-8
2727.2054677161586 	 7.72160670939843e-8 	 5.986706158185728e9 	 7.72160670939843e-8
2765.1637855247523 	 7.444798421290032e-8 	 6.066676297178408e9 	 7.444798421290032e-8
2803.6504221226396 	 7.177913304776506e-8 	 6.14771467352257e9 	 7.177913304776506e-8
2842.6727308584204 	 6.920595628693973e-8 	 6.229835556682457e9 	 6.920595628693973e-8
2882.2381674274916 	 6.672502414319615e-8 	 6.313053406733146e9 	 6.672502414319615e-8
2922.354291296549 	 6.433302978215354e-8 	 6.39738287690672e9 	 6.433302978215354e-8
2963.028767147918 	 6.202678491459902e-8 	 6.48283881617244e9 	 6.202678491459902e-8
3004.269366343986 	 5.980321554681706e-8 	 6.569436271851401e9 	 5.980321554681706e-8
3046.083968412016 	 5.765935788326328e-8 	 6.6571904922661085e9 	 5.765935788326328e-8
3088.480562549628 	 5.55923543761217e-8 	 6.746116929425432e9 	 5.55923543761217e-8
3131.4672491512424 	 5.359944991647864e-8 	 6.836231241745467e9 	 5.359944991647864e-8
3175.052241355745 	 5.1677988162039154e-8 	 6.927549296806678e9 	 5.1677988162039154e-8
3219.243866615721 	 4.982540799648775e-8 	 7.020087174147926e9 	 4.982540799648775e-8
3264.050568288513 	 4.80392401157767e-8 	 7.113861168097794e9 	 4.80392401157767e-8
3309.480907249432 	 4.6317103736790815e-8 	 7.208887790643742e9 	 4.6317103736790815e-8
3355.543563527416 	 4.465670342400163e-8 	 7.30518377433958e9 	 4.465670342400163e-8
3402.247337963458 	 4.3055826029881466e-8 	 7.402766075251781e9 	 4.3055826029881466e-8
3449.6011538921157 	 4.1512337744999226e-8 	 7.501651875945163e9 	 4.1512337744999226e-8
3497.614058846425 	 4.002418125386577e-8 	 7.601858588508427e9 	 4.002418125386577e-8
3546.295226286544 	 3.85893729927382e-8 	 7.703403857620141e9 	 3.85893729927382e-8
3595.653957352455 	 3.720600050572784e-8 	 7.806305563655656e9 	 3.720600050572784e-8
3645.699682641063 	 3.587221989568778e-8 	 7.910581825835538e9 	 3.587221989568778e-8
3696.4419640080287 	 3.4586253366482484e-8 	 8.016251005416043e9 	 3.4586253366482484e-8
3747.890496394677 	 3.334638685336331e-8 	 8.123331708922228e9 	 3.334638685336331e-8
3800.0551096803397 	 3.215096773829171e-8 	 8.231842791424234e9 	 3.215096773829171e-8
3852.945770560472 	 3.099840264716468e-8 	 8.341803359857345e9 	 3.099840264716468e-8
3906.5725844509143 	 2.988715532600643e-8 	 8.453232776386378e9 	 2.988715532600643e-8
3960.9457974186585 	 2.881574459329557e-8 	 8.5661506618150425e9 	 2.881574459329557e-8
4016.0757981394845 	 2.7782742365698238e-8 	 8.680576899040823e9 	 2.7782742365698238e-8
4071.9731198828445 	 2.6786771754575936e-8 	 8.796531636556005e9 	 2.6786771754575936e-8
4128.648442524377 	 2.582650523073062e-8 	 8.914035291995491e9 	 2.582650523073062e-8
4186.112594586427 	 2.490066285494118e-8 	 9.033108555731985e9 	 2.490066285494118e-8
4244.376555306972 	 2.4008010571932368e-8 	 9.153772394519218e9 	 2.4008010571932368e-8
4303.451456737338 	 2.314735856550263e-8 	 9.276048055183832e9 	 2.314735856550263e-8
4363.348585869114 	 2.2317559672618226e-8 	 9.399957068366566e9 	 2.2317559672618226e-8
4424.079386790688 	 2.151750785435931e-8 	 9.52552125231347e9 	 2.151750785435931e-8
4485.655462873756 	 2.0746136721681107e-8 	 9.65276271671768e9 	 2.0746136721681107e-8
4548.088578990308 	 2.0002418114023764e-8 	 9.78170386661257e9 	 2.0002418114023764e-8
4611.390663760445 	 1.9285360728877204e-8 	 9.912367406316898e9 	 1.9285360728877204e-8
4675.573811831495 	 1.8594008800474028e-8 	 1.004477634343265e10 	 1.8594008800474028e-8
4740.650286188838 	 1.7927440825849388e-8 	 1.0178953992896263e10 	 1.7927440825849388e-8
4806.632520498911 	 1.7284768336569674e-8 	 1.031492398108401e10 	 1.7284768336569674e-8
4873.533121484802 	 1.6665134714492997e-8 	 1.0452710249972178e10 	 1.6665134714492997e-8
4941.364871334932 	 1.6067714049982865e-8 	 1.0592337061352848e10 	 1.6067714049982865e-8
5010.140730145242 	 1.549171004105329e-8 	 1.0733829001105976e10 	 1.549171004105329e-8
5079.873838395385 	 1.493635493197784e-8 	 1.0877210983528555e10 	 1.493635493197784e-8
5150.577519459375 	 1.4400908489948116e-8 	 1.1022508255721565e10 	 1.4400908489948116e-8
5222.265282151184 	 1.3884657018417414e-8 	 1.1169746402035591e10 	 1.3884657018417414e-8
5294.950823305765 	 1.3386912405814649e-8 	 1.1318951348575758e10 	 1.3386912405814649e-8
5368.648030396006 	 1.2907011208360455e-8 	 1.1470149367766884e10 	 1.2907011208360455e-8
5443.370984186103 	 1.2444313765762973e-8 	 1.1623367082979605e10 	 1.2444313765762973e-8
5519.1339614218605 	 1.19982033486147e-8 	 1.1778631473218279e10 	 1.19982033486147e-8
5595.951437558448 	 1.1568085336353846e-8 	 1.1935969877871548e10 	 1.1568085336353846e-8
5673.838089526105 	 1.1153386424694635e-8 	 1.2095410001526306e10 	 1.1153386424694635e-8
5752.808798534361 	 1.0753553861470015e-8 	 1.2256979918846025e10 	 1.0753553861470015e-8
5832.878652915267 	 1.0368054709868327e-8 	 1.2420708079514208e10 	 1.0368054709868327e-8
5914.062951006211 	 9.996375138081836e-9 	 1.2586623313243881e10 	 9.996375138081836e-9
5996.3772040728545 	 9.638019734420342e-9 	 1.2754754834854033e10 	 9.638019734420342e-9
6079.8371392727495 	 9.292510846976947e-9 	 1.2925132249413809e10 	 9.292510846976947e-9
6164.458702660223 	 8.959387946965787e-9 	 1.3097785557455513e10 	 8.959387946965787e-9
6250.258062233039 	 8.638207014883346e-9 	 1.3272745160257109e10 	 8.638207014883346e-9
6337.2516110215165 	 8.328539948674772e-9 	 1.3450041865195417e10 	 8.328539948674772e-9
6425.455970220613 	 8.029973993116712e-9 	 1.3629706891170738e10 	 8.029973993116712e-9
6514.887992365615 	 7.742111189655851e-9 	 1.381177187410398e10 	 7.742111189655851e-9
6605.564764552017 	 7.464567845970002e-9 	 1.3996268872507195e10 	 7.464567845970002e-9
6697.5036117002255 	 7.196974024544597e-9 	 1.418323037312852e10 	 7.196974024544597e-9
6790.722099865702 	 6.938973049583e-9 	 1.4372689296672552e10 	 6.938973049583e-9
6885.238039595173 	 6.690221031593334e-9 	 1.456467900359711e10 	 6.690221031593334e-9
6981.069489329556 	 6.4503864090182016e-9 	 1.4759233299987436e10 	 6.4503864090182016e-9
7078.234758854245 	 6.2191495062962935e-9 	 1.4956386443508863e10 	 6.2191495062962935e-9
7176.752412797432 	 5.996202107766821e-9 	 1.515617314943901e10 	 5.996202107766821e-9
7276.641274177095 	 5.7812470468489075e-9 	 1.5358628596780539e10 	 5.7812470468489075e-9
7377.920427997379 	 5.5739978099482275e-9 	 1.5563788434455574e10 	 5.5739978099482275e-9
7480.60922489502 	 5.374178154563067e-9 	 1.5771688787582855e10 	 5.374178154563067e-9
7584.727284836523 	 5.1815217410806896e-9 	 1.598236626383877e10 	 5.1815217410806896e-9
7690.2945008667975 	 4.99577177777328e-9 	 1.6195857959903316e10 	 4.99577177777328e-9
7797.331042909975 	 4.816680678520257e-9 	 1.6412201467992191e10 	 4.816680678520257e-9
7905.857361623118 	 4.64400973280074e-9 	 1.6631434882476154e10 	 4.64400973280074e-9
8015.894192303576 	 4.477528787516299e-9 	 1.6853596806588764e10 	 4.477528787516299e-9
8127.462558850716 	 4.317015940219908e-9 	 1.7078726359223757e10 	 4.317015940219908e-9
8240.583777782802 	 4.1622572433421635e-9 	 1.730686318182321e10 	 4.1622572433421635e-9
8355.279462309782 	 4.013046419020589e-9 	 1.753804744535773e10 	 4.013046419020589e-9
8471.57152646274 	 3.869184584151885e-9 	 1.7772319857399815e10 	 3.869184584151885e-9
8589.482189280894 	 3.730479985300601e-9 	 1.8009721669291874e10 	 3.730479985300601e-9
8709.033979056756 	 3.5967477431110522e-9 	 1.825029468340975e10 	 3.5967477431110522e-9
8830.249737640474 	 3.4678096058815947e-9 	 1.8494081260523457e10 	 3.4678096058815947e-9
8953.152624804052 	 3.343493711972936e-9 	 1.8741124327256203e10 	 3.343493711972936e-9
9077.7661226663 	 3.2236343607337774e-9 	 1.8991467383642986e10 	 3.2236343607337774e-9
9204.114040179391 	 3.1080717916384073e-9 	 1.9245154510790237e10 	 3.1080717916384073e-9
9332.220517677857 	 2.9966519713419044e-9 	 1.9502230378637733e10 	 2.9966519713419044e-9
9462.110031490889 	 2.889226388369104e-9 	 1.9762740253824184e10 	 2.889226388369104e-9
9593.807398618857 	 2.785651855163647e-9 	 2.0026730007657955e10 	 2.785651855163647e-9
9727.337781474893 	 2.6857903172332966e-9 	 2.0294246124194176e10 	 2.6857903172332966e-9
9862.72669269249 	 2.589508669137108e-9 	 2.056533570841979e10 	 2.589508669137108e-9
10000.0 	 2.4966785770691907e-9 	 2.0840046494547947e10 	 2.4966785770691907e-9
