###################################
#   ____       ____  ____  _____  #
#  / ___| __ _|  _ \/ ___|| ____| #
# | |  _ / _` | |_) \___ \|  _|   #
# | |_| | (_| |  __/ ___) | |___  # 
#  \____|\__,_|_|   |____/|_____| #
###################################
# 
#
# The I_l^n and their ratio to the analytic large-s asymptote
#   A / (2 pi^2) * M_l(mu) * s^-(3+n_s) ,   mu = 3 + n_s - n
# with P(q) -> A q^n_s for q -> 0 . All the ratios must tend to 1 .
#
# From the `InputPS` left fit: n_s = 0.9599997973713535 , A = 3.0123088245442463e6
# Shown only for 10.0 <= s <= 96466.16199111959 , where every I_l^n is a spline.
#
# s [h_0^{-1} Mpc] 	 I00 	 I20 	 I40 	 I02 	 I22 	 I31 	 I13 	 I11 	 I00_ratio 	 I20_ratio 	 I40_ratio 	 I02_ratio 	 I22_ratio 	 I31_ratio 	 I13_ratio 	 I11_ratio
10.174413566685583 	 0.33042572435832307 	 0.29257835618485084 	 0.22242003882863504 	 0.7427222244249034 	 0.056247845227073115 	 0.0735711992876409 	 0.2663233565496638 	 0.20766802684772456 	 -0.010989083101668977 	 0.002358879630206634 	 0.0003129137705137556 	 0.04647733247918599 	 0.0018676610517415584 	 0.0006168859003211685 	 0.017332350159589987 	 0.006630226802846954
10.502110796366663 	 0.3132695190572873 	 0.28239630421150014 	 0.21607796074712868 	 0.6908585280157398 	 0.053953176740546706 	 0.07121060927980417 	 0.2482705682515172 	 0.19855527442292914 	 -0.011812012343241562 	 0.0025813134133984314 	 0.0003446508714159745 	 0.04901421399210623 	 0.002031081441491652 	 0.000676955085255069 	 0.01831857056570489 	 0.007187176683356525
10.84036248932338 	 0.2968254749564043 	 0.27245877821728204 	 0.20984974271504153 	 0.6424558890762067 	 0.05173252700012171 	 0.06890121727604626 	 0.2313961386922056 	 0.18976141772456215 	 -0.012688931943700372 	 0.0028235837845431043 	 0.00037948576917661594 	 0.051676653176715284 	 0.0022079648487464856 	 0.0007426089736373906 	 0.0193571134770415 	 0.007787587769820996
11.189508583415885 	 0.28107264638961954 	 0.26276356863573547 	 0.20373502836685517 	 0.5972920229553514 	 0.04958427901128819 	 0.06664265671465586 	 0.21562543398955564 	 0.18127873834178498 	 -0.013622619436797025 	 0.0030873308364654916 	 0.0004177061814890082 	 0.05446981798336783 	 0.002399333454574327 	 0.0008143362075058619 	 0.0204504382749441 	 0.008434513795271294
11.549899965213484 	 0.2659903768031592 	 0.25330838508526604 	 0.1977334524578609 	 0.5551585053367012 	 0.04750682710331772 	 0.06443454822044677 	 0.20088844414755433 	 0.17309958729614175 	 -0.014615918448845194 	 0.00337431583739982 	 0.0004596248406987264 	 0.05739900342410973 	 0.0026062782357935952 	 0.0008926647302943027 	 0.021601093335363204 	 0.009131189593885952
11.921898822630393 	 0.25155824553808526 	 0.2440909215444765 	 0.19184457463178578 	 0.5158599442868402 	 0.045498577696254476 	 0.0622764994537518 	 0.18711950732828436 	 0.16521638902752053 	 -0.015671728111924358 	 0.0036864295278601343 	 0.0005055813087988107 	 0.06046962928002304 	 0.0028299627384940273 	 0.0009781645648494891 	 0.022811717699444744 	 0.009881038665085409
12.305879008919092 	 0.2377561280793071 	 0.23510881803803274 	 0.18606791647540621 	 0.47921323318604164 	 0.043557950727254276 	 0.0601681049304913 	 0.17425706130446655 	 0.15762164870577997 	 -0.016792996435469866 	 0.004025699670759038 	 0.0005559441023514184 	 0.06368724264684261 	 0.003071627031123777 	 0.001071450744382247 	 0.024085044538731136 	 0.010687681018597552
12.702226418387234 	 0.22456431433867577 	 0.22635953046533255 	 0.18040309730327397 	 0.44504673226964103 	 0.04168337901841792 	 0.0581089468240867 	 0.16224337042886333 	 0.1503079482680028 	 -0.017982719270976336 	 0.004394296764610357 	 0.000611113344645681 	 0.06705750730552296 	 0.0033325916648949444 	 0.001173186419409196 	 0.025423900057733727 	 0.011554940384589945
13.111339374215643 	 0.21196336402711016 	 0.2178404767335042 	 0.1748496874211725 	 0.4131995474236718 	 0.03987330835988889 	 0.056098594879239565 	 0.15102428526042944 	 0.1432679469202048 	 -0.019243921184886364 	 0.004794544153877803 	 0.0006715228312301269 	 0.07058619491509416 	 0.003614261759104572 	 0.0012840861185152437 	 0.026831203109857114 	 0.012486851438655107
13.533629028767072 	 0.19993408698193335 	 0.20954906724801756 	 0.1694071734383766 	 0.3835208811242151 	 0.038126198111131805 	 0.05413660581234206 	 0.14054902641118044 	 0.13649438474331696 	 -0.02057963911601436 	 0.005228927504074693 	 0.0007376423858398927 	 0.07427917871893354 	 0.0039181312184537785 	 0.0014049191619866389 	 0.028309965770886812 	 0.013487667079318217
13.969519776788154 	 0.1884576811484559 	 0.20148258576878383 	 0.16407508210087424 	 0.3558694568504052 	 0.03644052259075861 	 0.052222523981379755 	 0.13076999314690532 	 0.12998008897241325 	 -0.021992920226332213 	 0.005700100978214692 	 0.0008099810206769004 	 0.07814243481667958 	 0.004245787143652925 	 0.0015365132702079996 	 0.029863296661460648 	 0.014561865893203234
14.419449681919767 	 0.17751561529481233 	 0.1936383031630001 	 0.15885286741337176 	 0.33011289845209585 	 0.03481477086603623 	 0.050355881510910284 	 0.1216425564397293 	 0.12371797281927079 	 -0.02348679530834524 	 0.006210898710824714 	 0.0008890893660870872 	 0.08218202955882664 	 0.0045989142002604835 	 0.0016797583370696811 	 0.031494399431508426 	 0.015714158791091247
14.883870916944336 	 0.16708960416620172 	 0.18601350133017672 	 0.1537398839600655 	 0.3061271581047618 	 0.03324744661281312 	 0.048536197898606075 	 0.11312486823986442 	 0.11770103516545952 	 -0.025064253584155396 	 0.006764345641089437 	 0.0009755623949030302 	 0.08640410445197214 	 0.004979299027487836 	 0.001835610359046914 	 0.03320657040783925 	 0.016949495243372463
15.363250218212745 	 0.1571617606093146 	 0.17860532849530028 	 0.14873553103465253 	 0.2837960094702105 	 0.031737068593544415 	 0.046762979932850425 	 0.10517769268853251 	 0.11192236303487163 	 -0.02672824083661022 	 0.007363662575382178 	 0.0010700433577759693 	 0.09081486523158058 	 0.005388834753195913 	 0.0020050955380013988 	 0.035003197755827324 	 0.01827306936455433
15.858069354707283 	 0.14771457000504865 	 0.171410838649787 	 0.14383922304371388 	 0.26301059808801236 	 0.030282171863470035 	 0.04503572309907158 	 0.09776425665072053 	 0.10637513621827853 	 -0.028481638506619625 	 0.008012275848135094 	 0.0011732271932003745 	 0.09542058001904831 	 0.005829525691369039 	 0.0021893146199031296 	 0.0368877639096213 	 0.019690325976752448
16.368825612212245 	 0.13873080328028167 	 0.16442708383891433 	 0.13905029249251813 	 0.24366897587135364 	 0.028881307988844487 	 0.04335391090449038 	 0.09085009461982327 	 0.10105262903973201 	 -0.03032722555253384 	 0.008713830593292048 	 0.0012858634256081862 	 0.10022756654677348 	 0.006303491963194763 	 0.0023894473341096374 	 0.03886384416263424 	 0.021206965923010884
16.896032293078683 	 0.1301935726717679 	 0.15765105530591939 	 0.13436804472641628 	 0.22567564736689388 	 0.027533044723245904 	 0.041717014290333705 	 0.08440289736281606 	 0.09594820932589576 	 -0.032267659833151115 	 0.009472198380761063 	 0.0014087602188178824 	 0.10524216895930133 	 0.0068129739865200175 	 0.002606756979147094 	 0.04093510155833558 	 0.022828950189982638
17.4402192320855 	 0.12208636032976528 	 0.1510796564593056 	 0.12979179561383278 	 0.20894117440404367 	 0.02623596641659917 	 0.04012449315330552 	 0.07839238027298967 	 0.0910553389296903 	 -0.03430545759860596 	 0.01029148478657088 	 0.0015427887646700096 	 0.11047074157220022 	 0.007360337039391394 	 0.00284259528402906 	 0.0431052842414989 	 0.024562503337621448
18.001933328915445 	 0.11439294642535765 	 0.14470978955629027 	 0.12532078372370256 	 0.19338182206721682 	 0.024988674968681093 	 0.03857579618285614 	 0.0727901656783858 	 0.0863675786605493 	 -0.03644294463770873 	 0.011176044043631327 	 0.0016888865372682424 	 0.11591964186828928 	 0.007948075949306584 	 0.0030984073556950286 	 0.04537822609377746 	 0.026414117205336405
18.581739097781092 	 0.10709744919545656 	 0.1385383253653681 	 0.12095419867239979 	 0.17891921079026601 	 0.023789790419419785 	 0.03707036057682401 	 0.0675696670700293 	 0.08187859152027488 	 -0.03868222858631428 	 0.012130487962341148 	 0.0018480616934553082 	 0.12159521964578297 	 0.008578819716356167 	 0.0033757367510489373 	 0.04775784599210558 	 0.02839055382587356
19.180219234753075 	 0.1001843920987396 	 0.13256202716830465 	 0.11669126228518474 	 0.16547995839100724 	 0.022637950506950277 	 0.03560761277906992 	 0.06270596963304285 	 0.07758213975568143 	 -0.04102518726204911 	 0.013159688801037663 	 0.002021398779588839 	 0.12750378455305528 	 0.009255335710913571 	 0.0036762307623378976 	 0.05024813929667654 	 0.03049884548142274
19.797975203360895 	 0.09363861038167849 	 0.12677764889831114 	 0.11253113106341622 	 0.152995371206316 	 0.021531810998524862 	 0.034186968565961075 	 0.058175727402018616 	 0.07347208642666322 	 -0.043473400258416776 	 0.014268795734336025 	 0.002210062167866564 	 0.13365158366930394 	 0.009980533897114792 	 0.004001645789662723 	 0.05285317283827411 	 0.03274629455194259
20.43562783905473 	 0.08744527125623439 	 0.12118192566688278 	 0.1084729053058979 	 0.14140116464837318 	 0.020470046394096802 	 0.03280783299611156 	 0.05395707034768733 	 0.06954239897437242 	 -0.04602810804309385 	 0.015463244458756556 	 0.0024153007905649442 	 0.14004478750850277 	 0.010757471070488684 	 0.004353852798965869 	 0.05557708283497481 	 0.03514047310604553
21.093817973135693 	 0.08158996390903725 	 0.11577149214064895 	 0.10451571973133333 	 0.13063720203493262 	 0.01945135074251191 	 0.03146960169599749 	 0.050029517592429316 	 0.06578715201656204 	 -0.048690213681819736 	 0.016748755700764 	 0.0026384551226817103 	 0.14668948285132796 	 0.011589355096124222 	 0.0047348430455898104 	 0.05842407517625258 	 0.03768922148325419
21.773207076781627 	 0.07605858964007321 	 0.11054298508496212 	 0.10065864259679723 	 0.12064721504641165 	 0.018474437201147872 	 0.030171661097394213 	 0.046373884082306076 	 0.06220052490834512 	 -0.05146018608931801 	 0.018131354535525997 	 0.002880960544355547 	 0.15359163146813626 	 0.012479548313807235 	 0.005146733807353259 	 0.06139841333814175 	 0.04040064283506287
22.47447792581576 	 0.0708373716526297 	 0.1054930377748075 	 0.09690067842645632 	 0.11137856148356055 	 0.017538038234246215 	 0.028913388028752 	 0.04297219990570289 	 0.05877680314247906 	 -0.054338002325155114 	 0.019617380030478186 	 0.00314435233010485 	 0.160757040202028 	 0.013431570844115203 	 0.0055917740652899365 	 0.06450441017196248 	 0.04328309738912117
23.198335286886028 	 0.06591293608428671 	 0.10061820476685635 	 0.09324084679631686 	 0.10278200530032415 	 0.016640906101404968 	 0.02769415022331047 	 0.0398076371337833 	 0.05551038028371434 	 -0.057323147922589385 	 0.02121347986720813 	 0.0034302734332611554 	 0.1681913392044103 	 0.01444910375014214 	 0.006072350332502858 	 0.06774642242493366 	 0.046345195455353136
23.945506625745004 	 0.06127224802381228 	 0.09591503284109164 	 0.08967812580599094 	 0.09481151797414973 	 0.015781813733291197 	 0.026513308378154667 	 0.03686444390248488 	 0.052395760288301306 	 -0.060414520589161226 	 0.022926627590493683 	 0.0037404788115874897 	 0.17589997865680979 	 0.015535992310276739 	 0.006590992899834035 	 0.07112885174186286 	 0.049595789378881906
24.716742838342068 	 0.056902593310845684 	 0.09138007664171967 	 0.08621143038802942 	 0.08742406342191313 	 0.014959554388163859 	 0.02537021528996417 	 0.03412787260345244 	 0.04942755665085512 	 -0.06361034097696176 	 0.024764134812490256 	 0.00407684003691919 	 0.18388818241230115 	 0.016696247974328574 	 0.007150381573838114 	 0.07465612987232194 	 0.0530439610960481
25.512819005462422 	 0.0527916029660136 	 0.08700987346262758 	 0.08283964045013423 	 0.08057940693625774 	 0.014172941683226423 	 0.024264216273251694 	 0.03158411620661339 	 0.046600492142880395 	 -0.06690809393793623 	 0.02673365404176856 	 0.004441351755519716 	 0.19216090850407658 	 0.017934049919531386 	 0.007753351597627979 	 0.07833270599691887 	 0.05669900707044055
26.334535171671746 	 0.048927194973110225 	 0.08280099613991937 	 0.07956157085251092 	 0.0742399429615267 	 0.01342080989303332 	 0.023194652427490053 	 0.029220250951601832 	 0.04390939703767653 	 -0.07030436206306004 	 0.028843203428799924 	 0.004836135488947549 	 0.20072282058297036 	 0.019253746239842304 	 0.008402900563514146 	 0.08216303760263442 	 0.060570417689482785
27.182717149348836 	 0.045297625400079734 	 0.07875000914321911 	 0.07637602247966033 	 0.06837054162690044 	 0.012702014634968863 	 0.022160861660411358 	 0.027024185420640168 	 0.04134921151443296 	 -0.07379476168886782 	 0.03110116728285573 	 0.005263447465827437 	 0.209578287252916 	 0.02065985517048834 	 0.009102195157994814 	 0.08615159105254638 	 0.06466785746883391
28.058217348614647 	 0.04189178278614005 	 0.07485318702267005 	 0.07328202780782976 	 0.06293838575547973 	 0.012015432696696861 	 0.02116217354721427 	 0.02498460615068032 	 0.03891498993627003 	 -0.07737436298235127 	 0.033516180236652926 	 0.005725703812450623 	 0.2187313388588149 	 0.022157064601686545 	 0.009854575399924485 	 0.09030282628785401 	 0.06900114657686737
28.961915633991705 	 0.03869919490923698 	 0.07110652961517924 	 0.0702787864978199 	 0.05791281937552393 	 0.011359962095332491 	 0.020197902301857036 	 0.023090927156866274 	 0.036601908174805416 	 -0.0810379261753803 	 0.036097061495266654 	 0.006225493714348396 	 0.22818561595742679 	 0.023750230888210027 	 0.01066355607791845 	 0.09462117818667512 	 0.07358024963823903
29.89472020865459 	 0.03570955971343309 	 0.06750623743890721 	 0.06736519541110134 	 0.05326521292119281 	 0.0107345226534896 	 0.01926734755000123 	 0.021333245191477335 	 0.03440526571744676 	 -0.08477914430891505 	 0.03885298707291497 	 0.006765552427769706 	 0.23794433445895427 	 0.025444377803433893 	 0.011532829361024642 	 0.09911104379648605 	 0.07841526076463008
30.85756852716052 	 0.032912622335975826 	 0.06404881531896452 	 0.0645398164659393 	 0.04896884291712001 	 0.010138056751802802 	 0.018369804540700554 	 0.01970229988960383 	 0.03232047921831344 	 -0.0885900944281614 	 0.04179359761915617 	 0.007348751483580323 	 0.24801028319549787 	 0.027244695697588757 	 0.012466272477939105 	 0.10377678094114587 	 0.08351637026780745
31.851428237577114 	 0.03029847211311718 	 0.060730755905855825 	 0.06180123645646906 	 0.04499876954235202 	 0.009569529268759869 	 0.017504570337474993 	 0.01818943293706624 	 0.030343076006324337 	 -0.09246163134250905 	 0.04492886913908466 	 0.007978130645779376 	 0.25838579213446006 	 0.029156538549811848 	 0.013467955720110187 	 0.1086226952754672 	 0.08889382001344429
32.87729815395404 	 0.02785756303635231 	 0.057548518549359766 	 0.05914807483662445 	 0.041331717108232045 	 0.009027927154837499 	 0.01667094191228347 	 0.016786548087774245 	 0.02846869386190402 	 -0.09638336617912091 	 0.04826908806610445 	 0.008656906727459649 	 0.26907266740930386 	 0.031185418708380683 	 0.014542146244424412 	 0.11365301432619586 	 0.0945578636543329
33.93620926011613 	 0.02558066187983246 	 0.05449858562137227 	 0.05657891880797472 	 0.03794596933463152 	 0.008512259483775944 	 0.015868214918478146 	 0.015486076272897123 	 0.026693082500401567 	 -0.10034341797539598 	 0.051824882000864866 	 0.009388471961061781 	 0.2800721544061254 	 0.0333370013144096 	 0.01569331125252286 	 0.1188718710521342 	 0.10051872771538277
35.029225745786704 	 0.023458954190505615 	 0.05157736013476818 	 0.054092428847698666 	 0.0348212748965912 	 0.008021557783088735 	 0.015095684140352412 	 0.014280944226608997 	 0.025012104775091262 	 -0.10432872621940453 	 0.05560711267431277 	 0.010176417049035652 	 0.2913849342891559 	 0.03561709866536963 	 0.01692612171415688 	 0.12428329895733893 	 0.10678657031777479
36.157446076082074 	 0.021483959699419984 	 0.048781254034685174 	 0.05168724835206897 	 0.031938755537165714 	 0.007554876221895226 	 0.014352643198107742 	 0.01316454391966646 	 0.023421737911368378 	 -0.10832475905735721 	 0.059626915107896986 	 0.011024527160941018 	 0.3030111158908183 	 0.038031663453850645 	 0.018245454777093925 	 0.12989122486260626 	 0.11337143949683816
37.32200409545253 	 0.019647484807154312 	 0.046106730874279606 	 0.0493619588998398 	 0.029280812064044245 	 0.007111291229451389 	 0.013638384253445634 	 0.012130701097754914 	 0.0219180718938113 	 -0.11231519338065195 	 0.06389573284431935 	 0.011936777267130197 	 0.3149501594392028 	 0.040586778146020526 	 0.019656395028365855 	 0.13569943552475627 	 0.12028321733451632
38.52407016717897 	 0.017941710709224973 	 0.04355021655773902 	 0.047115172759057744 	 0.026831042589466673 	 0.006689901512563223 	 0.012952198473828115 	 0.011173648033920982 	 0.020497309088987996 	 -0.11628228100398835 	 0.06842518638485912 	 0.012917356242948576 	 0.3272008392520505 	 0.04328864400601091 	 0.02116423547081479 	 0.1417115575330907 	 0.1275315634736156
39.764852349570305 	 0.016359131470118374 	 0.04110816081037386 	 0.044945479643555046 	 0.02457416812393799 	 0.006289828260240311 	 0.012293377207704135 	 0.010287998794676706 	 0.019155764093497413 	 -0.12020653538024018 	 0.07322710448869046 	 0.013970662893256299 	 0.33976123794774726 	 0.04614356983935807 	 0.022774478788442604 	 0.1479310479480063 	 0.13512585618168274
41.04559761004398 	 0.014892544302974292 	 0.03877705000065618 	 0.04285143599043417 	 0.02249596326324388 	 0.005910215410463662 	 0.011661212284441485 	 0.009468726224576849 	 0.017889864767876826 	 -0.12406660065399115 	 0.07831351670263251 	 0.015101306387832386 	 0.3526287715689576 	 0.04915796064076714 	 0.024492836607260503 	 0.1543611955932914 	 0.1430751405874157
42.36759307830935 	 0.013535075640485473 	 0.03655337619755275 	 0.040831593177330774 	 0.020583183096288787 	 0.005550229247532556 	 0.011054995624983367 	 0.00871113744799046 	 0.016696150612679407 	 -0.12783942668666484 	 0.08369655854453431 	 0.01631411838322672 	 0.36580011046809996 	 0.05233830022813887 	 0.026325225729137095 	 0.16100508228436386 	 0.15138805953076792
43.73216733991371 	 0.012280153522673433 	 0.03443365797545005 	 0.03888448965594033 	 0.01882349921413588 	 0.005209058317914625 	 0.01047402109019863 	 0.008010852510742428 	 0.015571270499374491 	 -0.13150009552599037 	 0.08938845091357082 	 0.01761415574395559 	 0.3792711426735749 	 0.05569113345149358 	 0.02827776738965962 	 0.167865558505243 	 0.16007277085478133
45.14069177145083 	 0.011121495861375228 	 0.03241445281027469 	 0.037008638516425746 	 0.017205441375350215 	 0.00488591347315858 	 0.009917584475242925 	 0.007363784949536547 	 0.014511982890549975 	 -0.135021715489435 	 0.09540147497943936 	 0.019006698341505292 	 0.39303696987974135 	 0.05922304780978768 	 0.03035678165339411 	 0.17494523000825798 	 0.1691368803660328
46.5945819187737 	 0.010053093712222492 	 0.03049237492721521 	 0.035202515233457896 	 0.01571834459468538 	 0.004580028104362698 	 0.00938498430866759 	 0.006766124233014869 	 0.013515156213145899 	 -0.13837520994230745 	 0.10174797875516493 	 0.020497241288510187 	 0.4070919694469564 	 0.06294065673328939 	 0.03256878177837418 	 0.18224646838563432 	 0.17858738291974385
48.09529891959681 	 0.009069239509333324 	 0.028664056321134623 	 0.03346460763797434 	 0.01435229315292312 	 0.0042906577399105 	 0.008875523422729856 	 0.006214316964252367 	 0.012577765276822646 	 -0.14152969738190105 	 0.10844020574522413 	 0.02209152012010257 	 0.4214297311124909 	 0.06685057465344198 	 0.034920470198223114 	 0.18977137284109824 	 0.18843055786221646
49.64435097191768 	 0.008164447878801169 	 0.02692622067394251 	 0.031793345784685394 	 0.013098070381564346 	 0.004017079802334186 	 0.008388509494089706 	 0.00570505006126759 	 0.011696889517581225 	 -0.14445137246085019 	 0.11549049161578506 	 0.023795467504435102 	 0.43604302034790293 	 0.07095939047202512 	 0.0374187308838412 	 0.1975217401533582 	 0.19867187056308563
51.24329484973299 	 0.007333490876811902 	 0.0252756439115131 	 0.030187147111908157 	 0.011947113238425518 	 0.003758593491319418 	 0.007923255860488755 	 0.00523523557656028 	 0.010869711596108333 	 -0.14710375290450942 	 0.12291112747284744 	 0.025615227911159107 	 0.4509237857187705 	 0.07527364026116289 	 0.04007062151960088 	 0.20549904939145508 	 0.20931587095601836
52.89373746757309 	 0.006571422856839445 	 0.023709127196249263 	 0.028644450909638745 	 0.010891471474296659 	 0.0035145198541836676 	 0.0074790825865554324 	 0.004801997109488804 	 0.010093516684362902 	 -0.1494481541623611 	 0.13071417484521383 	 0.027557181690650728 	 0.46606325891301137 	 0.07979978252452327 	 0.04288336651683753 	 0.21370448042834123 	 0.22036610120466665
54.59733749542696 	 0.005873495979584423 	 0.022223571868750538 	 0.027163652542290057 	 0.009923765342961596 	 0.0032842014111568243 	 0.007055317773005803 	 0.004402655584715753 	 0.009365689282778322 	 -0.15144186947373658 	 0.13891179584793184 	 0.029627882223675718 	 0.48145193948534976 	 0.08454416418009567 	 0.045864352554144 	 0.22213888642803056 	 0.23182494913954238
56.35580702568049 	 0.005235199844033408 	 0.020815934480215983 	 0.025743146415498557 	 0.009037146207868503 	 0.003067001742446566 	 0.006651297270816366 	 0.00403471598345627 	 0.008683711441416464 	 -0.15303849845371104 	 0.14751606571261766 	 0.031834073495265534 	 0.49707956274489856 	 0.0895129807505098 	 0.04902111568762722 	 0.23080275670447759 	 0.24369350594552136
58.170913293743574 	 0.004652226589524045 	 0.019483254078630687 	 0.0243813081454283 	 0.008225261351157401 	 0.0028623052509453343 	 0.006266366032008429 	 0.0036958555340514754 	 0.008045160222718242 	 -0.1541865302130656 	 0.15653917762156097 	 0.03418265061835072 	 0.5129351371083305 	 0.09471223577714928 	 0.05236133817210446 	 0.23969620315438975 	 0.25597138314133155
60.044480454095236 	 0.004120437491641386 	 0.01822267651422367 	 0.02307648723708135 	 0.0074822222796510265 	 0.002669517040904481 	 0.005899880535900719 	 0.003383913106859529 	 0.0074477046686216835 	 -0.15482712561998235 	 0.16599379896708222 	 0.03668061239044849 	 0.529007092548794 	 0.10014770095009741 	 0.05589286099648493 	 0.24881898567127728 	 0.26865647316577296
61.97839141353119 	 0.003635806974502623 	 0.017031501078878478 	 0.02182696822748204 	 0.006802573110333417 	 0.002488062517073804 	 0.005551209900908649 	 0.0030968785424625653 	 0.006889102684460367 	 -0.15488975196725818 	 0.17589389658578572 	 0.039334935174705925 	 0.5452833686841377 	 0.10582486418612129 	 0.05962369910874603 	 0.25817050876051845 	 0.2817446417806788
63.974589723456994 	 0.0031944569051998955 	 0.015907131079253147 	 0.020631033466753167 	 0.006181259916847098 	 0.0023173867574208602 	 0.00521973779228662 	 0.00283288222473616 	 0.006367195994817681 	 -0.1542897390280743 	 0.1862549605818188 	 0.042152578996855636 	 0.5617514270109394 	 0.11174885886100451 	 0.06356207986080313 	 0.2677497795455785 	 0.29522924145561413
66.03508153312798 	 0.0027925569250225168 	 0.014847158733868765 	 0.019486895867559872 	 0.005613603734024868 	 0.0021569540325383323 	 0.004904864943061236 	 0.0025901859221636554 	 0.005879905219630427 	 -0.15291855674538823 	 0.1970958522974301 	 0.04514025173752779 	 0.5783983906883698 	 0.11792438250699872 	 0.06771651679079296 	 0.2775554031090356 	 0.30910043955015
68.16193760579887 	 0.002426150192966012 	 0.013849516699007934 	 0.018392583696128454 	 0.0050952761672773935 	 0.0020062473278973985 	 0.004606014342162343 	 0.0023671744983770945 	 0.005425222297324647 	 -0.1506239329609594 	 0.20844279910523603 	 0.04830390017750487 	 0.595211339481404 	 0.12435559711662658 	 0.07209596979658613 	 0.28758561960427476 	 0.32334412911401655
70.35729539980996 	 0.0020913745337842083 	 0.012912234136567967 	 0.01734621234647398 	 0.004622276193474017 	 0.001864767620396106 	 0.004322635211863138 	 0.0021623479379598506 	 0.005001202890117392 	 -0.14720625388574904 	 0.22032907726160492 	 0.051649040827627384 	 0.612177700194398 	 0.13104598825299726 	 0.07671007969487657 	 0.297838347556805 	 0.33794035840436265
72.6233612167003 	 0.001784837934870578 	 0.01203306692720973 	 0.016346307720359943 	 0.004190906805587419 	 0.0017320329331168682 	 0.00405419637822424 	 0.001974313246254509 	 0.0046059682873601 	 -0.14243324810519545 	 0.23279031086902893 	 0.05518174338776028 	 0.6292855532784101 	 0.13799816171287718 	 0.08156930712620358 	 0.30831115730831193 	 0.3528618243971
74.96241241850768 	 0.0015036305905767851 	 0.011209513190910549 	 0.015391711185938767 	 0.0037977542282318813 	 0.0016075779009615172 	 0.0038001749109784757 	 0.0018017773764232134 	 0.00423771459382911 	 -0.13604164912420136 	 0.2458631634791272 	 0.05890888428749163 	 0.6465241605029123 	 0.14521361196537103 	 0.08668495403629076 	 0.31900130265617743 	 0.3680726777172405
77.37679971648326 	 0.001245974095545849 	 0.010438210346041166 	 0.01448207503543254 	 0.0034396685392084846 	 0.001490953783195526 	 0.003560040768781959 	 0.0016435407741500006 	 0.00389472814719567 	 -0.12780795718680107 	 0.25956785136225485 	 0.06284096276835366 	 0.6638846728240912 	 0.15269247223488172 	 0.09206896333980516 	 0.3299058029696129 	 0.38352808393347404
79.8689495335208 	 0.0010131016456016724 	 0.009713210257845767 	 0.013619258544676828 	 0.0031137446766036506 	 0.0013817294260161893 	 0.0033332098289318005 	 0.0014984913675377188 	 0.003575437301149145 	 -0.11782027873814456 	 0.2738456159183947 	 0.06700136432415617 	 0.681360873419001 	 0.16043332965335394 	 0.09773251626281029 	 0.34102158000988564 	 0.39917867575424365
82.4413664426753 	 0.0008125022833324702 	 0.009023102472431823 	 0.012809454472845684 	 0.002817300380170464 	 0.0012794943250112624 	 0.0031189367064682156 	 0.001365598235043484 	 0.003278534918588097 	 -0.10712966826385326 	 0.2884144644508457 	 0.07144617138490114 	 0.6989490061010624 	 0.1684333549396642 	 0.10368146692098312 	 0.3523454831704285 	 0.4149885602033585
85.09663568422124 	 0.0006640286403099906 	 0.008345660367305689 	 0.01206706621851523 	 0.00254785084133464 	 0.001183866693435929 	 0.0029161037979744185 	 0.0012439058449018458 	 0.003003229669205225 	 -0.09926362388552014 	 0.30244053618043126 	 0.07630766552350647 	 0.7166456716921761 	 0.17668947591024126 	 0.1099045557098207 	 0.3638743269118353 	 0.4309858402692788
87.83742576378002 	 0.0006070213270671218 	 0.0076420450530611 	 0.011418003994470363 	 0.0023030746253122226 	 0.001094510588604685 	 0.0027228641496473533 	 0.0011325284046252064 	 0.002749688793376073 	 -0.10287868621624395 	 0.31398364810666796 	 0.08186057803384834 	 0.7344405344795938 	 0.18520213651311346 	 0.11634744087820781 	 0.37560481823407327 	 0.4473795669339161
90.66649113412795 	 0.000695224628137304 	 0.006863346263974812 	 0.010890771408219422 	 0.0020807667251709354 	 0.0010111652310606427 	 0.002536302524599177 	 0.0010306439854093799 	 0.0025195236307040372 	 -0.13358717109251994 	 0.3197065194054526 	 0.08852407628728895 	 0.752298449348018 	 0.19398417310360416 	 0.12287118881401406 	 0.3875331599113921 	 0.46476046974804125
93.58667496338006 	 0.0009560774961174071 	 0.005990656916993711 	 0.010478961408184977 	 0.0018787864721427339 	 0.0009336761511172754 	 0.002352802617882671 	 0.0009374875410950496 	 0.0023155781377037056 	 -0.20828157137975964 	 0.316379383614508 	 0.09656931417224505 	 0.7701269861290408 	 0.20307599069440163 	 0.129226816566498 	 0.39965370741557416 	 0.4842708537755606
96.60091199233095 	 0.0013236992582528059 	 0.005096242606346919 	 0.010093583500636294 	 0.0016950407849249006 	 0.00086199115593474 	 0.0021699751581404597 	 0.0008523439802976314 	 0.0021399806215332403 	 -0.3269378632711811 	 0.30514198459381114 	 0.10545918996450925 	 0.7877405730222248 	 0.21256084588904303 	 0.13512635380392762 	 0.4119565234832 	 0.5074074932181137
99.71223148382524 	 0.0016299948593732608 	 0.004342933849235494 	 0.009582924757983181 	 0.0015275523005666444 	 0.0007960769217325459 	 0.001989408372459812 	 0.0007745430741066871 	 0.0019909762362029172 	 -0.4564364028591573 	 0.29481748111684786 	 0.11351552816101525 	 0.8048543502545297 	 0.2225633442952291 	 0.14045182356259178 	 0.424424265694545 	 0.5352186732473168
102.92376026712131 	 0.0017116419658056476 	 0.0038731217502111317 	 0.008847831847862798 	 0.0013746021184397848 	 0.000735773398155612 	 0.0018172790854391345 	 0.0007034585055323144 	 0.001861587905338926 	 -0.5434068518195325 	 0.29809130683029644 	 0.11882619789677762 	 0.8211383977842758 	 0.233217336655808 	 0.14545987641322145 	 0.4370300108905467 	 0.5673706607610306
106.23872588030726 	 0.0015303517301398896 	 0.0036964706280703586 	 0.007931772074186159 	 0.0012348421870758332 	 0.0006806903296594411 	 0.001661177528893789 	 0.0006385108389073673 	 0.0017422741194034158 	 -0.5508350767182323 	 0.3225474155861892 	 0.12077129179751064 	 0.8363132070672786 	 0.24461578311224527 	 0.15074946460120336 	 0.44973759671184693 	 0.6020297541328333
109.66045981392863 	 0.001174702717557886 	 0.0037012197033776807 	 0.006979778074693604 	 0.0011072817868449767 	 0.0006302328598167888 	 0.0015258568254387559 	 0.0005791715488806329 	 0.0016253074736451887 	 -0.47937617684118644 	 0.36615866596113766 	 0.12049062159912395 	 0.8502248580775722 	 0.2567757949842137 	 0.15698988101567798 	 0.46250484360121646 	 0.636729758548021
113.19240085908552 	 0.0007710249318501394 	 0.0037504728188490215 	 0.006129846995042879 	 0.0009911651173052218 	 0.000583728035205427 	 0.0014114742591274153 	 0.0005249643841642198 	 0.0015071659168997195 	 -0.3567262270723328 	 0.4206574829774417 	 0.119971864930586 	 0.8628589257551097 	 0.26963839677842527 	 0.16464516545862176 	 0.4752882202194045 	 0.6694202176866331
116.83809856336669 	 0.00040941566500581246 	 0.0037546546528247687 	 0.0054487010731118545 	 0.0008858298673012555 	 0.0005405577085964185 	 0.0013147651037052326 	 0.00047546252529603953 	 0.00138802343927686 	 -0.21475793499961374 	 0.47745312359790604 	 0.12090406496107164 	 0.8743035681884176 	 0.2830944753205963 	 0.17387707827955184 	 0.4880470007768044 	 0.6989606155951824
120.60121679809106 	 0.00012838383643967155 	 0.0036814665468309416 	 0.004937022048047127 	 0.000790614977769228 	 0.0005002325568336047 	 0.0012312126564111533 	 0.0004302825115350066 	 0.0012699501277568708 	 -0.07635074130666372 	 0.5307619057565345 	 0.12420272719889769 	 0.8846981397508888 	 0.29701571456236053 	 0.18460581692468037 	 0.5007456616556636 	 0.7250379118106199
124.48553744044295 	 -6.950022028528228e-5 	 0.003535667793760182 	 0.004560748891978605 	 0.0007048275621637393 	 0.00046240402925276815 	 0.0011566309551055414 	 0.0003890771971435598 	 0.0011553891911582998 	 0.046860534151955596 	 0.5779210107272266 	 0.13008294828458405 	 0.8941926590538897 	 0.311277140778232 	 0.19661890195389387 	 0.5133545598251538 	 0.7478603273619581
128.49496417420238 	 -0.00019795507243218198 	 0.00333699347158665 	 0.004278011932507994 	 0.0006277477728407778 	 0.0004268408095844306 	 0.001087857914870664 	 0.000351529527481677 	 0.001046346133051489 	 0.15132331027818396 	 0.61840149833165 	 0.13833890911833327 	 0.9029247277369199 	 0.32576895800616074 	 0.20966250769780223 	 0.5258496638388056 	 0.7678664869609519
132.63352641288816 	 -0.000274336568936894 	 0.0031068004762787684 	 0.004052918947918977 	 0.0005586487113250884 	 0.0003933943392760606 	 0.0010228170605996786 	 0.000317347683537954 	 0.0009441546357806248 	 0.2377612339931325 	 0.652749704833431 	 0.14858960171478544 	 0.9110103530863377 	 0.3404003633936641 	 0.22349340305773852 	 0.5382118650349546 	 0.7855459874728091
136.90538334925748 	 -0.00031440756176008696 	 0.0028629561612934272 	 0.003859281641907362 	 0.0004968173977722282 	 0.0003619671772031977 	 0.0009603196861715417 	 0.00028626152499029164 	 0.0008495161998444466 	 0.3089359656851494 	 0.6819714031496174 	 0.16041505276398582 	 0.9185429153932356 	 0.3550988325814444 	 0.23790343991874507 	 0.5504261526765858 	 0.8013427179423585
141.31482813523277 	 -0.00033008055617028724 	 0.0026180375802579464 	 0.003680513116534489 	 0.0004415709261707494 	 0.00033248905960943744 	 0.0008997929566846341 	 0.0002580199952520517 	 0.0007626523413625528 	 0.3677168876234982 	 0.7070424467585796 	 0.17344634783804216 	 0.9255955797211207 	 0.3698073665875005 	 0.2527234979807872 	 0.5624806513292303 	 0.8156266027627792
145.86629219645428 	 -0.00033020636019468846 	 0.0023805608000207843 	 0.003506820356807588 	 0.0003922669521482542 	 0.0003049011861835028 	 0.0008410544509754823 	 0.0002323893794326919 	 0.0006834514799420319 	 0.4170587258977411 	 0.7288984616746622 	 0.18736499404448492 	 0.9322248314850853 	 0.3844815084053469 	 0.26782141062528186 	 0.5743658973747371 	 0.8286871560607225
150.56434968579634 	 -0.0003205429855325131 	 0.002155326094011426 	 0.003333647511788018 	 0.00034830955069928526 	 0.0002791466912071497 	 0.0007841390865427781 	 0.00020915208062745173 	 0.0006115943694929709 	 0.4590037150215824 	 0.7482020391296652 	 0.20193553842929374 	 0.9384744940757647 	 0.399086440844262 	 0.2830951486318122 	 0.5860743357071817 	 0.8407454833109632
155.4137220803217 	 -0.00030524190975039143 	 0.0019451698714254223 	 0.003159133308269787 	 0.00030915134142373794 	 0.00025516576448391277 	 0.0007291861685278873 	 0.00018810570196853865 	 0.0005466426538916767 	 0.49555541936372516 	 0.7655641353897289 	 0.21695975262044456 	 0.9443791082324227 	 0.4135947695900253 	 0.29846670536944736 	 0.5976000428346057 	 0.8519669062808829
160.41928292629558 	 -0.0002867230085170682 	 0.0017510256002448955 	 0.0029835406670206885 	 0.00027429303798646044 	 0.0002328934947037291 	 0.0006763666096093696 	 0.0001690621775699534 	 0.00048810086390927576 	 0.5277506267070264 	 0.7813303349306354 	 0.23230648371909116 	 0.9499662261103312 	 0.4279845936595399 	 0.3138757575059436 	 0.6089382615222418 	 0.8624758244346861
165.58606273702614 	 -0.0002668563358175856 	 0.0015732176831010673 	 0.002807692300309068 	 0.0002432815326859758 	 0.0002122596131544265 	 0.0006258442833443053 	 0.00015184704862299434 	 0.00043545378242782715 	 0.5568803274410612 	 0.7958828649085031 	 0.24785462383222046 	 0.9552579675278855 	 0.44223823831526293 	 0.32927597837015693 	 0.6200851124653741 	 0.8723636607551642
170.919254048454 	 -0.0002465171717037167 	 0.0014110963262195257 	 0.0026331695149691002 	 0.00021570734193524115 	 0.0001931890629064433 	 0.0005777522630269469 	 0.00013629880162001318 	 0.0003881930515052695 	 0.5832431931234606 	 0.8093477084084867 	 0.2635387475406997 	 0.9602727338695706 	 0.456341119738664 	 0.34463038038341837 	 0.6310374467026988 	 0.8817011380279441
176.42421663757364 	 -0.00022645318643658727 	 0.0012639457529126379 	 0.0024613507441901064 	 0.00019120152148869104 	 0.00017560321387276754 	 0.000532185213871821 	 0.00012226824512016592 	 0.00034583085549201684 	 0.6074339809582169 	 0.8219115056695365 	 0.2792912369144759 	 0.9650263216213101 	 0.4702812596442133 	 0.3599091211224295 	 0.6417929145444331 	 0.8905442990907286
182.10648290892817 	 -0.00020664474417054674 	 0.0011303901883697959 	 0.002293943755064282 	 0.0001694322693828068 	 0.00015942114228282837 	 0.0004891905633477256 	 0.00010961780388314476 	 0.00030791514806641625 	 0.628439039512646 	 0.8333801448391289 	 0.29511053553530026 	 0.9695318664832213 	 0.4840489409029722 	 0.37508203592741807 	 0.6523497211962368 	 0.8989612847012902
187.97176345459218 	 -0.00018717020736087428 	 0.001009267387334117 	 0.002132145179182389 	 0.0001501013885669982 	 0.00014456112342249732 	 0.00044877322378807246 	 9.822083732324663e-5 	 0.00027403239332441406 	 0.6453475397217782 	 0.8436050190630122 	 0.3109831559505449 	 0.9737978579888336 	 0.4976374054215755 	 0.3901155624593183 	 0.6627063944283766 	 0.907047399061325
194.02595279323174 	 -0.00016867958284083037 	 0.0009000843444914858 	 0.0019762682318307215 	 0.0001329411270208499 	 0.00013094181962401154 	 0.00041090751090317265 	 8.796098221102853e-5 	 0.00024380158721688496 	 0.659382778796013 	 0.8529710035083397 	 0.3268015654440566 	 0.9778260571459134 	 0.5110436769137735 	 0.40497532575889317 	 0.6728616002253828 	 0.9149192223407767
200.27513529400645 	 -0.0001527210990078778 	 0.0008032301926602201 	 0.0018258080716516219 	 0.00011771194228142105 	 0.00011848265189049446 	 0.0003755768949016918 	 7.873153139004475e-5 	 0.00021683636455078058 	 0.6768497419484081 	 0.8629968877518204 	 0.3423036312912724 	 0.9816143996704253 	 0.5242670440025802 	 0.41966378732360665 	 0.6828141581861756 	 0.9225639618359969
206.72559129126833 	 -0.00013997023618729818 	 0.0007182201316837927 	 0.00168115114941651 	 0.00010420096105487678 	 0.000107103458207394 	 0.0003427673258714719 	 7.043480642147845e-5 	 0.00019274996516549804 	 0.7033104451533572 	 0.8748728188873418 	 0.35733971803818193 	 0.9851679263174781 	 0.5373032047913675 	 0.4342303651453474 	 0.6925630051775878 	 0.9297727668943991
213.38380339620443 	 -0.0001288638769527132 	 0.000642475380181878 	 0.0015444739122581338 	 9.221966820113198e-5 	 9.672503238023042e-5 	 0.0003124213274914306 	 6.298156686024463e-5 	 0.00017120383440972153 	 0.7341092731471855 	 0.8872826400974252 	 0.3721973275079961 	 0.9885081173470679 	 0.5501396741432442 	 0.4487243031457173 	 0.7021074307269024 	 0.9362981071757307
220.25646301176297 	 -0.00011789720489371883 	 0.0005737255647180686 	 0.0014171645147249032 	 8.16001851148028e-5 	 8.727113101999399e-5 	 0.0002844128684918533 	 5.6290438709887284e-5 	 0.0001519427866081166 	 0.7614671468969354 	 0.8983133243797374 	 0.3871962009863868 	 0.9916672561587996 	 0.5627594951737857 	 0.4631336169715379 	 0.711447547929957 	 0.9421040919312489
227.3504770574119 	 -0.00010660194415244861 	 0.0005109037721796302 	 0.0012991802598353354 	 7.21918499072615e-5 	 7.867014183081114e-5 	 0.00025858343314499524 	 5.028733057754305e-5 	 0.0001347672760090604 	 0.7806042865494299 	 0.9069448801978426 	 0.40243743875367 	 0.994674868383205 	 0.5751489152348199 	 0.47739284465789866 	 0.7205846073029184 	 0.947373861631926
234.6729749104902 	 -9.54817028406933e-5 	 0.0004539504941962457 	 0.001189560161815721 	 6.385913486213306e-5 	 7.085536673833118e-5 	 0.0002347872365731383 	 4.490483386643126e-5 	 0.0001194895971185175 	 0.7926913282416929 	 0.9136259414072342 	 0.4177664112260001 	 0.9975487986027956 	 0.5873017122485544 	 0.4914369843494045 	 0.7295207298876237 	 0.9523250094519352
242.2313155711244 	 -8.515647474322963e-5 	 0.00040292651196323614 	 0.0010873641972396367 	 5.6480553132566586e-5 	 6.376440369665398e-5 	 0.00021289867274326766 	 4.0081652277562066e-5 	 0.00010592334574000217 	 0.8015299795356663 	 0.9193987698108961 	 0.4329525304035142 	 1.0002952475801328 	 0.599218156758428 	 0.505224557196603 	 0.7382582420211328 	 0.9571167747377719
250.03309505791205 	 -7.57727271327794e-5 	 0.0003574315017382582 	 0.0009922138024935471 	 4.99477742906189e-5 	 5.7338546046988264e-5 	 0.0001928064720331152 	 3.576210678043908e-5 	 9.388625820182624e-5 	 0.8085989247468072 	 0.9246748483747356 	 0.4479078377206714 	 1.0029136670313754 	 0.6109019097169693 	 0.5187418073902261 	 0.7467993454227259 	 0.9618191360955699
258.0861540418074 	 -6.742247263877785e-5 	 0.00031704635752811776 	 0.0009037866656517554 	 4.416453999044239e-5 	 5.152253584538096e-5 	 0.0001744047175971248 	 3.189569194504657e-5 	 8.320796162977995e-5 	 0.815723665106189 	 0.9299018931785874 	 0.46255935879638355 	 1.0054008898507036 	 0.6223578639133824 	 0.5319931202898803 	 0.755146138771422 	 0.9664389184498281
266.3985857258773 	 -6.006142801632509e-5 	 0.000281269594056284 	 0.0008218352955227936 	 3.9045484362816494e-5 	 4.626449362873281e-5 	 0.0001575864127970112 	 2.8436659329026624e-5 	 7.37360553466529e-5 	 0.8238576615269004 	 0.9353093914620861 	 0.47687491373567353 	 1.007753960373845 	 0.6335908685427133 	 0.5449851922681634 	 0.7633007656095696 	 0.9709739375135736
274.9787439788474 	 -5.348406510330763e-5 	 0.0002494857124929519 	 0.0007462333969396355 	 3.451492650751184e-5 	 4.15158939050026e-5 	 0.00014224558706179828 	 2.5343606803106773e-5 	 6.533388246321472e-5 	 0.8317620181995791 	 0.9405812849567132 	 0.4909220217994139 	 1.0099707512099951 	 0.6446049477634981 	 0.557728553913334 	 0.7712651176037417 	 0.9754034429690285
283.8352517306161 	 -4.766357012197336e-5 	 0.00022130376363869197 	 0.0006766406023459211 	 3.0505761282159826e-5 	 3.723156621496067e-5 	 0.00012827776656923047 	 2.2579109166594193e-5 	 5.7880064505572794e-5 	 0.8403871242083374 	 0.9459269488640831 	 0.5046776032329111 	 1.0120497364819048 	 0.6554034032247171 	 0.5702346616423649 	 0.7790408228734131 	 0.9796996856254567
292.9770096381687 	 -4.2525807118123716e-5 	 0.00019633124088429274 	 0.0006127264666842151 	 2.6958500965193843e-5 	 3.336963008636864e-5 	 0.0001155796725097869 	 2.0109377019283415e-5 	 5.126847792205631e-5 	 0.8500873054508771 	 0.9514289345662406 	 0.5181324141576197 	 1.013990469446269 	 0.6659887965730087 	 0.5825079097323704 	 0.7866294000894289 	 0.9838582490382506
302.41320503060257 	 -3.7900293506926194e-5 	 0.00017411320910033838 	 0.0005542557225617495 	 2.382041971720854e-5 	 2.9891401944191888e-5 	 0.00010405270452315547 	 1.790394055428708e-5 	 4.540430519780398e-5 	 0.8589575154313359 	 0.9566141673627806 	 0.5313766335261713 	 1.015794104648305 	 0.6763631847572781 	 0.5945547937197971 	 0.794032593267239 	 0.9878642893848295
312.1533211422566 	 -3.37836900076079e-5 	 0.0001543932685065838 	 0.0005008286579582353 	 2.1044753255511117e-5 	 2.6761265037021813e-5 	 9.360313235211706e-5 	 1.5935339426944453e-5 	 4.020319283299195e-5 	 0.868069183426276 	 0.9617265254905395 	 0.5443767692968551 	 1.0174621481891621 	 0.6865283247378062 	 0.6063830308694906 	 0.8012520723570768 	 0.9916968686252167
322.2071466432178 	 -3.0150754679486056e-5 	 0.00013692461997116375 	 0.000452064010612336 	 1.8590032223337147e-5 	 2.394650427421185e-5 	 8.41412329405e-5 	 1.4178845490721967e-5 	 3.559128843055926e-5 	 0.8783418735266459 	 0.9669920917346658 	 0.5570940124046445 	 1.018996543454813 	 0.6964855163002432 	 0.6179931674846897 	 0.8082893603481495 	 0.9953601555735418
332.5847854767869 	 -2.687450186350042e-5 	 0.00012138212788103594 	 0.0004076999648681172 	 1.641949253495049e-5 	 2.1417139622573416e-5 	 7.558315610702195e-5 	 1.2612210710432522e-5 	 3.1502542005845144e-5 	 0.8876136419758635 	 0.9718836355560538 	 0.569622815364026 	 1.0203999854397279 	 0.7062355558014165 	 0.6293872917224943 	 0.8151459120639197 	 0.9988500278098758
343.2966670137907 	 -2.3937516310433282e-5 	 0.00010757122718098514 	 0.0003673855644384724 	 1.4500542071044449e-5 	 1.9145774770973672e-5 	 6.78509702313511e-5 	 1.1215438943886203e-5 	 2.787790362351726e-5 	 0.8963565109603341 	 0.9765034702905406 	 0.581951691106983 	 1.021675774581142 	 0.7157794095741012 	 0.6405708240067535 	 0.8218235031846295 	 1.0021504918628492
354.353556533942 	 -2.1336349589026483e-5 	 9.533286437843486e-5 	 0.0003307679564692891 	 1.2804287583811489e-5 	 1.7107410153038385e-5 	 6.087154583538919e-5 	 9.970565917233605e-6 	 2.4665504929802785e-5 	 0.9058159290960281 	 0.9811568830051971 	 0.5940273237288705 	 1.0228275629122534 	 0.725117970300078 	 0.6515437265990021 	 0.8283239829250529 	 1.0052659831673858
365.7665660447829 	 -1.901836225409111e-5 	 8.447576789931681e-5 	 0.0002975646089369417 	 1.1305118083579745e-5 	 1.527926638119386e-5 	 5.4577196690894084e-5 	 8.861461500078702e-6 	 2.1819135215075216e-5 	 0.9154003948658992 	 0.9857030627094343 	 0.6058741360482687 	 1.0238592324913738 	 0.7342518472908073 	 0.6623058732899592 	 0.8346490948346429 	 1.0081999116709197
377.54716544908683 	 -1.693686574235738e-5 	 7.482969610088079e-5 	 0.00026750884366058905 	 9.980334750083653e-6 	 1.3640623159943562e-5 	 4.890550568021e-5 	 7.873652648309615e-6 	 1.929761011950779e-5 	 0.9242493840728853 	 0.9899336430074763 	 0.6175290968760059 	 1.0247747143511594 	 0.743181518999321 	 0.6728577830812287 	 0.8408005136499164 	 1.0109526014300407
389.70719407193684 	 -1.5062084102554598e-5 	 6.625472347963695e-5 	 0.0002403390485556612 	 8.809829027653374e-6 	 1.21726646832902e-5 	 4.379911029075691e-5 	 6.994164574296812e-6 	 1.7064213125694113e-5 	 0.9318785989555665 	 0.9937270074961696 	 0.6290161034870616 	 1.0255785235332935 	 0.7519076335313739 	 0.6832017340685403 	 0.8467802276986938 	 1.0135184940517425
402.25887255907026 	 -1.3403351924207072e-5 	 5.866250891454253e-5 	 0.0002157742102392673 	 7.775785630168797e-6 	 1.085832625136931e-5 	 3.920524559340144e-5 	 6.2113706206945375e-6 	 1.5086385663445125e-5 	 0.9401688014523969 	 0.9975370283980591 	 0.6402581376348351 	 1.0262752645592579 	 0.7604310932335783 	 0.6933395831760771 	 0.8525904230255691 	 1.015894857145854
415.21481515844147 	 -1.1941489820440252e-5 	 5.1948028022250554e-5 	 0.0001935784139717285 	 6.8624235164445855e-6 	 9.682143746615334e-6 	 3.5075205999139884e-5 	 5.514855740138572e-6 	 1.3335512733936768e-5 	 0.9496620261761208 	 1.001510722613048 	 0.6512243688108439 	 1.026869476167255 	 0.7687526945405478 	 0.7032669229440359 	 0.8582331940596317 	 1.0181023019708546
428.5880423973543 	 -1.0614507107059193e-5 	 4.59721041937821e-5 	 0.00017358096556114618 	 6.055768988101387e-6 	 8.630117989255675e-6 	 3.136472425070406e-5 	 4.89529564495896e-6 	 1.1785865695574301e-5 	 0.9570365775696512 	 1.0048449737543133 	 0.6620548340494069 	 1.0273659597570015 	 0.7768729556319834 	 0.7129836647282936 	 0.8637105448159863 	 1.0201436573042881
442.39199416789427 	 -9.421873052530112e-6 	 4.066500348178279e-5 	 0.00015557027178781556 	 5.343448924108142e-6 	 7.689597512510134e-6 	 2.8033610752799796e-5 	 4.344348805730133e-6 	 1.0414376809750867e-5 	 0.9631281972689574 	 1.007728731291365 	 0.6727235270252396 	 1.0277693917691788 	 0.784792824055657 	 0.7224957384993005 	 0.8690247159789262 	 1.0220008991660845
456.64054323381686 	 -8.374130994004247e-6 	 3.5976947610427554e-5 	 0.00013933700592182703 	 4.714511630146718e-6 	 6.849157875349774e-6 	 2.5044850504607814e-5 	 3.854556505052286e-6 	 9.200938872141082e-6 	 0.9705205695982428 	 1.0108001221078713 	 0.683116263503447 	 1.0280846468212146 	 0.792513623405991 	 0.7318007319815527 	 0.8741782614980421 	 1.023689576190353
471.3480091724687 	 -7.442783759477835e-6 	 3.182568102287595e-5 	 0.000124727923824529 	 4.159265093256622e-6 	 6.098486622723824e-6 	 2.2364800692486436e-5 	 3.419250581788572e-6 	 8.127632421132678e-6 	 0.9779542547242244 	 1.0137639012761475 	 0.6932821030096451 	 1.028316745972605 	 0.8000364608612622 	 0.7408965508862105 	 0.8791736443037954 	 1.0252229857540727
486.52917276574624 	 -6.61291059491524e-6 	 2.8148200048947513e-5 	 0.00011159280402251252 	 3.6691315682100336e-6 	 5.428286079929582e-6 	 1.996300058163717e-5 	 3.0324725592302886e-6 	 7.178429818010747e-6 	 0.9851308857559439 	 1.0165480009135064 	 0.7032352487209304 	 1.0284702578599434 	 0.8073625062825612 	 0.7497845809732765 	 0.8840132113018594 	 1.0266014756419226
502.1992908545572 	 -5.868346343309827e-6 	 2.4885919421012895e-5 	 9.979607580449135e-5 	 3.236523397226165e-6 	 4.830180925908901e-6 	 1.781171360364349e-5 	 2.688901445069773e-6 	 6.339191025901019e-6 	 0.9911403718092319 	 1.0189411396983987 	 0.7130107041821312 	 1.0285498560385693 	 0.8144930687237076 	 0.7584632348860162 	 0.8886994374477452 	 1.0278373835451875
518.3741116717192 	 -5.195574678642462e-6 	 2.1987305848148434e-5 	 8.921416393683868e-5 	 2.854730886504327e-6 	 4.296633595633367e-6 	 1.5885924254998173e-5 	 2.3837881580650818e-6 	 5.5972437231686534e-6 	 0.9948810653156963 	 1.0206705150252542 	 0.7226608713246352 	 1.0285606742044409 	 0.8214298091202682 	 0.7669365984437692 	 0.8932351886809522 	 1.0289231371904182
535.0698906686955 	 -4.60415254656123e-6 	 1.942833155340044e-5 	 7.971217810605678e-5 	 2.5178185306561917e-6 	 3.82086459072615e-6 	 1.416292995135105e-5 	 2.112894367315601e-6 	 4.9413930022797196e-6 	 0.9995520706405221 	 1.0225091493295173 	 0.7320547308918116 	 1.028507142788916 	 0.8281746462232791 	 0.7752079671817552 	 0.8976232558114604 	 1.0298554129594046
552.3034068520768 	 -4.0880492268098975e-6 	 1.717365373888724e-5 	 7.118052608879637e-5 	 2.220538511118816e-6 	 3.396778772072313e-6 	 1.2622025689669107e-5 	 1.8724390883099253e-6 	 4.361868170692454e-6 	 1.0062131307594115 	 1.024737297529963 	 0.7411365197075523 	 1.0283935428318705 	 0.8347293646846434 	 0.7832715006219748 	 0.9018662899244394 	 1.0306650296453657
570.0919796462342 	 -3.624740121146215e-6 	 1.5174406730262867e-5 	 6.353789037209147e-5 	 1.9582526400103208e-6 	 3.01890054829409e-6 	 1.1244613871764915e-5 	 1.6590510600215435e-6 	 3.849888869705545e-6 	 1.0115069787204145 	 1.0265490532660009 	 0.7500460981795821 	 1.0282243799417423 	 0.8410956369036239 	 0.7911265452249105 	 0.9059669456295394 	 1.031362516104602
588.4534862990779 	 -3.2088940217866955e-6 	 1.3401681484850276e-5 	 5.6696234608807974e-5 	 1.726861756814366e-6 	 2.6823167668801915e-6 	 1.0013988013379763e-5 	 1.4697261746903242e-6 	 3.397595821021191e-6 	 1.0152325362095276 	 1.0278871174061737 	 0.7588003576588983 	 1.0280042093831974 	 0.8472757626607642 	 0.7987789697534494 	 0.9099283031424759 	 1.0319365825343727
607.4063798484208 	 -2.8398149845676832e-6 	 1.183414442013773e-5 	 5.057077477094307e-5 	 1.5227430696625542e-6 	 2.3826196535450715e-6 	 8.914988455868691e-6 	 1.3017875751491372e-6 	 2.9981098118566708e-6 	 1.0186344147262993 	 1.0290610512456828 	 0.7673456972845197 	 1.0277372502495554 	 0.8532721746759443 	 0.8062291288774683 	 0.9137534131827221 	 1.0323975742276366
626.9697076670071 	 -2.5101259421975507e-6 	 1.0446069822328611e-5 	 4.509170277946606e-5 	 1.342695723692621e-6 	 2.115856428250485e-6 	 7.9339675145421e-6 	 1.152850716752808e-6 	 2.6453146267103335e-6 	 1.0208030415908331 	 1.029853253316447 	 0.7757222269163434 	 1.0274275733323048 	 0.8590871119173507 	 0.8134788439092486 	 0.9174451494645083 	 1.0327493204573583
647.1631306048337 	 -2.2209776667208505e-6 	 9.222296710050735e-6 	 4.0188286535914735e-5 	 1.183891565689616e-6 	 1.8784855527733847e-6 	 7.058654749423639e-6 	 1.020792370873104e-6 	 2.33377301444328e-6 	 1.0240208034171463 	 1.0308124529929705 	 0.78383966190351 	 1.0270786049152327 	 0.8647230043315997 	 0.820532769443053 	 0.9210062884090754 	 1.0329857803985003
668.006942748006 	 -1.9700478563850605e-6 	 8.146298073085985e-6 	 3.579921554445621e-5 	 1.0438333210932314e-6 	 1.6673361178050764e-6 	 6.277930516791748e-6 	 9.037231446113412e-7 	 2.058750072233632e-6 	 1.0298157015126983 	 1.0323310916378696 	 0.7916248155445786 	 1.0266940781760412 	 0.8701827228017261 	 0.8273868978175807 	 0.9244400015092576 	 1.033136016308023
689.522091813994 	 -1.744654064755767e-6 	 7.1926823656592255e-6 	 3.1880177145144114e-5 	 9.203161759756959e-7 	 1.4795693013212774e-6 	 5.581837072971908e-6 	 7.999618259836627e-7 	 1.8160094336344756e-6 	 1.0339753958289097 	 1.0333982875493335 	 0.7992538932761224 	 1.026278193939016 	 0.8754689647877091 	 0.8340410672030513 	 0.9277495079990818 	 1.0332136129388427
711.7302002037698 	 -1.5416758131966e-6 	 6.346915381358012e-6 	 2.8383452525149266e-5 	 8.11392607767537e-7 	 1.3126455304443e-6 	 4.961481129501051e-6 	 7.080127151229885e-7 	 1.6017465227204634e-6 	 1.0358862818453483 	 1.033850420470485 	 0.8067656536448923 	 1.0258343501742917 	 0.8805845313609089 	 0.8405039684323933 	 0.9309378148303479 	 1.033198944968032
734.6535867319934 	 -1.3630187026984238e-6 	 5.600969487946974e-6 	 2.5260771948162407e-5 	 7.153428730240573e-7 	 1.1642940933816018e-6 	 4.408820205158489e-6 	 6.265456582669427e-7 	 1.4126502617495123e-6 	 1.0383385609274955 	 1.034371038512686 	 0.8140422432844548 	 1.0253652386925713 	 0.8855323416370178 	 0.8467768135247824 	 0.9340077595659584 	 1.033101431607922
758.3152890570906 	 -1.204145877888788e-6 	 4.941549378753069e-6 	 2.2474839938797722e-5 	 6.306495297878381e-7 	 1.0324856424638324e-6 	 3.916627045364403e-6 	 5.543783915781452e-7 	 1.245801166954763e-6 	 1.0400025781505626 	 1.0346523052448326 	 0.8211359695924149 	 1.024874191212758 	 0.8903154277045807 	 0.8528584027842787 	 0.9369624762079541 	 1.032940218276374
782.7390868337496 	 -1.0622019221042631e-6 	 4.357943707536857e-6 	 1.999125506379038e-5 	 5.559732574865082e-7 	 9.154075124953324e-7 	 3.478456967332468e-6 	 4.904602543584598e-7 	 1.0985805951441944e-6 	 1.0401130382213473 	 1.0345013249834256 	 0.8280883491913822 	 1.0243645197837603 	 0.8949370643692973 	 0.8587554258555131 	 0.9398052532435633 	 1.032705577126319
807.9495256111146 	 -9.385680797612245e-7 	 3.844646501630688e-6 	 1.7774943369495127e-5 	 4.901316677251513e-7 	 8.114411292044146e-7 	 3.0885128387322633e-6 	 4.3385759416105426e-7 	 9.686928072898174e-7 	 1.0419751997985724 	 1.0347227422091838 	 0.8347626032519317 	 1.0238386818599057 	 0.8994006239633451 	 0.8644709725423891 	 0.942539148644304 	 1.0324019562704276
833.9719415006974 	 -8.306515442504313e-7 	 3.3930488713522e-6 	 1.579797929377274e-5 	 4.3208145351738934e-7 	 7.19141578905591e-7 	 2.7415754521607067e-6 	 3.83741005816743e-7 	 8.541324423672515e-7 	 1.0455110424245366 	 1.0353229472190784 	 0.8411519269481738 	 1.023298977939575 	 0.9037092172781472 	 0.8700001984376529 	 0.9451669967587496 	 1.0320627574414594
860.8324866387862 	 -7.332320715794369e-7 	 2.9925187354560858e-6 	 1.4038506119195705e-5 	 3.809023453293141e-7 	 6.372198210580169e-7 	 2.433003550664543e-6 	 3.393740527828152e-7 	 7.530955546255438e-7 	 1.0463316081908316 	 1.0352392941103625 	 0.8474458249598471 	 1.022748159817695 	 0.9078659621536195 	 0.875346574383972 	 0.9476917909538589 	 1.0316897543538113
888.5581554689458 	 -6.460333937946568e-7 	 2.637952502357093e-6 	 1.2472670418639446e-5 	 3.357823650778553e-7 	 5.645266906945392e-7 	 2.1586604172852215e-6 	 3.001030190100844e-7 	 6.63973036187474e-7 	 1.045203859096327 	 1.0346393371768994 	 0.853627976896538 	 1.0221887305861541 	 0.9118745238394624 	 0.8805210985207762 	 0.9501167909567022 	 1.0312586908762338
917.1768118710326 	 -5.701571198373797e-7 	 2.326267140441248e-6 	 1.1077462454488265e-5 	 2.960050512962085e-7 	 5.000377040858607e-7 	 1.9148185135613613e-6 	 2.6534758778468456e-7 	 5.853700068679502e-7 	 1.0458243129173717 	 1.0344267571786894 	 0.8595430345835177 	 1.0216225539819592 	 0.9157385554332468 	 0.8855257641457229 	 0.9524450249534554 	 1.0307795401121245
946.7172171639719 	 -5.035501146116395e-7 	 2.051728944697414e-6 	 9.835243962210593e-6 	 2.6093849464597834e-7 	 4.42839719345944e-7 	 1.6981389867011447e-6 	 2.3459274085481188e-7 	 5.160596100285872e-7 	 1.0471888900967647 	 1.0343756534874804 	 0.865228109814274 	 1.0210514991558846 	 0.9194613094223755 	 0.890358606913456 	 0.9546792603536839 	 1.030275418637944
977.2090590104478 	 -4.4411056354439956e-7 	 1.8089316208235698e-6 	 8.730664886894363e-6 	 2.300253891736133e-7 	 3.921193992772181e-7 	 1.5056566439597046e-6 	 2.0738159718938134e-7 	 4.549403524263834e-7 	 1.0471082350034149 	 1.0339477676807727 	 0.8707850157238662 	 1.0204774533023153 	 0.9230460447438104 	 0.8950263435948133 	 0.9568222777524681 	 1.029736419026408
1008.6829812525627 	 -3.9202952251502447e-7 	 1.5951615630357732e-6 	 7.747878037362187e-6 	 2.0277421612720948e-7 	 3.4715279128418066e-7 	 1.3347199429139969e-6 	 1.8330900120572055e-7 	 4.010440135069104e-7 	 1.0479423466669764 	 1.0337113164070446 	 0.876121925488411 	 1.0199021697238866 	 0.926496628992932 	 0.8995352109866274 	 0.9588772161394232 	 1.0291573876850564
1041.1706147084344 	 -3.465283834610786e-7 	 1.4071137068347607e-6 	 6.87352548445648e-6 	 1.787514935067015e-7 	 3.072953794046614e-7 	 1.1829484558987516e-6 	 1.620156214830617e-7 	 3.5352844112455834e-7 	 1.0502086092674479 	 1.0338128661090351 	 0.8812100983637429 	 1.0193271889680395 	 0.9298167318485825 	 0.9038825139890015 	 0.960847012967241 	 1.0285662294057518
1074.7046089606897 	 -3.056888432538405e-7 	 1.2406087303775462e-6 	 6.096985338990873e-6 	 1.5757497354343377e-7 	 2.7197353731401e-7 	 1.0482277241954888e-6 	 1.4318283395616303e-7 	 3.1163996237456096e-7 	 1.050351100948424 	 1.033393480105639 	 0.8862029956721056 	 1.0187539770372964 	 0.9330096196937385 	 0.908071300477232 	 0.962734315884249 	 1.0279670425812892
1109.318665168809 	 -2.6911847486325166e-7 	 1.0932381384631344e-6 	 5.407513205813641e-6 	 1.3890755539069338e-7 	 2.406770636002793e-7 	 9.286787634681125e-7 	 1.2652820442446333e-7 	 2.7470655453329115e-7 	 1.0483747784675965 	 1.0324375772127936 	 0.8911150872578643 	 1.0181835764583853 	 0.9360786086901677 	 0.912111575570596 	 0.9645416552001201 	 1.0273376738876896
1145.0475699382812 	 -2.3721599686866885e-7 	 9.636525455400901e-7 	 4.794663510754756e-6 	 1.22452050219894e-7 	 2.1295241913889913e-7 	 8.226165794706931e-7 	 1.1180148919639892e-7 	 2.4214551622380375e-7 	 1.0476957180577222 	 1.0317812867086036 	 0.8958029466142196 	 1.0176171674105638 	 0.9390275616539215 	 0.9160054467929727 	 0.9662719585263352 	 1.0266886697517783
1181.9272302806194 	 -2.0920178362403932e-7 	 8.495347107836584e-7 	 4.250227447282562e-6 	 1.0794645083267436e-7 	 1.8839635204110439e-7 	 7.285374511523179e-7 	 9.878093449937283e-8 	 2.1344430905320508e-7 	 1.0475499104812658 	 1.0312559018681244 	 0.900294649907932 	 1.01705602459038 	 0.941860092071824 	 0.91975175399009 	 0.9679280224631197 	 1.0260418202124575
1219.9947096993633 	 -1.8422410214513893e-7 	 7.486566699863374e-7 	 3.7670995223781245e-6 	 9.515972795290452e-8 	 1.666504433522062e-7 	 6.451080274806384e-7 	 8.727005736069945e-8 	 1.8814418928039823e-7 	 1.0458609183173926 	 1.0303532893237048 	 0.9046857226920619 	 1.0165010829204983 	 0.9445795190400084 	 0.9233563362293142 	 0.9695123355869735 	 1.025390849093148
1259.2882654383493 	 -1.622880523390476e-7 	 6.598073981226665e-7 	 3.338183821910087e-6 	 8.388816413934402e-8 	 1.4739627695793749e-7 	 5.711416028618223e-7 	 7.709481344684417e-8 	 1.658397819278731e-7 	 1.0445570849749652 	 1.0295294858493678 	 0.9089061365126982 	 1.0159527000929227 	 0.9471891403180209 	 0.9268273233343961 	 0.9710271758406659 	 1.0247206551441848
1299.8473869296615 	 -1.4328917532848362e-7 	 5.81825966310345e-7 	 2.957210030651701e-6 	 7.3952216415403e-8 	 1.3035110026437282e-7 	 5.055765709945778e-7 	 6.810110478194907e-8 	 1.4617893032728404e-7 	 1.0456278908685275 	 1.029278385801088 	 0.9128703534000411 	 1.0154116419212649 	 0.9496925746606797 	 0.9301652644407108 	 0.9724751779738026 	 1.0240465452837788
1341.7128354799117 	 -1.2655952415334077e-7 	 5.13111225201862e-7 	 2.619168690350003e-6 	 6.519362471738153e-8 	 1.1526382527614392e-7 	 4.474685593645522e-7 	 6.015248233809313e-8 	 1.2885056701617093e-7 	 1.0470725010195239 	 1.0291280465946835 	 0.916660564091359 	 1.0148788845204146 	 0.9520933120423408 	 0.9333700218903006 	 0.9738589653309543 	 1.0233858223907324
1384.9266852347475 	 -1.1155229526770093e-7 	 4.52282863404244e-7 	 2.319582705441694e-6 	 5.7472852679313595e-8 	 1.0191153031898622e-7 	 3.959807955494215e-7 	 5.312812676108738e-8 	 1.1357685604550931e-7 	 1.046353849104727 	 1.0284570896010972 	 0.9203925279266079 	 1.0143550306835143 	 0.9543945572621958 	 0.9364478373606755 	 0.9751808421530775 	 1.0227301277686889
1429.532365462732 	 -9.819489047408953e-8 	 3.985324643282641e-7 	 2.05405303161488e-6 	 5.0666873825780476e-8 	 9.009637623627185e-8 	 3.5036935656330695e-7 	 4.6921082641232694e-8 	 1.0011252461805422e-7 	 1.044256291636934 	 1.027443367184478 	 0.9240447824216749 	 1.0138401526288343 	 0.9565993895139737 	 0.9394068608652235 	 0.9764428430933848 	 1.022063232495245
1475.5747042010996 	 -8.649634790476005e-8 	 3.512282407727624e-7 	 1.8185641732158164e-6 	 4.466726272347347e-8 	 7.964286182896802e-8 	 3.099703448555117e-7 	 4.143670753929988e-8 	 8.824396428933099e-8 	 1.0428794896040536 	 1.0266011856029718 	 0.927530379445442 	 1.0133345779429261 	 0.9587111491500191 	 0.9422494735137881 	 0.9776472596066196 	 1.021392129422073
1523.0999733072679 	 -7.623618132377725e-8 	 3.095861117961397e-7 	 1.6097667232964794e-6 	 3.937845727647534e-8 	 7.039531446270758e-8 	 2.741932621560879e-7 	 3.65912564980387e-8 	 7.778331015745114e-8 	 1.042114970086856 	 1.0259163417593793 	 0.930851927606052 	 1.0128388838567377 	 0.9607332443326965 	 0.9449757861749406 	 0.9787965162022844 	 1.0207327817886493
1572.1559349613535 	 -6.715841367317544e-8 	 2.7284878686532897e-7 	 1.4247548902710067e-6 	 3.4716209672185086e-8 	 6.221565375003848e-8 	 2.425148110194758e-7 	 3.231062022577125e-8 	 6.856345773071565e-8 	 1.0408138781520062 	 1.025110424701306 	 0.9340625459883183 	 1.0123533298560508 	 0.9626687619646124 	 0.9475896620326603 	 0.9798927211076148 	 1.0200853206577056
1622.7918896664398 	 -5.915415122876915e-8 	 2.404643701413638e-7 	 1.2608288983206226e-6 	 3.060624881415941e-8 	 5.498144131213377e-8 	 2.1447046692314083e-7 	 2.8529229059270472e-8 	 6.043673963752989e-8 	 1.0393839766449422 	 1.024277194709932 	 0.9371521395380079 	 1.0118777874215006 	 0.9645205294058598 	 0.9500964359712694 	 0.9809376815901191 	 1.0194430255110565
1675.0587257948491 	 -5.215645843318748e-8 	 2.1197807929746703e-7 	 1.1155502952634096e-6 	 2.6983115080132382e-8 	 4.858415685459548e-8 	 1.896469106515545e-7 	 2.5189089770197682e-8 	 5.3273873621424855e-8 	 1.0390035439887226 	 1.023707453636779 	 0.9400722806301651 	 1.0114122010762876 	 0.9662915249903342 	 0.9524980801835626 	 0.9819333283159462 	 1.0188127057572673
1729.008970730187 	 -4.6004564797149404e-8 	 1.868871240392896e-7 	 9.86854104477493e-7 	 2.3789121146178945e-8 	 4.2927634288050304e-8 	 1.6767731835954046e-7 	 2.2238917804427936e-8 	 4.696085308071104e-8 	 1.0390298070497752 	 1.0232516140675303 	 0.942851265324567 	 1.010956911429639 	 0.9679849401516419 	 0.9547964623222953 	 0.9828818633242409 	 1.0182025933788657
1784.6968436565667 	 -4.0524421512663036e-8 	 1.6471390558083654e-7 	 8.729432061722231e-7 	 2.0973414499205473e-8 	 3.7926644987964835e-8 	 1.4823673025043737e-7 	 1.9633352659446517e-8 	 4.139649468938872e-8 	 1.0376766607563197 	 1.0224721026064845 	 0.9455714931470133 	 1.0105121333879838 	 0.9696035938140827 	 0.95699672877846 	 0.9837851984280247 	 1.0176066450254369
1842.1783100480832 	 -3.565454805930992e-8 	 1.4512897243690458e-7 	 7.72129433053667e-7 	 1.8491162507346486e-8 	 3.350567797252247e-8 	 1.3103691507008196e-7 	 1.7332279691534955e-8 	 3.649147479252932e-8 	 1.0350904592234929 	 1.0213943887879244 	 0.9482364250404491 	 1.0100776297174319 	 0.971150068350834 	 0.9591056103434903 	 0.9846449323095674 	 1.0170116471735524
1901.5111379132675 	 -3.140916507824341e-8 	 1.2791177582227025e-7 	 6.828404459098535e-7 	 1.6302845792939746e-8 	 2.95978565752808e-8 	 1.1582174596173173e-7 	 1.530023353136736e-8 	 3.21675369146729e-8 	 1.0338032821604761 	 1.020629273655394 	 0.9507446898441433 	 1.0096529139058763 	 0.9726270444404729 	 0.9611275443190441 	 0.9854626435999715 	 1.0164135918234927
1962.75495585106 	 -2.7724346829734455e-8 	 1.1279311709669693e-7 	 6.037518073051772e-7 	 1.437364169862897e-8 	 2.614396347689806e-8 	 1.0236356062883988e-7 	 1.3505867625515414e-8 	 2.8356256755653046e-8 	 1.0345726248880898 	 1.0203713028182546 	 0.953062232490342 	 1.0092381108697064 	 0.9740374451521852 	 0.9630624391731737 	 0.9862402890189145 	 1.0158268807150657
2025.971312976666 	 -2.4485519502507806e-8 	 9.947689965860811e-8 	 5.337476933059617e-7 	 1.2672853495100029e-8 	 2.3091556571298745e-8 	 9.046065613779557e-8 	 1.1921469126544282e-8 	 2.499712671869945e-8 	 1.035922168823068 	 1.020272129743325 	 0.9552498366778762 	 1.008833247095596 	 0.9753838911215373 	 0.9649102935297956 	 0.9869795959726058 	 1.0152641182948294
2091.223740777484 	 -2.1593691792906697e-8 	 8.77028356490471e-8 	 4.7183960065327315e-7 	 1.117341977961015e-8 	 2.0394203008570795e-8 	 7.99346337574745e-8 	 1.0522540008111388e-8 	 2.2036381285378604e-8 	 1.0357688544075627 	 1.0198247845676087 	 0.9574001550757614 	 1.0084380695505732 	 0.9766686612981009 	 0.9666746732644119 	 0.9876819718300185 	 1.0147226832956613
2158.5778169612904 	 -1.9001429935160016e-8 	 7.72810351611632e-8 	 4.1711133551560704e-7 	 9.851485909028054e-9 	 1.8010803320117268e-8 	 7.062748152525345e-8 	 9.287428902806541e-9 	 1.942653507533449e-8 	 1.0333331897162814 	 1.0188329981455655 	 0.9595536090699107 	 1.008052155161944 	 0.9778939136945103 	 0.9683608343056874 	 0.9883486833567499 	 1.0141929378223262
2228.1012313608567 	 -1.6709399595508607e-8 	 6.808711934141928e-8 	 3.6870634567444284e-7 	 8.686028185049155e-9 	 1.5904994602561054e-8 	 6.239906643083787e-8 	 8.197006866787818e-9 	 1.7125906581969144e-8 	 1.0302273711858552 	 1.0176845397833476 	 0.9616477234183304 	 1.0076753645010297 	 0.9790623057249416 	 0.9699731949003773 	 0.9889814134017054 	 1.0136708345816605
2299.863853961211 	 -1.4705297681071665e-8 	 5.999884310248579e-8 	 3.2587708661335696e-7 	 7.658514183799239e-9 	 1.4044596258070188e-8 	 5.512513281654866e-8 	 7.234369496846587e-9 	 1.5097848473802856e-8 	 1.0279315698804317 	 1.0167384275607976 	 0.9636234620462499 	 1.0073075121502293 	 0.9801763244965459 	 0.9715148298887792 	 0.9895817157422379 	 1.0131566227744073
2373.937805117912 	 -1.2956761658002708e-8 	 5.288720576139479e-8 	 2.879813434482807e-7 	 6.752606471302114e-9 	 1.2401131012882863e-8 	 4.869550702995305e-8 	 6.384578529639391e-9 	 1.3310148034461993e-8 	 1.0268452506107328 	 1.016096905277171 	 0.9654638983467962 	 1.006948217098025 	 0.9812380704349963 	 0.972986517984968 	 0.9901508250390517 	 1.0126574354962505
2450.3975280369345 	 -1.1431204743121177e-8 	 4.6634263675486495e-8 	 2.5445447632791455e-7 	 5.953902246433576e-9 	 1.0949406024159601e-8 	 4.3012677143343587e-8 	 5.634435419085686e-9 	 1.173435297745377e-8 	 1.0271140668480347 	 1.015798986814894 	 0.9671635610811598 	 1.0065967908880837 	 0.9822494617790746 	 0.9743893971694606 	 0.9906897528479417 	 1.0121781619684271
2529.319863588966 	 -1.0083823569796614e-8 	 4.1119757674934135e-8 	 2.2481300672736626e-7 	 5.2497096672366514e-9 	 9.667141256598264e-9 	 3.7990394914614217e-8 	 4.9722829132558206e-9 	 1.034531136837772e-8 	 1.0272355885652706 	 1.0154799265111545 	 0.9687894690459695 	 1.0062531943827795 	 0.9832126294558082 	 0.9757263383637684 	 0.9911998817257213 	 1.0117181154477066
2610.7841275333144 	 -8.885555243316805e-9 	 3.6248130313725826e-8 	 1.9861801146184508e-7 	 4.628839714851154e-9 	 8.534632864947851e-9 	 3.3552305967938625e-8 	 4.387823424683999e-9 	 9.12085835680239e-9 	 1.0262366837117678 	 1.014903035988807 	 0.9703865080223633 	 1.005917291986952 	 0.9841297770665237 	 0.977000393465993 	 0.9916826100048767 	 1.0112762694828985
2694.8721902290704 	 -7.821303856427906e-9 	 3.1945440750404653e-8 	 1.754708038325169e-7 	 4.081427189949222e-9 	 7.534454209586442e-9 	 2.963089208327449e-8 	 3.871959685675611e-9 	 8.041378964658257e-9 	 1.0241422122308526 	 1.014065413377726 	 0.9719616522154787 	 1.00558857300136 	 0.9850028146622021 	 0.9782170693783587 	 0.9921390121977848 	 1.0108408384252585
2781.6685589135764 	 -6.88746753014529e-9 	 2.8156544943315903e-8 	 1.5500745578227872e-7 	 3.5987745840837887e-9 	 6.6511956577995156e-9 	 2.6166285817941782e-8 	 3.4166559810389036e-9 	 7.089692471056108e-9 	 1.0224894078121292 	 1.0133386160265265 	 0.9734530225499571 	 1.0052661658570652 	 0.9858334323973101 	 0.9793788833067447 	 0.9925698920383099 	 1.0104103632730959
2871.2604626309217 	 -6.0776363538217595e-9 	 2.4829887799007964e-8 	 1.3690813684796012e-7 	 3.173215547407812e-9 	 5.871236514830309e-9 	 2.3105432092424198e-8 	 3.0148166128363243e-9 	 6.2507504817283635e-9 	 1.0229445888462176 	 1.0131368991217635 	 0.9747871939112654 	 1.0049492710361392 	 0.9866236900068264 	 0.980484865509797 	 0.9929763151949287 	 1.0099984390723178
2963.7379398958333 	 -5.361410242182882e-9 	 2.1895174196448e-8 	 1.209147846912042e-7 	 2.7979937584669477e-9 	 5.182535469931277e-9 	 2.0401422698235878e-8 	 2.660175687679375e-9 	 5.51125465142088e-9 	 1.0230917503137682 	 1.0128845006229255 	 0.9760635763840183 	 1.0046376556762895 	 0.9873756017657929 	 0.9815341147653592 	 0.9933595120919981 	 1.0096181814111316
3059.193929181018 	 -4.718306150588088e-9 	 1.9296218008109268e-8 	 1.0679430322633083e-7 	 2.4671522249167633e-9 	 4.574447111485179e-9 	 1.8012931604919827e-8 	 2.3471990652207606e-9 	 4.859303952506313e-9 	 1.0207979869850348 	 1.0120497519982923 	 0.9773833381231711 	 1.0043308483327154 	 0.9880908190860372 	 0.982533777759523 	 0.9937203948841694 	 1.0092503173932608
3157.7243623189356 	 -4.158412967328194e-9 	 1.7011707959035614e-8 	 9.431195957440512e-8 	 2.1754380298929117e-9 	 4.0375625480214475e-9 	 1.5903381076205982e-8 	 2.070999475503031e-9 	 4.284431663901547e-9 	 1.0199983032342863 	 1.011569506315484 	 0.9785922184515787 	 1.004027751817367 	 0.9887708658598576 	 0.9834917021745322 	 0.9940595764710973 	 1.0088722918705542
3259.4282609118313 	 -3.6735857347768164e-9 	 1.500655700453413e-8 	 8.32746743037338e-8 	 1.9182219864733117e-9 	 3.563566598219996e-9 	 1.4040175901181065e-8 	 1.8272621338691248e-9 	 3.7776570899183085e-9 	 1.0215982909389008 	 1.0116889761618408 	 0.9796390245042894 	 1.003727932352938 	 0.989417124334745 	 0.9844007325354404 	 0.9943778094097891 	 1.0085179961022732
3364.407835846977 	 -3.2329476646430417e-9 	 1.3225608798940037e-8 	 7.353708388155615e-8 	 1.6914248311532293e-9 	 3.145111485538492e-9 	 1.239467038292819e-8 	 1.6121780342624642e-9 	 3.3308870447650036e-9 	 1.0193112017376291 	 1.0108803925542642 	 0.9807937352829011 	 1.0034321056073152 	 0.990030861053215 	 0.9852637538055763 	 0.9946761714280509 	 1.0081825341848283
3472.768590017064 	 -2.844260276248963e-9 	 1.165485557297099e-8 	 6.493679068611454e-8 	 1.491447750423714e-9 	 2.775705770040837e-9 	 1.0941663751298115e-8 	 1.4223837625962832e-9 	 2.9368650989071402e-9 	 1.0167065077901603 	 1.009971552507072 	 0.9819293588112308 	 1.003139839819604 	 0.9906135429659212 	 0.9860956284006508 	 0.9949554728034061 	 1.0078163672713125
3584.6194243490113 	 -2.5176543968220445e-9 	 1.028615332280318e-8 	 5.732384285780689e-8 	 1.3151170082639742e-9 	 2.449614104987489e-9 	 9.658570882944166e-9 	 1.2549096264693607e-9 	 2.5894996419934046e-9 	 1.0203296941601245 	 1.0105862469704356 	 0.9827495776912147 	 1.0028499906164219 	 0.9911665837729274 	 0.9868853122184721 	 0.9952162417452753 	 1.0074683445277162
3700.07274724778 	 -2.220524131025567e-9 	 9.070543543422956e-9 	 5.060795217766674e-8 	 1.1596366785349072e-9 	 2.1617678385717117e-9 	 8.525499388726948e-9 	 1.1071340994822467e-9 	 2.2833398041319843e-9 	 1.0202769012745843 	 1.0103500040336137 	 0.9836587922022407 	 1.0025629902431965 	 0.9916905482922345 	 0.987624344446942 	 0.9954589972806936 	 1.0071733975867836
3819.2445875651174 	 -1.9483618782182664e-9 	 7.988325456012884e-9 	 4.468763446646634e-8 	 1.022541017773121e-9 	 1.9076916648760965e-9 	 7.525137131782758e-9 	 9.767434946074832e-10 	 2.013321192597947e-9 	 1.0149632693674593 	 1.0088170886440797 	 0.9847618710269894 	 1.0022789473928229 	 0.992186810982905 	 0.9883357897692835 	 0.9956846717977308 	 1.0068503112275997
3942.2547112067946 	 -1.720715812156556e-9 	 7.046358702857637e-9 	 3.944730853876807e-8 	 9.016544713945658e-10 	 1.6834333519977552e-9 	 6.64195246308936e-9 	 8.61695213244393e-10 	 1.7752142968998092e-9 	 1.0162674053738783 	 1.0088801388965516 	 0.9855516303549198 	 1.0019963873681779 	 0.9926572972961438 	 0.9890175808706757 	 0.9958940079058659 	 1.006516214122452
4069.226741495563 	 -1.5206102573732254e-9 	 6.216684653287247e-9 	 3.481830101759368e-8 	 7.950604862922872e-10 	 1.4854997884193186e-9 	 5.86214081012564e-9 	 7.601860317828872e-10 	 1.565358131970848e-9 	 1.0182042554012125 	 1.0091408985883006 	 0.98625160790082 	 1.0017153523859015 	 0.993102674794822 	 0.9896523031797858 	 0.9960874517200349 	 1.0062406250200175
4200.288283410721 	 -1.3351774828923268e-9 	 5.4760740633496555e-9 	 3.074004207263302e-8 	 7.010690987934163e-10 	 1.310805947344135e-9 	 5.173730876568971e-9 	 6.706242860959837e-10 	 1.3802988601521447e-9 	 1.0136175852272478 	 1.0078140947984418 	 0.9871945545904761 	 1.0014358391888556 	 0.9935234116609349 	 0.9902580297325355 	 0.9962653036639592 	 1.0059569782529911
4335.571051829184 	 -1.177913270457985e-9 	 4.8291640711875125e-9 	 2.7133277539130715e-8 	 6.181893030866986e-10 	 1.1566293374863186e-9 	 4.566063087188291e-9 	 5.916054796616467e-10 	 1.217083600242945e-9 	 1.0138334041914352 	 1.0076303042622397 	 0.9879129890680824 	 1.0011564175309278 	 0.993921421747584 	 0.9908424193248215 	 0.9964283180787502 	 1.0056453127036815
4475.211003896981 	 -1.0423704411975473e-9 	 4.2620340166329036e-9 	 2.3945177530921734e-8 	 5.451074246115627e-10 	 1.0205645682924315e-9 	 4.02960164965061e-9 	 5.218899266714588e-10 	 1.0732211918117506e-9 	 1.0171699330172483 	 1.0082409118534457 	 0.9884453088811599 	 1.0008769598245464 	 0.9942978001195178 	 0.9913863704671944 	 0.9965771673839887 	 1.0053836256840882
4619.348475664124 	 -9.1656978122669e-10 	 3.755698757052567e-9 	 2.113671089529252e-8 	 4.806653115513275e-10 	 9.004869694076775e-10 	 3.5560585217636254e-9 	 4.6038335466317425e-10 	 9.463763252751842e-10 	 1.0140400460800132 	 1.0072941221130316 	 0.9892137296483857 	 1.0005977471451784 	 0.9946529375795253 	 0.9918999599093739 	 0.9967122054126754 	 1.005135426899122
4768.128323120214 	 -8.068185173544682e-10 	 3.310305223349207e-9 	 1.8656470430391224e-8 	 4.238408544224648e-10 	 7.94521275268363e-10 	 3.138110807677046e-9 	 4.061199724733349e-10 	 8.344955686647268e-10 	 1.012007133263065 	 1.0065879648209006 	 0.9899205893859401 	 1.000317118067981 	 0.9949879308447975 	 0.992396885647268 	 0.9968335727472334 	 1.0048538312852102
4921.700067772559 	 -7.130593291894233e-10 	 2.9206525326629373e-9 	 1.6463708715636906e-8 	 3.7373339891463146e-10 	 7.010117730400257e-10 	 2.7691944640427018e-9 	 3.582476561249852e-10 	 7.358644011574469e-10 	 1.014031690285749 	 1.0068893134131605 	 0.9904138199610403 	 1.0000344007901438 	 0.9953039747262976 	 0.9928616080365084 	 0.9969418120197557 	 1.004603753295815
5080.218046913023 	 -6.275340576713782e-10 	 2.5742539161734223e-9 	 1.4530768664081616e-8 	 3.29549201172039e-10 	 6.184962547645282e-10 	 2.4435746543221328e-9 	 3.1601441983825876e-10 	 6.489066195004626e-10 	 1.011768856663023 	 1.0061700042389576 	 0.9910504238236256 	 0.9997500565732372 	 0.9956017372350592 	 0.9932967619229913 	 0.9970375116210592 	 1.0043783718410808
5243.841568724663 	 -5.520479184315221e-10 	 2.2686807728673695e-9 	 1.2824784876451156e-8 	 2.905878094102176e-10 	 5.456840659904778e-10 	 2.156209378474107e-9 	 2.787565605766031e-10 	 5.722109514784524e-10 	 1.0091109710661323 	 1.0053366593241257 	 0.9916887734633755 	 0.9994629743477109 	 0.9958822435528952 	 0.9937164597577662 	 0.997120948193795 	 1.004128879821325
5412.735072384094 	 -4.878998430610656e-10 	 2.0016670549633956e-9 	 1.1316458055234008e-8 	 2.562315870395794e-10 	 4.814356744180847e-10 	 1.902589301456679e-9 	 2.4588835517953146e-10 	 5.045890706339191e-10 	 1.0111392628613218 	 1.005652910914366 	 0.9920966216322676 	 0.9991717129331965 	 0.9961463081953388 	 0.994110699289401 	 0.997192146882924 	 1.0038972786615246
5587.068293320361 	 -4.30375658637196e-10 	 1.765294230298748e-9 	 9.985970818394913e-9 	 2.259363281260099e-10 	 4.2474500140673444e-10 	 1.6787521498133588e-9 	 2.1689304300583792e-10 	 4.4497285722034794e-10 	 1.0112211427843514 	 1.0055218688930208 	 0.9925488492809971 	 0.9988762225646337 	 0.9963944111260563 	 0.9944762697131571 	 0.997251400013195 	 1.0036981016323583
5767.016433796482 	 -3.789224170603148e-10 	 1.5561094269311995e-9 	 8.812468759154017e-9 	 1.9922201804357805e-10 	 3.7472422502234207e-10 	 1.4812254551550477e-9 	 1.913146796262615e-10 	 3.9239566995672667e-10 	 1.0094083309887278 	 1.0049227941943255 	 0.9930642161154208 	 0.9985759191204692 	 0.9966276256542609 	 0.9948260623447103 	 0.9972992041379786 	 1.003487422722482
5952.760338985114 	 -3.345738619596507e-10 	 1.3726718743443652e-9 	 7.775735774569392e-9 	 1.7566526460627932e-10 	 3.305896098421733e-10 	 1.3069153784162107e-9 	 1.6875088962696418e-10 	 3.460326707948623e-10 	 1.01047771527766 	 1.0050263391643455 	 0.9934348289286912 	 0.9982694780527036 	 0.9968469765851599 	 0.9951569964992107 	 0.9973357654767747 	 1.0032818991761632
6144.486678715214 	 -2.951568011805821e-10 	 1.2106237470257899e-9 	 6.86100647992329e-9 	 1.5489286449036665e-10 	 2.916491362071991e-10 	 1.1530900324211729e-9 	 1.4884659867949984e-10 	 3.0515564861494145e-10 	 1.0106613802903335 	 1.0049351614415374 	 0.9938111426902116 	 0.9979561408564597 	 0.9970527495037201 	 0.9954638543694505 	 0.9973610010567323 	 1.003102771796268
6342.38813507239 	 -2.597452831074836e-10 	 1.0670635909574784e-9 	 6.05441804581499e-9 	 1.3657571840707564e-10 	 2.572921244310776e-10 	 1.01735451953881e-9 	 1.3128854670711526e-10 	 2.69106102616664e-10 	 1.0083671527334608 	 1.004239500793405 	 0.9942751427458522 	 0.9976350113985163 	 0.9972454850598368 	 0.9957555619441004 	 0.9973749430054001 	 1.0029186524513771
6546.663596041531 	 -2.2903732951350783e-10 	 9.409819717150369e-10 	 5.3421053599504e-9 	 1.2042360926312674e-10 	 2.2697975705147453e-10 	 8.975839045235232e-10 	 1.1580038834875062e-10 	 2.373148807336994e-10 	 1.008081017246908 	 1.0040294369332166 	 0.9946373675898721 	 0.9973049457692206 	 0.9974263967536784 	 0.9960327610212035 	 0.9973779739643472 	 1.002732931505884
6757.518355386223 	 -2.0208290115112342e-10 	 8.299354537145001e-10 	 4.713346758754945e-9 	 1.0618067853845732e-10 	 2.0023632862241065e-10 	 7.918974589242138e-10 	 1.0213826878872854e-10 	 2.0928418418775422e-10 	 1.0084093839879062 	 1.0039858812071516 	 0.9949467981492818 	 0.9969651435334544 	 0.9975961155946315 	 0.9962897478938281 	 0.9973702150557928 	 1.0025703606159042
6975.164318965871 	 -1.7798395467636988e-10 	 7.316812067438687e-10 	 4.1588270533470016e-9 	 9.362128431589414e-11 	 1.766419575690069e-10 	 6.986440371558434e-10 	 9.008701358894975e-11 	 1.8456575068916067e-10 	 1.006946293205607 	 1.0035137632328894 	 0.9953125319113505 	 0.9966145369782783 	 0.9977549464795531 	 0.9965310008022434 	 0.997351481597801 	 1.0024153538734324
7199.820217697934 	 -1.5692931530092665e-10 	 6.452289924004855e-10 	 3.669320623240506e-9 	 8.254641390491837e-11 	 1.5582615796777833e-10 	 6.16364230805768e-10 	 7.945679005229116e-11 	 1.627665590331037e-10 	 1.0065785699360348 	 1.0033060968245504 	 0.9956172638171831 	 0.9962514781405181 	 0.997903459713264 	 0.9967596049435606 	 0.9973215608628192 	 1.0022589056493991
7431.71182737919 	 -1.384990782916637e-10 	 5.691335083885061e-10 	 3.2372235795869423e-9 	 7.278065236397154e-11 	 1.374620216628556e-10 	 5.437652982821894e-10 	 7.00801573191865e-11 	 1.4354481003217226e-10 	 1.0071835598922654 	 1.0033486684637223 	 0.9958584132424315 	 0.9958750613045138 	 0.9980425040205116 	 0.9969712513778111 	 0.9972806781646351 	 1.0021215034648505
7671.0721955869885 	 -1.2204285494101044e-10 	 5.018259843398011e-10 	 2.856149010473466e-9 	 6.416931098354561e-11 	 1.212610180021845e-10 	 4.797107135447089e-10 	 6.18093756292729e-11 	 1.2659437646612358e-10 	 1.0062183855315459 	 1.003018660263519 	 0.9961480936420611 	 0.9954843430797696 	 0.998172647942622 	 0.9971688637388973 	 0.9972288592355276 	 1.0019947483927611
7918.141875888605 	 -1.0754906641087904e-10 	 4.424846087686099e-10 	 2.5198977464322013e-9 	 5.657593589695888e-11 	 1.0696853202003376e-10 	 4.231974793143269e-10 	 5.451408865387017e-11 	 1.1164518078593679e-10 	 1.0053208265717617 	 1.0027026932419216 	 0.9964238396610401 	 0.9950775989840486 	 0.9982944023456624 	 0.9973566980889199 	 0.9971658176530784 	 1.001864890753447
8173.169169593918 	 -9.48925703370076e-11 	 3.902800112453898e-10 	 2.2230783518087744e-9 	 4.988020386904467e-11 	 9.435987786206253e-11 	 3.73336909007679e-10 	 4.8079293296605095e-11 	 9.846248030273345e-11 	 1.0056535480421223 	 1.0026941155451266 	 0.9966303441739522 	 0.9946529325490999 	 0.9984081444578535 	 0.9975312475244688 	 0.9970911164672642 	 1.00174709734536
8436.410375294518 	 -8.364377937090481e-11 	 3.441568540374736e-10 	 1.9612682434217155e-9 	 4.3976053079443113e-11 	 8.323682680992192e-11 	 3.2934644249411216e-10 	 4.2403559345572036e-11 	 8.683769155545651e-11 	 1.0050044214911271 	 1.0024592450842964 	 0.9968607063688882 	 0.9942091153116965 	 0.9985145678568633 	 0.9976924894256344 	 0.9970047538182587 	 1.0016447888052529
8708.130046439881 	 -7.370300548235062e-11 	 3.0345982460535973e-10 	 1.7302974069358566e-9 	 3.876993509614478e-11 	 7.342447074745006e-11 	 2.905367473629777e-10 	 3.739740130075373e-11 	 7.658560637428753e-11 	 1.004009142533193 	 1.0021428901617633 	 0.9970946432245548 	 0.993744438903195 	 0.998614481126595 	 0.9978446686297455 	 0.9969066336962256 	 1.0015456895283192
8988.601257209677 	 -6.502241692459366e-11 	 2.67656970511801e-10 	 1.526425071335199e-9 	 3.417934359316937e-11 	 6.476845714908506e-11 	 2.562974345495816e-10 	 3.2981866243116315e-11 	 6.754485119578167e-11 	 1.0042312294381852 	 1.0021325075173455 	 0.9972619789114452 	 0.9932566929400439 	 0.99870846635593 	 0.9979856004453481 	 0.9967963343833023 	 1.0014609166451112
9278.105876949165 	 -5.733391092489501e-11 	 2.360515606729127e-10 	 1.3465806456721146e-9 	 3.013153197184038e-11 	 5.7132573021612995e-11 	 2.2609031519209693e-10 	 2.908730100030823e-11 	 5.95725499160201e-11 	 1.0039228210536646 	 1.0020089786884343 	 0.997434266115094 	 0.9927437009967035 	 0.9987967211402111 	 0.9981139378296227 	 0.9966731900705043 	 1.0013965492610655
9576.934853443625 	 -5.051512278874433e-11 	 2.0813977024442867e-10 	 1.1879526876592511e-9 	 2.6562360585946695e-11 	 5.039666577047082e-11 	 1.994417797004963e-10 	 2.565227482079965e-11 	 5.25415491518899e-11 	 1.0028323082636779 	 1.0017006433462396 	 0.9976293218744863 	 0.9922034665016061 	 0.9988798999398928 	 0.9982342040394232 	 0.99653688958082 	 1.0013385106490023
9885.388505316556 	 -4.455456092626477e-11 	 1.8357668594183456e-10 	 1.0479539020447804e-9 	 2.34152673439553e-11 	 4.445472989589527e-11 	 1.7593294114088788e-10 	 2.2622598485992064e-11 	 4.6340708338563235e-11 	 1.0028066776899824 	 1.0016558969862255 	 0.997769868934698 	 0.9916338371924409 	 0.9989588303995858 	 0.9983472217859465 	 0.9963871739155838 	 1.001287647239614
10203.776823845337 	 -3.9296860398935295e-11 	 1.6191374148788508e-10 	 9.244427019723006e-10 	 2.0640375998855754e-11 	 3.921321426668901e-11 	 1.5519377763713448e-10 	 1.9950462851440568e-11 	 4.087229369629299e-11 	 1.002769342868049 	 1.0016197518546552 	 0.997898451849403 	 0.9910326580055322 	 0.9990338457428698 	 0.9984513308148217 	 0.9962234527439006 	 1.0012518828074377
10532.419784497823 	 -3.462770729872745e-11 	 1.4277551726653105e-10 	 8.155147433325546e-10 	 1.8193699078054485e-11 	 3.4589575729260374e-11 	 1.3689860865700403e-10 	 1.7593691030629553e-11 	 3.604926998931306e-11 	 1.0018093408889903 	 1.001361889754376 	 0.9980592231722304 	 0.9903974510878634 	 0.9991050157227067 	 0.998549905159977 	 0.9960448436048388 	 1.0012187054227768
10871.647668502786 	 -3.05382043242048e-11 	 1.2592454811574082e-10 	 7.193926296134058e-10 	 1.6036447458804762e-11 	 3.0511008949792535e-11 	 1.2075959681841548e-10 	 1.5515084877818255e-11 	 3.179544793054992e-11 	 1.0016661101313882 	 1.0013037957731379 	 0.9981794496118616 	 0.989725630874206 	 0.9991728354990002 	 0.9986436382745525 	 0.9958506962368401 	 1.0011878552041633
11221.801394777714 	 -2.6939453843036292e-11 	 1.1107157659365968e-10 	 6.345851585032612e-10 	 1.4134421832218597e-11 	 2.691328632899706e-11 	 1.0652239072808845e-10 	 1.3681835440561168e-11 	 2.8044040916877277e-11 	 1.0018124290427912 	 1.0013284204390993 	 0.9982761513500078 	 0.989014923675824 	 0.9992379640268694 	 0.9987296314169081 	 0.995640566008214 	 1.0011735377187096
11583.232862547104 	 -2.3741760881756156e-11 	 9.794841094128225e-11 	 5.597935234590549e-10 	 1.2457457953641775e-11 	 2.3739736701113262e-11 	 9.396313348572533e-11 	 1.206499759396108e-11 	 2.473555001983067e-11 	 1.0009876060317755 	 1.0011269345399694 	 0.9984051206430665 	 0.9882626256421864 	 0.9993008037479146 	 0.9988095045004284 	 0.9954136799628658 	 1.0011715196527209
11956.305304995898 	 -2.0930308495409945e-11 	 8.638292955464172e-11 	 4.938069756890589e-10 	 1.0978949065931308e-11 	 2.0940362506163698e-11 	 8.288427217765063e-11 	 1.0639036572449691e-11 	 2.181754035309384e-11 	 1.0004826185121787 	 1.0010086366845201 	 0.9985143156530487 	 0.9874653303149976 	 0.9993616495329509 	 0.9988849005639614 	 0.9951689380209482 	 1.0011769624649016
12341.393654313382 	 -1.846400660182063e-11 	 7.619634104256191e-11 	 4.355819294894929e-10 	 9.675436407888417e-12 	 1.8471058596957134e-11 	 7.311118150453859e-11 	 9.381431070558608e-12 	 1.924411148025432e-11 	 1.000640346895142 	 1.0010647245373736 	 0.9985850832583205 	 0.986619725480625 	 0.9994208712087008 	 0.9989534871767163 	 0.9949053060812018 	 1.0012005253546001
12738.88491849441 	 -1.627455566862501e-11 	 6.719792039947058e-11 	 3.8423311416381764e-10 	 8.526239292298148e-12 	 1.629292054100474e-11 	 6.449014779473038e-11 	 8.272319370024749e-12 	 1.6974454910274475e-11 	 0.9999524492023898 	 1.0009261113178292 	 0.9986841460642061 	 0.9857230070299069 	 0.9994790907634881 	 0.9990172381092538 	 0.9946220727644753 	 1.0012376831285703
13149.178570276505 	 -1.4345400235089375e-11 	 5.926300773346155e-11 	 3.389361068283958e-10 	 7.51311598431891e-12 	 1.4371624725468103e-11 	 5.688558779451238e-11 	 7.294179679979391e-12 	 1.497253583282062e-11 	 0.9993118161694866 	 1.0008016667486999 	 0.9987788711393497 	 0.9847718243051444 	 0.9995367966648343 	 0.9990794008306134 	 0.9943182304875486 	 1.0012784188354187
13572.686948604116 	 -1.2654606210453412e-11 	 5.227527553542833e-11 	 2.98967588145999e-10 	 6.619978301013066e-12 	 1.2676888345890582e-11 	 5.017755195444079e-11 	 6.431555000011012e-12 	 1.3206889774983349e-11 	 0.9994363324067004 	 1.0008726142839222 	 0.9988350242796622 	 0.983762427745734 	 0.9995942023422757 	 0.9991377519954474 	 0.9939924317395282 	 1.001332224386994
14009.835673022935 	 -1.1155795873084882e-11 	 4.6104760167041237e-11 	 2.637175760995399e-10 	 5.832639849520899e-12 	 1.1181997703411799e-11 	 4.426033375234155e-11 	 5.670811966662177e-12 	 1.1649654764710662e-11 	 0.9989073345069481 	 1.0007979055749932 	 0.9989111824413875 	 0.9826909839190131 	 0.999651465386274 	 0.9991914956466671 	 0.993643238994138 	 1.0014028881941055
14461.06407142117 	 -9.831330070013057e-12 	 4.0659834820685344e-11 	 2.326258192039548e-10 	 5.138591018470532e-12 	 9.86339519360876e-12 	 3.904080771778214e-11 	 4.9999281821510445e-12 	 1.0276168250238737e-11 	 0.9980563563047836 	 1.0006550132260337 	 0.9989962545788422 	 0.9815535749234885 	 0.9997094268352349 	 0.9992426987681224 	 0.993269605015647 	 1.0014865832667397
14926.82562154745 	 -8.670416242786901e-12 	 3.586484177924178e-11 	 2.051919262847973e-10 	 4.526798468677623e-12 	 8.700297932833497e-12 	 3.443668115196448e-11 	 4.408298244636805e-12 	 9.064808512161305e-12 	 0.9979318412633834 	 1.0007044468022332 	 0.9990434064606404 	 0.980345728429153 	 0.9997688998130726 	 0.9992901896439947 	 0.9928702403503747 	 1.0015916803884648
15407.588406749146 	 -7.644562932264147e-12 	 3.163392998156807e-11 	 1.8099378573613116e-10 	 3.987532699927819e-12 	 7.674368728557752e-12 	 3.037538795964723e-11 	 3.886566592981658e-12 	 7.996455683115193e-12 	 0.9975432582987207 	 1.0007099185448212 	 0.9990929587717019 	 0.9790626948378487 	 0.9998303247469132 	 0.9993331928411503 	 0.992443479596204 	 1.0017232496114277
15903.835586389117 	 -6.735945937839304e-12 	 2.7898365340516442e-11 	 1.5965274812547239e-10 	 3.5122140242125684e-12 	 6.769431202081427e-12 	 2.6793016209421366e-11 	 3.4264812054498896e-12 	 7.054139800895241e-12 	 0.9965424780419354 	 1.0005803217442943 	 0.9991639992616098 	 0.977699432383825 	 0.9998940099376269 	 0.9993744243569689 	 0.9919874283370028 	 1.001872431456728
16416.065881413466 	 -5.938172278277018e-12 	 2.460716607022876e-11 	 1.4082453776087502e-10 	 3.0932782643626634e-12 	 5.971219695591592e-12 	 2.3633100547281825e-11 	 3.020765466296341e-12 	 6.222997930675968e-12 	 0.9960202327936565 	 1.000582597820091 	 0.9992101993664326 	 0.9762510751244058 	 0.9999608175005423 	 0.999414098604197 	 0.9915005670290936 	 1.0020425543244829
16944.794075558788 	 -5.233674468628319e-12 	 2.1703567787588496e-11 	 1.2421691391459937e-10 	 2.724055005207654e-12 	 5.267149507992751e-12 	 2.0845783100288043e-11 	 2.6630009996684807e-12 	 5.489964439663845e-12 	 0.9952684074823853 	 1.0005542064453927 	 0.9992574715579724 	 0.9747125388272289 	 1.000031600203935 	 0.9994501293490361 	 0.9909812410881005 	 1.0022456617584452
17490.55153270193 	 -4.609594597883633e-12 	 1.913989518831103e-11 	 1.0957022707829587e-10 	 2.3986604510459186e-12 	 4.646118770789465e-12 	 1.8387160323781646e-11 	 2.347525915426635e-12 	 4.843433530147901e-12 	 0.9938352331992164 	 1.000385043521348 	 0.9993264341775078 	 0.9730778784806587 	 1.0001071453991435 	 0.9994837133096133 	 0.9904273949212238 	 1.0024809823831622
18053.886730872742 	 -4.062142127562807e-12 	 1.688169606870108e-11 	 9.664771525212265e-11 	 2.111905345703653e-12 	 4.0983343957160854e-12 	 1.621848733152247e-11 	 2.069346097921961e-12 	 4.273184647055035e-12 	 0.9929443676550054 	 1.0003727587701055 	 0.9993659551660272 	 0.9713403264792289 	 1.00018827321931 	 0.9995155374434543 	 0.9898366413402118 	 1.0027498434273017
18635.365813466226 	 -3.580769644527028e-12 	 1.489144839678385e-11 	 8.524753062114591e-11 	 1.8592156444463968e-12 	 3.6151589363844523e-12 	 1.430556843112452e-11 	 1.8240577187059424e-12 	 3.770226250776647e-12 	 0.992348757346883 	 1.000462616983076 	 0.9993851943248885 	 0.969493451467638 	 1.0002761355753553 	 0.9995452685789984 	 0.9892068506116446 	 1.0030590515251085
19235.57315820817 	 -3.1544495969773483e-12 	 1.3134251103202464e-11 	 7.519360564451449e-11 	 1.6365585873515773e-12 	 3.1889731503542305e-12 	 1.2618265249660506e-11 	 1.6077767795928285e-12 	 3.326600502097565e-12 	 0.9911278606891959 	 1.0004315618994577 	 0.9994248850235546 	 0.9675308399480901 	 1.0003719824453319 	 0.9995744484732003 	 0.9885358767086131 	 1.0034087456651375
19855.111964445827 	 -2.7783169170624936e-12 	 1.1584261049880204e-11 	 6.632548200668356e-11 	 1.4403771891488593e-12 	 2.813055600952772e-12 	 1.112996329378323e-11 	 1.4170771416581477e-12 	 2.935314710955554e-12 	 0.9897055829112483 	 1.0003881764812879 	 0.9994655015348979 	 0.9654452264760437 	 1.0004770212381684 	 0.9996025846954574 	 0.9878211515553005 	 1.0038066057077475
20494.60485935438 	 -2.4470596605031202e-12 	 1.0217722086104177e-11 	 5.850243680928416e-11 	 1.2675343457743963e-12 	 2.4814772730082833e-12 	 9.817165556466039e-12 	 1.2489367662662853e-12 	 2.5902208085496894e-12 	 0.9882957766603693 	 1.0003971490388384 	 0.9994923961340205 	 0.9632284147034894 	 1.000592513106332 	 0.9996268165899493 	 0.9870597073984548 	 1.0042695873887921
21154.694523667746 	 -2.1542213256757795e-12 	 9.0117894136152e-12 	 5.160253598078145e-11 	 1.1152643910359315e-12 	 2.1890090742829694e-12 	 8.659189342043674e-12 	 1.1006907333354288e-12 	 2.285856029327346e-12 	 0.9863949665520984 	 1.0003397785311272 	 0.9995274566406069 	 0.9608719827923928 	 1.0007201710712577 	 0.9996481444863557 	 0.9862486653586093 	 1.0048021174287882
21836.044337563086 	 -1.8960636111464805e-12 	 7.948235355188403e-12 	 4.551638958970091e-11 	 9.811292550511738e-13 	 1.931038828982264e-12 	 7.637803563545449e-12 	 9.699889591513618e-13 	 2.017390581368527e-12 	 0.9843092692707484 	 1.000288711382114 	 0.999561762408847 	 0.9583674720063813 	 1.0008620985347556 	 0.9996697662760159 	 0.9853852432894625 	 1.0054021317890285
22539.33904734789 	 -1.6687467599006676e-12 	 7.010538799859515e-12 	 4.0147691493974254e-11 	 8.629790527108402e-13 	 1.703497477727226e-12 	 6.736890041956963e-12 	 8.547584608475261e-13 	 1.780597346647535e-12 	 0.9821713279548372 	 1.0002860019087245 	 0.9995868892850432 	 0.9557058366236599 	 1.0010202810142244 	 0.9996907574636505 	 0.9844662147835325 	 1.006082696347392
23265.285453619745 	 -1.4678097771344005e-12 	 6.183056555430899e-12 	 3.541254838290538e-11 	 7.589178062520429e-13 	 1.5027956406033122e-12 	 5.9422292768954175e-12 	 7.531707849731233e-13 	 1.5717489261085675e-12 	 0.9794555635673472 	 1.0002168300146332 	 0.9996208332850492 	 0.9528770601894032 	 1.0011968005967442 	 0.9997093813861968 	 0.9834878944933342 	 1.006860433881725
24014.61312159013 	 -1.2908642278626223e-12 	 5.453482711795945e-12 	 3.1235611821459275e-11 	 6.672737778114215e-13 	 1.3257677427392942e-12 	 5.241299219017421e-12 	 6.636134941761586e-13 	 1.3875394946413451e-12 	 0.9765931462153356 	 1.0001911893289974 	 0.9996461087707925 	 0.9498703522145605 	 1.0013943101352962 	 0.9997270921801582 	 0.982446492445451 	 1.0077425615292412
24788.075114286738 	 -1.1353791359993884e-12 	 4.810558448924647e-12 	 2.7550788061976663e-11 	 5.865735348490736e-13 	 1.1696218545095533e-12 	 4.6230495015466156e-12 	 5.846648026043369e-13 	 1.225059770984362e-12 	 0.9738502056727065 	 1.0002826234739717 	 0.9996510662986716 	 0.9466749456194664 	 1.001616086360914 	 0.9997448976663948 	 0.9813383982965694 	 1.0087409953926927
25586.4487493703 	 -9.978469613092472e-13 	 4.24310083512037e-12 	 2.430095893797627e-11 	 5.155179921218036e-13 	 1.0318948232044176e-12 	 4.077722824715725e-12 	 5.150706321710141e-13 	 1.0817512912822182e-12 	 0.9703610037857533 	 1.0002964471731073 	 0.999668400187158 	 0.943279488799984 	 1.0018654384720298 	 0.9997617100402183 	 0.9801595507522719 	 1.0098757870461914
26410.536380327198 	 -8.762354385108044e-13 	 3.742299548409967e-12 	 2.1434705461616292e-11 	 4.529614936191086e-13 	 9.104139409477354e-13 	 3.5967150014178356e-12 	 4.5372486236147147e-13 	 9.553547033036572e-13 	 0.966069463412075 	 1.0002350425995594 	 0.9996966058791679 	 0.9396713653096237 	 1.0021460187428823 	 0.9997766022034706 	 0.9789053682558019 	 1.011168025636079
27261.166202822606 	 -7.691838930380438e-13 	 3.3008014890404953e-12 	 1.8906290338138277e-11 	 3.978939986137366e-13 	 8.032628443227476e-13 	 3.172441689591082e-12 	 3.996520252136882e-13 	 8.438725320083859e-13 	 0.9614702862476134 	 1.0002327492478054 	 0.9997125987494302 	 0.9358370658176934 	 1.002462024948421 	 0.9997898782652476 	 0.9775709684217013 	 1.0126367347988208
28139.19308702476 	 -6.746916846795875e-13 	 2.9113206150303294e-12 	 1.6676179253944547e-11 	 3.494254373757074e-13 	 7.087514487600493e-13 	 2.7982142669868963e-12 	 3.5199206838568135e-13 	 7.455429767922041e-13 	 0.9561569547888581 	 1.0002068946852236 	 0.9997318814864073 	 0.9317631183115183 	 1.0028185423411853 	 0.9998024548862962 	 0.9761516659143104 	 1.0143028724885328
29045.499436736365 	 -5.911936928962005e-13 	 2.567637477920144e-12 	 1.470927104161284e-11 	 3.0677105983595636e-13 	 6.25388876705711e-13 	 2.4681297885008007e-12 	 3.0998644864417433e-13 	 6.588145950204921e-13 	 0.9498866143352211 	 1.0001189570848936 	 0.9997612106964829 	 0.9274351038104939 	 1.0032211821564978 	 0.9998143615972466 	 0.9746423445527905 	 1.016193303391249
29980.99607619748 	 -5.177033736563448e-13 	 2.264658950473965e-12 	 1.2974211159709972e-11 	 2.6923891682256255e-13 	 5.518599939858758e-13 	 2.1769814443027155e-12 	 2.7296613791819967e-13 	 5.823185256069629e-13 	 0.9430638889821087 	 1.000089588782991 	 0.999779526396158 	 0.9228372639838613 	 1.0036761345098468 	 0.9998255928126312 	 0.9730372970086731 	 1.0183378088694985
30946.62316544993 	 -4.530331711822038e-13 	 1.997571445408032e-12 	 1.1443670717799231e-11 	 2.362190813823769e-13 	 4.870047086595956e-13 	 1.920177451878446e-12 	 2.403411300135843e-13 	 5.148460914128808e-13 	 0.9356388955686908 	 1.000130252561623 	 0.9997853640198495 	 0.9179529237241465 	 1.004190228051192 	 0.9998366046088571 	 0.9713303432905637 	 1.020767482451898
31943.35114518409 	 -3.9594625865714804e-13 	 1.761945314353289e-12 	 1.0093722754509344e-11 	 2.0717409281750593e-13 	 4.2979997711174175e-13 	 1.6936668669724898e-12 	 2.1159125752367326e-13 	 4.553330185708395e-13 	 0.9271129637670533 	 1.0001492484273549 	 0.9997949494911127 	 0.9127650949159334 	 1.004771628574001 	 0.9998475881958115 	 0.9695154216916918 	 1.0235208545978416
32972.181712017125 	 -3.455748020188703e-13 	 1.5541005579652478e-12 	 8.903025952817998e-12 	 1.81630161903109e-13 	 3.793434268985638e-13 	 1.4938752158223156e-12 	 1.8625780052097674e-13 	 4.0284191865696387e-13 	 0.9173955369390023 	 1.0001603859409802 	 0.9998051076682333 	 0.9072556740760352 	 1.0054296389257724 	 0.9998578918764548 	 0.967586091525696 	 1.0266451320522614
34034.14882518311 	 -3.0119183198274096e-13 	 1.3708246899832789e-12 	 7.852730762164043e-12 	 1.5916962520981633e-13 	 3.3483901297842235e-13 	 1.3176507788712521e-12 	 1.6393618989264635e-13 	 3.565442860063088e-13 	 0.9065168688958161 	 1.000208625829612 	 0.999807900302928 	 0.9014052049989422 	 1.0061745272842737 	 0.9998674366732282 	 0.9655352394757993 	 1.0301899817379256
35130.31974564622 	 -2.619467127126106e-13 	 1.209073315358828e-12 	 6.92642212292549e-12 	 1.3942439233736235e-13 	 2.955845003199458e-13 	 1.1622136340359928e-12 	 1.4426965071317166e-13 	 3.15708867552341e-13 	 0.8938482568953118 	 1.0001829774338071 	 0.9998226179234326 	 0.8951931969155176 	 1.0070176146022682 	 0.9998761570571413 	 0.963355135719232 	 1.0342100808357715
36261.79610868235 	 -2.2729028916716816e-13 	 1.066367060528352e-12 	 6.109409786798205e-12 	 1.2207010450497848e-13 	 2.6096064706563696e-13 	 1.0251109781839523e-12 	 1.2694364936934097e-13 	 2.796922571300397e-13 	 0.8793259116155697 	 1.0001190253233174 	 0.9998420613070756 	 0.8885982917182208 	 1.0079722493304595 	 0.9998832102492294 	 0.9610380011196759 	 1.0387728135869034
37429.7150310057 	 -1.9678258522319776e-13 	 9.405562173583335e-13 	 5.388716838348483e-12 	 1.0682092383762607e-13 	 2.3042128183213934e-13 	 9.041818650965869e-13 	 1.1168084934130255e-13 	 2.4792454405285546e-13 	 0.8631251998597742 	 1.0001102329982032 	 0.9998518501224617 	 0.8815980728454371 	 1.009053720989836 	 0.9998902384380571 	 0.9585757423436777 	 1.0439454343830237
38635.25025355401 	 -1.6982654824358617e-13 	 8.295398403899579e-13 	 4.75308848971397e-12 	 9.34249574460357e-14 	 2.0348455272000304e-13 	 7.97518332868666e-13 	 9.82366690579134e-14 	 2.1990443072533226e-13 	 0.84452179509915 	 1.0000426125836486 	 0.9998718370139952 	 0.8741689089216294 	 1.0102789187157855 	 0.9998972093851197 	 0.9559595136141391 	 1.0498092637215066
39879.61332108059 	 -1.461149485276565e-13 	 7.31684321462465e-13 	 4.192377513172024e-12 	 8.166019535657607e-14 	 1.7972543918787615e-13 	 7.034374049433941e-13 	 8.63954317755417e-14 	 1.951897909798867e-13 	 0.8237929555646651 	 1.0000533090606687 	 0.9998778874631774 	 0.8662854235661027 	 1.0116669057275198 	 0.9999039500993565 	 0.953179724389847 	 1.0564566102830106
41164.054799738515 	 -1.252148153002329e-13 	 6.453846742088936e-13 	 3.697803829596369e-12 	 7.133107591415043e-14 	 1.5876909070347724e-13 	 6.204555005389769e-13 	 7.596700037225517e-14 	 1.7338995297499698e-13 	 0.800381951149221 	 1.0000833458800107 	 0.9998816400131256 	 0.8579214215260298 	 1.013239453909084 	 0.9999116077402936 	 0.9502265031584485 	 1.0639877787388583
42489.865533880875 	 -1.067889323643077e-13 	 5.692757554300895e-13 	 3.2615606849096707e-12 	 6.226531471221081e-14 	 1.4028492459697233e-13 	 5.472623486153022e-13 	 6.678375291266903e-14 	 1.541622743611191e-13 	 0.7739019819585463 	 1.0001344344471597 	 0.9998810424841256 	 0.8490496154671141 	 1.0150215961043894 	 0.999918689288876 	 0.9470897285480373 	 1.0725288040038827
43858.3779433396 	 -9.053746476346736e-14 	 5.021457465495143e-13 	 2.8767807072285866e-12 	 5.4311108809363735e-14 	 1.2398130794428078e-13 	 4.827037791087762e-13 	 5.869787784801717e-14 	 1.3720276060106018e-13 	 0.7438856626036203 	 1.0001925725921446 	 0.9998797507910908 	 0.8396411144226498 	 1.0170414147144071 	 0.9999262271770843 	 0.9437584454383723 	 1.082210766521813
45270.96736248783 	 -7.617649911976882e-14 	 4.429100262220561e-13 	 2.537412601971245e-12 	 4.733472320964888e-14 	 1.096009768998118e-13 	 4.257603754519058e-13 	 5.157904262178923e-14 	 1.22244509038317e-13 	 0.7096055666623897 	 1.000201481092751 	 0.9998854601132292 	 0.8296654667924461 	 1.0193304419990887 	 0.999932411800711 	 0.9402208388648909 	 1.0931921541205303
46729.05342242991 	 -6.349616126649116e-14 	 3.906491810624628e-13 	 2.2380901437008806e-12 	 4.1218363946670704e-14 	 9.691703917127799e-14 	 3.755341892475581e-13 	 4.531235210584834e-14 	 1.0905100659990462e-13 	 0.6705970201331743 	 1.0001774180239236 	 0.9998961132459463 	 0.8190908347489203 	 1.0219245963270036 	 0.9999379070952393 	 0.9364645616147808 	 1.1056431231008006
48234.10147770942 	 -5.229766187869064e-14 	 3.445400114144925e-13 	 1.974090293798622e-12 	 3.585830778450589e-14 	 8.572940345308985e-14 	 3.3123290074137784e-13 	 3.979653492274502e-14 	 9.741411651562246e-14 	 0.6262021677977845 	 1.0001103811648713 	 0.9999135730564348 	 0.8078844561072914 	 1.0248649975818962 	 0.9999428131138348 	 0.9324770361589475 	 1.1197609842298997
49787.62407896834 	 -4.242749782079362e-14 	 3.038770320651958e-13 	 1.7412286604027561e-12 	 3.116319217420068e-14 	 7.586156016423324e-14 	 2.9215795606304266e-13 	 3.494230053074263e-14 	 8.714984475150004e-14 	 0.5759673412501685 	 1.0000559370112863 	 0.9999295487361275 	 0.7960118709355495 	 1.028198045924712 	 0.9999483264133487 	 0.928244800320526 	 1.1357642590545445
51391.1824930379 	 -3.3734468014575936e-14 	 2.680231531534759e-13 	 1.5358262529505702e-12 	 2.7052556213553195e-14 	 6.715780013686089e-14 	 2.576927722986501e-13 	 3.0670925803969e-14 	 7.809622838206052e-14 	 0.519209283943903 	 1.000038853288897 	 0.9999397368572098 	 0.7834369659960168 	 1.0319760315981699 	 0.9999544627224483 	 0.9237534231529324 	 1.153904283038543
53046.388271987715 	 -2.6086427202911416e-14 	 2.3641736795917036e-13 	 1.3546379294869518e-12 	 2.3455554593992983e-14 	 5.948078550293184e-14 	 2.2729361391804013e-13 	 2.6913016687745524e-14 	 7.011031358829169e-14 	 0.4551990329329212 	 1.0000969071768868 	 0.999938100845107 	 0.7701221284035942 	 1.0362582210353917 	 0.9999616949208125 	 0.9189877047855268 	 1.1744641901790942
54754.90487271207 	 -1.9349482875499964e-14 	 2.0854848490696424e-13 	 1.1948164479097192e-12 	 2.0309831036354374e-14 	 5.270940774049555e-14 	 2.0048070468630214e-13 	 2.3607418759352135e-14 	 6.30663340124899e-14 	 0.3828020335491896 	 1.0002023950614716 	 0.9999291347696325 	 0.7560288207367518 	 1.0411122944846123 	 0.9999697334405172 	 0.9139321793052186 	 1.1977704690824207
56518.44932867859 	 -1.3404511071536555e-14 	 1.8396418886182555e-13 	 1.0538524306043871e-12 	 1.756048848560755e-14 	 4.6736834315320364e-14 	 1.7683094563553254e-13 	 2.070022267768219e-14 	 5.685322593442085e-14 	 0.3006588528324645 	 1.00030464590086 	 0.9999216609526329 	 0.7411170058311404 	 1.0466148104040867 	 0.999978561570473 	 0.9085704907707637 	 1.224191252519771
58338.793975521156 	 -8.154253443960845e-15 	 1.6227336528311778e-13 	 9.29524163107187e-13 	 1.5159201185791536e-14 	 4.1468822554028294e-14 	 1.5597107548243727e-13 	 1.81439061320731e-14 	 5.137303728092584e-14 	 0.207360183701885 	 1.000378579089903 	 0.9999194211141194 	 0.72534504360873 	 1.0528522580334831 	 0.9999876388716823 	 0.9028852232350443 	 1.2541444120807832
60217.76823221056 	 -3.5124761463507024e-15 	 1.4313040389739408e-13 	 8.198729761901802e-13 	 1.3063438820285021e-14 	 3.6822244139359455e-14 	 1.3757191143980935e-13 	 1.589658338066361e-14 	 4.6539309253576714e-14 	 0.10126810697201169 	 1.000385026243118 	 0.999928706680083 	 0.7086699076289671 	 1.0599225368524177 	 0.999996502733406 	 0.8968580119605873 	 1.288102379770293
62157.26043959313 	 5.859976252845615e-16 	 1.262411023712241e-13 	 7.231618295112163e-13 	 1.1235786903741409e-14 	 3.2723795197468346e-14 	 1.2134327598146445e-13 	 1.3921348710447982e-14 	 4.227570000036537e-14 	 -0.019154609787478346 	 1.0003551422407584 	 0.9999449799063412 	 0.6910478413355238 	 1.0679371249392187 	 1.000005918307834 	 0.8904701316334077 	 1.3265981940771514
64159.21975814435 	 4.198292786470236e-15 	 1.1134632438297925e-13 	 6.378581672831274e-13 	 9.643327786027674e-15 	 2.910881709815263e-14 	 1.0702921309319236e-13 	 1.2185677139072429e-14 	 3.8514872392665453e-14 	 -0.15558521367526718 	 1.000339598747736 	 0.9999605695048809 	 0.672434047162808 	 1.0770223617472143 	 1.0000168824135673 	 0.8837020386870104 	 1.3702354607499603
66225.65812684658 	 7.378418027853562e-15 	 9.821390781567651e-14 	 5.626134474057088e-13 	 8.257101709113403e-15 	 2.592026996808057e-14 	 9.44039078870922e-14 	 1.0660902640175651e-14 	 3.5197441949636587e-14 	 -0.310010925432925 	 1.0003747282301947 	 0.9999700846306875 	 0.652782562527993 	 1.0873211320804124 	 1.0000302031022756 	 0.8765330818492163 	 1.4196980489675
68358.65228515693 	 1.0176034739675341e-14 	 8.663708399034037e-14 	 4.962400045598783e-13 	 7.051637549542456e-15 	 2.3107839017661327e-14 	 8.32681555060533e-14 	 9.321763823774391e-15 	 3.227103958001352e-14 	 -0.4847417971350959 	 1.0004875573094805 	 0.9999696442106842 	 0.6320465094303702 	 1.0989951765286268 	 1.0000465913011796 	 0.8689415712036427 	 1.4757608505678868
70560.34586009932 	 1.2638543690830098e-14 	 7.6430084196136e-14 	 4.3769350219714764e-13 	 6.004542977613228e-15 	 2.0627153852031133e-14 	 7.344622662627481e-14 	 8.146007109375332e-15 	 2.9689542629688904e-14 	 -0.6825697960732511 	 1.000668775115443 	 0.9999615211216974 	 0.6101788612305321 	 1.112228209077696 	 1.0000665988601767 	 0.8609053547755994 	 1.5393050042413443
72832.95152057728 	 1.480896372407745e-14 	 6.742792487165363e-14 	 3.8605380847223387e-13 	 5.096133419811599e-15 	 1.8439080193107637e-14 	 6.47831047620749e-14 	 7.114026917839395e-15 	 2.741229619975468e-14 	 -0.9067610292546676 	 1.0008844670795436 	 0.9999520504482119 	 0.5871325189202709 	 1.127228591511885 	 1.0000905809254939 	 0.8524016335919625 	 1.6113308971278404
75178.75320107318 	 1.672346619163835e-14 	 5.948681444558733e-14 	 3.405075150655019e-13 	 4.309104790190618e-15 	 1.6509094791310122e-14 	 5.714204707147014e-14 	 6.208548196201537e-15 	 2.5403426880613143e-14 	 -1.1609476022832539 	 1.001112796921849 	 0.9999451546218265 	 0.5628602065749521 	 1.1442321569851104 	 1.0001186329132017 	 0.8434065528929557 	 1.6929719787381832
77600.10839696726 	 1.8413800215057175e-14 	 5.2480048786426605e-14 	 3.003370089505247e-13 	 3.628250238955019e-15 	 1.4806743964615914e-14 	 5.04024368186104e-14 	 5.4143515275885436e-15 	 2.3631283001618025e-14 	 -1.449265300616704 	 1.0013241140390459 	 0.9999458336190632 	 0.5373148798438445 	 1.1635059251522546 	 1.000150606730997 	 0.8338952652997657 	 1.7855125612938971
80099.45053378603 	 1.9906451266315272e-14 	 4.629726973864131e-14 	 2.6490834288976057e-13 	 3.0402125460352033e-15 	 1.330517033314752e-14 	 4.445794465962117e-14 	 4.71803283288408e-15 	 2.2067907003561387e-14 	 -1.7763005782707135 	 1.0015069563961494 	 0.9999571837468212 	 0.5104506096866029 	 1.1853527626374594 	 1.0001874356926281 	 0.823842443769702 	 1.8904051800319661
82679.29141275761 	 2.122210953137798e-14 	 4.0843715793349056e-14 	 2.3366010566264673e-13 	 2.5332621325610398e-15 	 1.1980688015858143e-14 	 3.9214831635047587e-14 	 4.10778778073004e-15 	 2.0688608441917916e-14 	 -2.1469864757315684 	 1.0017099329789156 	 0.9999734801407534 	 0.48222315061042187 	 1.2101162179397598 	 1.0002314674309787 	 0.8132224277901806 	 2.0092925711274785
85342.22373513435 	 2.237963709270547e-14 	 3.603520674270762e-14 	 2.0609755748643012e-13 	 2.0970988309017997e-15 	 1.0812401901020253e-14 	 3.45903948891178e-14 	 3.573218823551463e-15 	 1.94716146138155e-14 	 -2.566917682693821 	 1.0019865633595182 	 0.9999882648122498 	 0.4525900145452957 	 1.238185310798956 	 1.0002851549180247 	 0.8020087506634603 	 2.144035681263956
88090.92370781855 	 2.3396227843615066e-14 	 3.179693663104743e-14 	 1.817847572695395e-13 	 1.7226804483767914e-15 	 9.781878410377274e-15 	 3.051167055586163e-14 	 3.1051683080445604e-15 	 1.8397721492846135e-14 	 -3.0424460714481016 	 1.002393647850319 	 0.9999946305999509 	 0.42151102588742134 	 1.2700004426844165 	 1.0003510560446947 	 0.790174087559733 	 2.2967420849869686
90928.15373291034 	 2.4287510320785655e-14 	 2.806244155647379e-14 	 1.603368881722158e-13 	 1.4020635648450725e-15 	 8.872834784556513e-15 	 2.691418996070916e-14 	 2.695561845556219e-15 	 1.744998395990347e-14 	 -3.580784540939928 	 1.0029900467618664 	 0.9999811164143949 	 0.3889466749373723 	 1.3060570623110521 	 1.0004281575619072 	 0.7776874382697646 	 2.469797605340727
93856.76518387938 	 2.5069246466609573e-14 	 2.4770331487320265e-14 	 1.4140938967902166e-13 	 1.1281682678724341e-15 	 8.0706305640024e-15 	 2.3739960165812017e-14 	 2.337160370166291e-15 	 1.661319265272557e-14 	 -4.190391660175462 	 1.0037397719010481 	 0.9998957929975052 	 0.35482514145691957 	 1.3468690389116424 	 1.0004668985118121 	 0.7644735115381708 	 2.6658614795660847
