###################################
#   ____       ____  ____  _____  #
#  / ___| __ _|  _ \/ ___|| ____| #
# | |  _ / _` | |_) \___ \|  _|   #
# | |_| | (_| |  __/ ___) | |___  # 
#  \____|\__,_|_|   |____/|_____| #
###################################
# 
#
# The I_l^n integrals evaluated in the following comoving separations.
# Input Power Spectrum file: WideA_ZA_pk.dat
#
# The I_l^n are integrated over [1.0e-5, 1000.0] (the extremes
# `IPSTools` hands over to `xicalc`), and the sigma_i of the asymptotic
# limits must use the same ones:
#   sigma_-4 = 1.2699714253256023e13
#   sigma_-2 = 2.3467346052952502e7
#   sigma_0 = 143.2850395633757
#   sigma_2 = 101.12817125947123
#   sigma_4 = 1.4915596528577246e6
#
# For comparison, the sigma_i stored by `IPSTools` (over [1.0e-6, 10.0]):
#   sigma_0 = 18.584280735816282 	 sigma_2 = 101.06362200769537 	 sigma_4 = 2.074924034369007e6
#
# CAREFUL: outside [0.05, 96466.16199111959] (and [0.1, 9888.080416307215] for I04_tilde)
# these values are power-law extrapolations, NOT the integrals.
#
# s [h_0^{-1} Mpc] 	 I00 	 I20 	 I40 	 I02 	 I22 	 I31 	 I13 	 I11 	 I04_tilde
1.0e-6 	 2636.3759155321045 	 180.37668510722176 	 138.6962835679669 	 1.0316011493105702e14 	 190.30437531220213 	 44.49436917457218 	 3.3768716898297605e13 	 914.5395622485414 	 -1.691737847056659e13
1.0322079722367558e-6 	 2604.508350944626 	 178.6563376543433 	 137.16335393956354 	 9.681720742229038e13 	 188.08825333939103 	 44.047801156828285 	 3.169405397635576e13 	 903.7732914832247 	 -1.587793586084214e13
1.0654532979491153e-6 	 2573.0247248428477 	 176.9523092263184 	 135.6473596311727 	 9.086430021249255e13 	 185.89784994837544 	 43.60570073548844 	 2.9746852996561242e13 	 893.1333296085103 	 -1.490235899372022e13
1.0997693881890204e-6 	 2541.920411559177 	 175.2644450226899 	 134.14811354675376 	 8.527741372558022e13 	 183.73286666937005 	 43.168023215418096 	 2.791928302574214e13 	 882.6181947802024 	 -1.3986723811210506e13
1.1351907301106488e-6 	 2511.1908411557806 	 173.59259171142043 	 132.6654306572438 	 8.00340427947732e13 	 181.59300849639664 	 42.73472434862584 	 2.6203994243075023e13 	 872.2264225389633 	 -1.312734735846311e13
1.171752921629475e-6 	 2480.831498753165 	 171.93659741496376 	 131.19912797772247 	 7.511306600699836e13 	 179.47798384708665 	 42.305760329790104 	 2.459408838178285e13 	 861.9565656063583 	 -1.23207729698378e13
1.2094927071976546e-6 	 2450.837923866826 	 170.29631169646672 	 129.7490245448285 	 7.049466062134444e13 	 177.3875045229484 	 41.88108779183044 	 2.3083090986817625e13 	 851.8071936832872 	 -1.1563756365174598e13
1.2484480147316354e-6 	 2421.205709751907 	 168.67158554610359 	 128.31494139442648 	 6.6160222718847805e13 	 175.32128567009707 	 41.4606638015233 	 2.166492537696068e13 	 841.7768932507867 	 -1.0853252600342041e13
1.2886579937291448e-6 	 2391.930502755747 	 167.06227136753932 	 126.89670153951992 	 6.209229226195071e13 	 173.2790457404397 	 41.04444585516163 	 2.0333888206623785e13 	 831.8642673731675 	 -1.0186403819573445e13
1.3301630546138467e-6 	 2363.008001678229 	 165.46822296452126 	 125.49412994840858 	 5.827448276175705e13 	 171.26050645331082 	 40.63239187425779 	 1.9084626529070375e13 	 822.0679355034596 	 -9.560527760327846e12
1.3730049093472106e-6 	 2334.43395713983 	 163.8892955275981 	 124.10705352308676 	 5.469141526977052e13 	 169.26539275755283 	 40.22446020128959 	 1.7912116268813227e13 	 812.3865332911423 	 -8.973106964438654e12
1.417226613348395e-6 	 2306.204170957302 	 162.32534562096524 	 122.73530107788086 	 5.132865642822076e13 	 167.29343279403776 	 39.82060959548885 	 1.6811642016612898e13 	 802.8187123921297 	 -8.421778652154321e12
1.4628726087643117e-6 	 2278.3144955268463 	 160.7762311694338 	 121.37870331832201 	 4.8172660329427664e13 	 165.34435785862195 	 39.420799228671996 	 1.5778778065818686e13 	 793.3631402809825 	 -7.904325218340836e12
1.5099887691333033e-6 	 2250.7608332147474 	 159.24181144552452 	 120.03709282025295 	 4.5210713950005766e13 	 163.41790236553246 	 39.02498868111249 	 1.48093706137886e13 	 784.0185000653269 	 -7.418665312619767e12
1.5586224454873618e-6 	 2223.539135755331 	 157.7219470566834 	 118.71030400916545 	 4.24308859401025e13 	 161.51380381117758 	 38.6331379374545 	 1.3899521056807893e13 	 774.7834903024478 	 -6.962845467562913e12
1.6088225139392032e-6 	 2196.645403656181 	 156.21649993261863 	 117.39817313976583 	 3.982197856138387e13 	 159.63180273837725 	 38.245207382667466 	 1.3045570311324762e13 	 765.6568248180362 	 -6.5350322412699795e12
1.6606394248020283e-6 	 2170.0756856105245 	 154.72533331275787 	 116.1005382757664 	 3.737348258016314e13 	 157.77164270100897 	 37.86115779804111 	 1.224408409844891e13 	 756.6372325270596 	 -6.133504842724283e12
1.7141252532913142e-6 	 2143.8260779166962 	 153.24831173382455 	 114.8172392699004 	 3.5075534933973504e13 	 155.933070229064 	 37.48095035722058 	 1.1491839132532807e13 	 747.7234572567396 	 -5.756648210263697e12
1.769333751859643e-6 	 2117.892723904587 	 151.78530101753157 	 113.548117744157 	 3.291887900105414e13 	 154.11583479410837 	 37.10454662228114 	 1.0785810158290406e13 	 738.914257571598 	 -5.402946515325984e12
1.8263204042170934e-6 	 2092.2718133690173 	 150.33616825839206 	 112.29301707023549 	 3.089482731271015e13 	 152.31968877514566 	 36.731908539842244 	 1.0123157784322422e13 	 730.2084066005636 	 -5.070977065339208e12
1.8851424810915382e-6 	 2066.9595820099285 	 148.90078181164597 	 111.05178235021489 	 2.8995226558341062e13 	 150.54438742487542 	 36.36299843722046 	 9.501217064118145e12 	 721.6046918661028 	 -4.759404581232421e12
1.9458590977848637e-6 	 2041.9523108793198 	 147.4790112813008 	 109.82426039743727 	 2.7212424742172055e13 	 148.78968883634343 	 35.997779018620804 	 8.917486778611152e12 	 713.101915115356 	 -4.466975826549301e12
2.0085312735829613e-6 	 2017.2463258348507 	 146.0707275082858 	 108.61029971760223 	 2.5539240359387734e13 	 147.05535390997855 	 35.636213361366295 	 8.3696193771871455e12 	 704.6988921532545 	 -4.1925145665613457e12
2.073221993079177e-6 	 1992.8379970000276 	 144.6758025587192 	 107.40975049007051 	 2.3968933467504008e13 	 145.34114632101299 	 35.278264912165206 	 7.855411536690471e12 	 696.394452677598 	 -3.934916837104836e12
2.139996269472903e-6 	 1968.7237382308856 	 143.2941097122854 	 106.22246454937357 	 2.2495178536445973e13 	 143.6468324872794 	 34.923897483415516 	 7.372795300460644e12 	 688.1874401160615 	 -3.6931465041111553e12
2.2089212099068473e-6 	 1944.900006589106 	 141.9255234507239 	 105.04829536692792 	 2.1112038967968105e13 	 141.97218153738288 	 34.57307524954652 	 6.919829761763941e12 	 680.07671146512 	 -3.466231095969934e12
2.2800660829087084e-6 	 1921.3633018214753 	 140.56991944642633 	 103.88709803295143 	 1.981394318177406e13 	 140.31696527924177 	 34.22576274339696 	 6.494693258173361e12 	 672.0611371308594 	 -3.253257891961307e12
2.3535023880050006e-6 	 1898.1101658456193 	 139.2271745511423 	 102.73872923857924 	 1.8595662172006453e13 	 138.68095816899347 	 33.88192485262939 	 6.09567604550579e12 	 664.1396007716575 	 -3.053370251023889e12
2.429303927577009e-6 	 1875.1371822419287 	 137.89716678479186 	 101.60304725817723 	 1.7452288443699328e13 	 137.06393728026143 	 33.541526816180344 	 5.721173421853562e12 	 656.3109991427074 	 -2.865764166091673e12
2.5075468810310512e-6 	 1852.4409757516153 	 136.57977532438497 	 100.47991193185135 	 1.6379216244345129e13 	 135.4656822737788 	 33.20453422074625 	 5.369679274057907e12 	 648.5742419423696 	 -2.6896850301404473e12
2.588309881357663e-6 	 1830.018211780799 	 135.27488049304463 	 99.36918464814939 	 1.5372123010943816e13 	 133.8859753673641 	 32.87091299730416 	 5.039780020670217e12 	 640.928251660321 	 -2.5244246009356353e12
2.6716740941565516e-6 	 1807.8655959105872 	 133.98236374913557 	 98.27072832695448 	 1.4426951957800236e13 	 132.32460130624582 	 32.54062941766758 	 4.730148927042372e12 	 633.3719634274903 	 -2.369318152273122e12
2.7577232992068054e-6 	 1785.979873413045 	 132.70210767549528 	 97.18440740256743 	 1.353989573492861e13 	 130.78134733373142 	 32.213650091076595 	 4.439540769683167e12 	 625.9043248677511 	 -2.2237418002543267e12
2.8465439746643134e-6 	 1764.357828773003 	 131.43399596876745 	 96.11008780697583 	 1.2707381091237176e13 	 129.25600316221636 	 31.889941960822178 	 4.1667868284229243e12 	 618.5242959513566 	 -2.0871099938410957e12
2.938225383971006e-6 	 1742.9962852156236 	 130.17791342883643 	 95.04763695330814 	 1.1926054480713e13 	 127.74836094453006 	 31.569472300904245 	 3.910790186246637e12 	 611.2308488500923 	 -1.9588731595966697e12
3.0328596655632815e-6 	 1721.8921042396585 	 128.93374594836203 	 93.99692371947044 	 1.1192768553625443e13 	 126.25821524561367 	 31.252208712723093 	 3.6705213178931973e12 	 604.0229677941286 	 -1.8385154911391653e12
3.1305419254697203e-6 	 1701.042185156335 	 127.70138050241388 	 92.95781843196427 	 1.0504569478332396e13 	 124.78536301452766 	 30.93811912180413 	 3.4450139494798237e12 	 596.8996489305547 	 -1.7255528744161602e12
3.2313703328912494e-6 	 1680.4434646337888 	 126.48070513820325 	 91.93019284988262 	 9.858685042618025e12 	 123.32960355678296 	 30.627171774555066 	 3.233361172500318e12 	 589.8599001835678 	 -1.6195309404550938e12
3.3354462188596872e-6 	 1660.0929162469918 	 125.27160896491323 	 90.9139201490834 	 9.252513486632668e12 	 121.89073850699414 	 30.31933523505581 	 3.0347117965694185e12 	 582.9027411163071 	 -1.520023237757238e12
3.4428741780739123e-6 	 1639.9875500331018 	 124.07398214362489 	 89.90887490653738 	 8.683613022450861e12 	 120.46857180184956 	 30.014578381880373 	 2.8482669262450527e12 	 576.0272027943058 	 -1.4266295169839397e12
3.5537621740159606e-6 	 1620.1244120521671 	 122.88771587733906 	 88.91493308484914 	 8.149691998030354e12 	 119.06290965339542 	 29.712870404950547 	 2.6732767481618276e12 	 569.2323276505468 	 -1.3389741210356943e12
3.668221647452707e-6 	 1600.5005839531252 	 121.71270240109278 	 87.93197201694905 	 7.648599665950343e12 	 117.67356052262949 	 29.414180802421118 	 2.5090375155547456e12 	 562.5171693520997 	 -1.2567044740484546e12
3.786367628432131e-6 	 1581.1131825450327 	 120.54883497216979 	 86.95987039095439 	 7.178317519743651e12 	 116.300335093402 	 29.118479377596245 	 2.3548887180460615e12 	 555.880792668326 	 -1.179489663229501e12
3.908318851886824e-6 	 1561.959359373453 	 119.39600786040307 	 85.99850823519755 	 6.736951162923264e12 	 114.94304624661834 	 28.82573623587658 	 2.210210425313035e12 	 549.3222733406246 	 -1.1070191078285293e12
4.034197876960784e-6 	 1543.0363003019568 	 118.25411633857046 	 85.04776690341983 	 6.322722677950577e12 	 113.60150903474216 	 28.53592178173705 	 2.0744207939539983e12 	 542.8406979537116 	 -1.0390013098902594e12
4.164131210179517e-6 	 1524.3412250986596 	 117.1230566728804 	 84.10752906012873 	 5.933963464405458e12 	 112.27554065659388 	 28.24900671573484 	 1.946973727526083e12 	 536.435163808406 	 -9.75162681763652e11
4.298249432587187e-6 	 1505.8713870277425 	 116.00272611354869 	 83.17767866611709 	 5.569107517508941e12 	 110.96496043244164 	 27.964962031547273 	 1.827356680344223e12 	 530.1047787959102 	 -9.152464456516586e11
4.436687330978616e-6 	 1487.6240724458917 	 114.89302288546405 	 82.25810096414197 	 5.226685119922956e12 	 109.66958977938155 	 27.683759013039364 	 1.7150885962090647e12 	 523.8486612735641 	 -8.590116007751578e11
4.579584033357941e-6 	 1469.5966004036072 	 113.79384617894284 	 81.34868246476222 	 4.905316921416449e12 	 108.38925218700368 	 27.40536923136074 	 1.609717973774166e12 	 517.6659399420583 	 -8.062319539967336e11
4.727083148760224e-6 	 1451.7863222513022 	 112.70509614057065 	 80.44931093233184 	 4.603708382549211e12 	 107.12377319333987 	 27.129764542071474 	 1.5108210507719695e12 	 511.5557537240852 	 -7.566952100051178e11
4.87933291157633e-6 	 1434.190621250161 	 111.6266738641315 	 79.55987537114869 	 4.3206445599918345e12 	 105.87298036109155 	 26.856917082296814 	 1.4180000997963303e12 	 505.51725164441683 	 -7.102021174008303e11
5.036486330526269e-6 	 1416.806912187678 	 110.5584813816229 	 78.68026601175592 	 4.0549852124756045e12 	 104.63670325413277 	 26.586799267910326 	 1.3308818287877307e12 	 499.54959271138756 	 -6.665656672482585e11
5.19870134243066e-6 	 1399.632640997832 	 109.50042165435583 	 77.81037429739476 	 3.8056602076582056e12 	 103.41477341428623 	 26.319383790745206 	 1.249115879788568e12 	 493.65194579976804 	 -6.256103408705442e11
5.366140970934863e-6 	 1382.6652843858324 	 108.4523985641395 	 76.95009287060708 	 3.5716652114030796e12 	 102.20702433836874 	 26.054643615833463 	 1.1723734199310479e12 	 487.8234895350128 	 -5.871714038616788e11
5.5389734903452515e-6 	 1365.9023494573948 	 107.41431690454978 	 76.099315559986 	 3.352057642108012e12 	 101.01329145550321 	 25.792551978672865 	 1.100345818991166e12 	 482.06341217886734 	 -5.510942434761292e11
5.717372594742418e-6 	 1349.3413733524706 	 106.38608237227987 	 75.25793736707244 	 3.145952873785925e12 	 99.83341210469351 	 25.533082382520988 	 1.0327434081903254e12 	 476.37091151631415 	 -5.1723374673074396e11
5.90151757254107e-6 	 1332.9799228834013 	 105.36760155857384 	 74.4258544533971 	 2.952520672603341e12 	 98.66722551266017 	 25.276208595716543 	 9.6929431525302e11 	 470.7451947438482 	 -4.854537167175313e11
6.0915934866722e-6 	 1316.8155941774246 	 104.35878194074068 	 73.60296412766506 	 2.770981852521953e12 	 97.51457277193286 	 25.021904649027423 	 9.097433710355587e11 	 465.18547835906185 	 -4.5562632477951025e11
6.2877913605685405e-6 	 1300.846012323493 	 103.35953187374953 	 72.78916483308231 	 2.6006051365715703e12 	 96.37529681919735 	 24.77014483302527 	 8.538510833286982e11 	 459.69098805152487 	 -4.2763159634613763e11
6.4903083701402585e-6 	 1285.0688310233409 	 102.36976058190389 	 71.98435613482195 	 2.44070421111097e12 	 95.24924241389354 	 24.520903695486314 	 8.013926737071984e11 	 454.26095859494507 	 -4.013569283601866e11
6.6993480419337205e-6 	 1269.4817322467661 	 101.38937815059573 	 71.18843870762937 	 2.290634961210654e12 	 94.13625611706232 	 24.27415603881829 	 7.521571735528733e11 	 448.894633740595 	 -3.766966363550356e11
6.9151204576726865e-6 	 1254.0824258910498 	 100.41829551813677 	 70.4013143235637 	 2.1497928760208835e12 	 93.03618627043717 	 24.029876917512933 	 7.059465756156234e11 	 443.5912661119864 	 -3.5355152936055273e11
7.13784246538723e-6 	 1238.868649444493 	 99.45642446766809 	 69.62288583987515 	 2.0176106136734744e12 	 91.94888297577906 	 23.788041635624104 	 6.625750377004026e11 	 438.3501171007829 	 -3.318285109277554e11
7.367737897342759e-6 	 1223.8381676540012 	 98.50367761914607 	 68.85305718701633 	 1.8935557159080984e12 	 90.87419807445097 	 23.548625744271114 	 6.218681352775903e11 	 433.17045676393263 	 -3.114402046674239e11
7.605037794988069e-6 	 1208.9887721966727 	 97.55996842140452 	 68.09173335678561 	 1.7771284632171885e12 	 89.81198512722936 	 23.31160503916697 	 5.836621600110587e11 	 428.0515637220079 	 -2.9230460279648535e11
7.849980641148523e-6 	 1194.3182813553472 	 96.62521114429197 	 67.3388203906019 	 1.6678598618695022e12 	 88.76209939434999 	 23.07695555817143 	 5.478034613828675e11 	 422.99272505873785 	 -2.7434473627851434e11
8.102812599697723e-6 	 1179.824539698058 	 95.69932087088357 	 66.59422536790855 	 1.5653097547036333e12 	 87.72439781578528 	 22.844653578868456 	 5.1414782876683685e11 	 417.9932362217186 	 -2.5748836523155865e11
8.363787762948423e-6 	 1165.5054177613565 	 94.78221348976722 	 65.85785639470598 	 1.4690650480814014e12 	 86.69873899175091 	 22.614675616168004 	 4.8255991146594086e11 	 413.05240092429085 	 -2.416676883580256e11
8.633168407011584e-6 	 1151.358811737437 	 93.87380568740213 	 65.12962259221013 	 1.3787380478587903e12 	 85.68498316343783 	 22.386998419931654 	 4.5291267438108325e11 	 408.1695310485649 	 -2.2681907022785178e11
8.91122525537985e-6 	 1137.3826431650434 	 92.9740149405505 	 64.40943408563699 	 1.2939648976715283e12 	 84.68299219396876 	 22.16159897262217 	 4.250868871222058e11 	 403.34394654958686 	 -2.1288278531803378e11
9.198237751000601e-6 	 1123.5748586240952 	 92.08275950878092 	 63.69720199311061 	 1.2144041132442683e12 	 83.69262954957512 	 21.938454486976443 	 3.9897064450707947e11 	 398.5749753606266 	 -1.998027777789519e11
9.494494337111909e-6 	 1109.9334294339924 	 91.19995842704252 	 62.99283841469383 	 1.1397352068193186e12 	 82.71376028099272 	 21.71754240370177 	 3.744589165194179e11 	 393.8619532995792 	 -1.8752643596120456e11
9.800292747123664e-6 	 1096.456351355555 	 90.32553149830991 	 62.29625642154002 	 1.0696573961637976e12 	 81.74625100507313 	 21.498840389195184 	 3.514531259164025e11 	 389.20422397646206 	 -1.760043807960316e11
1.0115940303835104e-5 	 1083.141644296557 	 89.45939928629794 	 61.60737004516502 	 1.0038883929548593e12 	 80.78996988660882 	 21.282326333285603 	 3.2986075178691864e11 	 384.60113870199984 	 -1.651902671781335e11
1.0441754228289704e-5 	 1069.9873520208025 	 88.60148310824506 	 60.92609426683706 	 9.421632656622759e11 	 79.84478662036858 	 21.067978346998505 	 3.095949574661393e11 	 380.05205639727893 	 -1.550405975519805e11
1.0778061958577487e-5 	 1056.99154186071 	 87.75170502776571 	 60.252345007084344 	 8.842333723479149e11 	 78.91057241334204 	 20.85577476034303 	 2.905742413100899e11 	 375.55634350446434 	 -1.4551454695181332e11
1.1125201478905385e-5 	 1044.15230443336 	 86.90998784777025 	 59.58603911531846 	 8.298653590831378e11 	 77.98719996719001 	 20.64569412012124 	 2.7272210892571835e11 	 371.11337389856277 	 -1.3657379879158583e11
1.1483521659266285e-5 	 1031.4677533599636 	 86.07625510345201 	 58.92709435957224 	 7.788402199495533e11 	 77.07454346089845 	 20.43771518775922 	 2.5596676553830515e11 	 366.7225288002213 	 -1.281823907443507e11
1.1853382606048142e-5 	 1018.9360249887076 	 85.250431055341 	 58.27542941635119 	 7.309524148366053e11 	 76.17247853363375 	 20.231816937159913 	 2.4024082725902588e11 	 362.38319668954904 	 -1.2030657009117004e11
1.2235156023935385e-5 	 1006.5552781209454 	 84.4324406824235 	 57.63096386059709 	 6.86009041482313e11 	 75.2808822677972 	 20.027978552577494 	 2.2548105009149567e11 	 358.0947732209502 	 -1.1291465795772339e11
1.2629225589466672e-5 	 994.3236937406774 	 83.62220967532673 	 56.99361815576211 	 6.438290584219221e11 	 74.39963317227567 	 19.826179426512887 	 2.1162807558744305e11 	 353.8566611389549 	 -1.0597692189252582e11
1.303598733662394e-5 	 982.2394747472997 	 82.81966442956833 	 56.36331364399298 	 6.042425557144001e11 	 73.52861116588707 	 19.62639915763043 	 1.9862619212865347e11 	 349.6682701950392 	 -9.946545627423792e10
1.3455850054840626e-5 	 970.3008456915672 	 82.02473203886994 	 55.73997253642347 	 5.670900705090608e11 	 72.66769756101783 	 19.428617548695385 	 1.8642311087512976e11 	 345.5290170654205 	 -9.335407006702304e10
1.3889235699828882e-5 	 958.5060525147398 	 81.23734028853407 	 55.12351790357402 	 5.3222194469529224e11 	 71.81677504745012 	 19.232814604532003 	 1.7496975547842136e11 	 341.4383252698161 	 -8.761818147247398e10
1.4336579817638758e-5 	 946.8533622908699 	 80.45741764888372 	 54.513873665857524 	 4.994977220478625e11 	 70.97572767637695 	 19.03897053000209 	 1.6422006471442355e11 	 337.39562509115694 	 -8.223471905436673e10
1.4798331982375302e-5 	 935.3410629721985 	 79.68489326876465 	 53.91096458419011 	 4.6878558243938477e11 	 70.14444084460276 	 18.847065728003823 	 1.5413080724191257e11 	 333.40035349624213 	 -7.71820289385386e10
1.5274956248013942e-5 	 923.967463137613 	 78.91969696910868 	 53.31471625070532 	 4.399618108408023e11 	 69.3228012789271 	 18.65708079749043 	 1.4466140774183163e11 	 329.4519540573235 	 -7.24397877146155e10
1.5766931614767634e-5 	 912.7308917441394 	 78.16175923655844 	 52.72505507957122 	 4.1291029897095123e11 	 68.51069702070996 	 18.468996531508886 	 1.3577378373813814e11 	 325.5498768746119 	 -6.7988920689260666e10
1.62747525104749e-5 	 901.6296978814287 	 77.41101121715263 	 52.14190829790881 	 3.875220775877135e11 	 67.70801741061584 	 18.282793915258104 	 1.2743219244395364e11 	 321.69357849969157 	 -6.381152516213e10
1.6798929287492346e-5 	 890.6622505291997 	 76.66738471007093 	 51.56520393681073 	 3.636948775367378e11 	 66.91465307353515 	 18.098454124166604 	 1.1960308701709306e11 	 317.88252185983305 	 -5.989079841592936e10
1.733998873559116e-5 	 879.8269383176035 	 75.93081216143841 	 50.99487082245926 	 3.4133271778953705e11 	 66.13049590368041 	 17.915958521989385 	 1.1225498164688203e11 	 314.1161761831941 	 -5.6210970130927864e10
1.789847461137274e-5 	 869.1221692904801 	 75.20122665818882 	 50.43083856734254 	 3.203455188115028e11 	 65.35543904985568 	 17.735288658923896 	 1.0535832492969588e11 	 310.3940169248995 	 -5.2757238952080185e10
1.8474948184736113e-5 	 858.5463706714582 	 74.47856192198566 	 49.87303756156744 	 3.0064873970237537e11 	 64.58937690089637 	 17.556426269744758 	 9.888538102397359e10 	 306.71552569398494 	 -4.951571295360804e10
1.9069988802945596e-5 	 848.0979886328821 	 73.76275230320147 	 49.321398964268944 	 2.8216303764752716e11 	 63.832205071278786 	 17.379353271957218 	 9.281011810676674e10 	 303.08019018120115 	 -4.64733537615772e10
1.968419447286611e-5 	 837.7754880675168 	 73.0537327749538 	 48.77585469511402 	 2.648139483082317e11 	 63.08382038689607 	 17.204051763969073 	 8.710810368322748e10 	 299.4875040876635 	 -4.361792410971039e10
2.0318182461951087e-5 	 827.5773523630065 	 72.35143892719805 	 48.236337425899556 	 2.4853158586347308e11 	 62.34412087099956 	 17.030504023280844 	 8.175640632801279e10 	 295.936967054339 	 -4.0937938617491875e10
2.0972589918586946e-5 	 817.5020831790495 	 71.65580696087609 	 47.702780572243064 	 2.332503614949986e11 	 61.61300573030311 	 16.858692504694112 	 7.67335034634433e10 	 292.4280845923602 	 -3.842261759257851e10
2.1648074512417707e-5 	 807.5482002272556 	 70.96677368212058 	 47.17511828536516 	 2.1890871918161023e11 	 60.890375341248735 	 16.688599838537705 	 7.201919480353406e10 	 288.9603680141573 	 -3.606184367169647e10
2.234531509529288e-5 	 797.7142410536622 	 70.28427649651427 	 46.65328544396294 	 2.0544888773842612e11 	 60.17613123643185 	 16.520208828911734 	 6.759452111580245e10 	 285.53333436539833 	 -3.3846121125621883e10
2.3065012383503633e-5 	 787.9987608238611 	 69.60825340340348 	 46.13721764617293 	 1.9281664810225745e11 	 59.47017609118356 	 16.353502451949065 	 6.344168797413824e10 	 282.14650635772597 	 -3.17665376645553e10
2.3807889661991945e-5 	 778.4003321107219 	 68.93864299026592 	 45.62685120162299 	 1.809611149256962e11 	 58.77241371030917 	 16.188463854094298 	 5.9543994196103714e10 	 278.799412302286 	 -2.9814728590263344e10
2.457469351124113e-5 	 768.9175446846699 	 68.27538442713163 	 45.122123123572045 	 1.698345316001146e11 	 58.08274901498031 	 16.025076350399893 	 5.5885764676860085e10 	 275.49158604403414 	 -2.798284315079433e10
2.536619455757797e-5 	 759.5490053064907 	 67.61841746105698 	 44.622971121136516 	 1.593920778818906e11 	 57.40108802977929 	 15.863323422839398 	 5.245228734960485e10 	 272.2225668968139 	 -2.6263512962437706e10
2.618318824764064e-5 	 750.2933375226311 	 66.96768241065108 	 44.1293335916027 	 1.4959168934693512e11 	 56.7273378698937 	 15.703188718637477 	 4.9229754018996895e10 	 268.9918995791957 	 -2.4649822371910675e10
2.70264956477904e-5 	 741.1491814629683 	 66.32312016065416 	 43.64114961282424 	 1.4039388794624954e11 	 56.06140672845993 	 15.544656048616762 	 4.620520482962465e10 	 265.79913415107023 	 -2.3135280639560772e10
2.7896964269271238e-5 	 732.1151936410107 	 65.68467215656712 	 43.15835893570321 	 1.3176162297994603e11 	 55.403203864053 	 15.387709385561088 	 4.336647614618628e10 	 262.6438259509833 	 -2.1713795831695305e10
2.8795468919945694e-5 	 723.1900467565113 	 65.05228039933243 	 42.68090197675463 	 1.2366012184915225e11 	 54.75263958832215 	 15.23233286259524 	 4.0702151635779396e10 	 259.52553553420773 	 -2.03796503170272e10
2.9722912583463673e-5 	 714.3724295004552 	 64.42588744006508 	 42.20871981075294 	 1.1605674998458824e11 	 54.10962525376958 	 15.078510771580833 	 3.820151635556772e10 	 256.4438286115411 	 -1.912747776867485e10
3.068022732674739e-5 	 705.6610463623999 	 63.8054363748339 	 41.74175416345979 	 1.089208793875822e11 	 53.474073241671185 	 14.926227561528279 	 3.585451366118332e10 	 253.39827598882192 	 -1.795224157921222e10
3.1668375236704694e-5 	 697.054617440133 	 63.19087083949199 	 41.279947404432065 	 1.022237652539781e11 	 52.84589695013732 	 14.775467837024598 	 3.365170476256548e10 	 250.38845350715437 	 -1.6849214601947674e10
3.2688349387111645e-5 	 688.5518782516284 	 62.58213500455662 	 40.823242539909614 	 9.593843018395435e10 	 52.22501078231242 	 14.62621635667703 	 3.1584230764585247e10 	 247.41394198383614 	 -1.5813960136945608e10
3.374117483663711e-5 	 680.1515795492606 	 61.979173570137235 	 40.37158320578114 	 9.00395555113178e10 	 51.611330134711054 	 14.478458031572124 	 2.9643777039794746e10 	 244.474327153977 	 -1.4842314085309881e10
3.4827909659011044e-5 	 671.8524871362652 	 61.3819317609119 	 39.92491366062823 	 8.450337931453452e10 	 51.004771385689864 	 14.33217792375031 	 2.782253979002435e10 	 241.5691996128041 	 -1.3930368199949795e10
3.5949646006372715e-5 	 663.6533816854044 	 60.79035532115134 	 39.48317877884591 	 7.930760069865637e10 	 50.40525188405303 	 14.187361244695714 	 2.611319466234841e10 	 238.69815475864357 	 -1.3074454365457123e10
3.7107511206867164e-5 	 655.5530585598218 	 60.20439050979007 	 39.046324043839455 	 7.443128996257433e10 	 49.81268993778996 	 14.043993353841085 	 2.4508867293205383e10 	 235.8607927365707 	 -1.2271129843863743e10
3.830266889759313e-5 	 647.5503276360522 	 59.62398409554436 	 38.614295541296116 	 6.985480428973122e10 	 49.22700480294377 	 13.90205975708765 	 2.300310566221101e10 	 233.05671838272167 	 -1.1517163426933716e10
3.953632019404046e-5 	 639.6440131291672 	 59.04908335207665 	 38.18703995253143 	 6.555970862268125e10 	 48.64811667260899 	 13.761546105339848 	 2.1589854144482674e10 	 230.28554116925892 	 -1.080952243929066e10
4.08097048971936e-5 	 631.8329534200222 	 58.47963605320541 	 37.7645045479088 	 6.1528701402756516e10 	 48.07594666605673 	 13.622438193054624 	 2.0263429157120872e10 	 227.54687514998076 	 -1.0145360540102324e10
4.2124102739512615e-5 	 624.1160008845903 	 57.91559046816096 	 37.3466371803319 	 5.774554487571089e10 	 47.51041681798626 	 13.48472195680531 	 1.9018496301909206e10 	 224.84033890657082 	 -9.522006274258177e9
4.3480834671045086e-5 	 616.4920217253493 	 57.356895356885886 	 36.93338627880901 	 5.419499968259287e10 	 46.95145006790131 	 13.348383473859856 	 1.785004891230743e10 	 222.1655554954769 	 -8.936952326988762e9
4.488126418696108e-5 	 608.9598958047009 	 56.80349996538034 	 36.52470084208832 	 5.086276347236708e10 	 46.39897024960957 	 13.213408960773274 	 1.6753387918462038e10 	 219.52215239541374 	 -8.387845438705896e9
4.6326798697845325e-5 	 601.5185164803958 	 56.25535402109119 	 36.12053043236367 	 4.7735413289002815e10 	 45.85290208084405 	 13.079784771994163 	 1.572410294925865e10 	 216.9097614554811 	 -7.872476939498318e9
4.78188909441233e-5 	 594.1667904429451 	 55.71240772834531 	 35.72082516904985 	 4.480035150095376e10 	 45.31317115300513 	 12.947497398485211 	 1.4758054595415918e10 	 214.3280188438914 	 -7.388773865209776e9
4.935904045604408e-5 	 586.903637554985 	 55.174611763825624 	 35.325535722626434 	 4.204575505521799e10 	 44.77970392102118 	 12.816533466357429 	 1.3851357762288548e10 	 211.77656499729744 	 -6.934790619365397e9
5.094879506068526e-5 	 579.7279906925816 	 54.641917272090666 	 34.9346133085499 	 3.946052785156725e10 	 44.252427693327306 	 12.686879735518104 	 1.3000366045431856e10 	 209.25504457071602 	 -6.508701147408779e9
5.258975243749597e-5 	 572.6387955884451 	 54.11427586113625 	 34.5480096812329 	 3.703425604509558e10 	 43.73127062196019 	 12.558523098332273 	 1.2201657066091059e10 	 206.76310638803824 	 -6.108791591771777e9
5.4283561723940706e-5 	 565.6350106770345 	 53.59163959799933 	 34.16567712809001 	 3.475716609703753e10 	 43.21616169276788 	 12.431450578297557 	 1.1452018707640326e10 	 204.30040339312097 	 -5.733453398233712e9
5.603192517285772e-5 	 558.7156069415266 	 53.07396100440364 	 33.78756846364929 	 3.262008540487566e10 	 42.707030715733225 	 12.305649328732285 	 1.0748436197619537e10 	 201.8665926014512 	 -5.381176845841696e9
5.7836599863197106e-5 	 551.8795677626321 	 52.56119305244661 	 33.413637023728995 	 3.0614405353147606e10 	 42.203808315409695 	 12.181106631476748 	 1.0088079983417583e10 	 199.4613350523791 	 -5.05054497436762e9
5.9699399465859316e-5 	 545.1258887692273 	 52.0532891603271 	 33.043836659678355 	 2.8732046636111652e10 	 41.70642592146797 	 12.05780989560738 	 9.468294352842028e9 	 197.08429576190915 	 -4.740227884875932e9
6.162219606640671e-5 	 538.4535776907921 	 51.55020318811371 	 32.678121732682285 	 2.696542671258577e10 	 41.21481575935246 	 11.935746656163893 	 8.886586753812063e9 	 194.7351436760472 	 -4.448977390477835e9
6.360692204648146e-5 	 531.8616542116209 	 51.0518894335534 	 32.316447108128855 	 2.5307429261859165e10 	 40.728910841046186 	 11.814904572889084 	 8.340617770221768e9 	 192.4135516246939 	 -4.1756219957553415e9
6.565557202582003e-5 	 525.3491498267925 	 50.558302627919545 	 31.958768150038985 	 2.375137551763926e10 	 40.248644955942794 	 11.695271428981279 	 7.8281917136605425e9 	 190.11919627607918 	 -3.9190621846610646e9
6.777020486681597e-5 	 518.9151076998743 	 50.06939793189969 	 31.605040715557735 	 2.2290997364560875e10 	 39.773952661824545 	 11.576835129859237 	 7.347247793154005e9 	 187.85175809173128 	 -3.678265997940281e9
6.995294574364577e-5 	 512.5585825223405 	 49.58513093152203 	 31.255221149506394 	 2.09204120888846e10 	 39.30476927594497 	 11.459583701939428 	 6.895851827413189e9 	 185.61092128197413 	 -3.4522648822863293e9
7.220598827803641e-5 	 506.2786403746865 	 49.105457634120924 	 30.909266278994867 	 1.9634098681675232e10 	 38.84103086621515 	 11.343505291425547 	 6.472188466261939e9 	 183.3963737619471 	 -3.240149794533504e9
7.453159674382292e-5 	 500.0743585892117 	 48.63033446434014 	 30.56713340809339 	 1.842687559900329e10 	 38.38267424249202 	 11.228588163110109 	 6.074553889959488e9 	 181.20780710814003 	 -3.0410675452171626e9
7.693210834250905e-5 	 493.94482561446057 	 48.159718260174444 	 30.22878031256331 	 1.7293879889584595e10 	 37.92963694796799 	 11.114820699188053 	 5.701348957058094e9 	 179.04491651543876 	 -2.8542173667940283e9
7.940993555211967e-5 	 487.88914088129457 	 47.69356626904862 	 29.894165234645936 	 1.6230547605778364e10 	 37.48185725066045 	 11.00219139808223 	 5.351072773238529e9 	 176.90740075467457 	 -2.678847692718865e9
8.196756855170491e-5 	 481.9064146705769 	 47.23183614393365 	 29.563246877909066 	 1.5232595419035574e10 	 37.03927413499997 	 10.89068887328061 	 5.022316655259733e9 	 174.79496213067128 	 -2.5142531344220934e9
8.460757772393278e-5 	 475.99576798245306 	 46.77448593949964 	 29.235984402150343 	 1.4296003365740728e10 	 36.60182729351621 	 10.780301852185143 	 4.713758465747858e9 	 172.70730644078495 	 -2.3597716440288343e9
8.733261623828437e-5 	 470.1563324072065 	 46.321474108305594 	 28.91233741835707 	 1.3416998653943819e10 	 36.16945711862029 	 10.671019174972143 	 4.424157296041336e9 	 170.64414293393017 	 -2.2147818514070725e9
9.014542271745029e-5 	 464.3872499976673 	 45.87275949702479 	 28.59226598372147 	 1.2592040465751734e10 	 35.742104694482414 	 10.562829793464033 	 4.1523484757080708e9 	 168.6051842700858 	 -2.0787005648335958e9
9.304882398960454e-5 	 458.6876731431609 	 45.42830134270643 	 28.275730596711266 	 1.1817805694161104e10 	 35.31971178900397 	 10.455722770012423 	 3.897238888665207e9 	 166.5901464802774 	 -1.9509804252248628e9
9.604573792932452e-5 	 453.0567644449754 	 44.988059269072565 	 27.962692192194563 	 1.1091175556876596e10 	 34.902220845882596 	 10.349687276392343 	 3.6578025770643353e9 	 164.59874892702823 	 -1.8311077044972668e9
9.913917639001093e-5 	 447.4936965933273 	 44.551993282850106 	 27.65311213661865 	 1.0409223033192638e10 	 34.48957497676946 	 10.244712592707534 	 3.4330766152626853e9 	 162.63071426527438 	 -1.7186002392012172e9
0.00010233224823075534 	 441.9976522458113 	 44.120063770137705 	 27.34695222324203 	 9.76920107333159e9 	 34.081717953517504 	 10.140788106306697 	 3.2221572372868752e9 	 160.68576840373848 	 -1.613005491117484e9
0.00010562816244069632 	 436.5678239073142 	 43.692231492807124 	 27.044174667419195 	 9.168531532743176e9 	 33.67859420051967 	 10.037903310710597 	 3.024196202215343e9 	 158.76364046675678 	 -1.5138987270149782e9
0.00010903023136400591 	 431.2034138113744 	 43.26845758493859 	 26.744742101937362 	 8.60479478678988e9 	 33.28014878713598 	 9.936047804549858 	 2.838397382862249e9 	 156.8640627565535 	 -1.420881310248364e9
0.00011254187402874488 	 425.9036338029729 	 42.84870354929021 	 26.4486175724049 	 8.075719983984537e9 	 32.88632742020862 	 9.835211290513442 	 2.6640135640439262e9 	 154.98677071595847 	 -1.33357909732388e9
0.00011616661958293517 	 420.66770522273384 	 42.43293125380056 	 26.155764532690533 	 7.579175898517538e9 	 32.497076436663775 	 9.735383574307605 	 2.50034343755151e9 	 153.13150289156178 	 -1.251640932983805e9
0.00011990811084130025 	 415.4948587925227 	 42.021102928124776 	 25.86614684041305 	 7.113162345226133e9 	 32.11234279619936 	 9.636554563625273 	 2.346728781744753e9 	 151.29800089730043 	 -1.1747372377564123e9
0.0001237701079462387 	 410.3843345024215 	 41.61318116020328 	 25.57972875248083 	 6.675802122423321e9 	 31.732074074057678 	 9.538714267125771 	 2.2025518144243293e9 	 149.48600937847306 	 -1.1025586822901087e9
0.00012775649214671143 	 405.33538149906525 	 41.20912889286312 	 25.29647492068054 	 6.265333450130176e9 	 31.356218453881795 	 9.441852793424681 	 2.0672327083367896e9 	 147.69527597617588 	 -1.0348149431394985e9
0.00013187126969883814 	 400.34725797532485 	 40.80890942045157 	 25.01635038731471 	 5.88010287325153e9 	 30.984724720655006 	 9.34596035009389 	 1.9402272593205435e9 	 145.92555129215623 	 -9.712335349988427e8
0.00013611857589212407 	 395.4192310613188 	 40.412486385501694 	 24.739320580887423 	 5.518558601107268e9 	 30.617542253722114 	 9.251027242671574 	 1.8210246977149224e9 	 144.17658885407886 	 -9.115587146857686e8
0.00014050267920536435 	 390.55057671673717 	 40.01982377542936 	 24.46535131183766 	 5.179244256489435e9 	 30.254621019891708 	 9.157043873682133 	 1.7091456342306094e9 	 142.448145081199 	 -8.555504524667264e8
0.00014502798559640068 	 385.7405796244637 	 39.630885919261885 	 24.194408768319825 	 4.860793009065183e9 	 29.895911566618555 	 9.064000741665902 	 1.60414013202052e9 	 140.73997925043847 	 -8.029834665865895e8
0.0001496990429300422 	 380.9885330854799 	 39.24563748439748 	 23.92645951203088 	 4.561922069493576e9 	 29.54136501526508 	 8.971888440218587 	 1.5055858971976805e9 	 139.05185346286024 	 -7.536463171189728e8
0.0001545205455486019 	 376.29373891503366 	 38.86404347339541 	 23.661470474083526 	 4.281427522077289e9 	 29.190933054441 	 8.880697657040301 	 1.4130865805229926e9 	 137.3835326105353 	 -7.073405554924576e8
0.0001594973389896398 	 371.6555073400605 	 38.48606922079685 	 23.39940895092503 	 4.0181794751342034e9 	 28.844567933420315 	 8.790419172994104 	 1.3262701834329545e9 	 135.73478434379905 	 -6.638799262718918e8
0.00016463442485565457 	 367.0731568978405 	 38.111680389975646 	 23.140242600301153 	 3.7711175095534754e9 	 28.502222455634705 	 8.701043861174 	 1.2447875619969287e9 	 134.10537903889187 	 -6.230896179840822e8
0.00016993696584061976 	 362.54601433587453 	 37.74084297001906 	 22.8839394372646 	 3.539246407201816e9 	 28.163849972242357 	 8.612562685982208 	 1.168311022787393e9 	 132.4950897659786 	 -5.848055599744651e8
0.00017541029091841314 	 358.0734145129691 	 37.37352327263807 	 22.630467830227623 	 3.3216321419732504e9 	 27.8294043757715 	 8.524966702215695 	 1.0965330050163305e9 	 130.9036922575438 	 -5.488737624665313e8
0.00018105990069835465 	 353.6547003015118 	 37.00968792910709 	 22.379796497058233 	 3.1173981173333673e9 	 27.498840093837728 	 8.43824705416185 	 1.0291648436377589e9 	 129.33096487715798 	 -5.1514969716951513e8
0.00018689147295323702 	 349.28922249092335 	 36.64930388723249 	 22.13189450121948 	 2.9257216352020364e9 	 27.172112082934113 	 8.35239497470318 	 9.659356084420344e8 	 127.77668858860953 	 -4.834977159429615e8
0.00019291086832540149 	 344.97633969227405 	 36.292338408350105 	 21.886731247951467 	 2.7458305819506245e9 	 26.849175822293518 	 8.26740178443099 	 9.065910144732276e8 	 126.24064692539933 	 -4.5379050517988753e8
0.0001991241362165945 	 340.7154182440499 	 35.93875906435113 	 21.644276480495506 	 2.5770003181641273e9 	 26.52998730782211 	 8.18325889076792 	 8.50892399387647e8 	 124.72262596059332 	 -4.25908573713895e8
0.00020553752086752657 	 336.50583211905166 	 35.588533734736146 	 21.40450027635997 	 2.418550759639486e9 	 26.214503046103186 	 8.099957787099248 	 7.986157636408013e8 	 123.22241427702829 	 -3.997397721904402e8
0.0002121574676332397 	 332.346962832418 	 35.24163060369723 	 21.167373043627393 	 2.269843637861817e9 	 25.902680048470696 	 8.017490051912896 	 7.495508696428185e8 	 121.73980293786754 	 -3.7517884196904397e8
0.0002189906294605915 	 328.23819935075596 	 34.898018157227725 	 20.93286551730248 	 2.1302799289231272e9 	 25.594475825151513 	 7.935847347948061 	 7.035003962594311e8 	 120.27458545750216 	 -3.521269917419872e8
0.00022604387357436792 	 324.1789380023656 	 34.557665180259306 	 20.70094875570027 	 1.999297440526602e9 	 25.289848379475625 	 7.855021421352307 	 6.602791452582302e8 	 118.82655777279308 	 -3.304915001665192e8
0.00023332428837874016 	 320.16858238854695 	 34.22054075382631 	 20.471594136874355 	 1.8763685473565083e9 	 24.988756202153585 	 7.775004100847145 	 6.197132965088278e8 	 117.39551821465108 	 -3.1018534291226363e8
0.00024083919058100344 	 316.20654329597573 	 33.886614252257004 	 20.24477335508453 	 1.7609980656912336e9 	 24.691158265620405 	 7.695787296901939 	 5.816397089416018e8 	 115.98126747995016 	 -2.911268426236882e8
0.00024859613254475915 	 312.2922386101338 	 33.555855340391304 	 20.02045841730341 	 1.6527212586979363e9 	 24.39701401844495 	 7.617363000916065 	 5.459052644537212e8 	 114.58360860376995 	 -2.7323934038967884e8
0.0002566029098799259 	 308.42509322978333 	 33.2282339708251 	 19.79862163976168 	 1.551101964373772e9 	 24.10628337980433 	 7.539723284409268 	 5.1236625212390685e8 	 113.20234693196427 	 -2.5645088739878425e8
0.0002648675692772093 	 304.60453898247175 	 32.90372038118066 	 19.579235644531554 	 1.455730838592609e9 	 23.818926734022465 	 7.462860298220128 	 4.808877902594482e8 	 111.8372900940515 	 -2.4069395553987002e8
0.0002733984165949067 	 300.8300145410534 	 32.58228509140284 	 19.36227335614787 	 1.366223706179824e9 	 23.534904925171823 	 7.386766271712509 	 4.513432839511522e8 	 110.48824797642251 	 -2.2590516578412947e8
0.0002822040252061684 	 297.1009653412181 	 32.26389890108102 	 19.147707998266636 	 1.2822200133730216e9 	 23.25417925173803 	 7.3114335119899865 	 4.236139159547296e8 	 109.15503269586348 	 -2.1202503325593278e8
0.0002912932446151097 	 293.41684350001276 	 31.94853288679641 	 18.935513090360384 	 1.203381375434801e9 	 22.976711461346266 	 7.2368544031181035 	 3.975881688511081e8 	 107.83745857338899 	 -1.9899772796710554e8
0.0003006752093504277 	 289.7771077353453 	 31.636158399494608 	 18.725662444450148 	 1.129390213567092e9 	 22.702463745548947 	 7.163021405354438 	 3.731613765639921e8 	 106.53534210838237 	 -1.867708502522468e8
0.00031035934814546706 	 286.1812232864569 	 31.326747061882923 	 18.518130161873405 	 1.0599484756362085e9 	 22.431398734673788 	 7.089927054386337 	 3.502353034310174e8 	 105.24850195303907 	 -1.7529522000181204e8
0.0003203553934139542 	 282.6286618353542 	 31.020270765852512 	 18.312890630087843 	 9.947764355554854e8 	 22.163479492731756 	 7.017563960576303 	 3.287177491356977e8 	 103.97675888711018 	 -1.6452467884520423e8
0.00033067339103092587 	 279.1189014291872 	 30.716701669924966 	 18.109918519510412 	 9.33611566489123e8 	 21.898669512384092 	 6.945924808214932 	 3.0852217791133213e8 	 102.71993579294225 	 -1.5441590448818967e8
0.00034132371042868386 	 275.6514264035618 	 30.416012196723 	 17.909188780391236 	 8.762074833382574e8 	 21.6369327099677 	 6.875002354781297 	 2.895673705256641e8 	 101.47785763080958 	 -1.4492823645784694e8
0.00035231705501791773 	 272.2257273067774 	 30.118175030465284 	 17.71067663972212 	 8.223329502493966e8 	 21.378233420578304 	 6.804789430210757 	 2.717770976467117e8 	 100.25035141453634 	 -1.360235125541496e8
0.0003636644729444704 	 268.84130082497677 	 29.823163114484984 	 17.514357598179224 	 7.717709491472361e8 	 21.1225363932107 	 6.735278936170092 	 2.55079813276158e8 	 99.03724618740456 	 -1.276659153503392e8
0.00037537736819256035 	 265.49764970819723 	 29.53094964877176 	 17.32020742709944 	 7.243178055396944e8 	 20.86980678595531 	 6.666463845339868 	 2.394083670173998e8 	 97.83837299834458 	 -1.198218281246657e8
0.0003874675120456132 	 262.1942826973136 	 29.2415080875372 	 17.128202165490244 	 6.797823680737547e8 	 20.620010161250548 	 6.598337200703995 	 2.246997340211103e8 	 96.65356487840495 	 -1.1245969964401536e8
0.0003999470549162232 	 258.93071445186104 	 28.95481213680333 	 16.938318117072573 	 6.379852385371717e8 	 20.373112481190333 	 6.53089211484641 	 2.1089476152225015e8 	 95.48265681749865 	 -1.0554991725554307e8
0.00041282853855713716 	 255.7064654787268 	 28.670835752013893 	 16.750531847356307 	 5.987580492043164e8 	 20.12908010288592 	 6.464121769254753 	 1.9793793094918695e8 	 94.32548574142159 	 -9.906468777584432e7
0.0004261249086655264 	 252.5210620617025 	 28.3895531356684 	 16.564820180748143 	 5.619427846151793e8 	 19.887879773881654 	 6.3980194136310455 	 1.8577713464822116e8 	 93.18189048914113 	 -9.297792569857228e7
0.00043984952789321576 	 249.37403619188362 	 28.110938734978614 	 16.381160197691397 	 5.2739114505550134e8 	 19.64947862762398 	 6.332578365209264 	 1.743634663255822e8 	 92.05171179035096 	 -8.726514827083579e7
0.0004540161892759506 	 246.2649254989088 	 27.834967239547186 	 16.199529231837346 	 4.9496394917398065e8 	 19.413844178982867 	 6.267792008079715 	 1.6365102436412355e8 	 90.93479224328922 	 -8.190337701634255e7
0.0004686391300951886 	 243.1932731830263 	 27.56161357906838 	 16.019904867247906 	 4.645305733301994e8 	 19.180944319825343 	 6.203653792520185 	 1.5359672722373745e8 	 89.83097629281693 	 -7.687104530918871e7
0.00048373304618635186 	 240.15862794798068 	 27.29085292105062 	 15.842264935629167 	 4.3596842541482586e8 	 18.9507473146404 	 6.140157234333801 	 1.4416014018309182e8 	 88.7401102087536 	 -7.214791162652707e7
0.0004993131067079232 	 237.16054393470603 	 27.022660668560583 	 15.666587513595488 	 4.0916245102252364e8 	 18.72322179621456 	 6.077295914193471 	 1.3530331272590524e8 	 87.66204206446696 	 -6.771497813118905e7
0.0005153949693862209 	 234.19858065581937 	 26.757012457988683 	 15.492850919963828 	 3.840046699883452e8 	 18.498336761357763 	 6.015063476992921 	 1.2699062591779315e8 	 86.59662171571382 	 -6.35544142567792e7
0.0005319947962511758 	 231.27230293090344 	 26.493884156835893 	 15.321033713077995 	 3.603937414206685e8 	 18.276061566678777 	 5.953453631204219 	 1.1918864915988688e8 	 85.54370077972955 	 -5.964948498787687e7
0.0005491292698789323 	 228.3812808225678 	 26.233251861521335 	 15.151114688162389 	 3.3823455547853e8 	 18.05636592440963 	 5.892460148241698 	 1.1186600574313855e8 	 84.50313261456212 	 -5.5984483546865754e7
0.0005668156101575836 	 225.5250895732817 	 25.97509189521087 	 14.983072874705048 	 3.174378502489656e8 	 17.839219898278554 	 5.832076861832277 	 1.0499324666262594e8 	 83.47477229864938 	 -5.254466821664094e7
0.0005850715915928989 	 222.70330954296773 	 25.719380805666187 	 14.816887533869577 	 2.979198521810444e8 	 17.624593899430796 	 5.772297667392072 	 9.854273218438023e7 	 82.4584766106356 	 -4.931620304507349e7
0.0006039155611714375 	 219.9155261473462 	 25.46609536311428 	 14.652538155935659 	 2.7960193862818843e8 	 17.412458682396736 	 5.713116521409225 	 9.248852068844122e7 	 81.4541040094246 	 -4.628610219272825e7
0.0006233664567989926 	 217.16132979702385 	 25.2152125581372 	 14.490004457767846 	 2.6241032113943574e8 	 17.202785341106846 	 5.654527440832931 	 8.680626434111032e7 	 80.46151461446722 	 -4.344217769998673e7
0.0006434438263328994 	 214.44031583731584 	 24.96670959958178 	 14.329266380312355 	 2.4627574822387087e8 	 16.995545304952905 	 5.596524502468571 	 8.147311117683156e7 	 79.48057018628005 	 -4.0772990463477865e7
0.0006641678472273415 	 211.7520844887921 	 24.72056391248921 	 14.170304086121448 	 2.311332263908903e8 	 16.790710334894836 	 5.539101842378882 	 7.646761319590753e7 	 78.51113410719238 	 -3.82678042246287e7
0.0006855593468113862 	 209.0962407885409 	 24.47675313604421 	 14.013097956905211 	 2.169217583426038e8 	 16.588252519612837 	 5.48225365529114 	 7.176964010845663e7 	 77.55307136231934 	 -3.591654238526522e7
0.0007076398232201359 	 206.47239453214013 	 24.235255121543734 	 13.857628591110387 	 2.0358409726374882e8 	 16.388144271704096 	 5.425974194010258 	 6.73602983777189e7 	 76.60624852075827 	 -3.370974747656165e7
0.0007304314670000327 	 203.8801602163264 	 23.99604793038486 	 13.703876801525906 	 1.9106651621934322e8 	 16.190358323923668 	 5.370257768837761 	 6.322185523713147e7 	 75.67053371700544 	 -3.1638543118310113e7
0.0007539571834100227 	 201.31915698235653 	 23.759109832071818 	 13.55182361291492 	 1.793185917311678e8 	 15.994867725468954 	 5.315098746996573 	 5.933766737560005e7 	 74.74579663259095 	 -2.9694598315500878e7
0.0007782406154409962 	 198.7890085600502 	 23.5244193022419 	 13.401450259672973 	 1.6829300066127363e8 	 15.80164583830734 	 5.260491552061557 	 5.569211400416318e7 	 73.83190847792913 	 -2.787009394860238e7
0.0008033061675766356 	 196.28934321250773 	 23.29195502071013 	 13.252738183512069 	 1.579453295843205e8 	 15.61066633354644 	 5.206430663395763 	 5.227053403486836e7 	 72.92874197438184 	 -2.6157691322755724e7
0.0008291790303195585 	 193.81979368149277 	 23.061695869532425 	 13.105669031170262 	 1.482338958808534e8 	 15.421903187846425 	 5.152910615592291 	 4.905916711921531e7 	 72.03617133653206 	 -2.455050264937848e7
0.0008558852055073918 	 191.3799971334739 	 22.83362093108717 	 12.960224652146628 	 1.3911957983084905e8 	 15.235330679874034 	 5.099925997921765 	 4.604509830904604e7 	 71.15407225466562 	 -2.3042063341446977e7
0.0008834515324442241 	 188.96959510631638 	 22.607709486175004 	 12.81638709646123 	 1.3056566703116593e8 	 15.050923386797738 	 5.047471453785323 	 4.321620611732737e7 	 70.28232187745849 	 -2.16263060110202e7
0.000911905714873707 	 186.58823345661528 	 22.383941012136578 	 12.674138612439798 	 1.2253770050211953e8 	 14.868656180823537 	 4.9955416801730745 	 4.056111376994409e7 	 69.42079879486687 	 -2.0297536064415082e7
0.0009412763488208994 	 184.23556230766394 	 22.162295180988195 	 12.533461644522921 	 1.1500334188744217e8 	 14.688504225770986 	 4.944131427127982 	 3.8069143452457115e7 	 68.56938302121836 	 -1.905040879687072e7
0.0009715929513308377 	 181.91123599804928 	 21.942751857575185 	 12.394338831099457 	 1.0793224118850812e8 	 14.510442973688983 	 4.893235497215111 	 3.573027336782304e7 	 67.72795597850143 	 -1.7879907894569118e7
0.001002885990132729 	 179.61491303086572 	 21.725291097742698 	 12.256753002363816 	 1.0129591450808394e8 	 14.334448161510775 	 4.842848744996171 	 3.3535097432375718e7 	 66.8964004798507 	 -1.67813252575407e7
0.0010351869142595565 	 177.34625602354168 	 21.50989314652392 	 12.12068717819697 	 9.506762931113426e7 	 14.160495807747814 	 4.792966076509337 	 3.1474787447983786e7 	 66.07460071322623 	 -1.5750242062297368e7
0.0010685281856538812 	 175.1049316582706 	 21.29653843634547 	 11.986124566070874 	 8.922229674048689e7 	 13.98856220922201 	 4.743582448754267 	 2.9541057598253187e7 	 65.2624422252843 	 -1.478251098802077e7
0.0011029433117916126 	 172.89061063303842 	 21.085207585249794 	 11.853048558975985 	 8.37363705535797e7 	 13.818623937835838 	 4.69469286918225 	 2.772613112599086e7 	 64.45981190543709 	 -1.3874239534814157e7
0.0011384668793565135 	 170.70296761324173 	 20.87588139513441 	 11.721442733371736 	 7.858775227318963e7 	 13.65065783737999 	 4.646292395191492 	 2.602270905791991e7 	 63.66659797009975 	 -1.3021774366919508e7
0.0011751345889992942 	 168.54168118388895 	 20.668540850007947 	 11.591290847159634 	 7.375570217006747e7 	 13.484641020378056 	 4.598376133627428 	 2.4423940850867406e7 	 62.88268994712214 	 -1.2221686617923278e7
0.0012129832912162349 	 166.40643380237665 	 20.46316711426258 	 11.46257683767872 	 6.922075571889758e7 	 13.320550864967807 	 4.550939240288029 	 2.2923396841374468e7 	 62.10797866040307 	 -1.1470758098843917e7
0.0012520510233833774 	 164.29691175183532 	 20.25974153096297 	 11.335284819723219 	 6.4964645191051245e7 	 13.158365011818681 	 4.503976919434077 	 2.151504238793162e7 	 61.34235621468526 	 -1.0765968353626357e7
0.001292377047983511 	 162.21280509503757 	 20.05824562015143 	 11.20939908358208 	 6.0970226068291776e7 	 12.998061361085071 	 4.457484423304324 	 2.019321360184862e7 	 60.58571598052863 	 -1.0104482509976694e7
0.0013340018920643844 	 160.15380762886068 	 19.858661077169046 	 11.084904093100137 	 5.722140798100851e7 	 12.839618069394916 	 4.411457051635506 	 1.8952594569156636e7 	 59.837952579459795 	 -9.4836398766693e6
0.0013769673879677753 	 158.11961683929863 	 19.660969770992903 	 10.961784483760745 	 5.370308989278698e7 	 12.683013546873278 	 4.365890151187159 	 1.7788195971938465e7 	 59.098961869295785 	 -8.900943241461774e6
0.0014213167153703595 	 156.109933857016 	 19.465153742588953 	 10.840025060789564 	 5.0401099270223446e7 	 12.52822645420047 	 4.320779115271198 	 1.669533502310908e7 	 58.36864092964017 	 -8.354048826570583e6
0.0014670944446786452 	 154.1244634134367 	 19.271195203280534 	 10.719610797279291 	 4.730213499294588e7 	 12.375235699704277 	 4.2761193832861775 	 1.5669616633951204e7 	 57.646888047549005 	 -7.840756861305213e6
0.001514346581821555 	 152.16291379736268 	 19.079076533132397 	 10.600526832335126 	 4.4393713773873255e7 	 12.224020436485974 	 4.23190644025624 	 1.4706915738669334e7 	 56.93360270336517 	 -7.359002733941507e6
0.0015631206144856899 	 150.22499681211482 	 18.88878027935006 	 10.48275846924073 	 4.166411987388076e7 	 12.074560059579676 	 4.188135816374662 	 1.3803360704877479e7 	 56.2286855567189 	 -6.906848687244195e6
0.0016134655598397459 	 148.31042773318993 	 18.700289154694296 	 10.366291173644408 	 3.910235790831096e7 	 11.92683420314464 	 4.144803086551963 	 1.2955317763303623e7 	 55.532038432692374 	 -6.482476024235507e6
0.0016654320137960278 	 146.4189252664284 	 18.5135860359107 	 10.251110571765373 	 3.669810855522648e7 	 11.780822737690176 	 4.101903869968548 	 1.21593763940932e7 	 54.843564308146824 	 -6.0841777928594e6
0.0017190722018585747 	 144.5502115066858 	 18.32865396217418 	 10.137202448619815 	 3.444168698698721e7 	 11.636505767332759 	 4.059433829631817 	 1.141233561094042e7 	 54.163167298210006 	 -5.710351920116797e6
0.0017744400316090144 	 142.70401189700175 	 18.145476133548136 	 10.024552746266542 	 3.2324003857704632e7 	 11.493863627084947 	 4.017388671937703 	 1.0711191087886984e7 	 53.49075264292204 	 -5.359494768055245e6
0.0018315911468828674 	 140.8800551882616 	 17.96403590945829 	 9.913147562072034 	 3.0336528689424094e7 	 11.352876880175792 	 3.975764146236607 	 1.0053123077017348e7 	 52.82622669403813 	 -5.030195085693487e6
0.0018905829836907586 	 139.07807339934368 	 17.78431680718102 	 9.80297314699467 	 2.8471255509545807e7 	 11.213526315402353 	 3.934556044403663 	 9.43548506845961e6 	 52.16949690198603 	 -4.721128332553667e6
0.0019514748279407536 	 137.29780177774646 	 17.606302500345986 	 9.694015903887859 	 2.6720670601064444e7 	 11.075792944511898 	 3.8937602004133125 	 8.855793147086523e6 	 51.52047180297647 	 -4.43105135096868e6
0.0020143278750197973 	 135.53897876069058 	 17.42997681745297 	 9.58626238582198 	 2.507772223571955e7 	 10.939657999614544 	 3.853372489918127 	 8.311716003113601e6 	 50.879061006264905 	 -4.1587973657353017e6
0.0020792052912941604 	 133.8013459366891 	 17.25532374040282 	 9.479699294424814 	 2.3535792268134505e7 	 10.80510293062588 	 3.8133888298318506 	 7.801065556420164e6 	 50.245175181562566 	 -3.903271291000059e6
0.0021461722775906788 	 132.08464800758122 	 17.082327403042303 	 9.37431347824035 	 2.2088669476519827e7 	 10.672109402739311 	 3.773805177916613 	 7.321788156888071e6 	 49.61872604659545 	 -3.6634453255008706e6
0.0022152961347226144 	 130.38863275102267 	 16.91097208972273 	 9.270091931105679 	 2.0730524542550758e7 	 10.540659293927682 	 3.7346175323742647 	 6.871956325368784e6 	 48.99962635480892 	 -3.4383548184470837e6
0.002286646331125955 	 128.7130509834287 	 16.741242233872327 	 9.167021790545856 	 1.9455886569633637e7 	 10.410734692473937 	 3.69582193144181 	 6.44976100206426e6 	 48.387789883216854 	 -3.227094389409412e6
0.0023602945726741396 	 127.05765652336352 	 16.57312241658209 	 9.065090336186476 	 1.8259621044971168e7 	 10.282317894530445 	 3.657414452990885 	 6.053504271147343e6 	 47.783131420393254 	 -3.0288142866127454e6
0.0024363148747413937 	 125.42220615537009 	 16.406597365205066 	 8.964284988183797 	 1.713690915665286e7 	 10.155391401706593 	 3.6193912141312374 	 5.68159253236262e6 	 47.18556675460462 	 -2.8427169689837694e6
0.0025147836365870626 	 123.80645959423644 	 16.241651951968933 	 8.864593305672187 	 1.6083228382456044e7 	 10.029937918684436 	 3.5817483708181785 	 5.332530092146597e6 	 46.59501266208169 	 -2.668053898205475e6
0.0025957797181357066 	 122.21017944969255 	 16.078271192601754 	 8.766002985228765 	 1.509433427216481e7 	 9.905940350862 	 3.5444821174639647 	 5.004913148492974e6 	 46.01138689542884 	 -2.5041225278752283e6
0.0026793845192301553 	 120.63313119153166 	 15.916440244970712 	 8.668501859354945 	 1.416624335002176e7 	 9.783381802023904 	 3.5075886865530563 	 4.697424145372157e6 	 45.434608172169185 	 -2.350263477655822e6
0.0027656820614371165 	 119.07508311515289 	 15.756144407733814 	 8.572077894974814 	 1.3295217068440722e7 	 9.662245572039053 	 3.4710643482612347 	 4.408826474000799e6 	 44.864596163424316 	 -2.2058578810532363e6
0.002854759072487577 	 117.53580630751834 	 15.59736911900438 	 8.476719191950062 	 1.2477746748342168e7 	 9.54251515458506 	 3.434905410078533 	 4.1379594996516705e6 	 44.30127148272685 	 -2.0703248961530267e6
0.0029467050734368833 	 116.01507461352043 	 15.440099955028163 	 8.382413981611327 	 1.171053944544762e7 	 9.424174234899006 	 3.3991082164359234 	 3.883733894003438e6 	 43.74455567496401 	 -1.9431193693027473e6
0.0030416124686320494 	 114.51266460275457 	 15.284322628873031 	 8.28915062530577 	 1.0990504685599966e7 	 9.307206687554382 	 3.363669148335756 	 3.6451272542589083e6 	 43.19437120545116 	 -1.8237296423431304e6
0.003139576638576721 	 113.02835553669235 	 15.130022989131131 	 8.1969176129607 	 1.031474201567646e7 	 9.191596574263805 	 3.3285846229858893 	 3.421179991413366e6 	 42.65064144913343 	 -1.711675494568029e6
0.003240696035787167 	 111.56192933624955 	 14.97718701863327 	 8.10570356166305 	 9.68052931994663e6 	 9.0773281417072 	 3.293851093437474 	 3.2109914711370287e6 	 42.11329067991392 	 -1.6065062111350268e6
0.003345072283735568 	 110.11317054974555 	 14.825800833175572 	 8.015497214254566 	 9.085311854811357e6 	 8.964385819385233 	 3.259465048226368 	 3.0137163917518044e6 	 41.58224406010732 	 -1.5077987701573784e6
0.003452810278980065 	 108.68186632124866 	 14.675850680258183 	 7.926287437942509 	 8.526691957752477e6 	 8.852754217497637 	 3.2254230110181434 	 2.828561384735823e6 	 41.05742763001713 	 -1.4151561411851828e6
0.0035640182965842398 	 107.26780635930243 	 14.527322937835933 	 7.8380632229256975 	 8.0024193890381735e6 	 8.742418124846147 	 3.191721540256629 	 2.654781824084146e6 	 40.53876829763511 	 -1.328205688231756e6
0.0036788080989319186 	 105.87078290602908 	 14.380204113080843 	 7.750813681035736 	 7.510382267278914e6 	 8.633362506761788 	 3.158357228815984 	 2.491678831694184e6 	 40.02619382846168 	 -1.2465976709217613e6
0.0037972950480466704 	 104.49059070660533 	 14.234480841156431 	 7.664528044393267 	 7.048598562320192e6 	 8.525572503056235 	 3.1253267036562487 	 2.3385964667325155e6 	 39.519632835445755 	 -1.1700038377322417e6
0.003919598221528928 	 103.12702697910537 	 14.09013988400355 	 7.579195664079037 	 6.615208111203483e6 	 8.419033425996894 	 3.0926266254823327 	 2.194919087679718e6 	 39.0190147690425 	 -1.0981161056681317e6
0.004045840532227174 	 101.77989138470778 	 13.947168129137806 	 7.494806008819675 	 6.208465125034361e6 	 8.313730758305528 	 3.0602536884064273 	 2.0600688764444063e6 	 38.52426990738777 	 -1.030645321061564e6
0.004176148851763488 	 100.44898599826126 	 13.805552588458394 	 7.411348663687984 	 5.826731156573642e6 	 8.209650151180115 	 3.0282046196137897 	 1.933503514589327e6 	 38.03532934658792 	 -967320.0965105135
0.004310654138037646 	 99.13411527920454 	 13.665280397068184 	 7.328813328817567 	 5.468468500223414e6 	 8.106777422339622 	 2.996476179031865 	 1.8147140023240822e6 	 37.55212499112337 	 -907885.719278582
0.004449491566837824 	 97.8350860428372 	 13.526338812105015 	 7.247189818131682 	 5.1322339978219485e6 	 8.005098554091488 	 2.965065159002726 	 1.7032226114933705e6 	 37.07458954436483 	 -852103.1267652323
0.004592800667690216 	 96.55170743193655 	 13.38871521158413 	 7.16646805808614 	 4.816673225295784e6 	 7.904599691421572 	 2.9339683839587947 	 1.5985809643283405e6 	 36.6026564992009 	 -799747.9449254796
0.004740725464084136 	 95.28379088871596 	 13.252397093251494 	 7.086638086426062 	 4.520515036751483e6 	 7.805267140106196 	 2.903182710101789 	 1.5003682302344833e6 	 36.13626012877538 	 -750609.5857712743
0.004893414618213444 	 94.03115012712156 	 13.11737207344807 	 7.007690050956398 	 4.242566444029703e6 	 7.707087364846153 	 2.872705025084902 	 1.4081894333642588e6 	 35.675335477333476 	 -704490.4003244884
0.005051021580379798 	 92.7936011054628 	 12.983627885984852 	 6.929614208326033 	 3.981707811095243e6 	 7.610046987422365 	 2.842532247698152 	 1.3216738641680954e6 	 35.21981835117533 	 -661204.8836144162
0.005213704743207925 	 91.57096199937199 	 12.851152381028514 	 6.85240092282529 	 3.7368883439049497e6 	 7.514132784872915 	 2.8126613275568757 	 1.2404735885355736e6 	 34.76964530971554 	 -620578.9285220421
0.0053816276008278145 	 90.3630531750905 	 12.719933523997716 	 6.77604066519676 	 3.507121857585903e6 	 7.419331687691255 	 2.783089244793346 	 1.164262048531164e6 	 34.32475365664782 	 -582449.1254698443
0.0055549589131838354 	 89.16969716307639 	 12.589959394469817 	 6.700524011459248 	 3.2914828038730607e6 	 7.3256307780453405 	 2.753813009751474 	 1.092732749097147e6 	 33.88508143121316 	 -546662.1051402673
0.00573387287563598 	 87.99071863192995 	 12.461218185097984 	 6.62584164174471 	 3.0891025428039897e6 	 7.233017288017394 	 2.7248296626845567 	 1.0255980254421023e6 	 33.450567399570375 	 -513073.9215790675
0.005918549294023551 	 86.82594436263349 	 12.333698200538556 	 6.551984339148043 	 2.8991658436524207e6 	 7.14147859786413 	 2.6961362734560614 	 962587.8861578945 	 33.02115104626805 	 -481549.4732022227
0.006109173765367339 	 85.67520322310156 	 12.207387856388605 	 6.478942988589588 	 2.7209076010055123e6 	 7.051002234297145 	 2.667729941243391 	 903448.9274125554 	 32.59677256581646 	 -451961.9593774981
0.006305937864391807 	 84.53832614303782 	 12.082275678133572 	 6.406708575690199 	 2.5536097527565835e6 	 6.961575868783296 	 2.639607794244625 	 847943.3138523711 	 32.17737285435832 	 -424192.3703948969
0.006509039336054846 	 83.41514608909446 	 11.95835030010486 	 6.335272185658721 	 2.396598387598215e6 	 6.873187315864767 	 2.6117669893881827 	 795847.8221146932 	 31.76289350143731 	 -398129.0087744883
0.0067186822942784585 	 82.30549804033134 	 11.835600464447342 	 6.264625002191786 	 2.2492410303642256e6 	 6.785824531498649 	 2.5842047120453997 	 746952.9431048828 	 31.353276781863187 	 -373667.039986192
0.0069350774270801625 	 81.20921896397071 	 11.714015020096658 	 6.194758306385751 	 2.11094409428522e6 	 6.699475611415805 	 2.5569181757459774 	 701062.0394270355 	 30.948465647672293 	 -350708.0707743701
0.007158442208311313 	 80.1261477914437 	 11.593582921766203 	 6.125663475660649 	 1.9811504898948348e6 	 6.614128789498746 	 2.5299046218962737 	 657990.5545799828 	 30.548403720182378 	 -329159.7533911184
0.007389001116215032 	 79.05612539472584 	 11.474293228943733 	 6.057331982696037 	 1.8593373809549196e6 	 6.529772436178354 	 2.5031613195004216 	 617565.2707382642 	 30.153035282140657 	 -308935.41414638126
0.007626985859023444 	 77.99899456295749 	 11.356135104897493 	 5.989755394378611 	 1.7450140783600046e6 	 6.446395056849227 	 2.476685564884233 	 579623.6121331224 	 29.76230526996403 	 -289953.7047807998
0.007872635607821 	 76.9545999793459 	 11.239097815691762 	 5.922925370761419 	 1.6377200635372186e6 	 6.363985290303368 	 2.4504746814218614 	 544012.9912319636 	 29.376159266070204 	 -272138.27525900863
0.008126197236907802 	 75.92278819834554 	 11.123170729211726 	 5.856833664034596 	 1.5370231333795635e6 	 6.282531907182094 	 2.4245260192652034 	 510590.1950868781 	 28.994543491298927 	 -255417.4666672688
0.008387925571904532 	 74.90340762311364 	 11.008343314197653 	 5.7914721175074675 	 1.4425176592399043e6 	 6.202023808445901 	 2.3988369550760096 	 479220.8093843243 	 28.617404797422093 	 -239724.02298017705
0.008658083645848406 	 73.8963084832369 	 10.894605139288158 	 5.726832664601886 	 1.3538229529725052e6 	 6.122450023862067 	 2.3734048917606683 	 449778.67787970725 	 28.24469065974167 	 -224994.82053708515
0.008936942963537411 	 72.90134281272688 	 10.781945872072594 	 5.662907327856695 	 1.2705817334402364e6 	 6.043799710509826 	 2.3482272582076473 	 422145.3950429119 	 27.876349169774493 	 -211170.61414011446
0.009224783774388495 	 71.91836442828047 	 10.670355278152412 	 5.599688217943206 	 1.1924586873101906e6 	 5.966062151302897 	 2.3233015090275657 	 396209.8298743869 	 27.512329028022943 	 -198195.7987524922
0.009521895354084075 	 70.94722890780206 	 10.55982322021144 	 5.537167532691524 	 1.119139118340258e6 	 5.889226753529128 	 2.298625124295855 	 371867.6789767327 	 27.152579536830338 	 -186018.1858386851
0.00982857629528972 	 69.9877935691847 	 10.450339657094943 	 5.4753375561276485 	 1.050327679715755e6 	 5.813283047407117 	 2.274195609298006 	 349021.04708442744 	 26.79705059332018 	 -174588.79344671348
0.010145134807735249 	 69.03991744934687 	 10.341894642897488 	 5.4141906575212175 	 985747.1843296565 	 5.738220684659578 	 2.250010494277362 	 327578.0533647242 	 26.44569268241833 	 -163861.6491882899
0.010471889027960936 	 68.10346128352163 	 10.234478326059374 	 5.3537192904437525 	 925137.4882139742 	 5.664029437103249 	 2.2260673341854282 	 307452.46190640016 	 26.098456869956856 	 -153793.6053243077
0.01080916733903989 	 67.17828748479556 	 10.12808094847172 	 5.293915991837321 	 868254.4426245465 	 5.590699195255179 	 2.202363708434687 	 288563.3349103325 	 25.75529479585897 	 -144344.16521190605
0.01115730870059814 	 66.264260123894 	 10.022692844589962 	 5.234773381093488 	 814868.9105579735 	 5.518219966955187 	 2.1788972206538824 	 270834.7071871454 	 25.416158667403817 	 -135475.32041502304
0.011516662989463924 	 65.36124490920997 	 9.918304440555838 	 5.176284159142436 	 764765.8437390486 	 5.446581876004304 	 2.1556654984457557 	 254195.28065288655 	 25.081001252570314 	 -127151.3978232531
0.011887591351288652 	 64.46910916707363 	 9.814906253327628 	 5.118441107552155 	 717743.4163605745 	 5.375775160819015 	 2.132666193147198 	 238578.1375940993 	 24.749775873459086 	 -119338.91616407144
0.012270466563492862 	 63.587721822259404 	 9.712488889818703 	 5.061237087637584 	 673612.2120860938 	 5.3057901731011246 	 2.109896979591811 	 223920.47154915004 	 24.422436399791522 	 -112006.45133127755
0.012665673409901882 	 62.7169533787282 	 9.611043046044198 	 5.0046650395795815 	 632194.4610406123 	 5.236617376523059 	 2.0873555558748396 	 210163.3347235151 	 24.098937242485174 	 -105124.50998796959
0.013073609067447825 	 61.85667590060125 	 9.510559506275829 	 4.9487179815536555 	 593323.323715735 	 5.1682473454284095 	 2.065039643120449 	 197251.40092321797 	 23.77923334730448 	 -98665.41093564087
0.01349468350532639 	 61.006762993363544 	 9.411029142204674 	 4.893389008868288 	 556842.2189046548 	 5.100670763547588 	 2.042946985251346 	 185132.74305302865 	 23.463280188586005 	 -92603.17377223319
0.01392931989700975 	 60.16708978529355 	 9.312442912111948 	 4.838671293112808 	 522604.19295975287 	 5.033878422728355 	 2.021075348760689 	 173758.62428459758 	 23.151033763037262 	 -86913.41439129433
0.01437795504552954 	 59.33753290911658 	 9.214791860047594 	 4.784558081314655 	 490471.32783205557 	 4.967861221681096 	 1.9994225224862887 	 163083.30205468138 	 22.8424505836083 	 -81573.24690190742
0.014841039822457285 	 58.51797048387946 	 9.118067115016707 	 4.731042695105963 	 460314.1855080106 	 4.902610164738663 	 1.9779863173870667 	 153063.84410521423 	 22.53748767343523 	 -76561.19157488608
0.015319039621023578 	 57.70828209704336 	 9.022259890173663 	 4.678118529899362 	 432011.2866056408 	 4.838116360630601 	 1.956764566321749 	 143659.95582540095 	 22.236102559854736 	 -71857.08844496595
0.015812434823831278 	 56.908348786792324 	 8.927361482023866 	 4.625779054072859 	 405448.62102976185 	 4.774371021271595 	 1.9357551238297714 	 134833.8182014673 	 21.93825326848884 	 -67442.01622147631
0.016321721285632754 	 56.11805302455526 	 8.833363269633107 	 4.574017808163755 	 380519.188715078 	 4.711365460563991 	 1.9149558659143835 	 126549.93572236139 	 21.643898317399096 	 -63298.21618132707
0.01684741083165648 	 55.33727869773811 	 8.740256713844412 	 4.522828404071441 	 357122.5686071644 	 4.6490910932142056 	 1.8943646898279158 	 118774.99362973474 	 21.3529967113093 	 -59409.02073818463
0.0173900317719837 	 54.56591109266428 	 8.648033356502285 	 4.4722045242690145 	 335164.51414510515 	 4.587539433562866 	 1.8739795138591988 	 111477.7239381174 	 21.065507935896026 	 -55758.78640052202
0.01795012943249206 	 53.80383687772065 	 8.556684819684365 	 4.422139921023609 	 314556.5736163076 	 4.526702094428546 	 1.8537982771231063 	 104628.77968646877 	 20.781391952146144 	 -52332.830848880956
0.01852826670289994 	 53.05094408670649 	 8.466202804940329 	 4.372628415625325 	 295215.7338541941 	 4.466570785964896 	 1.8338189393522082 	 98200.61691538805 	 20.500609190780526 	 -49117.373879250954
0.01912502460246216 	 52.30712210238305 	 8.376579092538027 	 4.323663897624691 	 277064.08584351407 	 4.4071373145310515 	 1.8140394806905016 	 92167.38389534083 	 20.22312054674312 	 -46099.48197502295
0.019741002863885533 	 51.572261640221384 	 8.287805540716784 	 4.275240324078541 	 260028.51088626563 	 4.348393581575152 	 1.7944579014892128 	 86504.81716041864 	 19.948887373754815 	 -43267.01628457008
0.020376820536051287 	 50.846254732345884 	 8.199874084947757 	 4.227351718804227 	 244040.38606402982 	 4.290331582530803 	 1.7750722221046347 	 81190.14392951503 	 19.67787147893102 	 -40608.58379520454
0.021033116606149795 	 50.128994711671425 	 8.11277673720133 	 4.179992171642069 	 229035.30781026516 	 4.232943405726364 	 1.755880482697993 	 76201.99052249461 	 19.41003511746256 	 -38113.49150711959
0.021710550641853114 	 49.42037619623141 	 8.026505585221445 	 4.133155837725959 	 214952.8324790454 	 4.176221231306882 	 1.736880743037311 	 71520.2964030353 	 19.14534098735884 	 -35771.70342298936
0.022409803454170613 	 48.720295073694786 	 7.941052791806831 	 4.08683693676201 	 201736.2328652004 	 4.120157330168529 	 1.7180710823012555 	 67126.23350245724 	 18.883752224252767 	 -33573.80018022651
0.023131577781653707 	 48.028648486069564 	 7.856410594099033 	 4.041029752315191 	 189332.26969507252 	 4.064744062905429 	 1.6994495988849514 	 63002.13050008807 	 18.625232396266593 	 -31510.941163527063
0.02387659899663757 	 47.34533481459062 	 7.772571302877218 	 3.9957286311038303 	 177690.97716740042 	 4.009973878768687 	 1.6810144102077307 	 59131.401755646875 	 18.369745498937974 	 -29574.828945307218
0.024645615834229438 	 46.6702536647895 	 7.689527301859634 	 3.9509279823019146 	 166765.46168044658 	 3.9558393146375033 	 1.6627636525228102 	 55498.48060783929 	 18.117255950205585 	 -27757.675911001523
0.025439401144776063 	 46.00330585174426 	 7.607271047011741 	 3.9066222768491077 	 156511.71293459865 	 3.902332994002235 	 1.644695480728872 	 52088.75677091546 	 17.86772858545354 	 -26052.172934979604
0.026258752670566706 	 45.34439338550688 	 7.525795065860873 	 3.8628060467683727 	 146888.42664952372 	 3.8494476259592516 	 1.6268080681835295 	 48888.517577421626 	 17.62112865261398 	 -24451.459981086336
0.027104493847552168 	 44.69341945670629 	 7.445091956817405 	 3.819473884491148 	 137856.83818174375 	 3.797176004217459 	 1.6090996065186571 	 45884.892830845696 	 17.377421807327067 	 -22949.09850955241
0.027977474632885465 	 44.05028842232482 	 7.365154388502374 	 3.7766204421899756 	 129380.56637240926 	 3.745511006116352 	 1.5915683054575707 	 43065.80304637432 	 17.13657410815782 	 -21539.045579287893
0.028878572359115978 	 43.41490579164612 	 7.28597509908146 	 3.7342404311184967 	 121425.4669962552 	 3.6944455916554664 	 1.5742123926340352 	 40419.9108716044 	 16.898552011869032 	 -20215.62954139026
0.029808692615895548 	 42.787178212372226 	 7.2075468956052955 	 3.6923286209587416 	 113959.49522140033 	 3.643972802535084 	 1.5570301134130824 	 37936.575491840376 	 16.66332236874963 	 -18973.52722609902
0.030768770160082316 	 42.16701345690804 	 7.129862653356039 	 3.650879839175637 	 106952.57652595137 	 3.5940857612080843 	 1.5400197307136234 	 35605.809836613415 	 16.430852417997887 	 -17807.742531436616
0.03175976985515737 	 41.554320408810895 	 7.052915315200121 	 3.6098889703786337 	 100376.48555143308 	 3.5447776699427913 	 1.523179524832835 	 33418.240415320935 	 16.201109783158774 	 -16713.586327412126
0.03278268764089805 	 40.94900904940351 	 6.976697890947166 	 3.5693509556903935 	 94204.73240504217 	 3.4960418098966923 	 1.5065077932722992 	 31365.06962046122 	 15.97406246761481 	 -15686.657594956941
0.033838551534282335 	 40.350990444548195 	 6.901203456714963 	 3.5292607921224506 	 88412.45595272693 	 3.447871540200923 	 1.4900028505658904 	 29438.040346860336 	 15.749678850129882 	 -14722.825723727718
0.03492842266263055 	 39.76017673158033 	 6.82642515430048 	 3.489613531957766 	 82976.32367325205 	 3.4002602970553526 	 1.4736630281093737 	 27629.402784602124 	 15.52792768044528 	 -13818.213897572792
0.03605339633002225 	 39.17648110639935 	 6.752356190556838 	 3.45040428214011 	 77874.43766984201 	 3.353201592834196 	 1.4574866739917187 	 25931.883252115345 	 15.308778074927439 	 -12969.183500833895
0.03721460311806036 	 38.59981781071526 	 6.678989836776193 	 3.4116282036701864 	 73086.24646079642 	 3.306689015201988 	 1.4414721528280934 	 24338.65494407544 	 15.092199512266713 	 -12172.319482760426
0.03841321002208875 	 38.030102119448706 	 6.606319428078476 	 3.3732805110084225 	 68592.46219375121 	 3.2607162262398224 	 1.42561784559453 	 22843.310476479724 	 14.87816182922663 	 -11424.416621167715
0.03965042162400488 	 37.46725032828298 	 6.534338362805933 	 3.335356471484373 	 64374.98295010836 	 3.2152769615817323 	 1.4099221494642495 	 21439.83611848262 	 14.66663521644302 	 -10722.466630087818
0.04092748130284649 	 36.91117974136589 	 6.463040101923401 	 3.2978514047126315 	 60416.81982665843 	 3.1703650295610952 	 1.394383477645618 	 20122.587607360398 	 14.457590214272408 	 -10063.646059555782
0.04224567248436894 	 36.36180865915984 	 6.392418168424274 	 3.260760682015204 	 56702.028500665554 	 3.125974310366935 	 1.3790002592217259 	 18886.26744934197 	 14.25099770868912 	 -9445.304938860801
0.043606319930868595 	 35.81905636643836 	 6.322466146742119 	 3.2240797258502627 	 53215.64500274547 	 3.082098755210028 	 1.363770938991574 	 17725.90361501849 	 14.046828927230532 	 -8864.95611758227
0.0450107910725491 	 35.2828431204271 	 6.253177682167848 	 3.187804009247208 	 49943.62543881463 	 3.0387323854986756 	 1.3486939773128477 	 16636.829543651776 	 13.845055434989902 	 -8320.265261536942
0.046460497381768204 	 34.7530901390878 	 6.184546480272438 	 3.1519290552479755 	 46872.78941829834 	 2.9958692920240457 	 1.33376784994626 	 15614.665375966539 	 13.645649130656153 	 -7809.0414633981145
0.047956895791546085 	 34.229719589543464 	 6.116566306335122 	 3.116450436354513 	 43990.76696071518 	 2.9535036341549747 	 1.3189910479014586 	 14655.300339951627 	 13.448582242600196 	 -7329.228430220017
0.0495014901597612 	 33.71265457664285 	 6.049230984777002 	 3.0813637739823605 	 41285.94866676502 	 2.9116296390421046 	 1.3043620772844702 	 13754.87621883207 	 13.253827325007126 	 -6878.8962124208665
0.051095832780504856 	 33.16790505969736 	 5.993832233132796 	 3.0474846433135774 	 38829.45002720185 	 2.8691058255161668 	 1.291616696633997 	 12909.066784949671 	 13.053912430943914 	 -6456.233440956234
0.0527415259441133 	 32.669090586837136 	 5.925928929470129 	 3.0129667107443403 	 36329.226872623345 	 2.828398319379512 	 1.2769850914582732 	 12117.251231980517 	 12.865006505436744 	 -6059.540041458358
0.05444022354744544 	 32.17592140516322 	 5.858747085928971 	 2.9788724230603347 	 34118.239567615354 	 2.788147980615523 	 1.2625170727117494 	 11372.552396802203 	 12.678222830365124 	 -5687.2203960354445
0.056193632756024375 	 31.688513599055593 	 5.792155863421943 	 2.9453108321227846 	 31972.036118136817 	 2.7483532030854536 	 1.2482095279340606 	 10673.05871204028 	 12.493556487493422 	 -5337.776925225713
0.058003515719712864 	 31.206828382527558 	 5.726149241044106 	 2.912235325019759 	 30100.97864002001 	 2.709009495840039 	 1.234054938008211 	 10017.365972569869 	 12.310992541190936 	 -5009.804064291008
0.059871691343647636 	 30.730321684620446 	 5.6611940076709955 	 2.8791916252336973 	 28187.18301521792 	 2.6701120642359655 	 1.2200550904140233 	 9402.79804980073 	 12.130505230764156 	 -4701.982609620686
0.06180003711621149 	 30.2590388183483 	 5.5971449286177855 	 2.8463814508112257 	 26462.698010188073 	 2.6316558606390026 	 1.206218054203684 	 8824.195245690325 	 11.952061248989091 	 -4413.074412505508
0.06379049099588091 	 29.79334609215441 	 5.533572441333686 	 2.814202510332549 	 24849.628487028083 	 2.5936357579946328 	 1.1925392788088252 	 8282.300028264042 	 11.775639511163389 	 -4141.917398938227
0.0658450533588453 	 29.333127718609376 	 5.470547822982254 	 2.782517268947407 	 23326.364178323325 	 2.5560468958756757 	 1.179009298846467 	 7773.53699774748 	 11.601225180531229 	 -3887.420895409057
0.06796578900935472 	 28.878033505217417 	 5.408353915805 	 2.751036484690374 	 21869.35261359574 	 2.518884601415943 	 1.1656272000703323 	 7295.823442491898 	 11.428795807007939 	 -3648.561241895057
0.07015482925481722 	 28.42811224807446 	 5.346866864646246 	 2.7198939413938246 	 20553.48582761375 	 2.482144154354207 	 1.1523944008623674 	 6847.453219251124 	 11.258326370907428 	 -3424.3776743974863
0.07241437404773077 	 27.98329468871712 	 5.286090510490517 	 2.6890737518073644 	 19271.08592880928 	 2.4458208493462354 	 1.1393091803279276 	 6426.895549001578 	 11.089795066403122 	 -3213.9684604655326
0.07474669419660217 	 27.54357212785048 	 5.225966573144439 	 2.658626995600622 	 18093.761901697384 	 2.4099100153639585 	 1.1263705098201875 	 6031.889560388243 	 10.923179566999169 	 -3016.487272162374
0.07715413364807562 	 27.108999840163182 	 5.166384554119597 	 2.628632717007269 	 16984.64249723776 	 2.3744070721273047 	 1.113573895874777 	 5661.274305358283 	 10.758461464761385 	 -2831.1397818845035
0.07963911184256382 	 26.679331963791252 	 5.107531618447325 	 2.598885302530421 	 15934.029083980484 	 2.3393075794153813 	 1.1009167029963387 	 5313.471697446101 	 10.595621194079577 	 -2657.1804673417487
0.08220412614574905 	 26.25452482483937 	 5.049379509578735 	 2.569425056768107 	 14962.019156308537 	 2.304607086095111 	 1.0884006523347267 	 4986.912467888684 	 10.434634778139865 	 -2493.9096128466767
0.08485175435839812 	 25.834665902102746 	 4.991783179725356 	 2.540375888783125 	 14038.343839802394 	 2.270301150269755 	 1.0760227240720424 	 4680.528784752202 	 10.275483027276334 	 -2340.6704948516553
0.08758465730701348 	 25.41962539203659 	 4.934816340736096 	 2.511643650002531 	 13175.270935962226 	 2.236385448586965 	 1.0637799986766665 	 4392.8986216473295 	 10.118147244258072 	 -2196.8467404129733
0.09040558151792354 	 25.009354828406714 	 4.878467765068814 	 2.4832297241457386 	 12368.377843614999 	 2.202855720209349 	 1.051671069887382 	 4122.98632290152 	 9.96260753115889 	 -2061.85984795703
0.09331736197750064 	 24.603763427689533 	 4.822767830763183 	 2.4550969040157895 	 11605.983556895178 	 2.1697077429858567 	 1.03969496211104 	 3869.612524423828 	 9.808843752818099 	 -1935.1668603763057
0.09632292498127933 	 24.202896455742103 	 4.767613889547946 	 2.427334956563747 	 10893.771155097109 	 2.1369373233845037 	 1.027849835158516 	 3631.8403362302406 	 9.656836781763626 	 -1816.2581810957013
0.09942529107483948 	 23.806646314921352 	 4.713060749249565 	 2.399868726982341 	 10223.163187335573 	 2.1045403607418622 	 1.016132782318572 	 3408.658228866104 	 9.506569021390689 	 -1704.655524324754
0.10262757808940934 	 23.414953271195195 	 4.6591090769571535 	 2.3726937107572232 	 9596.102994518036 	 2.07251280762113 	 1.004543255387688 	 3199.196782186316 	 9.358020782717679 	 -1599.89562609328
0.10593300427523855 	 23.027807107610407 	 4.605714986099686 	 2.34583960198044 	 9005.503981224821 	 2.040850651621094 	 0.9930792268682371 	 3002.594237860539 	 9.211174031236883 	 -1501.5878617974286
0.10934489153589162 	 22.645159120228964 	 4.552874108631611 	 2.319296417244889 	 8452.474578154253 	 2.0095499445682035 	 0.9817386465535797 	 2818.0807133636204 	 9.066011076287198 	 -1409.3242419964704
0.11286666876671074 	 22.266926738863916 	 4.500615244481101 	 2.293024736905413 	 7932.654266611144 	 1.9786067983578177 	 0.9705199973405508 	 2644.8934333057764 	 8.922513994448533 	 -1322.728770397757
0.1165018753008041 	 21.893113762228126 	 4.448881428366252 	 2.2670710849520703 	 7445.061276851486 	 1.9480173702296562 	 0.9594217876167092 	 2482.355252476263 	 8.780665063531714 	 -1241.4533218144074
0.12025416446602245 	 21.523648315733123 	 4.397694348520758 	 2.241398615967743 	 6987.598471938458 	 1.9177778813642161 	 0.9484418520695085 	 2329.796234004255 	 8.640447554751464 	 -1165.17107216481
0.12412730725649841 	 21.15849153074078 	 4.347040966386014 	 2.216010910677734 	 6557.790349179509 	 1.8878846010579091 	 0.9375788395803649 	 2186.6140104655897 	 8.501844165709215 	 -1093.5752788397403
0.128125196122439 	 20.797614045151455 	 4.296900750226958 	 2.1909160363487685 	 6154.887631634491 	 1.8583338469274167 	 0.9268309695106536 	 2052.228300527519 	 8.36483826512631 	 -1026.3780340739995
0.13225184888197944 	 20.440957515035 	 4.247283334534214 	 2.166091447621196 	 5776.48396180638 	 1.82912200279482 	 0.9161963974506411 	 1926.097144007697 	 8.229413616523315 	 -963.3091212927818
0.13651141275902995 	 20.088496123885648 	 4.198165358006679 	 2.1415503683221635 	 5421.284487718019 	 1.8002455004974591 	 0.9056736751897337 	 1807.717506982152 	 8.095553827297598 	 -904.1149214983659
0.14090816855117314 	 19.740183922947377 	 4.149545704752578 	 2.117280675291069 	 5088.101059100114 	 1.7717008241336436 	 0.8952609114346941 	 1696.610607377562 	 7.963243209233315 	 -848.5574026799368
0.14544653493180146 	 19.395978949312976 	 4.101419010752691 	 2.0932769078401536 	 4775.295623193487 	 1.7434845092975517 	 0.8849565597988724 	 1592.3292655368623 	 7.832465986688816 	 -796.4131549015186
0.15013107289081734 	 19.055854206806835 	 4.053766437435141 	 2.0695455677382775 	 4481.638099587597 	 1.7155931478591904 	 0.8747588578817553 	 1494.4556127025553 	 7.703206881414132 	 -747.4724886605215
0.1549664903183592 	 18.71976087274782 	 4.006591356337227 	 2.0460720350171275 	 4206.081755967305 	 1.6880233883586777 	 0.8646661987648384 	 1402.5957262254208 	 7.575450743028615 	 -701.538597332426
0.15995764673616045 	 18.387671377220798 	 3.9598769134249587 	 2.022861179402775 	 3947.4881609835124 	 1.6607719267905379 	 0.8546768704038759 	 1316.3796196713606 	 7.449182763548761 	 -658.4267610185141
0.16510955818129558 	 18.05954326743272 	 3.9136217453590003 	 1.9999027840096377 	 3704.7643427734824 	 1.633835511215709 	 0.8447892184811364 	 1235.460610412905 	 7.324388337597347 	 -617.9636144172831
0.17042740224722183 	 17.735348966216172 	 3.867810499005561 	 1.977200473970836 	 3476.93720675617 	 1.607210944528404 	 0.8350015675679984 	 1159.5134957307268 	 7.201053155074028 	 -579.9864414433836
0.17591652328718282 	 17.415048766341666 	 3.8224407179155167 	 1.9547451764524943 	 3263.111431944543 	 1.5808950864086133 	 0.8253122706239046 	 1088.232901884705 	 7.079163161419171 	 -544.3425205068838
0.18158243778520305 	 17.098613676300676 	 3.777500087793151 	 1.932537389730474 	 3062.4329527449668 	 1.554884845535492 	 0.815719639646128 	 1021.3320872879897 	 6.958704588031363 	 -510.8885114579096
0.18743083990007142 	 16.7860087208036 	 3.732982918531216 	 1.9105712684281766 	 2874.0914682755033 	 1.5291771812973514 	 0.8062220267084023 	 958.5419126140828 	 6.839663879778327 	 -479.48987662591634
0.1934676071878848 	 16.477204093334343 	 3.688879331587738 	 1.888844771756156 	 2697.324743129362 	 1.5037691074713215 	 0.7968177290490749 	 899.6098297977218 	 6.722027808307514 	 -450.02034889511265
0.19969880650890384 	 16.172170055184825 	 3.645180120904489 	 1.8673554707795763 	 2531.4191995956085 	 1.4786576953112116 	 0.7875050845262355 	 844.2988690260905 	 6.605783392029818 	 -422.3614174262539
0.20613070012465598 	 15.870876170050769 	 3.601877684952228 	 1.8460990097928263 	 2375.707544897423 	 1.4538400673262408 	 0.7782823849635392 	 792.3865813591268 	 6.490917951667771 	 -396.4018510919389
0.212769751991414 	 15.573295824924148 	 3.5589613746441877 	 1.8250740566376373 	 2229.564129986016 	 1.4293133970554854 	 0.7691479187545269 	 743.6641476547728 	 6.377419066522854 	 -372.0372518513492
0.21962263425637496 	 15.279401196662151 	 3.5164226193362476 	 1.804277093379603 	 2092.4018567907747 	 1.405074912858446 	 0.7600999589593602 	 697.935577845365 	 6.265274605332838 	 -349.16963232524444
0.2266962339630675 	 14.989166371616706 	 3.474251949822131 	 1.7837052456489697 	 1963.6695944969244 	 1.381121903204624 	 0.75113674221011 	 655.0169681137795 	 6.154472773813042 	 -327.70702690014764
0.23399765997272723 	 14.702567465467794 	 3.432438760870211 	 1.7633566016900688 	 1842.8494553997948 	 1.3574517111623456 	 0.7422564803656994 	 614.7356950638716 	 6.045002075446048 	 -307.56312086940125
0.24153425010859472 	 14.419581156317783 	 3.3909728217847572 	 1.7432286023476498 	 1729.4550792220525 	 1.3340617344677597 	 0.7334573463045878 	 576.9297168471301 	 5.936851326034254 	 -288.6569022697128
0.24931357853031805 	 14.140185684218773 	 3.3498433556718026 	 1.7233188800816923 	 1623.029962318898 	 1.3109494284428123 	 0.7247374622504635 	 541.4469412087477 	 5.83000967996355 	 -270.91233454562655
0.2573434633458689 	 13.864361314196131 	 3.3090386918771073 	 1.703625597518829 	 1523.145910673001 	 1.2881123134352352 	 0.7160948984850888 	 508.14466111375407 	 5.724466668691131 	 -254.25805188883425
0.2656319744686233 	 13.592089886448802 	 3.268546694248502 	 1.68414695393349 	 1429.401162170867 	 1.2655479715183489 	 0.7075276640259547 	 476.88892933773764 	 5.620212193565787 	 -238.62707219234252
0.2741874417275034 	 13.32335485440336 	 3.2283547524914913 	 1.664881120990017 	 1341.4186061159023 	 1.243254046368643 	 0.6990336962116155 	 447.55400583736304 	 5.517236535631666 	 -223.95652960748535
0.2830184632383301 	 13.058141504306564 	 3.188449631177657 	 1.6458263450069284 	 1258.8442334084052 	 1.2212282464470743 	 0.6906108537406159 	 420.02186386088 	 5.415530378494771 	 -210.18742093923416
0.29213391404479966 	 12.796437062987826 	 3.1488174956414143 	 1.6269808977930775 	 1181.3457658509017 	 1.1994683532448245 	 0.682256913347757 	 394.18175436629866 	 5.3150848528764305 	 -197.2643670526486
0.30154295503776946 	 12.53823062949279 	 3.1094439929541 	 1.608342960213356 	 1108.611307742022 	 1.1779722211107633 	 0.6739695647381927 	 369.92973662815257 	 5.215891540815664 	 -185.1353902872133
0.3112550421618153 	 12.283513068332788 	 3.0703143561110484 	 1.589910499440656 	 1040.348095462004 	 1.1567377765501115 	 0.6657464079359328 	 347.1682392925827 	 5.117942474814624 	 -173.75170572707157
0.3212799359183135 	 12.032276893224036 	 3.031413558941054 	 1.5716811346140438 	 976.2813485813588 	 1.135763021388761 	 0.6575849562221523 	 325.80567427430276 	 5.021230150721706 	 -163.067526031244
0.33162771117459733 	 11.784516136952096 	 2.9927265274702 	 1.55365199279816 	 916.1532644612715 	 1.1150460401119977 	 0.6494826457525907 	 305.7560956708663 	 4.925747554807417 	 -153.03987748515715
0.34230876728904774 	 11.540226043472089 	 2.9542384337997283 	 1.535819517604767 	 859.7219281748573 	 1.094585001858247 	 0.6414368502006307 	 286.9388483715402 	 4.831488159090625 	 -143.6284260073455
0.35333383856229167 	 11.299402573618591 	 2.915935083121354 	 1.5181792294626075 	 806.760225525225 	 1.0743781574755353 	 0.6334449017976899 	 269.2782194942721 	 4.738445885580005 	 -134.79531501743864
0.36471400502501244 	 11.062041860939576 	 2.8778033762686173 	 1.5007254834664758 	 757.0549460063309 	 1.0544238403777275 	 0.625504122819287 	 252.70313756915976 	 4.646615079069408 	 -126.50501328599339
0.37646070357321415 	 10.82813957204889 	 2.839831867056404 	 1.4834512121000094 	 710.4059776134044 	 1.0347204696305292 	 0.6176118684508977 	 237.14690383489722 	 4.55599047970177 	 -118.7241722955542
0.38858573946213 	 10.597690141657177 	 2.802011373662813 	 1.4663476845625416 	 666.6255360866047 	 1.0152665503039513 	 0.6097655797464735 	 222.54693084898193 	 4.466567171773333 	 -111.42149287940772
0.4011012981703256 	 10.370685859760277 	 2.7643355778335925 	 1.44940432977457 	 625.5373612367434 	 0.9960606646283908 	 0.6019628439440183 	 208.84446755956182 	 4.378340479197967 	 -104.56759878898627
0.41401995764592237 	 10.14711593763397 	 2.726801651411476 	 1.4326086124897837 	 586.976005788518 	 0.9771014658573511 	 0.5942014662716 	 195.98436398530518 	 4.291305863015159 	 -98.13491813321575
0.4273547009472452 	 9.926965599410488 	 2.6894108336069182 	 1.4159460173527614 	 550.7861944968208 	 0.9583876722285758 	 0.5864795501370851 	 183.91485896135885 	 4.205458811005805 	 -92.09757258978719
0.4411189292906013 	 9.710215261870289 	 2.652168893884795 	 1.3994001797954554 	 516.8222329113594 	 0.9399180601078645 	 0.5787955819543134 	 172.58738440937492 	 4.120794718585022 	 -86.43127359222947
0.45532647551830063 	 9.496839726743136 	 2.615086422398875 	 1.3829531575971854 	 484.9473571078028 	 0.9216914455617309 	 0.5711485114279997 	 161.95635115243795 	 4.037308716380672 	 -81.1132248093276
0.4699916180004541 	 9.286807701482747 	 2.578178834611727 	 1.3665859429273113 	 455.0331815490612 	 0.9037066674788382 	 0.5635378253627141 	 151.97896401561596 	 3.9549955120315 	 -76.12203071034214
0.48512909498452084 	 9.080081724975653 	 2.541466017015922 	 1.350279227149404 	 426.9592006405173 	 0.8859625707279658 	 0.5559636063093271 	 142.6150548496887 	 3.8738492473305266 	 -71.43761004000373
0.5007541194070249 	 8.876618619126925 	 2.504971548815333 	 1.3340144208681142 	 400.61234356531764 	 0.8684579912823437 	 0.5484265670976375 	 133.82693373621538 	 3.793863389314093 	 -67.04111504872937
0.5168823941823276 	 8.67637044027143 	 2.468721405398925 	 1.3177749205780311 	 375.8864837510273 	 0.8511917323583148 	 0.5409280465681248 	 125.5792248891375 	 3.7150306152234545 	 -62.91485567982154
0.5335301279838202 	 8.47928606087923 	 2.432742202181052 	 1.3015475334416993 	 352.6819989584206 	 0.8341625433170481 	 0.5334699622318144 	 117.83872030895466 	 3.6373427543534347 	 -59.04222861442995
0.550714051533396 	 8.28531337672769 	 2.397059033417513 	 1.2853239582406741 	 330.9053783987621 	 0.8173691032951461 	 0.5260547130940169 	 110.5742491063935 	 3.5607908033817286 	 -55.407650867291125
0.5684514344155751 	 8.094402073688943 	 2.3616930269170076 	 1.2691021786061465 	 310.4688770873512 	 0.800810012579149 	 0.5186850293604429 	 103.75656237584927 	 3.485365033535308 	 -51.99649679211591
0.5867601024331762 	 7.9065065657768505 	 2.3266588738194356 	 1.252887513341213 	 291.290144851938 	 0.7844837832252904 	 0.5113637695943766 	 97.35820956885627 	 3.4110551465320897 	 -48.795039084180246
0.6056584555219802 	 7.721588848266297 	 2.291962652641276 	 1.236693099601751 	 273.2918776575915 	 0.7683888358388727 	 0.5040936788918526 	 91.35342218539483 	 3.337850500302521 	 -45.790393623666525
0.6251654862423888 	 7.539620898553179 	 2.257600327906312 	 1.2205395722147776 	 256.40151188289764 	 0.7525235074817075 	 0.4968771285887244 	 85.71801181333396 	 3.265740408819823 	 -42.97046784693577
0.6453007988666618 	 7.360586112162239 	 2.223557357867529 	 1.204453704132826 	 240.5509536859685 	 0.7368860712019903 	 0.4897158660000458 	 80.42927992750637 	 3.1947144900099187 	 -40.3239120739018
0.6660846290809158 	 7.184479195169512 	 2.1898097663322225 	 1.1884659019984338 	 225.67630216085246 	 0.7214747593857516 	 0.48261080976151866 	 75.46592563490906 	 3.124762987167243 	 -37.84007408736936
0.687537864321684 	 7.0113041650335255 	 2.1563268681363286 	 1.1726066478058619 	 211.71757242989804 	 0.7062877883810972 	 0.47556193084887544 	 70.80795338770034 	 3.0558770110566083 	 -35.508956008702306
0.7096820647674754 	 6.841070447269259 	 2.123075615503656 	 1.1569021781506215 	 198.61845700799824 	 0.691323388765458 	 0.46856825623632453 	 66.43659344467967 	 2.9880486875909718 	 -33.321174039335055
0.7325394850064301 	 6.673787320614628 	 2.0900261590779046 	 1.141369979290747 	 186.32611236624135 	 0.6765798359328881 	 0.4616280197669458 	 62.33423072405919 	 2.921271159897504 	 -31.26792083879395
0.7561330964018449 	 6.509457389320108 	 2.057157812832373 	 1.1260149332704006 	 174.79095283763115 	 0.6620554728892891 	 0.45473896372896316 	 58.484336108041695 	 2.855538400717488 	 -29.340930100827045
0.780486610178048 	 6.348070242530606 	 2.024464204203659 	 1.1108271155195848 	 163.96643248323306 	 0.6477487151077072 	 0.4478987599604613 	 54.871393746011584 	 2.790844815578082 	 -27.532443565055562
0.8056245012498225 	 6.1895979684439055 	 1.9919562320279396 	 1.0957822023864185 	 153.80885842110266 	 0.6336580448242468 	 0.4411054906306204 	 51.48083883406766 	 2.7271847334906094 	 -25.835179514922427
0.8315720328193273 	 6.033994024746317 	 1.9596615685969672 	 1.0808451122813305 	 144.27722232937538 	 0.6197819923432158 	 0.4343580972683301 	 48.29900144493691 	 2.6645518644477577 	 -24.24230355172788
0.8583552817652351 	 5.8811966209077875 	 1.927619917164956 	 1.0659768955022852 	 135.33304597289546 	 0.6061191067096241 	 0.42765668752388897 	 45.31305502453008 	 2.6029388460242426 	 -22.747401099635336
0.8860011648496029 	 5.731136699714442 	 1.8958742260190653 	 1.0511439058522625 	 126.94021165117803 	 0.5926679131023652 	 0.421002590267333 	 42.51095985117965 	 2.5423369752445 	 -21.344451619040584
0.9145374657688126 	 5.583749290218966 	 1.864459535852263 	 1.0363272104040964 	 119.0648154228422 	 0.5794268763930239 	 0.41439810660805115 	 39.8814140981846 	 2.482736275357075 	 -20.02780449528016
0.9439928630757678 	 5.4389854954489785 	 1.8333922787024368 	 1.0215295150089347 	 111.67503464825124 	 0.5663943790494657 	 0.40784597053019417 	 37.41380967645075 	 2.4241259247171363 	 -18.79215638553796
0.9743969590014081 	 5.296821296054452 	 1.8026636605034867 	 1.006776723221039 	 104.74101023765243 	 0.5535687223531331 	 0.4013486262463601 	 35.09819298744374 	 2.3664949855193087 	 -17.632529624898478
1.005780309204505 	 5.157259025114468 	 1.7722405701379425 	 0.9921120896909569 	 98.23471702125528 	 0.5409481442500333 	 0.39490752283270086 	 32.92522172110304 	 2.3098331984174685 	 -16.54425235636835
1.0381744534796398 	 5.0203194394671895 	 1.7420753960605844 	 0.9775833231951642 	 92.12984742670558 	 0.5285308572043943 	 0.38852267417939285 	 30.886126092603817 	 2.254131611842588 	 -15.522939729984937
1.0716119474542216 	 4.8860253634618145 	 1.7121230030613015 	 0.9632258018670011 	 86.40170781026592 	 0.5163150950518721 	 0.3821926864183285 	 28.972674299998527 	 2.199382788841033 	 -14.564476229320226
1.1061263953064033 	 4.75438178307808 	 1.682359545713358 	 0.9490477305364986 	 81.02712713160666 	 0.5042991536218048 	 0.37591532517854953 	 27.177142094705 	 2.1455804429304743 	 -13.664999305545692
1.1417524835367754 	 4.6253606027341405 	 1.6527949834505082 	 0.9350243620264593 	 75.9843594288386 	 0.4924814013306975 	 0.3696884779252797 	 25.492280277610263 	 2.0927185287282133 	 -12.820883671178677
1.1785260158277753 	 4.498898551379553 	 1.6234718582353433 	 0.9211061654360465 	 71.25299139460658 	 0.4808602565554129 	 0.3635111462387723 	 23.911283884952045 	 2.040790136538296 	 -12.028726745537165
1.216483949025851 	 4.37491221377201 	 1.594447877889292 	 0.9072402079014924 	 66.81386158254637 	 0.4694341418952516 	 0.35738401225582694 	 22.427765242172132 	 1.9897866972204337 	 -11.285334962823105
1.255664430282535 	 4.253326111472294 	 1.5657677251071451 	 0.893396871912742 	 62.64898885573401 	 0.45820143473443475 	 0.35130922814569904 	 21.0357300968259 	 1.9396979455264776 	 -10.587710926710878
1.2961068353917573 	 4.134100617492251 	 1.5374376862830421 	 0.8795881676588045 	 58.74149972217143 	 0.4471604351262143 	 0.3452894077059776 	 19.729553385529588 	 1.8905127679250953 	 -9.93304145446201
1.337851808361925 	 4.017242453479804 	 1.5094192671902429 	 0.8658646546892802 	 55.075555044083536 	 0.43630936962217926 	 0.33932627455421555 	 18.503954804524756 	 1.8422205735566775 	 -9.318686220222837
1.3809413022625399 	 3.902787438081331 	 1.4816499215472005 	 0.8522881765036638 	 51.63628692513575 	 0.42564643630049726 	 0.33341972829298155 	 17.353977787365054 	 1.7948124532095102 	 -8.74216707413181
1.4254186213864017 	 3.7907610246704713 	 1.454083009861716 	 0.8388928750204109 	 48.409742146438106 	 0.41516986567973035 	 0.32756798355459016 	 16.274970670924468 	 1.7482813448440595 	 -8.201158105927794
1.4713284647697702 	 3.6811402919823353 	 1.4267225025427157 	 0.8256595058955664 	 45.38282796510987 	 0.40487795797133425 	 0.32176885834832625 	 15.262568641000934 	 1.7026209315083494 	 -7.69347631156287
1.518716971114224 	 3.5738473020620787 	 1.3996243568697055 	 0.8125257203191147 	 42.54325446860088 	 0.3947690651817987 	 0.3160214395984015 	 14.312674510975889 	 1.657823886310592 	 -7.217072780473995
1.5676317651553615 	 3.468785616074291 	 1.3728566790741321 	 0.7994316523320187 	 39.87948526632328 	 0.3848415339072127 	 0.31032690448659234 	 13.421442266392978 	 1.613880765049472 	 -6.77002441157944
1.6181220055249426 	 3.365897688965447 	 1.3464438858524677 	 0.7863701394978786 	 37.38069295684753 	 0.3750936485692992 	 0.30468771790719196 	 12.585262201621434 	 1.5707805249393036 	 -6.350526739326839
1.670238434154574 	 3.265195193679077 	 1.320342175834819 	 0.7733974410631212 	 35.03671847145351 	 0.36552362321229576 	 0.29910565955684837 	 11.800747364923842 	 1.52851245650463 	 -5.9568854537174865
1.7240334272705877 	 3.166726784398716 	 1.2944769115606383 	 0.760585464612866 	 32.83802627772499 	 0.3561296476212948 	 0.2935803394533585 	 11.064718641942331 	 1.4870678986531167 	 -5.587510748152755
1.7795610480313584 	 3.0705044019480967 	 1.2688157821124924 	 0.7479521501204929 	 30.7756654503524 	 0.34690995319164847 	 0.28810970460471247 	 10.374191801332715 	 1.446440061353528 	 -5.240910414992537
1.8368771008599651 	 2.9764592030868817 	 1.243406504328839 	 0.7354393464155771 	 28.84123461084549 	 0.33786283337279255 	 0.2826922643920601 	 9.726365814800115 	 1.4066219024719053 	 -4.915683946014175
1.8960391875267961 	 2.884483469870143 	 1.218328932290719 	 0.7229729955429708 	 27.02685089970799 	 0.32898659617740117 	 0.27732884683338405 	 9.118612498615384 	 1.3676041340536205 	 -4.61051687617396
1.957106765038461 	 2.7945244910533886 	 1.193602562478436 	 0.7105499263774863 	 25.325115931379404 	 0.3202794937265764 	 0.27202178412227523 	 8.548465141669123 	 1.3293756845106075 	 -4.324175520308262
2.0201412053911874 	 2.7066195863069957 	 1.1691594165030494 	 0.6982462520365667 	 23.729085003263815 	 0.31173971452656335 	 0.2667722383628022 	 8.01360823924534 	 1.2919263342700138 	 -4.055501957215915
2.085205857248754 	 2.62081522625587 	 1.1449298655004823 	 0.686122319715972 	 22.232239642590105 	 0.30336544950422695 	 0.26157888360235104 	 7.511868364029945 	 1.2552483639187826 	 -3.8034094232526336
2.1523661096069433 	 2.537063743993827 	 1.1209408695232552 	 0.6741382856485991 	 20.828463412010528 	 0.29515495009652526 	 0.2564398793102649 	 7.041206120703582 	 1.2193348711723602 	 -3.566877930584839
2.2216894575084987 	 2.455249349129144 	 1.0972811032025729 	 0.6622085039609124 	 19.512016309894896 	 0.2871064951220234 	 0.2513556581662126 	 6.599707601671259 	 1.184176817443905 	 -3.3449501843107616
2.293245569874626 	 2.375323388207256 	 1.0739661826520341 	 0.6503324780716334 	 18.27751036375956 	 0.27921831407796216 	 0.24632838010338143 	 6.185576225948967 	 1.1497631902864285 	 -3.136727706222919
2.367106359521212 	 2.297342034099376 	 1.0509107990199795 	 0.6385996836742583 	 17.119888276354008 	 0.2714885836182686 	 0.24135864038489135 	 5.797125620002256 	 1.1160842777064506 	 -2.9413672204361903
2.4433460554301205 	 2.2213256454702286 	 1.0280728966354755 	 0.6270398340428049 	 16.034404399491077 	 0.2639155046359499 	 0.2364446758111831 	 5.432773301387261 	 1.083132847368567 	 -2.7580772593971847
2.5220412773482015 	 2.1471710485369724 	 1.005531824007472 	 0.6155680275441892 	 15.016605601732245 	 0.2564973301187248 	 0.23158569307880897 	 5.091034310614902 	 1.0509009575148145 	 -2.5861149942397264
2.6032711127889856 	 2.0747938651466935 	 0.9833402349272388 	 0.6041438042282181 	 14.062311938486584 	 0.2492322935046084 	 0.22678343416506558 	 4.770514743974848 	 1.019378033357977 	 -2.424783250678585
2.6871171965144423 	 2.0042428318400907 	 0.9614191906662155 	 0.5928528192442609 	 13.167600019803922 	 0.24211857321214833 	 0.22203885855863953 	 4.469906197639502 	 0.9885540075021017 	 -2.2734277062400263
2.77366379257669 	 1.935542118464211 	 0.9397221542115604 	 0.5817305355783358 	 12.328787985337561 	 0.2351543616961914 	 0.21735038425569989 	 4.187980782323305 	 0.9584214242252568 	 -2.131434225752642
2.862997879002096 	 1.8685782477124389 	 0.9183376288599194 	 0.570685068955711 	 11.542421232672915 	 0.22833789742336577 	 0.21271752825937604 	 3.9235863767024557 	 0.928971958857452 	 -1.9982264580668672
2.955209235202887 	 1.8032989346062507 	 0.8972858531341654 	 0.5597083325993467 	 10.805257251505129 	 0.22166739115603273 	 0.20814202653335886 	 3.6756415475812827 	 0.9001949292468048 	 -1.8732634032481015
3.050390532204107 	 1.7397721475435413 	 0.876471735510131 	 0.5488948021776434 	 10.114252580137855 	 0.21514101708989553 	 0.2036237910982534 	 3.4431311991118787 	 0.8720812943512233 	 -1.7560373562070288
3.148637425776601 	 1.6779467772722367 	 0.85592386423618 	 0.5382057812916783 	 9.46655093189522 	 0.2087569850204048 	 0.19916137793255134 	 3.2251026389945614 	 0.8446235471694716 	 -1.6460718129590286
3.2500486525696255 	 1.6177188694981464 	 0.8357163741720547 	 0.5275744490908786 	 8.859472505033278 	 0.20251351595695427 	 0.19475583189470483 	 3.020662006996222 	 0.8178117478900666 	 -1.5429195541054903
3.3547261293396944 	 1.559140891912299 	 0.8157675784767939 	 0.51708697460658 	 8.290502234517685 	 0.196408790018798 	 0.190407793297625 	 2.8289703414918423 	 0.7916361567963641 	 -1.446160841476772
3.4627750553753884 	 1.5021914458487255 	 0.7960759588980245 	 0.5067353023317346 	 7.75727944664246 	 0.19044100587539556 	 0.18611589446139418 	 2.649240150811688 	 0.7660891349155833 	 -1.3554017418946227
3.5743040182210506 	 1.446763993551862 	 0.7767190542094232 	 0.49644706311707215 	 7.257588594558392 	 0.1846083779648426 	 0.18188087390378505 	 2.4807323241555137 	 0.7411610159204279 	 -1.2702725075748653
3.68942510280564 	 1.3929109433541118 	 0.7576158287037729 	 0.4863064829390036 	 6.789351104071299 	 0.17890908894603355 	 0.17770318737753946 	 2.3227533976699006 	 0.7168422573526277 	 -1.1904261703155403
3.808254004086395 	 1.340585463296722 	 0.7387895325114823 	 0.47628246620611614 	 6.350616343919669 	 0.17334134254104985 	 0.17358171410251427 	 2.174652562165456 	 0.6931249986027346 	 -1.1155370490001157
3.930910143320526 	 1.2897162744803048 	 0.7202816472843653 	 0.4663402665415329 	 5.939553483041765 	 0.16790334470314658 	 0.1695174162608427 	 2.0358189426000988 	 0.6699993072548898 	 -1.0452995068219069
4.057516788081776 	 1.240354573080213 	 0.702014885732247 	 0.4565545401849257 	 5.5544442756828465 	 0.16259328085179758 	 0.1655099179881678 	 1.9056791855259185 	 0.6474564862708199 	 -0.9794266982535753
4.188201176142487 	 1.1924007223835948 	 0.6840629881948003 	 0.44684938381606276 	 5.19367663121881 	 0.1574093627626796 	 0.16155891028726624 	 1.7836953313310349 	 0.6254879035261312 	 -0.9176493845619976
4.323094643345634 	 1.145873447486492 	 0.6663782242135462 	 0.43727703226102776 	 4.855737921907624 	 0.15234978544118094 	 0.1576650366392249 	 1.669362569110013 	 0.6040838905666793 	 -0.8597149044421631
4.462332755595379 	 1.1007345314549013 	 0.6489744509531495 	 0.4278176135342799 	 4.539208474065584 	 0.14741275305065393 	 0.15382743778391858 	 1.5622070756937667 	 0.5832363274693502 	 -0.8053861284152427
4.606055445098763 	 1.0569420133042078 	 0.6318645533461761 	 0.4184632569429421 	 4.242755929271077 	 0.14259647045161952 	 0.15004683004130276 	 1.4617841332308221 	 0.5629355222167945 	 -0.7544405092014888
4.754407150995463 	 1.014503012337939 	 0.6150165975647829 	 0.40924085940830285 	 3.9651302322492947 	 0.13789913943084112 	 0.14632249385329807 	 1.3676764572230993 	 0.5431732033009076 	 -0.7066691852657617
4.907536964516961 	 0.9733499518381161 	 0.5984699904861474 	 0.4001142137232885 	 3.7051585971358287 	 0.13331897341807772 	 0.14265488631563372 	 1.2794925235208539 	 0.5239399807747541 	 -0.661876136542518
5.065598778820977 	 0.9335013593568616 	 0.5821808301361912 	 0.3911236341170984 	 3.4617403947686567 	 0.12885417827820234 	 0.13904349489332724 	 1.1968648576886844 	 0.5052273964976842 	 -0.6198773822271797
5.228751443651789 	 0.8948879684164965 	 0.5661907506768633 	 0.38222954890557337 	 3.233842726277577 	 0.1245029707847699 	 0.1354886142260626 	 1.1194485656932365 	 0.48702623969778663 	 -0.5805002934709674
5.3971589249818255 	 0.8575225357663755 	 0.5504616408038463 	 0.3734666549558406 	 3.020496478103511 	 0.12026356307876786 	 0.13198975653709832 	 1.0469200137297299 	 0.46932805885674067 	 -0.5435828408100796
5.570990469795 	 0.8213509684726007 	 0.5350200670894928 	 0.3648104157497163 	 2.8207925623825494 	 0.11613417807097422 	 0.1285472118341729 	 0.9789755801501381 	 0.45212367852069774 	 -0.5089729538099732
5.750420776177391 	 0.7863626393482628 	 0.5198515639541681 	 0.3562716274660868 	 2.633877903566358 	 0.11211303807026463 	 0.12516045591717936 	 0.9153303138762273 	 0.43540473443414357 	 -0.4765279341278475
5.935630168886178 	 0.7525346002677418 	 0.5049517601491673 	 0.3478563389507007 	 2.4589519794323604 	 0.10819836971636174 	 0.12182972844283846 	 0.8557167830472285 	 0.41916212013896975 	 -0.44611385111302754
6.126804780573317 	 0.7198214450515384 	 0.4903408118123453 	 0.3395414452605534 	 2.2952636966146867 	 0.10438840542157991 	 0.11855460815327135 	 0.7998840340111476 	 0.40338741895462793 	 -0.4176050201612336
6.324136738846048 	 0.6882303819169576 	 0.47598517499766574 	 0.33136015647651174 	 2.1421085704455334 	 0.1006813799316657 	 0.11533504735345398 	 0.747596650125969 	 0.38807185230487434 	 -0.390883497658928
6.52782435935225 	 0.6577082716646379 	 0.46191187570944126 	 0.3232849024762285 	 1.9988256079365423 	 0.0970755368207197 	 0.11217096831223859 	 0.6986337149198001 	 0.37320671579135967 	 -0.36583858935834584
6.7380723450846896 	 0.6282401593321654 	 0.4481106402009583 	 0.31532342310776473 	 1.864794591124221 	 0.09356912177769561 	 0.10906200904410335 	 0.6527879043012871 	 0.3587835998443745 	 -0.34236642238643333
6.955091992104431 	 0.5998137265927365 	 0.4345676915521334 	 0.30748916874342846 	 1.7394336235805243 	 0.09016038578953127 	 0.10600812289936604 	 0.6098646697903669 	 0.34479380604829 	 -0.3203695116581282
7.1791014018902155 	 0.5723863702492744 	 0.4213000740565238 	 0.2997638270088122 	 1.6221969590500267 	 0.08684758869844386 	 0.10300912872361953 	 0.5696815159162203 	 0.33122881476859944 	 -0.29975638056224435
7.410325700527155 	 0.5459375401088097 	 0.4083032471894673 	 0.29214976343154936 	 1.5125726436516878 	 0.08362899564715232 	 0.10006471580300243 	 0.5320672130994137 	 0.318080262432759 	 -0.280441180119975
7.648997264955053 	 0.5204536910738078 	 0.3955653820210143 	 0.28465749785937605 	 1.4100803543704425 	 0.08050287763147551 	 0.09717469712577011 	 0.4968610773335205 	 0.30533969103160735 	 -0.2623433560196811
7.895355956503749 	 0.4959075073630204 	 0.3830885143529844 	 0.27728372174940885 	 1.3142694837691684 	 0.07746751295542116 	 0.09433889087177054 	 0.46391233224099554 	 0.29299867390533496 	 -0.24538731058657054
8.149649361950129 	 0.47227019864281516 	 0.37087652076767846 	 0.2700227233177513 	 1.2247174492013917 	 0.07452118826790237 	 0.09155703486934717 	 0.4330795458228064 	 0.28104890647016456 	 -0.22950210545567198
8.412133042339118 	 0.44952000306807643 	 0.3589264223915173 	 0.2628755244885588 	 1.1410279232778662 	 0.07166219827483229 	 0.08882884955429667 	 0.40423004051778016 	 0.26948214181986463 	 -0.2146211714717068
8.683070789818675 	 0.4276364744595853 	 0.3472339950534904 	 0.2558444957903352 	 1.0628291178692977 	 0.06888884532498106 	 0.08615407012054654 	 0.37723932106549524 	 0.25829015650435866 	 -0.20068204574105158
8.962734892746942 	 0.4065972696929735 	 0.33579705217846856 	 0.24892992951359968 	 0.9897722909795351 	 0.06619943998263147 	 0.0835324259560098 	 0.35199057698827646 	 0.24746477395714733 	 -0.18762611459939837
9.251406409337944 	 0.38637911938054204 	 0.3246145298754671 	 0.2421308703508169 	 0.921530415999612 	 0.06359230233781829 	 0.0809636286037549 	 0.3283742394462964 	 0.23699788308533634 	 -0.1753983788037398
9.549375450120849 	 0.3669591260106845 	 0.3136851956720633 	 0.23544641354191936 	 0.8577968619668469 	 0.061065762661154155 	 0.07844737274485473 	 0.3062875415424565 	 0.2268814405609159 	 -0.16394723052731858
9.8569414694967 	 0.34831518216945706 	 0.30300720612911225 	 0.2288761732064459 	 0.7982840374044031 	 0.058618160534253935 	 0.07598333990507977 	 0.2856340659787245 	 0.21710746276618975 	 -0.15322424515982838
10.174413566685583 	 0.3304257243583231 	 0.2925783561848507 	 0.2224200388286352 	 0.7427222244249034 	 0.056247845227073115 	 0.07357119928764091 	 0.2663233565496638 	 0.20766802684772456 	 -0.1431839852465993
10.502110796366663 	 0.31326951905728717 	 0.2823963042115002 	 0.21607796074712857 	 0.6908585280157398 	 0.053953176740546685 	 0.07121060927980417 	 0.2482705682515172 	 0.19855527442292914 	 -0.13378382317651136
10.84036248932338 	 0.2968254749564045 	 0.2724587782172819 	 0.20984974271504167 	 0.6424558890762067 	 0.0517325270001217 	 0.06890121727604627 	 0.2313961386922056 	 0.18976141772456215 	 -0.12498375581680785
11.189508583415885 	 0.28107264638961943 	 0.2627635686357355 	 0.203735028366855 	 0.5972920229553514 	 0.049584279011288195 	 0.06664265671465583 	 0.21562543398955564 	 0.18127873834178504 	 -0.11674625505091872
11.549899965213484 	 0.2659903768031592 	 0.253308385085266 	 0.1977334524578609 	 0.5551585053367012 	 0.047506827103317724 	 0.06443454822044675 	 0.20088844414755433 	 0.17309958729614172 	 -0.10903610976339088
11.921898822630393 	 0.25155824553808526 	 0.2440909215444764 	 0.1918445746317858 	 0.5158599442868402 	 0.04549857769625448 	 0.062276499453751785 	 0.18711950732828436 	 0.16521638902752056 	 -0.10182028381707775
12.305879008919092 	 0.23775612807930704 	 0.2351088180380328 	 0.1860679164754062 	 0.47921323318604164 	 0.04355795072725427 	 0.06016810493049131 	 0.17425706130446655 	 0.15762164870577997 	 -0.095067785321162
12.702226418387234 	 0.22456431433867582 	 0.22635953046533255 	 0.18040309730327397 	 0.44504673226964103 	 0.04168337901841792 	 0.0581089468240867 	 0.16224337042886333 	 0.15030794826800278 	 -0.08874953770349443
13.111339374215643 	 0.21196336402711016 	 0.2178404767335043 	 0.17484968742117238 	 0.4131995474236718 	 0.039873308359888886 	 0.056098594879239544 	 0.15102428526042944 	 0.1432679469202048 	 -0.08283826388737837
13.533629028767072 	 0.19993408698193338 	 0.20954906724801756 	 0.16940717343837663 	 0.3835208811242151 	 0.03812619811113181 	 0.05413660581234205 	 0.14054902641118044 	 0.136494384743317 	 -0.07730837463903521
13.969519776788154 	 0.18845768114845585 	 0.2014825857687839 	 0.1640750821008742 	 0.3558694568504052 	 0.03644052259075862 	 0.05222252398137975 	 0.13076999314690532 	 0.12998008897241323 	 -0.07213586493342458
14.419449681919767 	 0.17751561529481238 	 0.1936383031630001 	 0.1588528674133718 	 0.33011289845209585 	 0.03481477086603623 	 0.05035588151091029 	 0.1216425564397293 	 0.12371797281927079 	 -0.06729821678924013
14.883870916944336 	 0.16708960416620172 	 0.18601350133017672 	 0.1537398839600655 	 0.3061271581047618 	 0.03324744661281311 	 0.04853619789860606 	 0.11312486823986442 	 0.11770103516545952 	 -0.06277430885757429
15.363250218212745 	 0.15716176060931455 	 0.1786053284953004 	 0.14873553103465242 	 0.2837960094702105 	 0.03173706859354443 	 0.04676297993285042 	 0.10517769268853251 	 0.11192236303487163 	 -0.05854432848932267
15.858069354707283 	 0.14771457000504865 	 0.17141083864978698 	 0.14383922304371388 	 0.26301059808801236 	 0.03028217186347003 	 0.04503572309907157 	 0.09776425665072053 	 0.10637513621827853 	 -0.054589692605547295
16.368825612212245 	 0.13873080328028167 	 0.16442708383891433 	 0.13905029249251816 	 0.24366897587135364 	 0.028881307988844484 	 0.04335391090449039 	 0.09085009461982327 	 0.10105262903973201 	 -0.05089297158876513
16.896032293078683 	 0.1301935726717679 	 0.15765105530591939 	 0.1343680447264163 	 0.22567564736689388 	 0.027533044723245897 	 0.04171701429033369 	 0.08440289736281606 	 0.09594820932589576 	 -0.04743781821770039
17.4402192320855 	 0.12208636032976525 	 0.15107965645930566 	 0.12979179561383275 	 0.20894117440404367 	 0.026235966416599168 	 0.04012449315330551 	 0.07839238027298967 	 0.09105533892969031 	 -0.04420890184037022
18.001933328915445 	 0.11439294642535767 	 0.14470978955629027 	 0.12532078372370262 	 0.19338182206721682 	 0.024988674968681093 	 0.038575796182856135 	 0.0727901656783858 	 0.08636757866054928 	 -0.0411918448526243
18.581739097781092 	 0.10709744919545652 	 0.13853832536536806 	 0.12095419867239975 	 0.17891921079026601 	 0.023789790419419785 	 0.037070360576824 	 0.0675696670700293 	 0.08187859152027488 	 -0.03837316441280001
19.180219234753075 	 0.10018439209873957 	 0.1325620271683047 	 0.11669126228518475 	 0.16547995839100724 	 0.022637950506950277 	 0.03560761277906992 	 0.06270596963304285 	 0.07758213975568143 	 -0.035740217051993345
19.797975203360895 	 0.09363861038167849 	 0.12677764889831117 	 0.1125311310634162 	 0.152995371206316 	 0.021531810998524862 	 0.034186968565961075 	 0.058175727402018616 	 0.07347208642666324 	 -0.03328115194370489
20.43562783905473 	 0.08744527125623441 	 0.12118192566688282 	 0.10847290530589788 	 0.14140116464837318 	 0.020470046394096802 	 0.032807832996111556 	 0.05395707034768733 	 0.06954239897437241 	 -0.030984848408790153
21.093817973135693 	 0.08158996390903724 	 0.11577149214064895 	 0.10451571973133336 	 0.13063720203493262 	 0.019451350742511912 	 0.03146960169599748 	 0.050029517592429316 	 0.06578715201656204 	 -0.02884088671576409
21.773207076781627 	 0.0760585896400732 	 0.11054298508496214 	 0.10065864259679724 	 0.12064721504641165 	 0.01847443720114787 	 0.03017166109739421 	 0.046373884082306076 	 0.062200524908345114 	 -0.026839496823375802
22.47447792581576 	 0.0708373716526297 	 0.1054930377748075 	 0.09690067842645632 	 0.11137856148356055 	 0.017538038234246215 	 0.028913388028751992 	 0.04297219990570289 	 0.05877680314247906 	 -0.024971519218851525
23.198335286886028 	 0.06591293608428671 	 0.10061820476685632 	 0.09324084679631686 	 0.10278200530032415 	 0.016640906101404968 	 0.027694150223310475 	 0.0398076371337833 	 0.05551038028371435 	 -0.023228368139633082
23.945506625745004 	 0.06127224802381227 	 0.09591503284109167 	 0.08967812580599092 	 0.09481151797414973 	 0.0157818137332912 	 0.026513308378154663 	 0.03686444390248488 	 0.0523957602883013 	 -0.02160199157236597
24.716742838342068 	 0.056902593310845656 	 0.09138007664171968 	 0.08621143038802942 	 0.08742406342191313 	 0.014959554388163859 	 0.025370215289964165 	 0.03412787260345244 	 0.04942755665085511 	 -0.020084857935543255
25.512819005462422 	 0.052791602966013616 	 0.08700987346262758 	 0.08283964045013421 	 0.08057940693625774 	 0.014172941683226421 	 0.024264216273251694 	 0.03158411620661339 	 0.046600492142880395 	 -0.018669886387576003
26.334535171671746 	 0.048927194973110225 	 0.08280099613991934 	 0.07956157085251095 	 0.0742399429615267 	 0.013420809893033321 	 0.023194652427490053 	 0.029220250951601832 	 0.04390939703767654 	 -0.017350456154017833
27.182717149348836 	 0.04529762540007973 	 0.07875000914321914 	 0.07637602247966031 	 0.06837054162690044 	 0.012702014634968865 	 0.022160861660411355 	 0.027024185420640168 	 0.04134921151443296 	 -0.016120358908725464
28.058217348614647 	 0.041891782786140044 	 0.07485318702267003 	 0.07328202780782976 	 0.06293838575547973 	 0.012015432696696861 	 0.021162173547214266 	 0.02498460615068032 	 0.03891498993627003 	 -0.01497377793031891
28.961915633991705 	 0.03869919490923699 	 0.07110652961517926 	 0.07027878649781993 	 0.05791281937552393 	 0.011359962095332491 	 0.020197902301857036 	 0.023090927156866274 	 0.036601908174805416 	 -0.013905263507232764
29.89472020865459 	 0.0357095597134331 	 0.06750623743890719 	 0.06736519541110135 	 0.05326521292119281 	 0.0107345226534896 	 0.019267347550001226 	 0.021333245191477335 	 0.03440526571744675 	 -0.012909710384738886
30.85756852716052 	 0.032912622335975805 	 0.06404881531896453 	 0.06453981646593929 	 0.04896884291712001 	 0.010138056751802802 	 0.018369804540700554 	 0.01970229988960383 	 0.03232047921831344 	 -0.011982336326639031
31.851428237577114 	 0.03029847211311719 	 0.060730755905855825 	 0.06180123645646907 	 0.04499876954235202 	 0.009569529268759865 	 0.017504570337474993 	 0.01818943293706624 	 0.030343076006324333 	 -0.011118661891032298
32.87729815395404 	 0.027857563036352284 	 0.05754851854935978 	 0.05914807483662445 	 0.041331717108232045 	 0.009027927154837499 	 0.01667094191228347 	 0.016786548087774245 	 0.028468693861904024 	 -0.010314492250240137
33.93620926011613 	 0.025580661879832465 	 0.054498585621372254 	 0.05657891880797474 	 0.03794596933463152 	 0.008512259483775946 	 0.015868214918478143 	 0.015486076272897123 	 0.02669308250040157 	 -0.009565898988431725
35.029225745786704 	 0.02345895419050561 	 0.05157736013476816 	 0.05409242884769867 	 0.0348212748965912 	 0.008021557783088737 	 0.015095684140352414 	 0.014280944226608997 	 0.02501210477509126 	 -0.00886920385412319
36.157446076082074 	 0.02148395969941998 	 0.048781254034685174 	 0.05168724835206897 	 0.031938755537165714 	 0.007554876221895227 	 0.014352643198107742 	 0.01316454391966646 	 0.023421737911368378 	 -0.008220963386129525
37.32200409545253 	 0.019647484807154312 	 0.04610673087427961 	 0.04936195889983978 	 0.029280812064044245 	 0.007111291229451389 	 0.01363838425344563 	 0.012130701097754914 	 0.0219180718938113 	 -0.007617953850620627
38.52407016717897 	 0.01794171070922497 	 0.04355021655773901 	 0.047115172759057744 	 0.026831042589466673 	 0.006689901512563223 	 0.012952198473828114 	 0.011173648033920982 	 0.020497309088987992 	 -0.007057157985549715
39.764852349570305 	 0.01635913147011837 	 0.04110816081037388 	 0.04494547964355504 	 0.02457416812393799 	 0.00628982826024031 	 0.012293377207704138 	 0.010287998794676706 	 0.01915576409349741 	 -0.006535751962537766
41.04559761004398 	 0.014892544302974297 	 0.03877705000065618 	 0.042851435990434165 	 0.02249596326324388 	 0.005910215410463663 	 0.011661212284441485 	 0.009468726224576849 	 0.01788986476787683 	 -0.006051093401081313
42.36759307830935 	 0.013535075640485473 	 0.03655337619755275 	 0.04083159317733078 	 0.020583183096288787 	 0.005550229247532557 	 0.011054995624983365 	 0.00871113744799046 	 0.016696150612679407 	 -0.005600710172659774
43.73216733991371 	 0.012280153522673429 	 0.03443365797545005 	 0.03888448965594032 	 0.01882349921413588 	 0.005209058317914623 	 0.010474021090198628 	 0.008010852510742428 	 0.015571270499374491 	 -0.005182289537667487
45.14069177145083 	 0.011121495861375228 	 0.032414452810274684 	 0.03700863851642575 	 0.017205441375350215 	 0.00488591347315858 	 0.009917584475242927 	 0.007363784949536547 	 0.014511982890549975 	 -0.004793668281060478
46.5945819187737 	 0.010053093712222492 	 0.030492374927215207 	 0.035202515233457896 	 0.01571834459468538 	 0.004580028104362699 	 0.009384984308667589 	 0.006766124233014869 	 0.013515156213145899 	 -0.004432823456771735
48.09529891959681 	 0.009069239509333324 	 0.02866405632113462 	 0.03346460763797434 	 0.01435229315292312 	 0.004290657739910501 	 0.008875523422729856 	 0.006214316964252367 	 0.012577765276822642 	 -0.004097863437376147
49.64435097191768 	 0.008164447878801166 	 0.02692622067394251 	 0.031793345784685394 	 0.013098070381564346 	 0.004017079802334186 	 0.008388509494089706 	 0.00570505006126759 	 0.011696889517581225 	 -0.0037870198528601328
51.24329484973299 	 0.007333490876811903 	 0.025275643911513098 	 0.03018714711190816 	 0.011947113238425518 	 0.003758593491319418 	 0.007923255860488755 	 0.00523523557656028 	 0.01086971159610833 	 -0.00349863967724387
52.89373746757309 	 0.006571422856839446 	 0.023709127196249263 	 0.028644450909638748 	 0.010891471474296659 	 0.0035145198541836667 	 0.0074790825865554324 	 0.004801997109488804 	 0.010093516684362902 	 -0.003231178251276208
54.59733749542696 	 0.00587349597958442 	 0.022223571868750538 	 0.027163652542290053 	 0.009923765342961596 	 0.0032842014111568248 	 0.007055317773005803 	 0.004402655584715753 	 0.00936568928277832 	 -0.0029831919663504246
56.35580702568049 	 0.0052351998440334025 	 0.02081593448021599 	 0.025743146415498557 	 0.009037146207868503 	 0.003067001742446566 	 0.0066512972708163655 	 0.00403471598345627 	 0.008683711441416463 	 -0.0027533323671201713
58.170913293743574 	 0.004652226589524045 	 0.019483254078630684 	 0.0243813081454283 	 0.008225261351157401 	 0.002862305250945334 	 0.00626636603200843 	 0.0036958555340514754 	 0.008045160222718242 	 -0.002540339940991852
60.044480454095236 	 0.004120437491641385 	 0.018222676514223667 	 0.023076487237081354 	 0.0074822222796510265 	 0.0026695170409044805 	 0.0058998805359007185 	 0.003383913106859529 	 0.007447704668621684 	 -0.0023430385086322817
61.97839141353119 	 0.0036358069745026245 	 0.017031501078878478 	 0.021826968227482042 	 0.006802573110333417 	 0.002488062517073803 	 0.0055512099009086486 	 0.0030968785424625653 	 0.006889102684460369 	 -0.0021603299354532915
63.974589723456994 	 0.003194456905199895 	 0.015907131079253147 	 0.020631033466753164 	 0.006181259916847098 	 0.0023173867574208602 	 0.0052197377922866195 	 0.00283288222473616 	 0.0063671959948176805 	 -0.001991189143941145
66.03508153312798 	 0.0027925569250225155 	 0.014847158733868767 	 0.019486895867559872 	 0.005613603734024868 	 0.0021569540325383327 	 0.004904864943061236 	 0.0025901859221636554 	 0.005879905219630427 	 -0.0018346594983603259
68.16193760579887 	 0.0024261501929660123 	 0.01384951669900793 	 0.018392583696128454 	 0.0050952761672773935 	 0.0020062473278973985 	 0.004606014342162341 	 0.0023671744983770945 	 0.005425222297324647 	 -0.0016898484316439537
70.35729539980996 	 0.0020913745337842096 	 0.012912234136567967 	 0.017346212346473985 	 0.004622276193474017 	 0.001864767620396106 	 0.004322635211863137 	 0.0021623479379598506 	 0.005001202890117392 	 -0.0015559233864450115
72.6233612167003 	 0.0017848379348705777 	 0.01203306692720973 	 0.01634630772035994 	 0.004190906805587419 	 0.0017320329331168684 	 0.00405419637822424 	 0.001974313246254509 	 0.004605968287360101 	 -0.0014321079452878896
74.96241241850768 	 0.0015036305905767853 	 0.01120951319091055 	 0.015391711185938772 	 0.0037977542282318813 	 0.0016075779009615174 	 0.0038001749109784757 	 0.0018017773764232134 	 0.004237714593829109 	 -0.0013176781594944043
77.37679971648326 	 0.0012459740955458477 	 0.010438210346041166 	 0.014482075035432534 	 0.0034396685392084846 	 0.0014909537831955257 	 0.0035600407687819587 	 0.0016435407741500006 	 0.0038947281471956694 	 -0.0012119592644494969
79.8689495335208 	 0.0010131016456016737 	 0.009713210257845765 	 0.013619258544676828 	 0.0031137446766036506 	 0.0013817294260161895 	 0.0033332098289318 	 0.0014984913675377188 	 0.0035754373011491454 	 -0.0011143225018610972
82.4413664426753 	 0.0008125022833324695 	 0.009023102472431823 	 0.012809454472845684 	 0.002817300380170464 	 0.0012794943250112624 	 0.0031189367064682156 	 0.001365598235043484 	 0.0032785349185880963 	 -0.0010241820816867847
85.09663568422124 	 0.0006640286403099905 	 0.008345660367305689 	 0.012067066218515232 	 0.00254785084133464 	 0.001183866693435929 	 0.0029161037979744185 	 0.0012439058449018458 	 0.003003229669205225 	 -0.0009409925226839847
87.83742576378002 	 0.0006070213270671207 	 0.007642045053061102 	 0.011418003994470361 	 0.0023030746253122226 	 0.001094510588604685 	 0.002722864149647353 	 0.0011325284046252064 	 0.002749688793376073 	 -0.0008642458736137933
90.66649113412795 	 0.0006952246281373043 	 0.006863346263974811 	 0.010890771408219424 	 0.0020807667251709354 	 0.0010111652310606427 	 0.0025363025245991773 	 0.0010306439854093799 	 0.0025195236307040372 	 -0.000793469307503318
93.58667496338006 	 0.0009560774961174078 	 0.00599065691699371 	 0.010478961408184977 	 0.0018787864721427339 	 0.0009336761511172754 	 0.002352802617882671 	 0.0009374875410950496 	 0.0023155781377037056 	 -0.0007282227083833603
96.60091199233095 	 0.001323699258252805 	 0.005096242606346919 	 0.01009358350063629 	 0.0016950407849249006 	 0.0008619911559347403 	 0.0021699751581404597 	 0.0008523439802976314 	 0.0021399806215332408 	 -0.0006680963664195914
99.71223148382524 	 0.0016299948593732612 	 0.004342933849235494 	 0.009582924757983183 	 0.0015275523005666444 	 0.0007960769217325459 	 0.001989408372459812 	 0.0007745430741066871 	 0.0019909762362029177 	 -0.00061270879775641
102.92376026712131 	 0.001711641965805647 	 0.0038731217502111317 	 0.0088478318478628 	 0.0013746021184397848 	 0.000735773398155612 	 0.001817279085439134 	 0.0007034585055323144 	 0.001861587905338926 	 -0.0005617046078269962
106.23872588030726 	 0.00153035173013989 	 0.003696470628070358 	 0.00793177207418616 	 0.0012348421870758332 	 0.000680690329659441 	 0.0016611775288937888 	 0.0006385108389073673 	 0.0017422741194034156 	 -0.0005147528412013004
109.66045981392863 	 0.0011747027175578867 	 0.0037012197033776803 	 0.006979778074693604 	 0.0011072817868449767 	 0.0006302328598167888 	 0.0015258568254387559 	 0.0005791715488806329 	 0.0016253074736451885 	 -0.0004715454223411591
113.19240085908552 	 0.0007710249318501375 	 0.0037504728188490224 	 0.006129846995042879 	 0.0009911651173052218 	 0.0005837280352054269 	 0.0014114742591274155 	 0.0005249643841642198 	 0.0015071659168997195 	 -0.00043179604945503303
116.83809856336669 	 0.00040941566500581164 	 0.0037546546528247687 	 0.0054487010731118545 	 0.0008858298673012555 	 0.0005405577085964185 	 0.0013147651037052324 	 0.00047546252529603953 	 0.0013880234392768596 	 -0.00039523908687171927
120.60121679809106 	 0.00012838383643967193 	 0.003681466546830941 	 0.004937022048047129 	 0.000790614977769228 	 0.0005002325568336046 	 0.0012312126564111533 	 0.0004302825115350066 	 0.0012699501277568708 	 -0.0003616285189946416
124.48553744044295 	 -6.950022028528133e-5 	 0.0035356677937601814 	 0.004560748891978605 	 0.0007048275621637393 	 0.00046240402925276815 	 0.0011566309551055412 	 0.0003890771971435598 	 0.0011553891911582996 	 -0.0003307367696050411
128.49496417420238 	 -0.0001979550724321812 	 0.003336993471586649 	 0.004278011932507994 	 0.0006277477728407778 	 0.00042684080958443064 	 0.001087857914870664 	 0.000351529527481677 	 0.0010463461330514892 	 -0.00030235350065661236
132.63352641288816 	 -0.00027433656893689453 	 0.0031068004762787693 	 0.004052918947918976 	 0.0005586487113250884 	 0.0003933943392760606 	 0.0010228170605996784 	 0.000317347683537954 	 0.0009441546357806247 	 -0.00027628438163861
136.90538334925748 	 -0.0003144075617600873 	 0.0028629561612934277 	 0.0038592816419073606 	 0.0004968173977722282 	 0.0003619671772031977 	 0.0009603196861715415 	 0.00028626152499029164 	 0.0008495161998444464 	 -0.0002523498680745148
141.31482813523277 	 -0.000330080556170287 	 0.0026180375802579456 	 0.003680513116534489 	 0.0004415709261707494 	 0.00033248905960943744 	 0.000899792956684634 	 0.0002580199952520517 	 0.000762652341362553 	 -0.00023038405651282774
145.86629219645428 	 -0.0003302063601946889 	 0.0023805608000207856 	 0.0035068203568075877 	 0.0003922669521482542 	 0.0003049011861835028 	 0.0008410544509754822 	 0.0002323893794326919 	 0.0006834514799420319 	 -0.0002102335933304207
150.56434968579634 	 -0.0003205429855325129 	 0.0021553260940114258 	 0.0033336475117880186 	 0.00034830955069928526 	 0.00027914669120714976 	 0.000784139086542778 	 0.00020915208062745173 	 0.0006115943694929708 	 -0.00019175667108902881
155.4137220803217 	 -0.0003052419097503912 	 0.0019451698714254217 	 0.0031591333082697875 	 0.00030915134142373794 	 0.0002551657644839129 	 0.0007291861685278871 	 0.00018810570196853865 	 0.0005466426538916768 	 -0.0001748221301286948
160.41928292629558 	 -0.0002867230085170693 	 0.0017510256002448966 	 0.002983540667020688 	 0.00027429303798646044 	 0.000232893494703729 	 0.0006763666096093695 	 0.0001690621775699534 	 0.0004881008639092757 	 -0.0001593086227826685
165.58606273702614 	 -0.00026685633581758516 	 0.0015732176831010666 	 0.002807692300309068 	 0.0002432815326859758 	 0.00021225961315442647 	 0.0006258442833443053 	 0.00015184704862299434 	 0.00043545378242782715 	 -0.00014510386222071756
170.919254048454 	 -0.00024651717170371724 	 0.0014110963262195261 	 0.0026331695149691002 	 0.00021570734193524115 	 0.00019318906290644323 	 0.0005777522630269469 	 0.00013629880162001318 	 0.0003881930515052695 	 -0.00013210394036916454
176.42421663757364 	 -0.00022645318643658725 	 0.001263945752912638 	 0.0024613507441901064 	 0.00019120152148869104 	 0.0001756032138727675 	 0.000532185213871821 	 0.00012226824512016592 	 0.00034583085549201684 	 -0.00012021270413664945
182.10648290892817 	 -0.00020664474417054698 	 0.0011303901883697959 	 0.002293943755064282 	 0.0001694322693828068 	 0.00015942114228282837 	 0.0004891905633477255 	 0.00010961780388314476 	 0.0003079151480664162 	 -0.0001093411821618205
187.97176345459218 	 -0.0001871702073608743 	 0.001009267387334117 	 0.0021321451791823888 	 0.0001501013885669982 	 0.0001445611234224973 	 0.00044877322378807246 	 9.822083732324663e-5 	 0.00027403239332441406 	 -9.940707171781869e-5
194.02595279323174 	 -0.00016867958284083013 	 0.0009000843444914856 	 0.001976268231830722 	 0.0001329411270208499 	 0.00013094181962401152 	 0.00041090751090317265 	 8.796098221102853e-5 	 0.00024380158721688488 	 -9.033426638478412e-5
200.27513529400645 	 -0.00015272109900787826 	 0.0008032301926602203 	 0.001825808071651621 	 0.00011771194228142105 	 0.00011848265189049446 	 0.0003755768949016918 	 7.873153139004475e-5 	 0.00021683636455078055 	 -8.205240075647464e-5
206.72559129126833 	 -0.0001399702361872983 	 0.0007182201316837927 	 0.0016811511494165103 	 0.00010420096105487678 	 0.000107103458207394 	 0.00034276732587147196 	 7.043480642147845e-5 	 0.00019274996516549801 	 -7.449645360430542e-5
213.38380339620443 	 -0.00012886387695271333 	 0.0006424753801818782 	 0.001544473912258134 	 9.221966820113198e-5 	 9.67250323802304e-5 	 0.0003124213274914305 	 6.298156686024463e-5 	 0.00017120383440972153 	 -6.760636630562918e-5
220.25646301176297 	 -0.00011789720489371823 	 0.000573725564718068 	 0.0014171645147249038 	 8.16001851148028e-5 	 8.727113101999397e-5 	 0.00028441286849185325 	 5.6290438709887284e-5 	 0.00015194278660811658 	 -6.132670016859551e-5
227.3504770574119 	 -0.0001066019441524487 	 0.0005109037721796299 	 0.0012991802598353354 	 7.21918499072615e-5 	 7.867014183081111e-5 	 0.0002585834331449952 	 5.028733057754305e-5 	 0.0001347672760090604 	 -5.560630340461067e-5
234.6729749104902 	 -9.548170284069331e-5 	 0.00045395049419624594 	 0.001189560161815721 	 6.385913486213306e-5 	 7.085536673833116e-5 	 0.0002347872365731383 	 4.490483386643126e-5 	 0.0001194895971185175 	 -5.039801956445259e-5
242.2313155711244 	 -8.515647474323009e-5 	 0.0004029265119632364 	 0.0010873641972396365 	 5.6480553132566586e-5 	 6.376440369665398e-5 	 0.00021289867274326764 	 4.0081652277562066e-5 	 0.00010592334574000212 	 -4.565838764811402e-5
250.03309505791205 	 -7.577272713277935e-5 	 0.00035743150173825816 	 0.0009922138024935473 	 4.99477742906189e-5 	 5.7338546046988264e-5 	 0.0001928064720331151 	 3.576210678043908e-5 	 9.388625820182623e-5 	 -4.134738946789148e-5
258.0861540418074 	 -6.742247263877812e-5 	 0.00031704635752811814 	 0.0009037866656517551 	 4.416453999044239e-5 	 5.152253584538095e-5 	 0.0001744047175971248 	 3.189569194504657e-5 	 8.32079616297799e-5 	 -3.742819634363438e-5
266.3985857258773 	 -6.006142801632498e-5 	 0.00028126959405628366 	 0.000821835295522794 	 3.9045484362816494e-5 	 4.62644936287328e-5 	 0.0001575864127970112 	 2.8436659329026624e-5 	 7.37360553466529e-5 	 -3.3866928150497435e-5
274.9787439788474 	 -5.348406510330759e-5 	 0.000249485712492952 	 0.0007462333969396355 	 3.451492650751184e-5 	 4.151589390500259e-5 	 0.00014224558706179823 	 2.5343606803106773e-5 	 6.53338824632147e-5 	 -3.063245015817246e-5
283.8352517306161 	 -4.7663570121973815e-5 	 0.00022130376363869238 	 0.0006766406023459206 	 3.0505761282159826e-5 	 3.7231566214960656e-5 	 0.0001282777665692305 	 2.2579109166594193e-5 	 5.7880064505572794e-5 	 -2.7696162595479527e-5
292.9770096381687 	 -4.252580711812334e-5 	 0.00019633124088429233 	 0.0006127264666842156 	 2.6958500965193843e-5 	 3.336963008636863e-5 	 0.00011557967250978687 	 2.0109377019283415e-5 	 5.126847792205631e-5 	 -2.5031813407008014e-5
302.41320503060257 	 -3.790029350692653e-5 	 0.00017411320910033865 	 0.0005542557225617491 	 2.382041971720854e-5 	 2.989140194419189e-5 	 0.00010405270452315544 	 1.790394055428708e-5 	 4.5404305197803974e-5 	 -2.2615322644265877e-5
312.1533211422566 	 -3.3783690007607744e-5 	 0.0001543932685065836 	 0.0005008286579582357 	 2.1044753255511117e-5 	 2.6761265037021806e-5 	 9.360313235211705e-5 	 1.5935339426944453e-5 	 4.020319283299192e-5 	 -2.0424616427753195e-5
322.2071466432178 	 -3.0150754679486137e-5 	 0.00013692461997116378 	 0.0004520640106123359 	 1.8590032223337147e-5 	 2.394650427421185e-5 	 8.414123294049998e-5 	 1.4178845490721967e-5 	 3.559128843055922e-5 	 -1.8439474168994644e-5
332.5847854767869 	 -2.687450186350028e-5 	 0.00012138212788103573 	 0.0004076999648681175 	 1.641949253495049e-5 	 2.1417139622573416e-5 	 7.558315610702192e-5 	 1.2612210710432522e-5 	 3.150254200584512e-5 	 -1.6641386841275242e-5
343.2966670137907 	 -2.3937516310433224e-5 	 0.00010757122718098511 	 0.0003673855644384725 	 1.4500542071044449e-5 	 1.914577477097367e-5 	 6.785097023135108e-5 	 1.1215438943886203e-5 	 2.7877903623517244e-5 	 -1.5013421362326619e-5
354.353556533942 	 -2.1336349589026608e-5 	 9.533286437843499e-5 	 0.00033076795646928906 	 1.2804287583811489e-5 	 1.7107410153038385e-5 	 6.087154583538918e-5 	 9.970565917233605e-6 	 2.466550492980277e-5 	 -1.3540097234020461e-5
365.7665660447829 	 -1.9018362254091117e-5 	 8.447576789931681e-5 	 0.00029756460893694167 	 1.1305118083579745e-5 	 1.5279266381193857e-5 	 5.457719669089407e-5 	 8.861461500078702e-6 	 2.181913521507521e-5 	 -1.2207270994596479e-5
377.54716544908683 	 -1.69368657423575e-5 	 7.482969610088093e-5 	 0.00026750884366058894 	 9.980334750083653e-6 	 1.3640623159943555e-5 	 4.890550568020999e-5 	 7.873652648309615e-6 	 1.9297610119507774e-5 	 -1.1002027973369385e-5
389.70719407193684 	 -1.5062084102554415e-5 	 6.62547234796367e-5 	 0.00024033904855566142 	 8.809829027653374e-6 	 1.2172664683290194e-5 	 4.37991102907569e-5 	 6.994164574296812e-6 	 1.7064213125694096e-5 	 -9.912585823302797e-6
402.25887255907026 	 -1.34033519242071e-5 	 5.866250891454254e-5 	 0.00021577421023926728 	 7.775785630168797e-6 	 1.0858326251369313e-5 	 3.9205245593401425e-5 	 6.2113706206945375e-6 	 1.5086385663445103e-5 	 -8.928198511468377e-6
415.21481515844147 	 -1.1941489820440238e-5 	 5.1948028022250554e-5 	 0.00019357841397172847 	 6.8624235164445855e-6 	 9.682143746615329e-6 	 3.507520599913989e-5 	 5.514855740138572e-6 	 1.3335512733936757e-5 	 -8.03907266772497e-6
428.5880423973543 	 -1.061450710705918e-5 	 4.597210419378209e-5 	 0.00017358096556114615 	 6.055768988101387e-6 	 8.630117989255673e-6 	 3.1364724250704046e-5 	 4.89529564495896e-6 	 1.1785865695574294e-5 	 -7.236288113922883e-6
442.39199416789427 	 -9.421873052530086e-6 	 4.0665003481782745e-5 	 0.0001555702717878156 	 5.343448924108142e-6 	 7.689597512510128e-6 	 2.803361075279978e-5 	 4.344348805730133e-6 	 1.041437680975086e-5 	 -6.511724261139075e-6
456.64054323381686 	 -8.37413099400428e-6 	 3.597694761042759e-5 	 0.00013933700592182698 	 4.714511630146718e-6 	 6.849157875349773e-6 	 2.504485050460781e-5 	 3.854556505052286e-6 	 9.20093887214107e-6 	 -5.857993051802824e-6
471.3480091724687 	 -7.442783759477878e-6 	 3.182568102287596e-5 	 0.00012472792382452893 	 4.159265093256622e-6 	 6.09848662272382e-6 	 2.2364800692486433e-5 	 3.419250581788572e-6 	 8.127632421132685e-6 	 -5.268376599477664e-6
486.52917276574624 	 -6.612910594915229e-6 	 2.814820004894749e-5 	 0.00011159280402251262 	 3.6691315682100336e-6 	 5.428286079929581e-6 	 1.996300058163716e-5 	 3.0324725592302886e-6 	 7.178429818010734e-6 	 -4.73676942375608e-6
502.1992908545572 	 -5.868346343310005e-6 	 2.4885919421013065e-5 	 9.979607580449122e-5 	 3.236523397226165e-6 	 4.830180925908898e-6 	 1.7811713603643485e-5 	 2.688901445069773e-6 	 6.339191025901013e-6 	 -4.257625566488228e-6
518.3741116717192 	 -5.1955746786423454e-6 	 2.1987305848148285e-5 	 8.921416393683881e-5 	 2.854730886504327e-6 	 4.296633595633366e-6 	 1.588592425499817e-5 	 2.3837881580650818e-6 	 5.597243723168641e-6 	 -3.825910029060055e-6
535.0698906686955 	 -4.6041525465613045e-6 	 1.9428331553400482e-5 	 7.971217810605674e-5 	 2.5178185306561917e-6 	 3.820864590726149e-6 	 1.4162929951351039e-5 	 2.112894367315601e-6 	 4.9413930022797085e-6 	 -3.437053777976696e-6
552.3034068520768 	 -4.088049226809926e-6 	 1.717365373888727e-5 	 7.118052608879637e-5 	 2.220538511118816e-6 	 3.39677877207231e-6 	 1.2622025689669105e-5 	 1.8724390883099253e-6 	 4.361868170692442e-6 	 -3.086912955536866e-6
570.0919796462342 	 -3.6247401211462715e-6 	 1.517440673026289e-5 	 6.353789037209144e-5 	 1.9582526400103208e-6 	 3.0189005482940897e-6 	 1.1244613871764908e-5 	 1.6590510600215435e-6 	 3.849888869705537e-6 	 -2.771731039269735e-6
588.4534862990779 	 -3.208894021786679e-6 	 1.3401681484850245e-5 	 5.6696234608807994e-5 	 1.726861756814366e-6 	 2.6823167668801885e-6 	 1.0013988013379756e-5 	 1.4697261746903242e-6 	 3.3975958210211803e-6 	 -2.4881040127575627e-6
607.4063798484208 	 -2.839814984567599e-6 	 1.1834144420137635e-5 	 5.0570774770943174e-5 	 1.5227430696625542e-6 	 2.3826196535450686e-6 	 8.914988455868681e-6 	 1.3017875751491372e-6 	 2.9981098118566614e-6 	 -2.232948974143579e-6
626.9697076670071 	 -2.510125942197592e-6 	 1.0446069822328657e-5 	 4.509170277946602e-5 	 1.342695723692621e-6 	 2.115856428250484e-6 	 7.933967514542097e-6 	 1.152850716752808e-6 	 2.645314626710331e-6 	 -2.0034750218281376e-6
647.1631306048337 	 -2.220977666720856e-6 	 9.222296710050724e-6 	 4.0188286535914775e-5 	 1.183891565689616e-6 	 1.8784855527733822e-6 	 7.058654749423637e-6 	 1.020792370873104e-6 	 2.3337730144432754e-6 	 -1.79715645574818e-6
668.006942748006 	 -1.9700478563850554e-6 	 8.146298073085985e-6 	 3.579921554445621e-5 	 1.0438333210932314e-6 	 1.667336117805074e-6 	 6.277930516791744e-6 	 9.037231446113412e-7 	 2.0587500722336276e-6 	 -1.611709093076484e-6
689.522091813994 	 -1.7446540647557442e-6 	 7.1926823656591975e-6 	 3.1880177145144134e-5 	 9.203161759756959e-7 	 1.4795693013212757e-6 	 5.581837072971905e-6 	 7.999618259836627e-7 	 1.8160094336344727e-6 	 -1.4450675501977233e-6
711.7302002037698 	 -1.5416758131966095e-6 	 6.346915381358025e-6 	 2.8383452525149235e-5 	 8.11392607767537e-7 	 1.3126455304442994e-6 	 4.9614811295010415e-6 	 7.080127151229885e-7 	 1.6017465227204551e-6 	 -1.2953652800541707e-6
734.6535867319934 	 -1.36301870269845e-6 	 5.600969487946989e-6 	 2.5260771948162394e-5 	 7.153428730240573e-7 	 1.1642940933815986e-6 	 4.408820205158488e-6 	 6.265456582669427e-7 	 1.4126502617495032e-6 	 -1.1609160184873256e-6
758.3152890570906 	 -1.204145877888774e-6 	 4.941549378753061e-6 	 2.247483993879773e-5 	 6.306495297878381e-7 	 1.032485642463832e-6 	 3.916627045364399e-6 	 5.543783915781452e-7 	 1.2458011669547592e-6 	 -1.0401970270750108e-6
782.7390868337496 	 -1.062201922104304e-6 	 4.357943707536888e-6 	 1.9991255063790332e-5 	 5.559732574865082e-7 	 9.154075124953308e-7 	 3.478456967332466e-6 	 4.904602543584598e-7 	 1.0985805951441917e-6 	 -9.318337850353928e-7
807.9495256111146 	 -9.385680797611957e-7 	 3.844646501630646e-6 	 1.7774943369495164e-5 	 4.901316677251513e-7 	 8.114411292044136e-7 	 3.0885128387322586e-6 	 4.3385759416105426e-7 	 9.686928072898155e-7 	 -8.345859395254331e-7
833.9719415006974 	 -8.306515442504542e-7 	 3.3930488713522237e-6 	 1.579797929377272e-5 	 4.3208145351738934e-7 	 7.191415789055908e-7 	 2.7415754521607055e-6 	 3.83741005816743e-7 	 8.541324423672496e-7 	 -7.473347561130096e-7
860.8324866387862 	 -7.332320715794343e-7 	 2.992518735456075e-6 	 1.4038506119195716e-5 	 3.809023453293141e-7 	 6.372198210580159e-7 	 2.4330035506645408e-6 	 3.393740527828152e-7 	 7.530955546255416e-7 	 -6.690713913927674e-7
888.5581554689458 	 -6.460333937946651e-7 	 2.6379525023570933e-6 	 1.2472670418639437e-5 	 3.357823650778553e-7 	 5.645266906945377e-7 	 2.1586604172852172e-6 	 3.001030190100844e-7 	 6.639730361874709e-7 	 -5.988865088668651e-7
917.1768118710326 	 -5.701571198373914e-7 	 2.326267140441254e-6 	 1.1077462454488248e-5 	 2.960050512962085e-7 	 5.000377040858606e-7 	 1.914818513561359e-6 	 2.6534758778468456e-7 	 5.853700068679482e-7 	 -5.359608268487656e-7
946.7172171639719 	 -5.035501146116315e-7 	 2.0517289446973997e-6 	 9.835243962210602e-6 	 2.6093849464597834e-7 	 4.428397193459436e-7 	 1.6981389867011437e-6 	 2.3459274085481188e-7 	 5.160596100285822e-7 	 -4.795561758756093e-7
977.2090590104478 	 -4.4411056354440264e-7 	 1.8089316208235603e-6 	 8.730664886894361e-6 	 2.300253891736133e-7 	 3.9211939927721703e-7 	 1.5056566439597031e-6 	 2.0738159718938134e-7 	 4.5494035242637937e-7 	 -4.290081234807487e-7
1008.6829812525627 	 -3.920295225150321e-7 	 1.5951615630357651e-6 	 7.747878037362185e-6 	 2.0277421612720948e-7 	 3.4715279128418024e-7 	 1.3347199429139941e-6 	 1.8330900120572055e-7 	 4.010440135069082e-7 	 -3.8371836761894265e-7
1041.1706147084344 	 -3.465283834610892e-7 	 1.4071137068347715e-6 	 6.873525484456463e-6 	 1.787514935067015e-7 	 3.072953794046605e-7 	 1.1829484558987513e-6 	 1.620156214830617e-7 	 3.535284411245548e-7 	 -3.4314857999971247e-7
1074.7046089606897 	 -3.0568884325381646e-7 	 1.2406087303775172e-6 	 6.096985338990904e-6 	 1.5757497354343377e-7 	 2.719735373140097e-7 	 1.0482277241954863e-6 	 1.4318283395616303e-7 	 3.1163996237456096e-7 	 -3.0681445986353247e-7
1109.318665168809 	 -2.69118474863265e-7 	 1.0932381384631507e-6 	 5.4075132058136275e-6 	 1.3890755539069338e-7 	 2.4067706360027885e-7 	 9.286787634681117e-7 	 1.2652820442446333e-7 	 2.7470655453328866e-7 	 -2.742804572134926e-7
1145.0475699382812 	 -2.3721599686867724e-7 	 9.636525455400893e-7 	 4.794663510754747e-6 	 1.22452050219894e-7 	 2.1295241913889837e-7 	 8.226165794706918e-7 	 1.1180148919639892e-7 	 2.4214551622380195e-7 	 -2.4515497661096184e-7
1181.9272302806194 	 -2.092017836240399e-7 	 8.495347107836536e-7 	 4.250227447282563e-6 	 1.0794645083267436e-7 	 1.883963520411036e-7 	 7.285374511523158e-7 	 9.878093449937283e-8 	 2.134443090532029e-7 	 -2.1908608751235867e-7
1219.9947096993633 	 -1.8422410214513917e-7 	 7.486566699863363e-7 	 3.7670995223781164e-6 	 9.515972795290452e-8 	 1.6665044335220598e-7 	 6.45108027480637e-7 	 8.727005736069945e-8 	 1.8814418928039704e-7 	 -1.9575748939585695e-7
1259.2882654383493 	 -1.6228805233903993e-7 	 6.598073981226558e-7 	 3.3381838219100934e-6 	 8.388816413934402e-8 	 1.4739627695793735e-7 	 5.711416028618215e-7 	 7.709481344684417e-8 	 1.6583978192787044e-7 	 -1.748851155164655e-7
1299.8473869296615 	 -1.4328917532848973e-7 	 5.818259663103433e-7 	 2.9572100306516936e-6 	 7.3952216415403e-8 	 1.3035110026437213e-7 	 5.055765709945769e-7 	 6.810110478194907e-8 	 1.461789303272824e-7 	 -1.5621381124834006e-7
1341.7128354799117 	 -1.265595241533411e-7 	 5.131112252018599e-7 	 2.619168690349998e-6 	 6.519362471738153e-8 	 1.1526382527614361e-7 	 4.474685593645512e-7 	 6.015248233809313e-8 	 1.288505670161695e-7 	 -1.3951452969317825e-7
1384.9266852347475 	 -1.1155229526771198e-7 	 4.522828634042532e-7 	 2.3195827054416807e-6 	 5.7472852679313595e-8 	 1.0191153031898572e-7 	 3.9598079554942083e-7 	 5.312812676108738e-8 	 1.1357685604550889e-7 	 -1.2458165431279186e-7
1429.532365462732 	 -9.819489047407601e-8 	 3.985324643282467e-7 	 2.0540530316148946e-6 	 5.0666873825780476e-8 	 9.009637623627156e-8 	 3.503693565633054e-7 	 4.6921082641232694e-8 	 1.0011252461805384e-7 	 -1.1123068235542884e-7
1475.5747042010996 	 -8.649634790476885e-8 	 3.512282407727727e-7 	 1.818564173215806e-6 	 4.466726272347347e-8 	 7.964286182896796e-8 	 3.0997034485551084e-7 	 4.143670753929988e-8 	 8.824396428932973e-8 	 -9.929609092526069e-8
1523.0999733072679 	 -7.623618132376943e-8 	 3.0958611179612636e-7 	 1.6097667232964885e-6 	 3.937845727647534e-8 	 7.039531446270717e-8 	 2.741932621560874e-7 	 3.65912564980387e-8 	 7.778331015744993e-8 	 -8.862942606934459e-8
1572.1559349613535 	 -6.715841367317843e-8 	 2.728487868653299e-7 	 1.4247548902709999e-6 	 3.4716209672185086e-8 	 6.221565375003811e-8 	 2.425148110194748e-7 	 3.231062022577125e-8 	 6.856345773071464e-8 	 -7.909754285764961e-8
1622.7918896664398 	 -5.915415122877486e-8 	 2.404643701413695e-7 	 1.260828898320616e-6 	 3.060624881415941e-8 	 5.498144131213354e-8 	 2.1447046692314035e-7 	 2.8529229059270472e-8 	 6.043673963752912e-8 	 -7.058111803905895e-8
1675.0587257948491 	 -5.2156458433186765e-8 	 2.1197807929746592e-7 	 1.1155502952634067e-6 	 2.6983115080132382e-8 	 4.858415685459512e-8 	 1.8964691065155293e-7 	 2.5189089770197682e-8 	 5.32738736214239e-8 	 -6.29731794315848e-8
1729.008970730187 	 -4.600456479714809e-8 	 1.8688712403928912e-7 	 9.868541044774955e-7 	 2.3789121146178945e-8 	 4.292763428804992e-8 	 1.6767731835954022e-7 	 2.2238917804427936e-8 	 4.6960853080709424e-8 	 -5.617787514703509e-8
1784.6968436565667 	 -4.05244215126633e-8 	 1.6471390558083312e-7 	 8.729432061722251e-7 	 2.0973414499205473e-8 	 3.7926644987964564e-8 	 1.482367302504368e-7 	 1.9633352659446517e-8 	 4.139649468938799e-8 	 -5.0109340572676347e-8
1842.1783100480832 	 -3.565454805931738e-8 	 1.4512897243691215e-7 	 7.721294330536565e-7 	 1.8491162507346486e-8 	 3.350567797252226e-8 	 1.310369150700816e-7 	 1.7332279691534955e-8 	 3.649147479252932e-8 	 -4.469065519136244e-8
1901.5111379132675 	 -3.1409165078233766e-8 	 1.2791177582225908e-7 	 6.828404459098639e-7 	 1.6302845792939746e-8 	 2.9597856575280563e-8 	 1.1582174596173126e-7 	 1.530023353136736e-8 	 3.2167536914672556e-8 	 -3.9852947491809305e-8
1962.75495585106 	 -2.7724346829736993e-8 	 1.127931170967025e-7 	 6.037518073051712e-7 	 1.437364169862897e-8 	 2.614396347689803e-8 	 1.0236356062883892e-7 	 1.3505867625515414e-8 	 2.8356256755652467e-8 	 -3.553455139362435e-8
2025.971312976666 	 -2.4485519502509387e-8 	 9.947689965860665e-8 	 5.337476933059603e-7 	 1.2672853495100029e-8 	 2.3091556571298448e-8 	 9.046065613779552e-8 	 1.1921469126544282e-8 	 2.4997126718698912e-8 	 -3.168026819230181e-8
2091.223740777484 	 -2.1593691792906568e-8 	 8.770283564904533e-8 	 4.718396006532721e-7 	 1.117341977961015e-8 	 2.0394203008570546e-8 	 7.993463375747404e-8 	 1.0522540008111388e-8 	 2.2036381285378703e-8 	 -2.824069769722691e-8
2158.5778169612904 	 -1.900142993516087e-8 	 7.728103516116363e-8 	 4.1711133551560614e-7 	 9.851485909028054e-9 	 1.801080332011712e-8 	 7.062748152525307e-8 	 9.287428902806541e-9 	 1.9426535075333522e-8 	 -2.5171636982326656e-8
2228.1012313608567 	 -1.6709399595504666e-8 	 6.80871193414156e-8 	 3.687063456744433e-7 	 8.686028185049155e-9 	 1.5904994602560995e-8 	 6.239906643083706e-8 	 8.197006866787818e-9 	 1.7125906581968618e-8 	 -2.243354407831741e-8
2299.863853961211 	 -1.4705297681074932e-8 	 5.99988431024896e-8 	 3.2587708661335167e-7 	 7.658514183799239e-9 	 1.404459625807007e-8 	 5.5125132816548445e-8 	 7.234369496846587e-9 	 1.5097848473802443e-8 	 -1.9991048438327466e-8
2373.937805117912 	 -1.2956761658001167e-8 	 5.28872057613912e-8 	 2.879813434482779e-7 	 6.752606471302114e-9 	 1.2401131012882721e-8 	 4.8695507029952964e-8 	 6.384578529639391e-9 	 1.3310148034462017e-8 	 -1.781252124861071e-8
2450.3975280369345 	 -1.1431204743122857e-8 	 4.663426367549024e-8 	 2.544544763279133e-7 	 5.953902246433576e-9 	 1.0949406024159487e-8 	 4.3012677143343216e-8 	 5.634435419085686e-9 	 1.1734352977453757e-8 	 -1.5869679539702176e-8
2529.319863588966 	 -1.0083823569792474e-8 	 4.111975767493045e-8 	 2.2481300672736962e-7 	 5.2497096672366514e-9 	 9.667141256598131e-9 	 3.799039491461371e-8 	 4.9722829132558206e-9 	 1.0345311368377462e-8 	 -1.4137242382724178e-8
2610.7841275333144 	 -8.885555243320848e-9 	 3.624813031372935e-8 	 1.9861801146183823e-7 	 4.628839714851154e-9 	 8.534632864947903e-9 	 3.355230596793839e-8 	 4.387823424683999e-9 	 9.120858356802235e-9 	 -1.2592612630879572e-8
2694.8721902290704 	 -7.821303856426741e-9 	 3.194544075040218e-8 	 1.7547080383251896e-7 	 4.081427189949222e-9 	 7.534454209586316e-9 	 2.9630892083274265e-8 	 3.871959685675611e-9 	 8.041378964657586e-9 	 -1.1215596348431046e-8
2781.6685589135764 	 -6.887467530142958e-9 	 2.8156544943313788e-8 	 1.5500745578227888e-7 	 3.5987745840837887e-9 	 6.6511956577994535e-9 	 2.616628581794159e-8 	 3.4166559810389036e-9 	 7.089692471055937e-9 	 -9.988149825314463e-9
2871.2604626309217 	 -6.077636353827538e-9 	 2.482988779901436e-8 	 1.3690813684795342e-7 	 3.173215547407812e-9 	 5.871236514830248e-9 	 2.3105432092424026e-8 	 3.0148166128363243e-9 	 6.250750481728312e-9 	 -8.894153699894914e-9
2963.7379398958333 	 -5.361410242178323e-9 	 2.1895174196443148e-8 	 1.2091478469120764e-7 	 2.7979937584669477e-9 	 5.182535469931172e-9 	 2.040142269823551e-8 	 2.660175687679375e-9 	 5.5112546514204625e-9 	 -7.919210147417745e-9
3059.193929181018 	 -4.718306150590322e-9 	 1.9296218008111055e-8 	 1.0679430322632927e-7 	 2.4671522249167633e-9 	 4.5744471114851476e-9 	 1.8012931604919844e-8 	 2.3471990652207606e-9 	 4.859303952506169e-9 	 -7.0504663247192495e-9
3157.7243623189356 	 -4.1584129673291675e-9 	 1.7011707959035568e-8 	 9.431195957440393e-8 	 2.1754380298929117e-9 	 4.037562548021408e-9 	 1.5903381076205883e-8 	 2.070999475503031e-9 	 4.284431663901526e-9 	 -6.276422751918072e-9
3259.4282609118313 	 -3.6735857347775497e-9 	 1.500655700453534e-8 	 8.327467430373195e-8 	 1.9182219864733117e-9 	 3.563566598219916e-9 	 1.4040175901180963e-8 	 1.8272621338691248e-9 	 3.7776570899181795e-9 	 -5.5868451220720855e-9
3364.407835846977 	 -3.232947664640336e-9 	 1.3225608798937784e-8 	 7.353708388155886e-8 	 1.6914248311532293e-9 	 3.1451114855384102e-9 	 1.2394670382927825e-8 	 1.6121780342624642e-9 	 3.3308870447648373e-9 	 -4.9725772654601464e-9
3472.768590017064 	 -2.8442602762496382e-9 	 1.1654855572972356e-8 	 6.493679068611234e-8 	 1.491447750423714e-9 	 2.7757057700407987e-9 	 1.0941663751297903e-8 	 1.4223837625962832e-9 	 2.9368650989069446e-9 	 -4.425451272873513e-9
3584.6194243490113 	 -2.51765439682182e-9 	 1.0286153322802783e-8 	 5.732384285780686e-8 	 1.3151170082639742e-9 	 2.4496141049873828e-9 	 9.65857088294406e-9 	 1.2549096264693607e-9 	 2.5894996419932173e-9 	 -3.938178199419907e-9
3700.07274724778 	 -2.220524131025653e-9 	 9.070543543422777e-9 	 5.0607952177665945e-8 	 1.1596366785349072e-9 	 2.1617678385716605e-9 	 8.525499388726894e-9 	 1.1071340994822467e-9 	 2.2833398041319537e-9 	 -3.5042532455418828e-9
3819.2445875651174 	 -1.9483618782177424e-9 	 7.988325456013124e-9 	 4.468763446646673e-8 	 1.022541017773121e-9 	 1.9076916648760502e-9 	 7.525137131782756e-9 	 9.767434946074832e-10 	 2.0133211925979046e-9 	 -3.11787462860291e-9
3942.2547112067946 	 -1.7207158121559058e-9 	 7.046358702856793e-9 	 3.944730853876805e-8 	 9.016544713945658e-10 	 1.6834333519977296e-9 	 6.641952463089117e-9 	 8.61695213244393e-10 	 1.7752142968996853e-9 	 -2.7738657088114128e-9
4069.226741495563 	 -1.520610257373763e-9 	 6.216684653287908e-9 	 3.4818301017592644e-8 	 7.950604862922872e-10 	 1.4854997884193079e-9 	 5.8621408101256155e-9 	 7.601860317828872e-10 	 1.5653581319708474e-9 	 -2.467609429184724e-9
4200.288283410721 	 -1.335177482892169e-9 	 5.476074063348955e-9 	 3.074004207263295e-8 	 7.010690987934163e-10 	 1.3108059473441037e-9 	 5.17373087656887e-9 	 6.706242860959837e-10 	 1.3802988601521826e-9 	 -2.1949883028673678e-9
4335.571051829184 	 -1.1779132704590375e-9 	 4.829164071188693e-9 	 2.7133277539128958e-8 	 6.181893030866986e-10 	 1.156629337486311e-9 	 4.566063087188293e-9 	 5.916054796616467e-10 	 1.2170836002429467e-9 	 -1.9523304892385235e-9
4475.211003896981 	 -1.042370441195881e-9 	 4.2620340166313964e-9 	 2.394517753092304e-8 	 5.451074246115627e-10 	 1.0205645682923629e-9 	 4.0296016496504996e-9 	 5.218899266714588e-10 	 1.0732211918116133e-9 	 -1.7363623876574984e-9
4619.348475664124 	 -9.165697812270699e-10 	 3.755698757053467e-9 	 2.1136710895291243e-8 	 4.806653115513275e-10 	 9.004869694076545e-10 	 3.5560585217635005e-9 	 4.6038335466317425e-10 	 9.46376325275254e-10 	 -1.5441656325575521e-9
4768.128323120214 	 -8.068185173545143e-10 	 3.310305223348847e-9 	 1.8656470430390956e-8 	 4.238408544224648e-10 	 7.945212752683331e-10 	 3.1381108076769436e-9 	 4.061199724733349e-10 	 8.344955686646228e-10 	 -1.3731386021189377e-9
4921.700067772559 	 -7.130593291886087e-10 	 2.920652532662178e-9 	 1.6463708715637266e-8 	 3.7373339891463146e-10 	 7.010117730400124e-10 	 2.7691944640425955e-9 	 3.582476561249852e-10 	 7.358644011574439e-10 	 -1.220962647767788e-9
5080.218046913023 	 -6.275340576725306e-10 	 2.5742539161747177e-9 	 1.4530768664080754e-8 	 3.29549201172039e-10 	 6.184962547645112e-10 	 2.4435746543221518e-9 	 3.1601441983825876e-10 	 6.489066195005646e-10 	 -1.085571395307227e-9
5243.841568724663 	 -5.520479184309655e-10 	 2.268680772867198e-9 	 1.282478487645121e-8 	 2.905878094102176e-10 	 5.45684065990467e-10 	 2.1562093784739577e-9 	 2.787565605766031e-10 	 5.722109514784532e-10 	 -9.651235626933375e-10
5412.735072384094 	 -4.878998430609484e-10 	 2.001667054963479e-9 	 1.131645805523422e-8 	 2.562315870395794e-10 	 4.814356744181091e-10 	 1.9025893014566575e-9 	 2.4588835517953146e-10 	 5.045890706339167e-10 	 -8.579785866721926e-10
5587.068293320361 	 -4.3037565863714396e-10 	 1.7652942302983407e-9 	 9.985970818395064e-9 	 2.259363281260099e-10 	 4.2474500140670833e-10 	 1.6787521498133648e-9 	 2.1689304300583792e-10 	 4.4497285722031056e-10 	 -7.626749671336414e-10
5767.016433796482 	 -3.7892241706034687e-10 	 1.5561094269310853e-9 	 8.812468759153837e-9 	 1.9922201804357805e-10 	 3.747242250223529e-10 	 1.4812254551549547e-9 	 1.913146796262615e-10 	 3.923956699567741e-10 	 -6.77910666036744e-10
5952.760338985114 	 -3.3457386195958435e-10 	 1.3726718743446159e-9 	 7.775735774569136e-9 	 1.7566526460627932e-10 	 3.305896098421605e-10 	 1.3069153784161784e-9 	 1.6875088962696418e-10 	 3.460326707948557e-10 	 -6.025260795206263e-10
6144.486678715214 	 -2.951568011806202e-10 	 1.2106237470260258e-9 	 6.861006479922711e-9 	 1.5489286449036665e-10 	 2.916491362071943e-10 	 1.1530900324210656e-9 	 1.4884659867949984e-10 	 3.0515564861497966e-10 	 -5.354884091556339e-10
6342.38813507239 	 -2.597452831074126e-10 	 1.0670635909574743e-9 	 6.0544180458148094e-9 	 1.3657571840707564e-10 	 2.5729212443108027e-10 	 1.0173545195388122e-9 	 1.3128854670711526e-10 	 2.6910610261660535e-10 	 -4.758779622581127e-10
6546.663596041531 	 -2.290373295134723e-10 	 9.409819717149742e-10 	 5.342105359950201e-9 	 1.2042360926312674e-10 	 2.2697975705145499e-10 	 8.97583904523524e-10 	 1.1580038834875062e-10 	 2.373148807337698e-10 	 -4.228758031968547e-10
6757.518355386223 	 -2.0208290115096276e-10 	 8.299354537146586e-10 	 4.713346758755214e-9 	 1.0618067853845732e-10 	 2.002363286224155e-10 	 7.918974589241665e-10 	 1.0213826878872854e-10 	 2.09284184187765e-10 	 -3.7575281976649505e-10
6975.164318965871 	 -1.7798395467618126e-10 	 7.316812067438677e-10 	 4.158827053346953e-9 	 9.362128431589414e-11 	 1.7664195756899935e-10 	 6.98644037155826e-10 	 9.008701358894975e-11 	 1.845657506891398e-10 	 -3.3385982212594516e-10
7199.820217697934 	 -1.5692931530067081e-10 	 6.452289924004324e-10 	 3.6693206232403892e-9 	 8.254641390491837e-11 	 1.558261579677788e-10 	 6.163642308057355e-10 	 7.945679005229116e-11 	 1.6276655903309817e-10 	 -2.9661904654284574e-10
7431.71182737919 	 -1.3849907829185562e-10 	 5.691335083884432e-10 	 3.2372235795864845e-9 	 7.278065236397154e-11 	 1.374620216628494e-10 	 5.437652982821429e-10 	 7.00801573191865e-11 	 1.435448100322064e-10 	 -2.6351617382117406e-10
7671.0721955869885 	 -1.220428549410727e-10 	 5.018259843400854e-10 	 2.856149010473077e-9 	 6.416931098354561e-11 	 1.2126101800219038e-10 	 4.797107135446935e-10 	 6.18093756292729e-11 	 1.265943764661451e-10 	 -2.3409342884106676e-10
7918.141875888605 	 -1.0754906641078532e-10 	 4.424846087688056e-10 	 2.519897746431925e-9 	 5.657593589695888e-11 	 1.0696853202002824e-10 	 4.2319747931432537e-10 	 5.451408865387017e-11 	 1.1164518078590519e-10 	 -2.0794346862055422e-10
8173.169169593918 	 -9.4892570337049e-11 	 3.9028001124536675e-10 	 2.2230783518086007e-9 	 4.988020386904467e-11 	 9.435987786206306e-11 	 3.733369090076706e-10 	 4.8079293296605095e-11 	 9.846248030275105e-11 	 -1.8470379087638478e-10
8436.410375294518 	 -8.364377937073236e-11 	 3.4415685403736973e-10 	 1.9612682434218702e-9 	 4.3976053079443113e-11 	 8.32368268099143e-11 	 3.2934644249409463e-10 	 4.2403559345572036e-11 	 8.68376915554579e-11 	 -1.6405185646443268e-10
8708.130046439881 	 -7.37030054822543e-11 	 3.0345982460513556e-10 	 1.7302974069358157e-9 	 3.876993509614478e-11 	 7.342447074745428e-11 	 2.905367473629794e-10 	 3.739740130075373e-11 	 7.65856063743136e-11 	 -1.457007065661584e-10
8988.601257209677 	 -6.502241692475151e-11 	 2.6765697051220696e-10 	 1.5264250713350245e-9 	 3.417934359316937e-11 	 6.476845714908203e-11 	 2.5629743454958323e-10 	 3.2981866243116315e-11 	 6.754485119583899e-11 	 -1.2939506063339689e-10
9278.105876949165 	 -5.7333910924861685e-11 	 2.3605156067286386e-10 	 1.3465806456719478e-9 	 3.013153197184038e-11 	 5.71325730216179e-11 	 2.2609031519209212e-10 	 2.908730100030823e-11 	 5.9572549916027e-11 	 -1.1490782012117603e-10
9576.934853443625 	 -5.051512278899705e-11 	 2.0813977024466907e-10 	 1.187952687658993e-9 	 2.6562360585946695e-11 	 5.039666577047024e-11 	 1.9944177970048057e-10 	 2.565227482079965e-11 	 5.254154915187739e-11 	 -1.0203694426491068e-10
9885.388505316556 	 -4.455456092613788e-11 	 1.8357668594163231e-10 	 1.047953902044698e-9 	 2.34152673439553e-11 	 4.4454729895892834e-11 	 1.759329411408888e-10 	 2.2622598485992064e-11 	 4.634070833855478e-11 	 -9.060259166484673e-11
10203.776823845337 	 -3.929686039881183e-11 	 1.619137414877752e-10 	 9.24442701972436e-10 	 2.0640375998855754e-11 	 3.921321426669284e-11 	 1.5519377763713513e-10 	 1.9950462851440568e-11 	 4.087229369632435e-11 	 -8.04660599355356e-11
10532.419784497823 	 -3.4627707298745134e-11 	 1.4277551726661602e-10 	 8.155147433324744e-10 	 1.8193699078054485e-11 	 3.458957572925731e-11 	 1.3689860865701533e-10 	 1.7593691030629553e-11 	 3.6049269989310945e-11 	 -7.145596353746833e-11
10871.647668502786 	 -3.053820432418796e-11 	 1.2592454811585823e-10 	 7.193926296132675e-10 	 1.6036447458804762e-11 	 3.0511008949795915e-11 	 1.2075959681840397e-10 	 1.5515084877818255e-11 	 3.179544793054664e-11 	 -6.345476253166386e-11
11221.801394777714 	 -2.693945384297147e-11 	 1.1107157659361945e-10 	 6.345851585033226e-10 	 1.4134421832218597e-11 	 2.691328632899545e-11 	 1.065223907280822e-10 	 1.3681835440561168e-11 	 2.8044040916880867e-11 	 -5.634948699332188e-11
11583.232862547104 	 -2.3741760881768214e-11 	 9.794841094121622e-11 	 5.59793523459018e-10 	 1.2457457953641775e-11 	 2.3739736701117686e-11 	 9.396313348573925e-11 	 1.206499759396108e-11 	 2.473555001982984e-11 	 -5.003981667768586e-11
11956.305304995898 	 -2.0930308495422153e-11 	 8.63829295547482e-11 	 4.93806975689044e-10 	 1.0978949065931308e-11 	 2.0940362506165384e-11 	 8.288427217766961e-11 	 1.0639036572449691e-11 	 2.1817540353114376e-11 	 -4.44366645863726e-11
12341.393654313382 	 -1.846400660176164e-11 	 7.619634104251567e-11 	 4.355819294894607e-10 	 9.675436407888417e-12 	 1.847105859695993e-11 	 7.311118150454287e-11 	 9.381431070558608e-12 	 1.924411148025321e-11 	 -3.946091913726607e-11
12738.88491849441 	 -1.627455566861138e-11 	 6.719792039946415e-11 	 3.8423311416392404e-10 	 8.526239292298148e-12 	 1.6292920541004505e-11 	 6.449014779473689e-11 	 8.272319370024749e-12 	 1.6974454910286683e-11 	 -3.504232717852038e-11
13149.178570276505 	 -1.4345400235117567e-11 	 5.926300773344245e-11 	 3.389361068283066e-10 	 7.51311598431891e-12 	 1.4371624725469405e-11 	 5.688558779452263e-11 	 7.294179679979391e-12 	 1.4972535832810802e-11 	 -3.111850207581239e-11
13572.686948604116 	 -1.2654606210423863e-11 	 5.227527553540953e-11 	 2.9896758814591774e-10 	 6.619978301013066e-12 	 1.2676888345892417e-11 	 5.017755195443543e-11 	 6.431555000011012e-12 	 1.3206889774983304e-11 	 -2.7634042867903706e-11
14009.835673022935 	 -1.1155795873112197e-11 	 4.6104760167167433e-11 	 2.637175760993894e-10 	 5.832639849520899e-12 	 1.1181997703409235e-11 	 4.426033375234318e-11 	 5.670811966662177e-12 	 1.1649654764707833e-11 	 -2.4539752053769256e-11
14461.06407142117 	 -9.83133006994495e-12 	 4.0659834820614614e-11 	 2.3262581920393895e-10 	 5.138591018470532e-12 	 9.863395193611113e-12 	 3.904080771777914e-11 	 4.9999281821510445e-12 	 1.0276168250253163e-11 	 -2.179194096712909e-11
14926.82562154745 	 -8.670416242719627e-12 	 3.586484177917673e-11 	 2.0519192628480418e-10 	 4.526798468677623e-12 	 8.700297932836843e-12 	 3.443668115196312e-11 	 4.408298244636805e-12 	 9.064808512164136e-12 	 -1.935181293088482e-11
15407.588406749146 	 -7.644562932265976e-12 	 3.1633929981567507e-11 	 1.8099378573610983e-10 	 3.987532699927819e-12 	 7.674368728562302e-12 	 3.037538795965121e-11 	 3.886566592981658e-12 	 7.996455683119498e-12 	 -1.7184915482142905e-11
15903.835586389117 	 -6.735945937907183e-12 	 2.7898365340641217e-11 	 1.5965274812543258e-10 	 3.5122140242125684e-12 	 6.769431202077852e-12 	 2.6793016209415546e-11 	 3.4264812054498896e-12 	 7.054139800918405e-12 	 -1.5260653933723698e-11
16416.065881413466 	 -5.9381722782277484e-12 	 2.4607166070190125e-11 	 1.4082453776087698e-10 	 3.0932782643626634e-12 	 5.9712196955909e-12 	 2.3633100547287066e-11 	 3.020765466296341e-12 	 6.222997930664578e-12 	 -1.3551859404073031e-11
16944.794075558788 	 -5.2336744686396265e-12 	 2.17035677875953e-11 	 1.2421691391456455e-10 	 2.724055005207654e-12 	 5.267149507992801e-12 	 2.0845783100279425e-11 	 2.6630009996684807e-12 	 5.489964439653748e-12 	 -1.2034405216536482e-11
17490.55153270193 	 -4.609594597839396e-12 	 1.9139895188272148e-11 	 1.0957022707827474e-10 	 2.3986604510459186e-12 	 4.646118770790493e-12 	 1.838716032378557e-11 	 2.347525915426635e-12 	 4.8434335301610506e-12 	 -1.0686866251894009e-11
18053.886730872742 	 -4.062142127559874e-12 	 1.6881696068700436e-11 	 9.664771525204537e-11 	 2.111905345703653e-12 	 4.098334395717332e-12 	 1.621848733152337e-11 	 2.069346097921961e-12 	 4.273184647056329e-12 	 -9.490216444509975e-12
18635.365813466226 	 -3.580769644594168e-12 	 1.4891448396878833e-11 	 8.52475306210843e-11 	 1.8592156444463968e-12 	 3.6151589363844612e-12 	 1.430556843112691e-11 	 1.8240577187059424e-12 	 3.770226250784783e-12 	 -8.427560151011122e-12
19235.57315820817 	 -3.1544495969177073e-12 	 1.3134251103128377e-11 	 7.519360564455019e-11 	 1.6365585873515773e-12 	 3.1889731503548065e-12 	 1.2618265249655925e-11 	 1.6077767795928285e-12 	 3.3266005020906015e-12 	 -7.483893598654103e-12
19855.111964445827 	 -2.778316917072931e-12 	 1.1584261049927225e-11 	 6.63254820067021e-11 	 1.4403771891488593e-12 	 2.8130556009544534e-12 	 1.1129963293784125e-11 	 1.4170771416581477e-12 	 2.935314710959629e-12 	 -6.645893045243521e-12
20494.60485935438 	 -2.4470596604643793e-12 	 1.0217722086046747e-11 	 5.850243680929305e-11 	 1.2675343457743963e-12 	 2.481477273009863e-12 	 9.817165556468703e-12 	 1.2489367662662853e-12 	 2.5902208085403425e-12 	 -5.90172665960394e-12
21154.694523667746 	 -2.154221325714522e-12 	 9.01178941366379e-12 	 5.1602535980748694e-11 	 1.1152643910359315e-12 	 2.1890090742848984e-12 	 8.659189342045703e-12 	 1.1006907333354288e-12 	 2.285856029324379e-12 	 -5.2408874665246174e-12
21836.044337563086 	 -1.896063611130906e-12 	 7.948235355204746e-12 	 4.5516389589707584e-11 	 9.811292550511738e-13 	 1.9310388289810425e-12 	 7.637803563548851e-12 	 9.699889591513618e-13 	 2.0173905813683473e-12 	 -4.654044997505546e-12
22539.33904734789 	 -1.6687467598806864e-12 	 7.010538799824074e-12 	 4.0147691493968826e-11 	 8.629790527108402e-13 	 1.7034974777276316e-12 	 6.736890041954213e-12 	 8.547584608475261e-13 	 1.7805973466540599e-12 	 -4.132913552744119e-12
23265.285453619745 	 -1.4678097771395496e-12 	 6.18305655542141e-12 	 3.541254838289314e-11 	 7.589178062520429e-13 	 1.5027956406055278e-12 	 5.942229276897728e-12 	 7.531707849731233e-13 	 1.5717489261084804e-12 	 -3.670135214337394e-12
24014.61312159013 	 -1.2908642278456488e-12 	 5.453482711764132e-12 	 3.123561182143774e-11 	 6.672737778114215e-13 	 1.325767742737765e-12 	 5.241299219017894e-12 	 6.636134941761586e-13 	 1.387539494648069e-12 	 -3.259175958949328e-12
24788.075114286738 	 -1.135379136031318e-12 	 4.810558448977903e-12 	 2.755078806193042e-11 	 5.865735348490736e-13 	 1.1696218545114542e-12 	 4.623049501549603e-12 	 5.846648026043369e-13 	 1.2250597709841917e-12 	 -2.8942334031447963e-12
25586.4487493703 	 -9.978469612542505e-13 	 4.243100835069611e-12 	 2.430095893800608e-11 	 5.155179921218036e-13 	 1.0318948232053284e-12 	 4.077722824714464e-12 	 5.150706321710141e-13 	 1.0817512912843786e-12 	 -2.5701548788361526e-12
26410.536380327198 	 -8.762354384923024e-13 	 3.742299548398717e-12 	 2.143470546163137e-11 	 4.529614936191086e-13 	 9.10413940949368e-13 	 3.596715001419315e-12 	 4.5372486236147147e-13 	 9.553547033035989e-13 	 -2.2823646821392168e-12
27261.166202822606 	 -7.691838930374526e-13 	 3.300801489030245e-12 	 1.8906290338138674e-11 	 3.978939986137366e-13 	 8.032628443245308e-13 	 3.17244168959217e-12 	 3.996520252136882e-13 	 8.438725320074311e-13 	 -2.026799468456677e-12
28139.19308702476 	 -6.746916846996269e-13 	 2.9113206150558573e-12 	 1.667617925392138e-11 	 3.494254373757074e-13 	 7.087514487594951e-13 	 2.7982142669861713e-12 	 3.5199206838568135e-13 	 7.455429767909016e-13 	 -1.7998508816242134e-12
29045.499436736365 	 -5.911936928692824e-13 	 2.5676374779012697e-12 	 1.4709271041626568e-11 	 3.0677105983595636e-13 	 6.2538887670592e-13 	 2.4681297885032055e-12 	 3.0998644864417433e-13 	 6.588145950210225e-13 	 -1.598314607093418e-12
29980.99607619748 	 -5.177033736470962e-13 	 2.264658950458439e-12 	 1.2974211159731744e-11 	 2.6923891682256255e-13 	 5.518599939854364e-13 	 2.1769814443039813e-12 	 2.7296613791819967e-13 	 5.823185256092002e-13 	 -1.4193451298270151e-12
30946.62316544993 	 -4.530331711847524e-13 	 1.9975714454003394e-12 	 1.1443670717794384e-11 	 2.362190813823769e-13 	 4.870047086614673e-13 	 1.920177451878507e-12 	 2.403411300135843e-13 	 5.148460914137773e-13 	 -1.2604155581279264e-12
31943.35114518409 	 -3.959462586350965e-13 	 1.7619453143339324e-12 	 1.0093722754526031e-11 	 2.0717409281750593e-13 	 4.297999771121677e-13 	 1.6936668669743306e-12 	 2.1159125752367326e-13 	 4.553330185717038e-13 	 -1.119281946149736e-12
32972.181712017125 	 -3.4557480205051243e-13 	 1.5541005580012116e-12 	 8.90302595278212e-12 	 1.81630161903109e-13 	 3.7934342689877844e-13 	 1.4938752158237177e-12 	 1.8625780052097674e-13 	 4.028419186575357e-13 	 -9.939516113538703e-13
34034.14882518311 	 -3.0119183197693696e-13 	 1.3708246899732295e-12 	 7.852730762177895e-12 	 1.5916962520981633e-13 	 3.3483901297976304e-13 	 1.3176507788729022e-12 	 1.6393618989264635e-13 	 3.565442860074311e-13 	 -8.826549995837983e-13
35130.31974564622 	 -2.6194671270203056e-13 	 1.2090733153597117e-12 	 6.926422122924086e-12 	 1.3942439233736235e-13 	 2.955845003197088e-13 	 1.1622136340368505e-12 	 1.4426965071317166e-13 	 3.157088675567141e-13 	 -7.838207005158829e-13
36261.79610868235 	 -2.2729028914876061e-13 	 1.066367060503749e-12 	 6.109409786807282e-12 	 1.2207010450497848e-13 	 2.609606470663319e-13 	 1.0251109781858956e-12 	 1.2694364936934097e-13 	 2.796922571271478e-13 	 -6.960532607269067e-13
37429.7150310057 	 -1.9678258524376466e-13 	 9.405562173865184e-13 	 5.388716838327415e-12 	 1.0682092383762607e-13 	 2.304212818320733e-13 	 9.041818650957487e-13 	 1.1168084934130255e-13 	 2.4792454405221074e-13 	 -6.1811348111843e-13
38635.25025355401 	 -1.698265482413842e-13 	 8.295398404013989e-13 	 4.7530884897063365e-12 	 9.34249574460357e-14 	 2.0348455271968537e-13 	 7.975183328716252e-13 	 9.82366690579134e-14 	 2.1990443072343548e-13 	 -5.489009205148241e-13
39879.61332108059 	 -1.4611494854030993e-13 	 7.316843214727959e-13 	 4.192377513166909e-12 	 8.166019535657607e-14 	 1.79725439187407e-13 	 7.034374049447772e-13 	 8.63954317755417e-14 	 1.9518979098225252e-13 	 -4.874383584012042e-13
41164.054799738515 	 -1.2521481530141126e-13 	 6.453846742027273e-13 	 3.697803829592555e-12 	 7.133107591415043e-14 	 1.5876909070460593e-13 	 6.204555005387311e-13 	 7.596700037225517e-14 	 1.7338995297661128e-13 	 -4.328579974287802e-13
42489.865533880875 	 -1.0678893234589734e-13 	 5.692757554100962e-13 	 3.2615606849242986e-12 	 6.226531471221081e-14 	 1.4028492459694037e-13 	 5.472623486154092e-13 	 6.678375291266903e-14 	 1.5416227436075357e-13 	 -3.843892108791198e-13
43858.3779433396 	 -9.053746478003083e-14 	 5.021457465722487e-13 	 2.876780707203326e-12 	 5.4311108809363735e-14 	 1.239813079442561e-13 	 4.827037791096422e-13 	 5.869787784801717e-14 	 1.37202760601997e-13 	 -3.413476620923107e-13
45270.96736248783 	 -7.617649910903332e-14 	 4.4291002620952354e-13 	 2.5374126019758276e-12 	 4.733472320964888e-14 	 1.0960097690055861e-13 	 4.2576037545216337e-13 	 5.157904262178923e-14 	 1.2224450904022194e-13 	 -3.031256422348654e-13
46729.05342242991 	 -6.349616127182672e-14 	 3.9064918106069877e-13 	 2.238090143698182e-12 	 4.1218363946670704e-14 	 9.691703917128204e-14 	 3.7553418924760015e-13 	 4.531235210584834e-14 	 1.0905100659982456e-13 	 -2.6918348998520787e-13
48234.10147770942 	 -5.229766188249208e-14 	 3.4454001141889167e-13 	 1.9740902937901995e-12 	 3.585830778450589e-14 	 8.572940345353002e-14 	 3.3123290074300484e-13 	 3.979653492274502e-14 	 9.741411651513784e-14 	 -2.3904197199019473e-13
49787.62407896834 	 -4.2427497813454305e-14 	 3.0387703206256103e-13 	 1.7412286604115467e-12 	 3.116319217420068e-14 	 7.58615601643189e-14 	 2.921579560632674e-13 	 3.494230053074263e-14 	 8.714984475169805e-14 	 -2.122755165114364e-13
51391.1824930379 	 -3.3734468008766594e-14 	 2.6802315314818636e-13 	 1.535826252953764e-12 	 2.7052556213553195e-14 	 6.71578001367127e-14 	 2.576927722994445e-13 	 3.0670925803969e-14 	 7.809622838245537e-14 	 -1.8850620472644482e-13
53046.388271987715 	 -2.608642719735237e-14 	 2.36417367951906e-13 	 1.354637929491391e-12 	 2.3455554593992983e-14 	 5.948078550286265e-14 	 2.272936139189692e-13 	 2.6913016687745524e-14 	 7.011031358943177e-14 	 -1.673984348470738e-13
54754.90487271207 	 -1.934948287903993e-14 	 2.0854848491127e-13 	 1.1948164479038669e-12 	 2.0309831036354374e-14 	 5.270940774129702e-14 	 2.0048070468594393e-13 	 2.3607418759352135e-14 	 6.306633401296873e-14 	 -1.4865418371726872e-13
56518.44932867859 	 -1.3404511068478635e-14 	 1.8396418885680988e-13 	 1.053852430605902e-12 	 1.756048848560755e-14 	 4.67368343153358e-14 	 1.7683094563616002e-13 	 2.070022267768219e-14 	 5.685322593271648e-14 	 -1.3200879898808543e-13
58338.793975521156 	 -8.154253447749681e-15 	 1.6227336528633078e-13 	 9.29524163104101e-13 	 1.5159201185791536e-14 	 4.146882255420567e-14 	 1.559710754832095e-13 	 1.81439061320731e-14 	 5.1373037282767465e-14 	 -1.1722726245916203e-13
60217.76823221056 	 -3.5124761491521194e-15 	 1.4313040389977712e-13 	 8.198729761896945e-13 	 1.3063438820285021e-14 	 3.6822244139565815e-14 	 1.375719114402553e-13 	 1.589658338066361e-14 	 4.6539309253903933e-14 	 -1.0410087182832088e-13
62157.26043959313 	 5.859976282749656e-16 	 1.2624110236863065e-13 	 7.231618295126878e-13 	 1.1235786903741409e-14 	 3.2723795197512964e-14 	 1.2134327598210172e-13 	 1.3921348710447982e-14 	 4.227570000129002e-14 	 -9.244429399851971e-14
64159.21975814435 	 4.198292788315417e-15 	 1.1134632437855888e-13 	 6.378581672810843e-13 	 9.643327786027674e-15 	 2.9108817098590656e-14 	 1.0702921309358018e-13 	 1.2185677139072429e-14 	 3.8514872393233e-14 	 -8.209294833744004e-14
66225.65812684658 	 7.378418031917603e-15 	 9.82139078109412e-14 	 5.626134474086099e-13 	 8.257101709113403e-15 	 2.592026996819e-14 	 9.440390788717869e-14 	 1.0660902640175651e-14 	 3.519744194966036e-14 	 -7.290068294362777e-14
68358.65228515693 	 1.0176034737535169e-14 	 8.663708399341337e-14 	 4.962400045552821e-13 	 7.051637549542456e-15 	 2.3107839017666407e-14 	 8.326815550670569e-14 	 9.321763823774391e-15 	 3.227103958013081e-14 	 -6.47377111101218e-14
70560.34586009932 	 1.263854369007058e-14 	 7.64300841934643e-14 	 4.376935021971197e-13 	 6.004542977613228e-15 	 2.0627153852158187e-14 	 7.34462266264124e-14 	 8.146007109375332e-15 	 2.9689542629636455e-14 	 -5.748877885023866e-14
72832.95152057728 	 1.480896372279834e-14 	 6.742792487316246e-14 	 3.8605380846955937e-13 	 5.096133419811599e-15 	 1.843908019329894e-14 	 6.478310476232684e-14 	 7.114026917839395e-15 	 2.7412296200147025e-14 	 -5.1051537612594374e-14
75178.75320107318 	 1.6723466197494333e-14 	 5.948681443742534e-14 	 3.4050751507167545e-13 	 4.309104790190618e-15 	 1.6509094791311703e-14 	 5.71420470720002e-14 	 6.208548196201537e-15 	 2.540342688090802e-14 	 -4.533509920952679e-14
77600.10839696726 	 1.8413800211962376e-14 	 5.248004878914655e-14 	 3.003370089463845e-13 	 3.628250238955019e-15 	 1.4806743964579127e-14 	 5.040243681892826e-14 	 5.4143515275885436e-15 	 2.3631283002263752e-14 	 -4.025875255578237e-14
80099.45053378603 	 1.9906451269077323e-14 	 4.6297269734715716e-14 	 2.649083428916446e-13 	 3.0402125460352033e-15 	 1.3305170333351817e-14 	 4.445794465989236e-14 	 4.71803283288408e-15 	 2.2067907003163792e-14 	 -3.575082409893839e-14
82679.29141275761 	 2.1222109533402642e-14 	 4.0843715793425576e-14 	 2.3366010565945696e-13 	 2.5332621325610398e-15 	 1.1980688016174745e-14 	 3.921483163521785e-14 	 4.10778778073004e-15 	 2.068860844264942e-14 	 -3.174766585184859e-14
85342.22373513435 	 2.2379637088519825e-14 	 3.6035206745964526e-14 	 2.0609755748241064e-13 	 2.0970988309017997e-15 	 1.0812401901124114e-14 	 3.4590394889414675e-14 	 3.573218823551463e-15 	 1.94716146139711e-14 	 -2.8192756739013545e-14
88090.92370781855 	 2.3396227847473215e-14 	 3.179693662701766e-14 	 1.817847572740213e-13 	 1.7226804483767914e-15 	 9.781878410457877e-15 	 3.051167055607139e-14 	 3.1051683080445604e-15 	 1.8397721492851995e-14 	 -2.5035904568679113e-14
90928.15373291034 	 2.4287510317641565e-14 	 2.806244155768769e-14 	 1.6033688817011323e-13 	 1.4020635648450725e-15 	 8.872834784632078e-15 	 2.6914189961202983e-14 	 2.695561845556219e-15 	 1.744998396013855e-14 	 -2.223253736320976e-14
93856.76518387938 	 2.5069246468204788e-14 	 2.4770331485657207e-14 	 1.4140938967945327e-13 	 1.1281682678724341e-15 	 8.070630564105006e-15 	 2.3739960166034703e-14 	 2.337160370166291e-15 	 1.6613192652889808e-14 	 -1.9743074041945847e-14
96879.70127115349 	 2.703265150821354e-14 	 2.184632667217107e-14 	 1.247372220873209e-13 	 9.846398437829939e-16 	 7.19703813195197e-15 	 2.0940503134255292e-14 	 2.044736910891865e-15 	 1.5383792572284627e-14 	 -1.7532365571136998e-14
100000.0 	 2.85098895292974e-14 	 1.9275726624896873e-14 	 1.1002186625030669e-13 	 8.175488353898941e-16 	 6.4922338594804715e-15 	 1.8471079691609477e-14 	 1.779243043184215e-15 	 1.4470369804757478e-14 	 -1.5569198690483907e-14
